timestamp,symbol,open,high,low,close,volume
2024-01-01 00:00:00+00:00,BTC,50000.0,50493.83,49846.21,50091.5,549.1152
2024-01-01 01:00:00+00:00,BTC,50091.5,50152.0,49518.73,49779.91,599.1162
2024-01-01 02:00:00+00:00,BTC,49779.91,50247.37,49477.47,50004.56,783.8056
2024-01-01 03:00:00+00:00,BTC,50004.56,50307.41,49965.61,50287.55,702.9123
2024-01-01 04:00:00+00:00,BTC,50287.55,50312.63,49568.23,49702.3,598.5724
2024-01-01 05:00:00+00:00,BTC,49702.3,50096.69,49093.06,49315.49,630.6029
2024-01-01 06:00:00+00:00,BTC,49315.49,50114.89,49202.86,49353.33,320.6545
2024-01-01 07:00:00+00:00,BTC,49353.33,49452.93,49112.56,49259.77,492.8901
2024-01-01 08:00:00+00:00,BTC,49259.77,49547.56,48901.92,49254.81,340.0463
2024-01-01 09:00:00+00:00,BTC,49254.81,49365.02,48667.45,49003.35,496.8322
2024-01-01 10:00:00+00:00,BTC,49003.35,49387.83,49001.61,49262.6,739.1428
2024-01-01 11:00:00+00:00,BTC,49262.6,49537.58,49067.97,49493.03,498.7671
2024-01-01 12:00:00+00:00,BTC,49493.03,49585.5,49281.32,49512.64,208.0236
2024-01-01 13:00:00+00:00,BTC,49512.64,50896.06,49313.48,49848.65,346.6197
2024-01-01 14:00:00+00:00,BTC,49848.65,50578.11,49806.1,49988.68,612.7696
2024-01-01 15:00:00+00:00,BTC,49988.68,50274.59,49441.1,49731.61,414.0217
2024-01-01 16:00:00+00:00,BTC,49731.61,49919.49,49375.01,49841.77,657.8345
2024-01-01 17:00:00+00:00,BTC,49841.77,49892.47,49416.98,49555.83,327.6955
2024-01-01 18:00:00+00:00,BTC,49555.83,49992.88,49510.8,49817.72,571.4686
2024-01-01 19:00:00+00:00,BTC,49817.72,49897.54,49566.36,49802.8,581.6031
2024-01-01 20:00:00+00:00,BTC,49802.8,49812.97,49627.07,49747.59,659.2306
2024-01-01 21:00:00+00:00,BTC,49747.59,49970.55,49075.58,49544.76,397.5357
2024-01-01 22:00:00+00:00,BTC,49544.76,49966.2,48910.89,49909.51,656.9026
2024-01-01 23:00:00+00:00,BTC,49909.51,49918.54,49853.88,49863.26,847.172
2024-01-02 00:00:00+00:00,BTC,49863.26,50113.86,49625.91,49735.28,225.6906
2024-01-02 01:00:00+00:00,BTC,49735.28,49986.83,49510.28,49630.31,509.1304
2024-01-02 02:00:00+00:00,BTC,49630.31,49982.34,49557.31,49789.07,265.7047
2024-01-02 03:00:00+00:00,BTC,49789.07,50149.94,49399.55,49898.36,370.0135
2024-01-02 04:00:00+00:00,BTC,49898.36,50192.65,49326.05,50022.09,380.7363
2024-01-02 05:00:00+00:00,BTC,50022.09,50349.09,49727.21,50151.56,488.5052
2024-01-02 06:00:00+00:00,BTC,50151.56,50923.33,49955.59,50800.16,570.6337
2024-01-02 07:00:00+00:00,BTC,50800.16,50820.96,50461.48,50676.43,686.3257
2024-01-02 08:00:00+00:00,BTC,50676.43,50709.74,50453.09,50520.92,548.4058
2024-01-02 09:00:00+00:00,BTC,50520.92,50590.3,49941.24,50274.84,632.9413
2024-01-02 10:00:00+00:00,BTC,50274.84,50777.03,50113.82,50461.0,342.7953
2024-01-02 11:00:00+00:00,BTC,50461.0,51039.71,50015.11,50803.97,723.7447
2024-01-02 12:00:00+00:00,BTC,50803.97,51096.06,50587.18,50769.25,157.7593
2024-01-02 13:00:00+00:00,BTC,50769.25,51351.48,50314.23,50513.97,853.1628
2024-01-02 14:00:00+00:00,BTC,50513.97,50819.06,50205.39,50264.7,801.214
2024-01-02 15:00:00+00:00,BTC,50264.7,50868.37,50172.48,50461.29,650.1005
2024-01-02 16:00:00+00:00,BTC,50461.29,50995.44,50244.31,50686.83,1090.8867
2024-01-02 17:00:00+00:00,BTC,50686.83,51462.18,50203.66,50852.28,265.9402
2024-01-02 18:00:00+00:00,BTC,50852.28,51001.68,50286.32,50649.63,656.8184
2024-01-02 19:00:00+00:00,BTC,50649.63,51332.78,50595.39,50720.24,524.2115
2024-01-02 20:00:00+00:00,BTC,50720.24,50948.25,50361.88,50755.76,544.5926
2024-01-02 21:00:00+00:00,BTC,50755.76,51467.84,50473.04,50822.4,332.7391
2024-01-02 22:00:00+00:00,BTC,50822.4,51123.48,50802.59,51088.83,574.0926
2024-01-02 23:00:00+00:00,BTC,51088.83,51278.77,50821.85,51157.41,564.7292
2024-01-03 00:00:00+00:00,BTC,51157.41,51615.67,50450.05,51366.22,392.7801
2024-01-03 01:00:00+00:00,BTC,51366.22,51633.9,51342.36,51387.06,488.122
2024-01-03 02:00:00+00:00,BTC,51387.06,51672.65,51217.5,51476.28,315.6177
2024-01-03 03:00:00+00:00,BTC,51476.28,52145.45,51298.06,51671.62,435.3797
2024-01-03 04:00:00+00:00,BTC,51671.62,52235.59,50807.22,51221.83,699.8698
2024-01-03 05:00:00+00:00,BTC,51221.83,51225.46,50229.1,51123.68,704.7834
2024-01-03 06:00:00+00:00,BTC,51123.68,51829.47,50863.3,50979.6,654.3574
2024-01-03 07:00:00+00:00,BTC,50979.6,51344.34,50731.62,50784.56,699.7644
2024-01-03 08:00:00+00:00,BTC,50784.56,50914.67,50551.04,50700.79,702.9747
2024-01-03 09:00:00+00:00,BTC,50700.79,51371.27,50313.95,51157.6,399.1618
2024-01-03 10:00:00+00:00,BTC,51157.6,51682.26,50723.0,50892.53,563.0956
2024-01-03 11:00:00+00:00,BTC,50892.53,51578.15,50415.21,51189.06,731.415
2024-01-03 12:00:00+00:00,BTC,51189.06,51412.82,50598.84,50674.79,308.5122
2024-01-03 13:00:00+00:00,BTC,50674.79,51216.17,50548.43,50573.07,307.8911
2024-01-03 14:00:00+00:00,BTC,50573.07,50799.82,50403.4,50622.48,301.9861
2024-01-03 15:00:00+00:00,BTC,50622.48,51028.76,50080.24,50800.85,267.647
2024-01-03 16:00:00+00:00,BTC,50800.85,51044.36,50753.77,51018.1,346.134
2024-01-03 17:00:00+00:00,BTC,51018.1,51367.13,50507.64,51261.53,416.0037
2024-01-03 18:00:00+00:00,BTC,51261.53,51522.31,50315.55,51154.38,848.8776
2024-01-03 19:00:00+00:00,BTC,51154.38,51424.93,50590.53,51012.67,429.0151
2024-01-03 20:00:00+00:00,BTC,51012.67,51341.42,50994.54,51275.96,294.0878
2024-01-03 21:00:00+00:00,BTC,51275.96,51397.65,50876.15,51217.13,529.9454
2024-01-03 22:00:00+00:00,BTC,51217.13,51487.15,50605.13,50826.61,468.0012
2024-01-03 23:00:00+00:00,BTC,50826.61,51436.86,50077.65,50482.17,380.2625
2024-01-04 00:00:00+00:00,BTC,50482.17,50582.84,50021.55,50204.44,406.9177
2024-01-04 01:00:00+00:00,BTC,50204.44,50725.55,49837.67,50354.43,726.3916
2024-01-04 02:00:00+00:00,BTC,50354.43,50695.18,49691.09,50397.47,305.2553
2024-01-04 03:00:00+00:00,BTC,50397.47,50628.82,49887.83,50606.7,279.1052
2024-01-04 04:00:00+00:00,BTC,50606.7,50703.48,50219.89,50477.14,588.7494
2024-01-04 05:00:00+00:00,BTC,50477.14,50798.72,50359.7,50525.17,403.3152
2024-01-04 06:00:00+00:00,BTC,50525.17,51004.42,50480.42,50715.18,860.8164
2024-01-04 07:00:00+00:00,BTC,50715.18,51376.97,50537.02,50621.13,473.7132
2024-01-04 08:00:00+00:00,BTC,50621.13,51175.18,50154.51,50760.06,482.7398
2024-01-04 09:00:00+00:00,BTC,50760.06,50885.94,49940.92,50558.86,658.4583
2024-01-04 10:00:00+00:00,BTC,50558.86,50806.13,50220.35,50448.85,278.4816
2024-01-04 11:00:00+00:00,BTC,50448.85,51450.35,50056.22,50333.43,562.7093
2024-01-04 12:00:00+00:00,BTC,50333.43,50653.55,49761.86,49973.58,439.9415
2024-01-04 13:00:00+00:00,BTC,49973.58,50229.01,49736.76,50119.81,716.2222
2024-01-04 14:00:00+00:00,BTC,50119.81,50373.16,49833.41,49978.85,398.7107
2024-01-04 15:00:00+00:00,BTC,49978.85,50310.01,49464.72,49982.6,531.9215
2024-01-04 16:00:00+00:00,BTC,49982.6,50421.48,49316.58,50126.98,440.9673
2024-01-04 17:00:00+00:00,BTC,50126.98,50591.05,50099.7,50261.46,577.7394
2024-01-04 18:00:00+00:00,BTC,50261.46,50809.71,49888.52,50462.52,457.9257
2024-01-04 19:00:00+00:00,BTC,50462.52,50464.78,50295.69,50432.71,548.0775
2024-01-04 20:00:00+00:00,BTC,50432.71,50475.15,50136.87,50304.78,923.5654
2024-01-04 21:00:00+00:00,BTC,50304.78,50411.49,50039.31,50280.73,452.3756
2024-01-04 22:00:00+00:00,BTC,50280.73,50371.74,49692.88,49774.25,575.6906
2024-01-04 23:00:00+00:00,BTC,49774.25,50135.07,49106.53,49343.95,1113.064
2024-01-05 00:00:00+00:00,BTC,49343.95,49538.82,48823.86,48953.9,573.0983
2024-01-05 01:00:00+00:00,BTC,48953.9,49142.97,48567.67,48661.86,213.2885
2024-01-05 02:00:00+00:00,BTC,48661.86,48846.14,48602.22,48778.72,396.0007
2024-01-05 03:00:00+00:00,BTC,48778.72,48889.93,48413.97,48514.43,328.0926
2024-01-05 04:00:00+00:00,BTC,48514.43,48747.21,48391.5,48404.47,690.4166
2024-01-05 05:00:00+00:00,BTC,48404.47,48966.85,48302.65,48783.28,483.8482
2024-01-05 06:00:00+00:00,BTC,48783.28,49002.24,48445.22,48679.11,725.4843
2024-01-05 07:00:00+00:00,BTC,48679.11,49205.49,48653.37,48895.0,619.3391
2024-01-05 08:00:00+00:00,BTC,48895.0,49626.72,48565.91,48621.87,618.4042
2024-01-05 09:00:00+00:00,BTC,48621.87,48673.56,48239.32,48561.97,325.8544
2024-01-05 10:00:00+00:00,BTC,48561.97,48582.66,48206.11,48285.95,596.6444
2024-01-05 11:00:00+00:00,BTC,48285.95,48646.11,48024.45,48187.83,806.6699
2024-01-05 12:00:00+00:00,BTC,48187.83,48684.4,48130.55,48431.4,301.3054
2024-01-05 13:00:00+00:00,BTC,48431.4,48769.59,47785.88,47932.05,447.4693
2024-01-05 14:00:00+00:00,BTC,47932.05,48386.0,47538.65,48057.15,566.0343
2024-01-05 15:00:00+00:00,BTC,48057.15,48429.24,47827.47,48125.75,517.4504
2024-01-05 16:00:00+00:00,BTC,48125.75,48231.46,47704.59,47954.49,826.6766
2024-01-05 17:00:00+00:00,BTC,47954.49,48050.07,47417.69,47540.22,645.2164
2024-01-05 18:00:00+00:00,BTC,47540.22,47777.82,47039.42,47560.8,576.3645
2024-01-05 19:00:00+00:00,BTC,47560.8,47829.63,47095.75,47409.94,665.6531
2024-01-05 20:00:00+00:00,BTC,47409.94,47603.6,47083.04,47476.17,653.3477
2024-01-05 21:00:00+00:00,BTC,47476.17,47725.84,47312.13,47482.4,507.239
2024-01-05 22:00:00+00:00,BTC,47482.4,48358.61,47024.68,47940.94,441.6073
2024-01-05 23:00:00+00:00,BTC,47940.94,48164.85,47635.76,47872.14,707.1314
2024-01-06 00:00:00+00:00,BTC,47872.14,47984.18,47333.73,47579.06,385.4959
2024-01-06 01:00:00+00:00,BTC,47579.06,47631.41,47444.97,47630.26,487.5099
2024-01-06 02:00:00+00:00,BTC,47630.26,48055.31,47381.89,47693.17,333.5362
2024-01-06 03:00:00+00:00,BTC,47693.17,48151.66,47628.6,48083.71,645.9322
2024-01-06 04:00:00+00:00,BTC,48083.71,48730.45,47845.06,48325.24,769.6925
2024-01-06 05:00:00+00:00,BTC,48325.24,48780.0,47979.21,48428.83,360.3826
2024-01-06 06:00:00+00:00,BTC,48428.83,49130.57,48278.11,48855.9,473.7751
2024-01-06 07:00:00+00:00,BTC,48855.9,49023.85,47936.97,48508.67,422.6672
2024-01-06 08:00:00+00:00,BTC,48508.67,48745.09,47797.86,48322.83,728.4888
2024-01-06 09:00:00+00:00,BTC,48322.83,48625.28,47857.09,48054.92,821.0205
2024-01-06 10:00:00+00:00,BTC,48054.92,48456.16,47690.57,47942.66,422.811
2024-01-06 11:00:00+00:00,BTC,47942.66,48257.23,47198.75,47548.28,169.4735
2024-01-06 12:00:00+00:00,BTC,47548.28,47780.52,47118.15,47729.83,748.5129
2024-01-06 13:00:00+00:00,BTC,47729.83,47741.77,47619.45,47666.23,507.9542
2024-01-06 14:00:00+00:00,BTC,47666.23,47877.21,46588.86,47247.43,508.6407
2024-01-06 15:00:00+00:00,BTC,47247.43,47342.46,46886.43,46960.41,700.5796
2024-01-06 16:00:00+00:00,BTC,46960.41,47240.04,46806.78,47048.83,440.188
2024-01-06 17:00:00+00:00,BTC,47048.83,47433.23,47043.13,47286.02,401.0201
2024-01-06 18:00:00+00:00,BTC,47286.02,47876.72,47178.6,47855.93,441.47
2024-01-06 19:00:00+00:00,BTC,47855.93,49300.92,47652.39,48699.96,593.3523
2024-01-06 20:00:00+00:00,BTC,48699.96,49190.1,48590.02,48821.2,680.1046
2024-01-06 21:00:00+00:00,BTC,48821.2,48984.76,48428.61,48532.2,885.5526
2024-01-06 22:00:00+00:00,BTC,48532.2,48725.95,47838.72,47915.32,575.8202
2024-01-06 23:00:00+00:00,BTC,47915.32,48666.29,47685.21,47992.34,475.3204
2024-01-07 00:00:00+00:00,BTC,47992.34,48414.63,47495.68,47758.82,681.8263
2024-01-07 01:00:00+00:00,BTC,47758.82,47907.81,47109.44,47639.95,355.9064
2024-01-07 02:00:00+00:00,BTC,47639.95,48427.7,47328.77,47465.31,821.7153
2024-01-07 03:00:00+00:00,BTC,47465.31,47645.61,47357.93,47425.23,538.3937
2024-01-07 04:00:00+00:00,BTC,47425.23,47985.95,47299.25,47729.53,461.539
2024-01-07 05:00:00+00:00,BTC,47729.53,48417.92,47709.48,47774.53,356.3093
2024-01-07 06:00:00+00:00,BTC,47774.53,47994.26,47590.39,47729.07,622.6827
2024-01-07 07:00:00+00:00,BTC,47729.07,47735.25,47342.25,47433.41,453.2266
2024-01-07 08:00:00+00:00,BTC,47433.41,47576.75,46584.36,46959.18,483.7699
2024-01-07 09:00:00+00:00,BTC,46959.18,47041.22,46608.67,46822.36,278.5758
2024-01-07 10:00:00+00:00,BTC,46822.36,47042.24,46770.57,46807.25,429.435
2024-01-07 11:00:00+00:00,BTC,46807.25,47391.34,46676.15,47306.41,409.7856
2024-01-07 12:00:00+00:00,BTC,47306.41,47508.97,47052.4,47343.4,578.8857
2024-01-07 13:00:00+00:00,BTC,47343.4,47685.1,47315.34,47623.38,455.2888
2024-01-07 14:00:00+00:00,BTC,47623.38,47766.41,46989.22,47480.93,197.8487
2024-01-07 15:00:00+00:00,BTC,47480.93,47947.85,46832.99,47144.55,432.4012
2024-01-07 16:00:00+00:00,BTC,47144.55,47172.57,46650.49,46872.34,300.5274
2024-01-07 17:00:00+00:00,BTC,46872.34,47299.87,46336.34,46668.82,347.0998
2024-01-07 18:00:00+00:00,BTC,46668.82,47598.35,45777.79,47268.64,710.4991
2024-01-07 19:00:00+00:00,BTC,47268.64,47529.18,46906.06,47036.26,276.8467
2024-01-07 20:00:00+00:00,BTC,47036.26,47346.6,46750.93,47273.5,554.3539
2024-01-07 21:00:00+00:00,BTC,47273.5,47806.2,47016.82,47018.08,418.6692
2024-01-07 22:00:00+00:00,BTC,47018.08,47354.1,46877.45,47281.62,391.3474
2024-01-07 23:00:00+00:00,BTC,47281.62,47500.87,47057.13,47390.95,354.9031
2024-01-08 00:00:00+00:00,BTC,47390.95,47540.09,47257.97,47346.44,559.1631
2024-01-08 01:00:00+00:00,BTC,47346.44,47707.53,47334.1,47334.86,581.5749
2024-01-08 02:00:00+00:00,BTC,47334.86,47649.16,47088.35,47149.26,273.3644
2024-01-08 03:00:00+00:00,BTC,47149.26,47545.54,46596.93,47275.62,747.9167
2024-01-08 04:00:00+00:00,BTC,47275.62,47401.69,46833.98,47146.74,330.1066
2024-01-08 05:00:00+00:00,BTC,47146.74,47846.29,46638.45,46801.31,572.8485
2024-01-08 06:00:00+00:00,BTC,46801.31,46866.77,46242.31,46443.82,330.7192
2024-01-08 07:00:00+00:00,BTC,46443.82,46841.59,46194.35,46491.94,425.7858
2024-01-08 08:00:00+00:00,BTC,46491.94,47306.98,46337.28,46934.53,319.5863
2024-01-08 09:00:00+00:00,BTC,46934.53,47326.43,46430.01,46979.6,415.5275
2024-01-08 10:00:00+00:00,BTC,46979.6,47062.96,46673.62,46946.17,466.0379
2024-01-08 11:00:00+00:00,BTC,46946.17,47240.39,46789.02,47026.75,334.4029
2024-01-08 12:00:00+00:00,BTC,47026.75,47754.95,47019.83,47396.7,558.1694
2024-01-08 13:00:00+00:00,BTC,47396.7,47513.33,47143.89,47459.13,584.3554
2024-01-08 14:00:00+00:00,BTC,47459.13,47930.36,47332.06,47342.26,1289.1243
2024-01-08 15:00:00+00:00,BTC,47342.26,47762.54,47281.73,47657.55,692.0455
2024-01-08 16:00:00+00:00,BTC,47657.55,47888.53,47415.98,47780.31,754.7263
2024-01-08 17:00:00+00:00,BTC,47780.31,48336.5,47406.33,48222.62,269.1995
2024-01-08 18:00:00+00:00,BTC,48222.62,48756.59,47770.37,48275.67,251.9285
2024-01-08 19:00:00+00:00,BTC,48275.67,48453.2,47598.66,47922.29,450.6367
2024-01-08 20:00:00+00:00,BTC,47922.29,48185.8,47122.19,47530.51,934.4833
2024-01-08 21:00:00+00:00,BTC,47530.51,48040.96,47500.93,48003.67,1188.7232
2024-01-08 22:00:00+00:00,BTC,48003.67,48521.15,47538.62,48502.7,393.0633
2024-01-08 23:00:00+00:00,BTC,48502.7,48620.91,48320.63,48450.48,407.2512
2024-01-09 00:00:00+00:00,BTC,48450.48,48915.15,47757.47,48339.22,604.8442
2024-01-09 01:00:00+00:00,BTC,48339.22,49132.01,48215.05,48764.95,466.6607
2024-01-09 02:00:00+00:00,BTC,48764.95,48797.8,48181.32,48442.11,470.7989
2024-01-09 03:00:00+00:00,BTC,48442.11,49079.12,48016.4,48182.76,624.4197
2024-01-09 04:00:00+00:00,BTC,48182.76,48542.18,48107.07,48369.1,1293.4126
2024-01-09 05:00:00+00:00,BTC,48369.1,48714.73,48218.59,48254.71,789.3492
2024-01-09 06:00:00+00:00,BTC,48254.71,48263.32,48028.34,48253.23,961.796
2024-01-09 07:00:00+00:00,BTC,48253.23,48300.06,47856.3,48205.93,262.214
2024-01-09 08:00:00+00:00,BTC,48205.93,48620.75,48030.13,48303.67,728.3499
2024-01-09 09:00:00+00:00,BTC,48303.67,48789.9,48140.91,48713.32,358.5808
2024-01-09 10:00:00+00:00,BTC,48713.32,49584.36,48624.44,48739.8,899.0737
2024-01-09 11:00:00+00:00,BTC,48739.8,48995.43,48516.16,48928.48,804.0588
2024-01-09 12:00:00+00:00,BTC,48928.48,49221.54,48269.13,48330.29,617.6632
2024-01-09 13:00:00+00:00,BTC,48330.29,49095.62,48290.36,48316.17,385.5209
2024-01-09 14:00:00+00:00,BTC,48316.17,48581.61,47896.72,48072.34,422.1124
2024-01-09 15:00:00+00:00,BTC,48072.34,48295.73,47556.38,47722.07,434.2371
2024-01-09 16:00:00+00:00,BTC,47722.07,47802.21,47445.2,47471.29,652.9006
2024-01-09 17:00:00+00:00,BTC,47471.29,47565.56,47293.7,47376.22,575.92
2024-01-09 18:00:00+00:00,BTC,47376.22,48210.86,46974.66,47637.29,821.9006
2024-01-09 19:00:00+00:00,BTC,47637.29,48106.96,46919.54,47259.68,878.6574
2024-01-09 20:00:00+00:00,BTC,47259.68,48303.17,47253.53,47268.36,371.9401
2024-01-09 21:00:00+00:00,BTC,47268.36,47534.95,46789.43,47131.25,590.4748
2024-01-09 22:00:00+00:00,BTC,47131.25,47151.41,46720.14,47038.68,587.967
2024-01-09 23:00:00+00:00,BTC,47038.68,47619.18,47009.81,47322.54,483.6444
2024-01-10 00:00:00+00:00,BTC,47322.54,48120.56,47226.94,47475.58,695.2182
2024-01-10 01:00:00+00:00,BTC,47475.58,48066.34,47260.71,47858.07,593.7443
2024-01-10 02:00:00+00:00,BTC,47858.07,47859.21,47723.32,47813.73,408.9173
2024-01-10 03:00:00+00:00,BTC,47813.73,47983.55,47516.92,47614.49,475.7379
2024-01-10 04:00:00+00:00,BTC,47614.49,47861.05,47340.98,47550.58,442.4736
2024-01-10 05:00:00+00:00,BTC,47550.58,47631.39,47544.17,47619.81,387.6012
2024-01-10 06:00:00+00:00,BTC,47619.81,47779.12,47202.95,47670.29,485.2894
2024-01-10 07:00:00+00:00,BTC,47670.29,47796.63,47321.46,47361.14,317.5656
2024-01-10 08:00:00+00:00,BTC,47361.14,47921.07,47145.91,47386.86,590.2033
2024-01-10 09:00:00+00:00,BTC,47386.86,47470.93,47100.9,47451.79,817.3354
2024-01-10 10:00:00+00:00,BTC,47451.79,48325.39,47448.58,48173.99,508.9109
2024-01-10 11:00:00+00:00,BTC,48173.99,48922.9,47921.99,48719.54,696.3538
2024-01-10 12:00:00+00:00,BTC,48719.54,48791.28,48013.82,48470.76,527.9351
2024-01-10 13:00:00+00:00,BTC,48470.76,48771.94,48373.78,48387.26,349.6286
2024-01-10 14:00:00+00:00,BTC,48387.26,48691.34,47337.07,47964.25,1009.3692
2024-01-10 15:00:00+00:00,BTC,47964.25,48090.87,47707.64,47794.55,214.1674
2024-01-10 16:00:00+00:00,BTC,47794.55,47901.74,47748.5,47885.14,501.8071
2024-01-10 17:00:00+00:00,BTC,47885.14,48758.04,47471.73,48232.85,382.0741
2024-01-10 18:00:00+00:00,BTC,48232.85,48367.12,47869.95,48022.32,869.7455
2024-01-10 19:00:00+00:00,BTC,48022.32,48299.42,47719.36,47834.2,539.2596
2024-01-10 20:00:00+00:00,BTC,47834.2,48110.41,47173.32,47221.87,1222.9545
2024-01-10 21:00:00+00:00,BTC,47221.87,47437.27,47081.09,47175.81,506.341
2024-01-10 22:00:00+00:00,BTC,47175.81,47316.31,46533.33,46876.04,383.1067
2024-01-10 23:00:00+00:00,BTC,46876.04,47090.89,46673.99,46727.37,274.7919
2024-01-11 00:00:00+00:00,BTC,46727.37,46886.35,46305.16,46482.18,736.5182
2024-01-11 01:00:00+00:00,BTC,46482.18,46505.9,46189.31,46455.9,373.3262
2024-01-11 02:00:00+00:00,BTC,46455.9,46843.57,45384.05,45968.53,431.6759
2024-01-11 03:00:00+00:00,BTC,45968.53,46064.57,45457.36,45565.68,768.5038
2024-01-11 04:00:00+00:00,BTC,45565.68,46288.51,45544.68,46151.53,722.9109
2024-01-11 05:00:00+00:00,BTC,46151.53,46438.81,45542.6,45796.41,403.9277
2024-01-11 06:00:00+00:00,BTC,45796.41,45895.08,45471.86,45496.03,426.5396
2024-01-11 07:00:00+00:00,BTC,45496.03,46469.68,45427.88,46000.23,270.4221
2024-01-11 08:00:00+00:00,BTC,46000.23,47097.13,45912.24,46809.06,243.5151
2024-01-11 09:00:00+00:00,BTC,46809.06,47138.81,46047.79,46481.18,653.2124
2024-01-11 10:00:00+00:00,BTC,46481.18,46536.39,46300.44,46378.59,678.9332
2024-01-11 11:00:00+00:00,BTC,46378.59,46672.51,45911.44,46473.73,566.5875
2024-01-11 12:00:00+00:00,BTC,46473.73,46987.34,46008.82,46958.28,533.8617
2024-01-11 13:00:00+00:00,BTC,46958.28,47188.68,46543.39,46681.05,390.5085
2024-01-11 14:00:00+00:00,BTC,46681.05,46978.92,46539.09,46612.4,835.8545
2024-01-11 15:00:00+00:00,BTC,46612.4,47030.09,46528.45,46830.31,267.7894
2024-01-11 16:00:00+00:00,BTC,46830.31,47352.29,46663.6,46952.63,424.3826
2024-01-11 17:00:00+00:00,BTC,46952.63,47189.34,46807.12,46846.78,528.9287
2024-01-11 18:00:00+00:00,BTC,46846.78,47061.03,46767.61,46809.18,499.9278
2024-01-11 19:00:00+00:00,BTC,46809.18,46829.66,46242.08,46424.63,499.6416
2024-01-11 20:00:00+00:00,BTC,46424.63,46550.75,46011.52,46358.33,416.9102
2024-01-11 21:00:00+00:00,BTC,46358.33,46412.14,45673.12,46284.29,604.2123
2024-01-11 22:00:00+00:00,BTC,46284.29,46521.37,45990.63,46348.81,326.7583
2024-01-11 23:00:00+00:00,BTC,46348.81,46842.76,45721.44,46194.64,475.4236
2024-01-12 00:00:00+00:00,BTC,46194.64,46329.35,45910.78,46325.52,581.5945
2024-01-12 01:00:00+00:00,BTC,46325.52,46668.16,45890.27,46607.86,445.066
2024-01-12 02:00:00+00:00,BTC,46607.86,46722.51,45889.14,46651.35,500.8384
2024-01-12 03:00:00+00:00,BTC,46651.35,46946.73,46561.59,46749.91,539.1738
2024-01-12 04:00:00+00:00,BTC,46749.91,46786.75,46566.74,46764.82,269.9727
2024-01-12 05:00:00+00:00,BTC,46764.82,47094.87,46458.05,46764.85,278.9557
2024-01-12 06:00:00+00:00,BTC,46764.85,47299.95,46462.53,46562.82,523.9955
2024-01-12 07:00:00+00:00,BTC,46562.82,47013.84,46146.75,46651.33,404.1048
2024-01-12 08:00:00+00:00,BTC,46651.33,46918.68,46310.32,46624.11,412.7328
2024-01-12 09:00:00+00:00,BTC,46624.11,47237.58,46507.74,47213.35,610.1841
2024-01-12 10:00:00+00:00,BTC,47213.35,47886.88,47123.15,47661.16,353.7232
2024-01-12 11:00:00+00:00,BTC,47661.16,47852.65,47374.38,47771.63,214.8573
2024-01-12 12:00:00+00:00,BTC,47771.63,48040.71,47214.03,47553.41,892.9836
2024-01-12 13:00:00+00:00,BTC,47553.41,48025.67,47152.61,47237.08,763.607
2024-01-12 14:00:00+00:00,BTC,47237.08,47796.19,46997.76,47575.88,760.2273
2024-01-12 15:00:00+00:00,BTC,47575.88,48432.84,47412.02,47650.95,337.7637
2024-01-12 16:00:00+00:00,BTC,47650.95,47834.23,47042.39,47788.42,486.6336
2024-01-12 17:00:00+00:00,BTC,47788.42,48302.01,46953.43,47290.8,320.7499
2024-01-12 18:00:00+00:00,BTC,47290.8,47882.27,47160.32,47554.69,489.6164
2024-01-12 19:00:00+00:00,BTC,47554.69,48288.55,47326.13,47684.53,442.661
2024-01-12 20:00:00+00:00,BTC,47684.53,47736.37,46502.43,47367.88,342.8484
2024-01-12 21:00:00+00:00,BTC,47367.88,47749.44,46972.41,47234.06,596.3086
2024-01-12 22:00:00+00:00,BTC,47234.06,47404.69,46854.48,47308.86,456.7098
2024-01-12 23:00:00+00:00,BTC,47308.86,47766.2,47266.65,47323.75,913.7465
2024-01-13 00:00:00+00:00,BTC,47323.75,47440.04,46820.16,47240.87,515.2391
2024-01-13 01:00:00+00:00,BTC,47240.87,47673.66,47130.65,47211.54,204.9661
2024-01-13 02:00:00+00:00,BTC,47211.54,47295.16,47023.35,47140.22,265.1681
2024-01-13 03:00:00+00:00,BTC,47140.22,47417.41,46997.58,47183.39,1041.1504
2024-01-13 04:00:00+00:00,BTC,47183.39,47629.22,47125.72,47601.81,440.956
2024-01-13 05:00:00+00:00,BTC,47601.81,48170.87,46544.1,46874.36,543.816
2024-01-13 06:00:00+00:00,BTC,46874.36,47485.89,46618.45,46807.8,501.7055
2024-01-13 07:00:00+00:00,BTC,46807.8,46890.76,46678.88,46857.4,820.8332
2024-01-13 08:00:00+00:00,BTC,46857.4,47101.59,46832.38,46940.69,256.5156
2024-01-13 09:00:00+00:00,BTC,46940.69,47042.02,46806.9,46836.06,796.1968
2024-01-13 10:00:00+00:00,BTC,46836.06,47127.62,46274.12,46344.98,777.2315
2024-01-13 11:00:00+00:00,BTC,46344.98,46714.9,46277.97,46436.28,501.079
2024-01-13 12:00:00+00:00,BTC,46436.28,47151.32,46429.71,46920.05,577.8176
2024-01-13 13:00:00+00:00,BTC,46920.05,47002.7,46421.5,46490.22,439.1756
2024-01-13 14:00:00+00:00,BTC,46490.22,46807.44,46365.73,46731.8,277.2086
2024-01-13 15:00:00+00:00,BTC,46731.8,46760.0,46435.77,46639.78,612.5976
2024-01-13 16:00:00+00:00,BTC,46639.78,46793.26,46315.94,46622.62,545.0682
2024-01-13 17:00:00+00:00,BTC,46622.62,46660.56,46182.69,46329.01,549.0469
2024-01-13 18:00:00+00:00,BTC,46329.01,46673.29,45903.39,46236.14,591.9433
2024-01-13 19:00:00+00:00,BTC,46236.14,46753.23,46053.03,46598.2,404.6779
2024-01-13 20:00:00+00:00,BTC,46598.2,46919.64,46552.44,46761.39,843.2398
2024-01-13 21:00:00+00:00,BTC,46761.39,47257.7,46733.91,47249.96,501.4251
2024-01-13 22:00:00+00:00,BTC,47249.96,47754.6,47033.88,47584.93,604.3823
2024-01-13 23:00:00+00:00,BTC,47584.93,48173.92,47471.51,47710.46,454.5756
2024-01-14 00:00:00+00:00,BTC,47710.46,48659.92,47635.69,48212.31,722.1161
2024-01-14 01:00:00+00:00,BTC,48212.31,48852.45,48197.36,48339.46,518.534
2024-01-14 02:00:00+00:00,BTC,48339.46,48601.48,48034.16,48580.21,485.3239
2024-01-14 03:00:00+00:00,BTC,48580.21,48628.12,48409.58,48493.84,762.9428
2024-01-14 04:00:00+00:00,BTC,48493.84,48706.91,48424.32,48513.21,273.5826
2024-01-14 05:00:00+00:00,BTC,48513.21,48750.24,47702.47,48310.62,453.3217
2024-01-14 06:00:00+00:00,BTC,48310.62,48605.7,48150.72,48598.32,403.5023
2024-01-14 07:00:00+00:00,BTC,48598.32,48701.94,48142.19,48255.95,569.9029
2024-01-14 08:00:00+00:00,BTC,48255.95,48625.35,47968.85,48483.0,558.4354
2024-01-14 09:00:00+00:00,BTC,48483.0,49300.94,48026.2,48427.58,497.9396
2024-01-14 10:00:00+00:00,BTC,48427.58,48814.08,48288.48,48769.1,389.439
2024-01-14 11:00:00+00:00,BTC,48769.1,49118.42,48612.26,48989.31,495.8122
2024-01-14 12:00:00+00:00,BTC,48989.31,49582.47,48821.89,49527.4,559.9162
2024-01-14 13:00:00+00:00,BTC,49527.4,50636.66,49268.37,49745.03,469.7291
2024-01-14 14:00:00+00:00,BTC,49745.03,49754.59,48743.83,49278.03,736.7507
2024-01-14 15:00:00+00:00,BTC,49278.03,49703.97,48829.82,49258.24,619.4384
2024-01-14 16:00:00+00:00,BTC,49258.24,49371.3,48677.56,48913.07,503.3417
2024-01-14 17:00:00+00:00,BTC,48913.07,48989.48,48437.11,48761.2,219.9722
2024-01-14 18:00:00+00:00,BTC,48761.2,49374.23,48559.37,49205.35,463.2191
2024-01-14 19:00:00+00:00,BTC,49205.35,49679.07,49044.98,49393.93,623.371
2024-01-14 20:00:00+00:00,BTC,49393.93,49812.15,49185.28,49187.22,453.426
2024-01-14 21:00:00+00:00,BTC,49187.22,49349.98,48439.34,48888.96,555.9883
2024-01-14 22:00:00+00:00,BTC,48888.96,48977.81,48793.6,48898.58,462.204
2024-01-14 23:00:00+00:00,BTC,48898.58,49710.1,47801.1,48542.95,542.3875
2024-01-15 00:00:00+00:00,BTC,48542.95,48747.27,48102.9,48347.87,816.4462
2024-01-15 01:00:00+00:00,BTC,48347.87,48595.47,48287.39,48438.46,658.5028
2024-01-15 02:00:00+00:00,BTC,48438.46,48815.61,48113.66,48775.4,317.715
2024-01-15 03:00:00+00:00,BTC,48775.4,49162.32,48383.28,48953.88,279.8629
2024-01-15 04:00:00+00:00,BTC,48953.88,49148.41,48276.28,48285.48,583.7678
2024-01-15 05:00:00+00:00,BTC,48285.48,48475.48,47838.52,48373.74,752.4667
2024-01-15 06:00:00+00:00,BTC,48373.74,48407.89,48236.1,48394.65,279.6058
2024-01-15 07:00:00+00:00,BTC,48394.65,48535.53,48390.28,48514.98,464.5994
2024-01-15 08:00:00+00:00,BTC,48514.98,49161.5,48133.74,48987.73,1147.3779
2024-01-15 09:00:00+00:00,BTC,48987.73,49229.92,48191.53,48385.03,455.1307
2024-01-15 10:00:00+00:00,BTC,48385.03,48548.83,48085.7,48213.73,1210.342
2024-01-15 11:00:00+00:00,BTC,48213.73,48563.77,47698.53,48384.97,374.7832
2024-01-15 12:00:00+00:00,BTC,48384.97,48645.77,47615.94,47927.99,398.6932
2024-01-15 13:00:00+00:00,BTC,47927.99,48547.33,47842.1,48354.31,390.9481
2024-01-15 14:00:00+00:00,BTC,48354.31,48685.8,48289.16,48461.3,319.5432
2024-01-15 15:00:00+00:00,BTC,48461.3,49004.84,48320.22,48708.08,276.6215
2024-01-15 16:00:00+00:00,BTC,48708.08,48727.97,48314.2,48541.51,462.7437
2024-01-15 17:00:00+00:00,BTC,48541.51,49351.19,48084.95,48779.1,526.0051
2024-01-15 18:00:00+00:00,BTC,48779.1,49420.18,48740.49,49092.82,389.0606
2024-01-15 19:00:00+00:00,BTC,49092.82,49264.76,48688.68,49161.46,423.2366
2024-01-15 20:00:00+00:00,BTC,49161.46,49381.81,48451.45,49230.65,829.4265
2024-01-15 21:00:00+00:00,BTC,49230.65,49634.71,48864.53,49310.57,702.5512
2024-01-15 22:00:00+00:00,BTC,49310.57,49652.18,48921.66,49055.8,456.7204
2024-01-15 23:00:00+00:00,BTC,49055.8,49093.63,48729.57,49012.4,581.1823
2024-01-16 00:00:00+00:00,BTC,49012.4,49127.79,48683.77,48967.56,281.9867
2024-01-16 01:00:00+00:00,BTC,48967.56,49153.69,48778.26,49080.34,549.4828
2024-01-16 02:00:00+00:00,BTC,49080.34,49483.71,48694.87,49375.65,489.1968
2024-01-16 03:00:00+00:00,BTC,49375.65,49787.79,48880.1,49063.05,438.6273
2024-01-16 04:00:00+00:00,BTC,49063.05,49113.32,48672.13,49026.26,505.7748
2024-01-16 05:00:00+00:00,BTC,49026.26,49781.34,48796.67,49463.99,477.9535
2024-01-16 06:00:00+00:00,BTC,49463.99,49699.24,48426.83,49243.8,315.7132
2024-01-16 07:00:00+00:00,BTC,49243.8,49463.0,48773.81,49001.45,900.1205
2024-01-16 08:00:00+00:00,BTC,49001.45,49333.59,48875.92,49060.97,697.4245
2024-01-16 09:00:00+00:00,BTC,49060.97,49399.62,49013.01,49310.15,436.5398
2024-01-16 10:00:00+00:00,BTC,49310.15,49685.15,49286.09,49313.53,269.9966
2024-01-16 11:00:00+00:00,BTC,49313.53,50114.15,49040.77,49708.32,211.645
2024-01-16 12:00:00+00:00,BTC,49708.32,50157.03,49593.06,49964.52,1008.5354
2024-01-16 13:00:00+00:00,BTC,49964.52,50832.39,49734.19,50217.52,470.5144
2024-01-16 14:00:00+00:00,BTC,50217.52,50767.51,50214.18,50384.76,653.0489
2024-01-16 15:00:00+00:00,BTC,50384.76,51180.47,49966.23,51093.36,358.7239
2024-01-16 16:00:00+00:00,BTC,51093.36,51251.24,50656.81,51030.51,449.0023
2024-01-16 17:00:00+00:00,BTC,51030.51,51932.62,50413.08,50420.74,457.0952
2024-01-16 18:00:00+00:00,BTC,50420.74,51194.62,50228.31,50908.41,544.0927
2024-01-16 19:00:00+00:00,BTC,50908.41,50980.51,50401.67,50768.79,515.9769
2024-01-16 20:00:00+00:00,BTC,50768.79,51824.38,50707.09,50801.67,362.0618
2024-01-16 21:00:00+00:00,BTC,50801.67,51240.5,50617.66,51202.4,360.7437
2024-01-16 22:00:00+00:00,BTC,51202.4,51382.79,50084.89,50712.52,485.9311
2024-01-16 23:00:00+00:00,BTC,50712.52,50930.29,50063.44,50333.11,270.5884
2024-01-17 00:00:00+00:00,BTC,50333.11,50741.0,49550.44,49851.84,374.8521
2024-01-17 01:00:00+00:00,BTC,49851.84,49928.18,49559.19,49614.87,473.7405
2024-01-17 02:00:00+00:00,BTC,49614.87,49752.88,49291.61,49745.92,574.6338
2024-01-17 03:00:00+00:00,BTC,49745.92,49994.69,49479.74,49902.62,846.2463
2024-01-17 04:00:00+00:00,BTC,49902.62,50241.84,49633.96,49985.41,423.2002
2024-01-17 05:00:00+00:00,BTC,49985.41,50193.86,49507.79,49563.49,506.3601
2024-01-17 06:00:00+00:00,BTC,49563.49,49850.74,48460.46,48881.25,260.0908
2024-01-17 07:00:00+00:00,BTC,48881.25,49084.67,48629.79,48897.19,562.1636
2024-01-17 08:00:00+00:00,BTC,48897.19,49213.95,48637.4,48758.98,363.7013
2024-01-17 09:00:00+00:00,BTC,48758.98,48963.18,48690.89,48893.56,448.8667
2024-01-17 10:00:00+00:00,BTC,48893.56,49283.79,48785.27,49099.92,590.6163
2024-01-17 11:00:00+00:00,BTC,49099.92,49668.06,48575.23,49140.66,599.321
2024-01-17 12:00:00+00:00,BTC,49140.66,49686.5,48911.32,49365.3,300.6048
2024-01-17 13:00:00+00:00,BTC,49365.3,49486.16,49148.7,49433.23,662.0166
2024-01-17 14:00:00+00:00,BTC,49433.23,50084.6,49429.43,49590.7,493.2431
2024-01-17 15:00:00+00:00,BTC,49590.7,49619.58,49303.79,49381.47,779.0854
2024-01-17 16:00:00+00:00,BTC,49381.47,49600.56,49116.75,49328.28,833.9544
2024-01-17 17:00:00+00:00,BTC,49328.28,49736.66,49320.94,49386.56,877.2165
2024-01-17 18:00:00+00:00,BTC,49386.56,49668.51,48878.46,49630.29,303.7063
2024-01-17 19:00:00+00:00,BTC,49630.29,49781.79,49319.42,49513.18,575.5971
2024-01-17 20:00:00+00:00,BTC,49513.18,49937.72,49359.46,49668.25,287.8726
2024-01-17 21:00:00+00:00,BTC,49668.25,49674.48,49228.01,49589.1,788.4869
2024-01-17 22:00:00+00:00,BTC,49589.1,49958.01,49457.07,49554.13,828.7578
2024-01-17 23:00:00+00:00,BTC,49554.13,49878.86,49493.01,49801.39,704.1039
2024-01-18 00:00:00+00:00,BTC,49801.39,50004.05,48992.07,49209.39,430.9527
2024-01-18 01:00:00+00:00,BTC,49209.39,49525.7,48577.94,48828.08,604.919
2024-01-18 02:00:00+00:00,BTC,48828.08,49009.79,47905.03,48395.77,412.1232
2024-01-18 03:00:00+00:00,BTC,48395.77,48690.29,47717.16,47722.87,502.4156
2024-01-18 04:00:00+00:00,BTC,47722.87,48445.96,47311.77,47529.06,484.1211
2024-01-18 05:00:00+00:00,BTC,47529.06,47836.59,47090.43,47743.26,248.4367
2024-01-18 06:00:00+00:00,BTC,47743.26,47767.57,47467.72,47661.72,376.6367
2024-01-18 07:00:00+00:00,BTC,47661.72,48172.32,47651.12,47718.31,1107.0
2024-01-18 08:00:00+00:00,BTC,47718.31,48346.29,47672.17,48031.19,485.0568
2024-01-18 09:00:00+00:00,BTC,48031.19,48439.35,47817.33,48415.34,528.8409
2024-01-18 10:00:00+00:00,BTC,48415.34,48873.32,48167.57,48395.26,498.4849
2024-01-18 11:00:00+00:00,BTC,48395.26,48826.59,47987.96,48789.9,433.081
2024-01-18 12:00:00+00:00,BTC,48789.9,49426.7,48442.56,48816.88,506.3589
2024-01-18 13:00:00+00:00,BTC,48816.88,49099.55,48543.39,48572.22,433.614
2024-01-18 14:00:00+00:00,BTC,48572.22,48815.0,48249.3,48399.3,224.882
2024-01-18 15:00:00+00:00,BTC,48399.3,48752.51,47746.59,47971.26,658.3836
2024-01-18 16:00:00+00:00,BTC,47971.26,47971.55,47530.53,47716.31,879.288
2024-01-18 17:00:00+00:00,BTC,47716.31,47904.24,47468.78,47613.92,332.6683
2024-01-18 18:00:00+00:00,BTC,47613.92,47884.88,47385.49,47844.05,432.7287
2024-01-18 19:00:00+00:00,BTC,47844.05,48737.25,47049.95,48340.58,845.2159
2024-01-18 20:00:00+00:00,BTC,48340.58,48365.99,47561.26,47941.34,381.6931
2024-01-18 21:00:00+00:00,BTC,47941.34,48055.56,47926.1,48054.47,572.6697
2024-01-18 22:00:00+00:00,BTC,48054.47,48616.17,47523.62,47755.39,2273.3967
2024-01-18 23:00:00+00:00,BTC,47755.39,48035.7,47479.08,47891.6,623.8454
2024-01-19 00:00:00+00:00,BTC,47891.6,48781.34,47834.97,47853.95,512.1907
2024-01-19 01:00:00+00:00,BTC,47853.95,48429.73,46976.98,47331.13,680.7579
2024-01-19 02:00:00+00:00,BTC,47331.13,47908.53,47316.8,47595.49,656.2025
2024-01-19 03:00:00+00:00,BTC,47595.49,47730.58,46993.93,47423.03,396.5555
2024-01-19 04:00:00+00:00,BTC,47423.03,47962.1,46813.24,47271.36,272.286
2024-01-19 05:00:00+00:00,BTC,47271.36,47314.03,46669.36,46968.92,615.5264
2024-01-19 06:00:00+00:00,BTC,46968.92,47239.11,46513.64,46784.89,648.6921
2024-01-19 07:00:00+00:00,BTC,46784.89,46959.98,46726.2,46905.16,450.5548
2024-01-19 08:00:00+00:00,BTC,46905.16,47188.51,46827.56,46851.93,889.2929
2024-01-19 09:00:00+00:00,BTC,46851.93,47313.19,46439.7,46944.41,829.0377
2024-01-19 10:00:00+00:00,BTC,46944.41,47598.56,46571.92,47046.47,655.6908
2024-01-19 11:00:00+00:00,BTC,47046.47,47504.09,46799.49,47420.74,453.5432
2024-01-19 12:00:00+00:00,BTC,47420.74,47481.45,47209.05,47323.31,240.5154
2024-01-19 13:00:00+00:00,BTC,47323.31,47343.86,46875.15,46905.82,470.4003
2024-01-19 14:00:00+00:00,BTC,46905.82,47289.57,46045.35,47207.14,262.944
2024-01-19 15:00:00+00:00,BTC,47207.14,47512.26,46791.66,47113.34,219.1214
2024-01-19 16:00:00+00:00,BTC,47113.34,47525.2,46714.07,47429.47,627.1048
2024-01-19 17:00:00+00:00,BTC,47429.47,47623.66,47194.23,47538.7,753.6406
2024-01-19 18:00:00+00:00,BTC,47538.7,47842.3,47451.67,47501.31,252.6233
2024-01-19 19:00:00+00:00,BTC,47501.31,47792.25,47402.1,47600.82,457.0611
2024-01-19 20:00:00+00:00,BTC,47600.82,48582.39,47359.42,48161.31,496.9481
2024-01-19 21:00:00+00:00,BTC,48161.31,49047.34,48155.38,48765.24,451.3606
2024-01-19 22:00:00+00:00,BTC,48765.24,48874.21,48402.66,48785.55,308.6255
2024-01-19 23:00:00+00:00,BTC,48785.55,49086.35,48771.27,48832.46,796.6943
2024-01-20 00:00:00+00:00,BTC,48832.46,49209.87,48725.52,49148.81,311.6238
2024-01-20 01:00:00+00:00,BTC,49148.81,49364.05,48193.23,48900.07,252.747
2024-01-20 02:00:00+00:00,BTC,48900.07,49011.04,48705.39,48997.89,309.0649
2024-01-20 03:00:00+00:00,BTC,48997.89,49190.51,48684.13,48990.28,591.7462
2024-01-20 04:00:00+00:00,BTC,48990.28,49275.69,48885.41,49082.64,455.3593
2024-01-20 05:00:00+00:00,BTC,49082.64,49521.69,48722.1,48837.83,381.8477
2024-01-20 06:00:00+00:00,BTC,48837.83,49579.7,47680.67,48374.26,601.4151
2024-01-20 07:00:00+00:00,BTC,48374.26,48594.54,47724.36,47776.31,561.7337
2024-01-20 08:00:00+00:00,BTC,47776.31,47881.36,47395.35,47457.08,222.9719
2024-01-20 09:00:00+00:00,BTC,47457.08,47585.34,47289.67,47326.65,599.2966
2024-01-20 10:00:00+00:00,BTC,47326.65,47496.45,47184.25,47243.47,755.9987
2024-01-20 11:00:00+00:00,BTC,47243.47,48199.27,47155.43,47795.8,478.9013
2024-01-20 12:00:00+00:00,BTC,47795.8,48153.83,47313.89,48114.03,460.5346
2024-01-20 13:00:00+00:00,BTC,48114.03,48414.73,47764.34,47837.09,970.1632
2024-01-20 14:00:00+00:00,BTC,47837.09,48141.35,47733.05,47936.99,390.0097
2024-01-20 15:00:00+00:00,BTC,47936.99,47977.62,47301.05,47820.05,471.8338
2024-01-20 16:00:00+00:00,BTC,47820.05,48365.89,47239.15,47738.53,561.4098
2024-01-20 17:00:00+00:00,BTC,47738.53,48276.55,47406.08,47791.64,508.5493
2024-01-20 18:00:00+00:00,BTC,47791.64,48291.49,47443.55,47969.52,454.5503
2024-01-20 19:00:00+00:00,BTC,47969.52,48700.32,47791.35,47871.97,515.8606
2024-01-20 20:00:00+00:00,BTC,47871.97,48574.62,47749.72,48178.52,865.8739
2024-01-20 21:00:00+00:00,BTC,48178.52,48286.19,47613.25,47849.55,663.3404
2024-01-20 22:00:00+00:00,BTC,47849.55,48123.12,47674.19,47851.37,487.0939
2024-01-20 23:00:00+00:00,BTC,47851.37,49414.59,47696.3,48603.03,369.5289
2024-01-21 00:00:00+00:00,BTC,48603.03,48821.78,48562.02,48668.12,387.1285
2024-01-21 01:00:00+00:00,BTC,48668.12,49652.17,48567.89,49088.44,697.2779
2024-01-21 02:00:00+00:00,BTC,49088.44,49360.9,49036.79,49115.4,286.2728
2024-01-21 03:00:00+00:00,BTC,49115.4,49330.21,49101.31,49286.85,1159.4772
2024-01-21 04:00:00+00:00,BTC,49286.85,49477.51,49096.54,49270.06,494.4685
2024-01-21 05:00:00+00:00,BTC,49270.06,49348.29,49147.35,49219.71,308.6217
2024-01-21 06:00:00+00:00,BTC,49219.71,49455.67,48651.82,48990.06,532.8818
2024-01-21 07:00:00+00:00,BTC,48990.06,49566.15,48748.29,49116.7,377.7985
2024-01-21 08:00:00+00:00,BTC,49116.7,49536.91,48774.09,48866.39,431.8001
2024-01-21 09:00:00+00:00,BTC,48866.39,49674.27,47920.06,49061.93,294.6647
2024-01-21 10:00:00+00:00,BTC,49061.93,49636.55,48788.79,49382.45,459.9405
2024-01-21 11:00:00+00:00,BTC,49382.45,49589.67,49362.36,49491.17,237.8606
2024-01-21 12:00:00+00:00,BTC,49491.17,49935.79,49162.66,49406.25,405.3111
2024-01-21 13:00:00+00:00,BTC,49406.25,49949.64,49100.1,49541.0,374.2974
2024-01-21 14:00:00+00:00,BTC,49541.0,49922.82,49167.67,49449.33,419.3881
2024-01-21 15:00:00+00:00,BTC,49449.33,49746.7,49191.22,49727.69,382.6567
2024-01-21 16:00:00+00:00,BTC,49727.69,49953.15,48891.16,49184.25,505.9792
2024-01-21 17:00:00+00:00,BTC,49184.25,49903.36,48574.04,49085.31,682.2594
2024-01-21 18:00:00+00:00,BTC,49085.31,49145.13,48418.33,48502.48,567.2626
2024-01-21 19:00:00+00:00,BTC,48502.48,48730.69,47444.34,48069.34,787.8832
2024-01-21 20:00:00+00:00,BTC,48069.34,48478.58,48018.92,48464.31,419.9447
2024-01-21 21:00:00+00:00,BTC,48464.31,48946.4,48362.84,48725.32,560.1801
2024-01-21 22:00:00+00:00,BTC,48725.32,49007.05,48313.23,48515.43,567.9584
2024-01-21 23:00:00+00:00,BTC,48515.43,48725.97,48043.46,48080.03,748.2119
2024-01-22 00:00:00+00:00,BTC,48080.03,48293.19,47211.63,47232.38,387.2042
2024-01-22 01:00:00+00:00,BTC,47232.38,47601.15,46849.0,47078.61,658.9841
2024-01-22 02:00:00+00:00,BTC,47078.61,47781.39,47065.89,47767.3,370.3874
2024-01-22 03:00:00+00:00,BTC,47767.3,48132.71,47638.8,47892.1,409.5815
2024-01-22 04:00:00+00:00,BTC,47892.1,48142.8,47637.19,47731.58,441.0148
2024-01-22 05:00:00+00:00,BTC,47731.58,48001.93,47679.01,47864.96,585.9408
2024-01-22 06:00:00+00:00,BTC,47864.96,47973.95,47332.08,47418.76,341.776
2024-01-22 07:00:00+00:00,BTC,47418.76,47640.98,47078.69,47334.24,358.8589
2024-01-22 08:00:00+00:00,BTC,47334.24,47580.05,47001.24,47362.5,398.9499
2024-01-22 09:00:00+00:00,BTC,47362.5,47681.7,47222.62,47338.04,508.5498
2024-01-22 10:00:00+00:00,BTC,47338.04,47777.82,47258.81,47563.19,360.2943
2024-01-22 11:00:00+00:00,BTC,47563.19,48010.96,47510.77,47661.64,548.3963
2024-01-22 12:00:00+00:00,BTC,47661.64,47891.1,47291.64,47853.15,441.142
2024-01-22 13:00:00+00:00,BTC,47853.15,48429.54,46871.11,47655.91,629.4681
2024-01-22 14:00:00+00:00,BTC,47655.91,48064.48,47602.67,47913.32,511.137
2024-01-22 15:00:00+00:00,BTC,47913.32,48544.64,47422.04,48383.9,923.2086
2024-01-22 16:00:00+00:00,BTC,48383.9,48755.88,48000.1,48103.08,521.6565
2024-01-22 17:00:00+00:00,BTC,48103.08,49022.41,47794.11,47847.56,326.4157
2024-01-22 18:00:00+00:00,BTC,47847.56,48503.38,47407.96,48232.58,464.1183
2024-01-22 19:00:00+00:00,BTC,48232.58,48494.31,48074.59,48177.24,503.7132
2024-01-22 20:00:00+00:00,BTC,48177.24,48906.55,48119.73,48584.75,363.7883
2024-01-22 21:00:00+00:00,BTC,48584.75,48820.12,48371.03,48455.92,850.3029
2024-01-22 22:00:00+00:00,BTC,48455.92,49072.51,48431.25,48880.8,448.5992
2024-01-22 23:00:00+00:00,BTC,48880.8,49148.97,48833.73,48919.38,399.0051
2024-01-23 00:00:00+00:00,BTC,48919.38,49276.44,48556.9,48995.23,532.8007
2024-01-23 01:00:00+00:00,BTC,48995.23,50185.47,48884.9,49457.38,364.1025
2024-01-23 02:00:00+00:00,BTC,49457.38,49847.93,49056.99,49350.14,701.2255
2024-01-23 03:00:00+00:00,BTC,49350.14,49753.68,49059.65,49072.26,653.5908
2024-01-23 04:00:00+00:00,BTC,49072.26,49163.66,48564.36,48940.37,523.3899
2024-01-23 05:00:00+00:00,BTC,48940.37,49220.67,48862.52,49073.37,615.0181
2024-01-23 06:00:00+00:00,BTC,49073.37,49092.12,48393.07,48614.51,419.7769
2024-01-23 07:00:00+00:00,BTC,48614.51,48951.48,48240.68,48800.81,295.4963
2024-01-23 08:00:00+00:00,BTC,48800.81,49264.24,48630.88,48643.31,446.1456
2024-01-23 09:00:00+00:00,BTC,48643.31,49212.93,48404.27,48979.46,419.506
2024-01-23 10:00:00+00:00,BTC,48979.46,49296.09,47973.85,48280.88,245.1378
2024-01-23 11:00:00+00:00,BTC,48280.88,48358.8,47766.27,48053.56,345.2814
2024-01-23 12:00:00+00:00,BTC,48053.56,48069.4,47439.44,47569.76,325.0493
2024-01-23 13:00:00+00:00,BTC,47569.76,47714.17,47206.6,47334.52,345.7721
2024-01-23 14:00:00+00:00,BTC,47334.52,47692.84,46919.04,47404.92,797.3283
2024-01-23 15:00:00+00:00,BTC,47404.92,47686.6,47157.05,47353.97,598.1172
2024-01-23 16:00:00+00:00,BTC,47353.97,47549.66,46982.16,47282.03,700.8883
2024-01-23 17:00:00+00:00,BTC,47282.03,47589.8,47205.29,47236.89,597.6253
2024-01-23 18:00:00+00:00,BTC,47236.89,47502.3,47222.12,47294.57,730.4508
2024-01-23 19:00:00+00:00,BTC,47294.57,47433.58,46659.91,47009.25,504.7347
2024-01-23 20:00:00+00:00,BTC,47009.25,47254.33,46680.72,47209.04,849.8784
2024-01-23 21:00:00+00:00,BTC,47209.04,47573.33,47048.09,47397.12,324.9336
2024-01-23 22:00:00+00:00,BTC,47397.12,47573.16,47025.54,47506.74,488.2851
2024-01-23 23:00:00+00:00,BTC,47506.74,47715.86,47208.03,47665.64,349.2884
2024-01-24 00:00:00+00:00,BTC,47665.64,47919.45,47302.67,47750.49,772.1692
2024-01-24 01:00:00+00:00,BTC,47750.49,48411.17,47741.36,48337.12,579.1351
2024-01-24 02:00:00+00:00,BTC,48337.12,48417.72,47870.45,48311.87,757.4454
2024-01-24 03:00:00+00:00,BTC,48311.87,48503.18,48095.39,48222.93,305.9417
2024-01-24 04:00:00+00:00,BTC,48222.93,48351.62,47984.42,48005.4,404.9464
2024-01-24 05:00:00+00:00,BTC,48005.4,48178.64,47237.62,47709.0,267.796
2024-01-24 06:00:00+00:00,BTC,47709.0,47830.76,47289.3,47354.09,567.3946
2024-01-24 07:00:00+00:00,BTC,47354.09,47610.37,46834.54,47102.23,430.4196
2024-01-24 08:00:00+00:00,BTC,47102.23,47415.52,46954.16,47082.26,651.3607
2024-01-24 09:00:00+00:00,BTC,47082.26,47492.44,46952.84,47176.79,505.5704
2024-01-24 10:00:00+00:00,BTC,47176.79,47326.47,46984.59,47191.27,237.2331
2024-01-24 11:00:00+00:00,BTC,47191.27,47275.62,46578.95,46975.01,279.6324
2024-01-24 12:00:00+00:00,BTC,46975.01,47485.03,46687.02,47229.41,514.6325
2024-01-24 13:00:00+00:00,BTC,47229.41,47501.85,47132.95,47439.41,588.5199
2024-01-24 14:00:00+00:00,BTC,47439.41,47511.69,47278.08,47393.99,230.1908
2024-01-24 15:00:00+00:00,BTC,47393.99,48093.25,46723.8,47208.69,485.6027
2024-01-24 16:00:00+00:00,BTC,47208.69,47483.29,47169.15,47364.28,350.2046
2024-01-24 17:00:00+00:00,BTC,47364.28,47942.15,46972.14,47417.73,339.0112
2024-01-24 18:00:00+00:00,BTC,47417.73,48066.72,46721.16,47007.52,397.563
2024-01-24 19:00:00+00:00,BTC,47007.52,47064.6,46762.9,46988.35,522.0899
2024-01-24 20:00:00+00:00,BTC,46988.35,47085.14,46905.25,47062.28,390.4568
2024-01-24 21:00:00+00:00,BTC,47062.28,47122.39,46616.69,46808.92,249.4997
2024-01-24 22:00:00+00:00,BTC,46808.92,47086.67,46427.34,46862.26,520.6508
2024-01-24 23:00:00+00:00,BTC,46862.26,47204.39,46359.0,46454.99,442.2451
2024-01-25 00:00:00+00:00,BTC,46454.99,47418.46,45983.29,46828.92,360.0375
2024-01-25 01:00:00+00:00,BTC,46828.92,47448.76,46599.54,47180.88,448.9307
2024-01-25 02:00:00+00:00,BTC,47180.88,47535.23,47009.1,47109.45,442.6852
2024-01-25 03:00:00+00:00,BTC,47109.45,47232.36,47077.97,47212.29,507.7619
2024-01-25 04:00:00+00:00,BTC,47212.29,47238.12,46360.72,46534.54,458.4479
2024-01-25 05:00:00+00:00,BTC,46534.54,47193.61,45971.55,46212.79,529.8009
2024-01-25 06:00:00+00:00,BTC,46212.79,46635.55,45948.79,46131.41,491.5657
2024-01-25 07:00:00+00:00,BTC,46131.41,46294.76,45524.84,45835.6,666.1408
2024-01-25 08:00:00+00:00,BTC,45835.6,46403.15,45318.6,46032.49,870.673
2024-01-25 09:00:00+00:00,BTC,46032.49,46753.21,45836.7,46587.46,497.3585
2024-01-25 10:00:00+00:00,BTC,46587.46,46608.74,45885.48,46259.72,402.2378
2024-01-25 11:00:00+00:00,BTC,46259.72,46590.31,45951.57,46027.86,302.3888
2024-01-25 12:00:00+00:00,BTC,46027.86,46288.62,45808.34,46092.93,626.9269
2024-01-25 13:00:00+00:00,BTC,46092.93,46652.24,45843.98,46540.66,364.576
2024-01-25 14:00:00+00:00,BTC,46540.66,47057.22,45815.36,46200.56,1137.1148
2024-01-25 15:00:00+00:00,BTC,46200.56,46687.33,46030.4,46269.65,1322.5524
2024-01-25 16:00:00+00:00,BTC,46269.65,47181.72,46075.16,46778.05,464.0758
2024-01-25 17:00:00+00:00,BTC,46778.05,46856.86,46189.19,46316.74,279.1802
2024-01-25 18:00:00+00:00,BTC,46316.74,46446.25,45915.35,45962.1,628.5606
2024-01-25 19:00:00+00:00,BTC,45962.1,46080.87,45130.69,45845.42,1042.2993
2024-01-25 20:00:00+00:00,BTC,45845.42,46007.27,45460.26,45702.45,315.864
2024-01-25 21:00:00+00:00,BTC,45702.45,45932.84,45419.31,45925.82,971.5827
2024-01-25 22:00:00+00:00,BTC,45925.82,45994.61,45883.45,45992.46,261.7676
2024-01-25 23:00:00+00:00,BTC,45992.46,46005.63,45454.62,45505.25,300.5571
2024-01-26 00:00:00+00:00,BTC,45505.25,46338.54,45355.09,45646.19,557.1003
2024-01-26 01:00:00+00:00,BTC,45646.19,46056.43,45094.25,45488.29,713.6953
2024-01-26 02:00:00+00:00,BTC,45488.29,45910.49,45441.16,45837.46,488.5072
2024-01-26 03:00:00+00:00,BTC,45837.46,46122.09,45600.87,45665.18,585.1715
2024-01-26 04:00:00+00:00,BTC,45665.18,45724.92,45393.13,45491.08,735.9429
2024-01-26 05:00:00+00:00,BTC,45491.08,46057.62,45487.78,45639.02,766.3762
2024-01-26 06:00:00+00:00,BTC,45639.02,45860.77,45638.98,45848.42,402.1412
2024-01-26 07:00:00+00:00,BTC,45848.42,46373.43,45313.53,45971.85,369.5917
2024-01-26 08:00:00+00:00,BTC,45971.85,46152.61,45391.29,45509.26,722.9642
2024-01-26 09:00:00+00:00,BTC,45509.26,46122.89,45190.82,45656.41,586.1542
2024-01-26 10:00:00+00:00,BTC,45656.41,46008.28,45141.11,45373.95,614.4114
2024-01-26 11:00:00+00:00,BTC,45373.95,45664.99,45012.26,45438.04,396.7053
2024-01-26 12:00:00+00:00,BTC,45438.04,45772.3,45040.31,45051.55,625.1102
2024-01-26 13:00:00+00:00,BTC,45051.55,45282.97,44999.16,45172.35,340.8825
2024-01-26 14:00:00+00:00,BTC,45172.35,45311.12,44525.46,44954.27,545.1945
2024-01-26 15:00:00+00:00,BTC,44954.27,44960.72,44392.15,44609.63,519.9475
2024-01-26 16:00:00+00:00,BTC,44609.63,44930.3,44274.18,44801.1,521.2062
2024-01-26 17:00:00+00:00,BTC,44801.1,44954.44,44637.48,44866.11,657.2255
2024-01-26 18:00:00+00:00,BTC,44866.11,45105.73,44447.74,44701.13,349.8613
2024-01-26 19:00:00+00:00,BTC,44701.13,45431.29,44603.46,45092.05,633.6725
2024-01-26 20:00:00+00:00,BTC,45092.05,45474.86,44709.4,44972.98,503.627
2024-01-26 21:00:00+00:00,BTC,44972.98,45131.37,44748.79,44981.65,379.0109
2024-01-26 22:00:00+00:00,BTC,44981.65,45152.74,44819.97,45054.28,314.8107
2024-01-26 23:00:00+00:00,BTC,45054.28,45117.79,44815.12,44887.08,968.3994
2024-01-27 00:00:00+00:00,BTC,44887.08,45081.26,44844.8,45014.15,487.9927
2024-01-27 01:00:00+00:00,BTC,45014.15,45532.96,44792.22,44870.3,441.5845
2024-01-27 02:00:00+00:00,BTC,44870.3,45100.67,44374.14,44759.62,335.0642
2024-01-27 03:00:00+00:00,BTC,44759.62,45424.57,44589.93,45127.07,731.895
2024-01-27 04:00:00+00:00,BTC,45127.07,45139.74,44748.9,44846.19,712.2918
2024-01-27 05:00:00+00:00,BTC,44846.19,44934.81,44191.89,44201.65,665.8625
2024-01-27 06:00:00+00:00,BTC,44201.65,44963.33,43854.12,44630.95,489.4325
2024-01-27 07:00:00+00:00,BTC,44630.95,45536.0,44326.8,45318.87,650.3745
2024-01-27 08:00:00+00:00,BTC,45318.87,45549.33,45087.85,45208.81,374.7542
2024-01-27 09:00:00+00:00,BTC,45208.81,45299.86,44476.62,44686.48,539.5704
2024-01-27 10:00:00+00:00,BTC,44686.48,44892.33,44539.06,44603.31,490.5831
2024-01-27 11:00:00+00:00,BTC,44603.31,45220.7,44226.36,44526.78,548.9869
2024-01-27 12:00:00+00:00,BTC,44526.78,44866.49,44431.02,44476.06,265.0721
2024-01-27 13:00:00+00:00,BTC,44476.06,44585.4,44179.64,44179.94,961.9852
2024-01-27 14:00:00+00:00,BTC,44179.94,44647.62,44098.85,44333.84,881.032
2024-01-27 15:00:00+00:00,BTC,44333.84,45022.15,44278.97,44473.58,334.3193
2024-01-27 16:00:00+00:00,BTC,44473.58,44531.36,43944.3,44076.59,611.9709
2024-01-27 17:00:00+00:00,BTC,44076.59,44430.25,43568.45,44261.89,297.1287
2024-01-27 18:00:00+00:00,BTC,44261.89,44941.55,44117.85,44810.39,514.8937
2024-01-27 19:00:00+00:00,BTC,44810.39,45180.19,44639.6,44856.65,231.853
2024-01-27 20:00:00+00:00,BTC,44856.65,44878.22,44436.03,44765.96,451.3985
2024-01-27 21:00:00+00:00,BTC,44765.96,44846.45,44560.98,44727.83,421.5306
2024-01-27 22:00:00+00:00,BTC,44727.83,45170.98,44360.89,44893.25,749.546
2024-01-27 23:00:00+00:00,BTC,44893.25,45002.93,44168.0,44429.49,896.5689
2024-01-28 00:00:00+00:00,BTC,44429.49,44702.51,44407.06,44473.33,903.6606
2024-01-28 01:00:00+00:00,BTC,44473.33,44728.01,43914.57,44369.26,749.9441
2024-01-28 02:00:00+00:00,BTC,44369.26,44929.32,43608.92,44863.92,514.6331
2024-01-28 03:00:00+00:00,BTC,44863.92,44960.16,44647.78,44817.06,572.786
2024-01-28 04:00:00+00:00,BTC,44817.06,45610.04,44694.17,45267.81,571.8125
2024-01-28 05:00:00+00:00,BTC,45267.81,45287.17,44674.75,44969.02,330.7943
2024-01-28 06:00:00+00:00,BTC,44969.02,45408.22,44827.59,45127.75,746.714
2024-01-28 07:00:00+00:00,BTC,45127.75,45473.92,44838.01,45214.31,636.5916
2024-01-28 08:00:00+00:00,BTC,45214.31,45241.74,44974.55,44979.17,647.0244
2024-01-28 09:00:00+00:00,BTC,44979.17,45110.39,44568.32,45027.07,224.9984
2024-01-28 10:00:00+00:00,BTC,45027.07,45622.6,44987.83,45355.84,585.8538
2024-01-28 11:00:00+00:00,BTC,45355.84,45664.1,45232.78,45267.81,710.9361
2024-01-28 12:00:00+00:00,BTC,45267.81,45338.52,44790.37,44810.59,497.3395
2024-01-28 13:00:00+00:00,BTC,44810.59,45364.65,44606.56,44805.86,419.6196
2024-01-28 14:00:00+00:00,BTC,44805.86,44918.18,44461.47,44563.92,310.3697
2024-01-28 15:00:00+00:00,BTC,44563.92,44782.45,44296.94,44472.47,302.6739
2024-01-28 16:00:00+00:00,BTC,44472.47,44811.42,44297.76,44450.71,527.751
2024-01-28 17:00:00+00:00,BTC,44450.71,44691.09,43802.74,43998.12,460.5605
2024-01-28 18:00:00+00:00,BTC,43998.12,44175.97,43514.36,43573.67,458.3059
2024-01-28 19:00:00+00:00,BTC,43573.67,43876.01,43115.2,43699.88,853.8295
2024-01-28 20:00:00+00:00,BTC,43699.88,43918.98,43343.54,43563.04,322.1566
2024-01-28 21:00:00+00:00,BTC,43563.04,43731.8,42878.28,42897.81,443.0189
2024-01-28 22:00:00+00:00,BTC,42897.81,43324.17,42474.86,43100.29,904.6484
2024-01-28 23:00:00+00:00,BTC,43100.29,43237.94,43037.17,43170.78,448.2611
2024-01-29 00:00:00+00:00,BTC,43170.78,43186.71,42616.46,42986.27,511.736
2024-01-29 01:00:00+00:00,BTC,42986.27,43086.43,42155.42,42647.97,470.2787
2024-01-29 02:00:00+00:00,BTC,42647.97,43316.92,42602.81,42862.38,640.1053
2024-01-29 03:00:00+00:00,BTC,42862.38,43339.66,42156.31,42952.32,243.5552
2024-01-29 04:00:00+00:00,BTC,42952.32,43624.43,42584.29,43570.76,465.6498
2024-01-29 05:00:00+00:00,BTC,43570.76,43833.1,43381.56,43680.75,509.6192
2024-01-29 06:00:00+00:00,BTC,43680.75,43784.28,43374.97,43782.48,352.5657
2024-01-29 07:00:00+00:00,BTC,43782.48,44576.5,43351.55,43738.65,563.8934
2024-01-29 08:00:00+00:00,BTC,43738.65,44249.46,43712.7,43953.52,658.4184
2024-01-29 09:00:00+00:00,BTC,43953.52,44260.59,43726.69,44118.68,585.6874
2024-01-29 10:00:00+00:00,BTC,44118.68,44818.7,44046.15,44451.27,932.0212
2024-01-29 11:00:00+00:00,BTC,44451.27,44641.08,44219.52,44312.45,429.6334
2024-01-29 12:00:00+00:00,BTC,44312.45,44419.36,44145.31,44196.84,595.3264
2024-01-29 13:00:00+00:00,BTC,44196.84,44544.71,44057.48,44069.97,590.6499
2024-01-29 14:00:00+00:00,BTC,44069.97,44294.87,43777.12,44279.57,460.4215
2024-01-29 15:00:00+00:00,BTC,44279.57,45226.05,44162.77,44679.45,743.4472
2024-01-29 16:00:00+00:00,BTC,44679.45,44930.64,44201.9,44556.61,553.0735
2024-01-29 17:00:00+00:00,BTC,44556.61,44767.57,44213.2,44443.2,328.4033
2024-01-29 18:00:00+00:00,BTC,44443.2,44641.75,44373.05,44527.03,650.2238
2024-01-29 19:00:00+00:00,BTC,44527.03,44831.81,44370.12,44461.42,419.8205
2024-01-29 20:00:00+00:00,BTC,44461.42,44981.2,44008.19,44716.13,446.5919
2024-01-29 21:00:00+00:00,BTC,44716.13,44783.67,43781.48,44116.04,458.3194
2024-01-29 22:00:00+00:00,BTC,44116.04,44500.06,43754.47,43897.76,646.7502
2024-01-29 23:00:00+00:00,BTC,43897.76,43936.98,43451.69,43692.16,729.4225
2024-01-30 00:00:00+00:00,BTC,43692.16,44337.03,42765.09,43088.09,472.8544
2024-01-30 01:00:00+00:00,BTC,43088.09,43905.98,42054.06,42839.68,463.4572
2024-01-30 02:00:00+00:00,BTC,42839.68,42860.42,42563.68,42605.1,244.2292
2024-01-30 03:00:00+00:00,BTC,42605.1,42856.77,42298.38,42553.72,390.0086
2024-01-30 04:00:00+00:00,BTC,42553.72,43226.66,42490.89,42838.84,358.9705
2024-01-30 05:00:00+00:00,BTC,42838.84,43334.34,42544.78,42775.89,557.5353
2024-01-30 06:00:00+00:00,BTC,42775.89,42847.06,42098.36,42512.15,481.6097
2024-01-30 07:00:00+00:00,BTC,42512.15,42540.55,42208.39,42497.62,363.7677
2024-01-30 08:00:00+00:00,BTC,42497.62,42807.99,42407.64,42765.99,527.4501
2024-01-30 09:00:00+00:00,BTC,42765.99,43053.17,42383.65,42516.29,488.2993
2024-01-30 10:00:00+00:00,BTC,42516.29,42720.05,41910.03,42284.64,205.5029
2024-01-30 11:00:00+00:00,BTC,42284.64,42722.47,42204.1,42426.59,736.847
2024-01-30 12:00:00+00:00,BTC,42426.59,42456.06,42132.6,42370.23,712.2435
2024-01-30 13:00:00+00:00,BTC,42370.23,42786.03,42158.79,42535.15,460.0505
2024-01-30 14:00:00+00:00,BTC,42535.15,42618.87,42323.04,42531.67,565.6736
2024-01-30 15:00:00+00:00,BTC,42531.67,42952.68,42424.48,42711.11,446.1981
2024-01-30 16:00:00+00:00,BTC,42711.11,43294.39,42433.26,42446.67,285.1602
2024-01-30 17:00:00+00:00,BTC,42446.67,42525.82,42397.85,42443.6,1066.2589
2024-01-30 18:00:00+00:00,BTC,42443.6,43079.91,41927.66,42389.97,650.0348
2024-01-30 19:00:00+00:00,BTC,42389.97,43095.36,41748.25,42081.85,694.9356
2024-01-30 20:00:00+00:00,BTC,42081.85,42275.83,41681.39,41688.93,452.604
2024-01-30 21:00:00+00:00,BTC,41688.93,42184.43,41539.43,41860.81,741.5184
2024-01-30 22:00:00+00:00,BTC,41860.81,42099.84,41567.2,41772.76,309.5217
2024-01-30 23:00:00+00:00,BTC,41772.76,41811.19,41123.54,41517.32,458.8336
2024-01-31 00:00:00+00:00,BTC,41517.32,41700.36,41271.76,41493.37,647.7744
2024-01-31 01:00:00+00:00,BTC,41493.37,42346.42,41474.42,41775.16,401.5072
2024-01-31 02:00:00+00:00,BTC,41775.16,42114.0,40788.78,41207.38,687.7032
2024-01-31 03:00:00+00:00,BTC,41207.38,41337.87,40808.9,40839.0,556.0852
2024-01-31 04:00:00+00:00,BTC,40839.0,40931.57,40509.84,40613.49,538.0622
2024-01-31 05:00:00+00:00,BTC,40613.49,40997.14,40398.37,40971.12,388.6133
2024-01-31 06:00:00+00:00,BTC,40971.12,41045.47,40880.81,41040.64,576.0185
2024-01-31 07:00:00+00:00,BTC,41040.64,41274.24,40799.21,41230.02,983.3835
2024-01-31 08:00:00+00:00,BTC,41230.02,41334.83,40752.76,40948.93,531.6356
2024-01-31 09:00:00+00:00,BTC,40948.93,41120.73,40602.4,40674.79,607.4051
2024-01-31 10:00:00+00:00,BTC,40674.79,40925.95,40440.43,40784.23,639.5987
2024-01-31 11:00:00+00:00,BTC,40784.23,40856.65,40751.36,40798.49,334.9774
2024-01-31 12:00:00+00:00,BTC,40798.49,41121.84,40774.2,40933.04,477.3293
2024-01-31 13:00:00+00:00,BTC,40933.04,41009.44,40578.55,40886.97,472.2696
2024-01-31 14:00:00+00:00,BTC,40886.97,41035.08,40779.14,40955.26,237.6716
2024-01-31 15:00:00+00:00,BTC,40955.26,41215.44,40684.7,40994.14,659.0164
2024-01-31 16:00:00+00:00,BTC,40994.14,41389.01,40826.62,41185.89,360.8527
2024-01-31 17:00:00+00:00,BTC,41185.89,41494.17,41010.17,41385.8,634.2731
2024-01-31 18:00:00+00:00,BTC,41385.8,41740.05,40903.29,40985.51,383.4842
2024-01-31 19:00:00+00:00,BTC,40985.51,41103.9,40400.07,40436.58,1021.8272
2024-01-31 20:00:00+00:00,BTC,40436.58,40904.14,40073.18,40680.36,453.5535
2024-01-31 21:00:00+00:00,BTC,40680.36,41235.07,40602.01,40971.3,979.4728
2024-01-31 22:00:00+00:00,BTC,40971.3,40994.92,40672.35,40721.16,470.6711
2024-01-31 23:00:00+00:00,BTC,40721.16,40783.76,40204.74,40269.28,490.7298
2024-02-01 00:00:00+00:00,BTC,40269.28,40438.44,40252.56,40293.22,865.1603
2024-02-01 01:00:00+00:00,BTC,40293.22,40735.58,40043.36,40518.89,362.6577
2024-02-01 02:00:00+00:00,BTC,40518.89,41283.89,40141.15,40958.27,508.8194
2024-02-01 03:00:00+00:00,BTC,40958.27,41430.64,40742.47,41085.35,603.9226
2024-02-01 04:00:00+00:00,BTC,41085.35,41180.31,40978.09,40993.82,575.9001
2024-02-01 05:00:00+00:00,BTC,40993.82,41378.73,40649.95,40774.73,507.586
2024-02-01 06:00:00+00:00,BTC,40774.73,41186.8,40040.72,40777.53,483.7625
2024-02-01 07:00:00+00:00,BTC,40777.53,40866.21,40561.67,40704.37,672.4064
2024-02-01 08:00:00+00:00,BTC,40704.37,40759.63,40094.85,40457.22,531.9149
2024-02-01 09:00:00+00:00,BTC,40457.22,41412.37,40413.15,40957.61,701.2333
2024-02-01 10:00:00+00:00,BTC,40957.61,41530.96,40887.59,41398.67,573.5076
2024-02-01 11:00:00+00:00,BTC,41398.67,42003.95,41253.72,41681.82,627.7738
2024-02-01 12:00:00+00:00,BTC,41681.82,41770.91,41288.62,41452.16,743.4899
2024-02-01 13:00:00+00:00,BTC,41452.16,41922.71,41259.69,41665.36,448.5766
2024-02-01 14:00:00+00:00,BTC,41665.36,41959.56,41279.3,41825.57,736.4677
2024-02-01 15:00:00+00:00,BTC,41825.57,42158.59,41490.81,41936.77,473.2969
2024-02-01 16:00:00+00:00,BTC,41936.77,42444.12,41837.87,42252.4,306.2424
2024-02-01 17:00:00+00:00,BTC,42252.4,42486.62,42218.49,42413.78,445.5854
2024-02-01 18:00:00+00:00,BTC,42413.78,42715.06,41842.52,42602.52,388.255
2024-02-01 19:00:00+00:00,BTC,42602.52,43216.34,42006.48,42765.63,570.1932
2024-02-01 20:00:00+00:00,BTC,42765.63,43066.6,42704.43,42853.17,452.4086
2024-02-01 21:00:00+00:00,BTC,42853.17,42978.29,42201.49,42397.01,522.8859
2024-02-01 22:00:00+00:00,BTC,42397.01,42561.76,42360.13,42418.29,713.0735
2024-02-01 23:00:00+00:00,BTC,42418.29,42809.07,42102.06,42276.97,841.0314
2024-02-02 00:00:00+00:00,BTC,42276.97,42769.21,41668.69,41953.56,553.9384
2024-02-02 01:00:00+00:00,BTC,41953.56,42431.04,41709.34,42379.06,731.1258
2024-02-02 02:00:00+00:00,BTC,42379.06,43100.0,42343.34,42820.98,469.9412
2024-02-02 03:00:00+00:00,BTC,42820.98,43389.48,42464.55,43171.63,289.3111
2024-02-02 04:00:00+00:00,BTC,43171.63,43268.69,43017.62,43237.79,330.9096
2024-02-02 05:00:00+00:00,BTC,43237.79,43712.13,42884.47,43589.6,466.8976
2024-02-02 06:00:00+00:00,BTC,43589.6,43600.13,43582.19,43592.75,660.5455
2024-02-02 07:00:00+00:00,BTC,43592.75,43891.87,43264.57,43645.83,467.3616
2024-02-02 08:00:00+00:00,BTC,43645.83,43951.88,43123.61,43360.41,757.2293
2024-02-02 09:00:00+00:00,BTC,43360.41,43842.96,43087.04,43463.82,949.2621
2024-02-02 10:00:00+00:00,BTC,43463.82,43982.77,42725.05,43479.57,366.395
2024-02-02 11:00:00+00:00,BTC,43479.57,43715.99,42794.43,43141.06,1051.8537
2024-02-02 12:00:00+00:00,BTC,43141.06,43227.72,43021.11,43127.81,282.1525
2024-02-02 13:00:00+00:00,BTC,43127.81,43164.17,42766.05,43107.19,954.9893
2024-02-02 14:00:00+00:00,BTC,43107.19,43611.72,42910.57,43574.63,494.1676
2024-02-02 15:00:00+00:00,BTC,43574.63,44315.6,43224.42,43809.05,460.8685
2024-02-02 16:00:00+00:00,BTC,43809.05,43842.49,43569.56,43812.06,498.5986
2024-02-02 17:00:00+00:00,BTC,43812.06,43991.57,43716.33,43877.5,377.8959
2024-02-02 18:00:00+00:00,BTC,43877.5,43943.38,43768.75,43889.14,845.6897
2024-02-02 19:00:00+00:00,BTC,43889.14,43989.32,43635.67,43835.74,392.4491
2024-02-02 20:00:00+00:00,BTC,43835.74,44065.53,43282.93,43551.97,410.3576
2024-02-02 21:00:00+00:00,BTC,43551.97,43645.1,43310.68,43512.52,308.5458
2024-02-02 22:00:00+00:00,BTC,43512.52,43975.97,42845.11,43318.17,387.1747
2024-02-02 23:00:00+00:00,BTC,43318.17,43485.08,42701.98,42994.41,391.3187
2024-02-03 00:00:00+00:00,BTC,42994.41,43201.67,42636.98,43126.49,382.2332
2024-02-03 01:00:00+00:00,BTC,43126.49,43518.6,42775.05,43227.86,470.178
2024-02-03 02:00:00+00:00,BTC,43227.86,43790.87,42116.38,42766.92,338.4734
2024-02-03 03:00:00+00:00,BTC,42766.92,43198.32,42204.0,42735.45,873.6589
2024-02-03 04:00:00+00:00,BTC,42735.45,43321.91,42460.9,42991.52,473.9623
2024-02-03 05:00:00+00:00,BTC,42991.52,43818.62,42936.18,43265.62,569.9337
2024-02-03 06:00:00+00:00,BTC,43265.62,43883.12,43153.0,43532.74,676.0284
2024-02-03 07:00:00+00:00,BTC,43532.74,43664.27,43503.27,43542.91,1015.703
2024-02-03 08:00:00+00:00,BTC,43542.91,43879.32,43207.78,43322.69,687.5036
2024-02-03 09:00:00+00:00,BTC,43322.69,43509.15,42699.24,43041.91,458.4573
2024-02-03 10:00:00+00:00,BTC,43041.91,43211.81,42816.34,43131.0,343.4873
2024-02-03 11:00:00+00:00,BTC,43131.0,43240.11,42877.13,43229.26,562.8095
2024-02-03 12:00:00+00:00,BTC,43229.26,44023.91,43013.21,43564.46,725.1742
2024-02-03 13:00:00+00:00,BTC,43564.46,44097.45,43537.9,43852.93,525.4653
2024-02-03 14:00:00+00:00,BTC,43852.93,44038.2,43515.62,43818.15,511.5441
2024-02-03 15:00:00+00:00,BTC,43818.15,43870.29,42895.5,43492.26,538.791
2024-02-03 16:00:00+00:00,BTC,43492.26,43752.89,43187.61,43409.06,259.8704
2024-02-03 17:00:00+00:00,BTC,43409.06,43668.76,42968.32,43465.68,526.3004
2024-02-03 18:00:00+00:00,BTC,43465.68,43659.56,43017.48,43413.01,646.0677
2024-02-03 19:00:00+00:00,BTC,43413.01,43647.45,43094.44,43262.74,492.069
2024-02-03 20:00:00+00:00,BTC,43262.74,43757.61,43072.87,43328.43,740.8784
2024-02-03 21:00:00+00:00,BTC,43328.43,43449.14,42402.69,43197.62,749.5839
2024-02-03 22:00:00+00:00,BTC,43197.62,43222.0,42992.66,43035.14,419.1562
2024-02-03 23:00:00+00:00,BTC,43035.14,43496.16,42589.62,43115.63,583.6108
2024-02-04 00:00:00+00:00,BTC,43115.63,43120.25,42471.64,43011.77,507.5386
2024-02-04 01:00:00+00:00,BTC,43011.77,43382.66,42837.55,43074.81,245.8254
2024-02-04 02:00:00+00:00,BTC,43074.81,43768.46,42576.89,43145.48,468.2923
2024-02-04 03:00:00+00:00,BTC,43145.48,43444.22,42833.96,42851.51,348.5539
2024-02-04 04:00:00+00:00,BTC,42851.51,43135.94,42179.57,42727.96,524.0067
2024-02-04 05:00:00+00:00,BTC,42727.96,43372.73,42583.0,43098.16,634.9656
2024-02-04 06:00:00+00:00,BTC,43098.16,43174.99,42428.01,42798.7,463.331
2024-02-04 07:00:00+00:00,BTC,42798.7,43027.0,41874.18,42258.6,364.89
2024-02-04 08:00:00+00:00,BTC,42258.6,42350.2,41782.52,41789.15,542.6672
2024-02-04 09:00:00+00:00,BTC,41789.15,42231.01,41496.38,41796.45,1176.0363
2024-02-04 10:00:00+00:00,BTC,41796.45,41932.95,41500.05,41804.2,233.7625
2024-02-04 11:00:00+00:00,BTC,41804.2,41882.68,41213.27,41774.71,542.4467
2024-02-04 12:00:00+00:00,BTC,41774.71,42438.78,41588.08,42080.16,413.3454
2024-02-04 13:00:00+00:00,BTC,42080.16,42293.24,41326.45,41410.7,430.7291
2024-02-04 14:00:00+00:00,BTC,41410.7,41510.51,41393.61,41509.19,482.0108
2024-02-04 15:00:00+00:00,BTC,41509.19,42208.3,41484.3,41899.91,443.2741
2024-02-04 16:00:00+00:00,BTC,41899.91,41906.39,41224.68,41617.34,617.2286
2024-02-04 17:00:00+00:00,BTC,41617.34,41917.56,41433.02,41522.61,459.4277
2024-02-04 18:00:00+00:00,BTC,41522.61,41624.92,41202.74,41335.46,234.6164
2024-02-04 19:00:00+00:00,BTC,41335.46,41336.97,41078.56,41114.24,782.4988
2024-02-04 20:00:00+00:00,BTC,41114.24,41271.81,40678.13,41033.84,742.3758
2024-02-04 21:00:00+00:00,BTC,41033.84,41527.44,40855.93,41386.8,404.3347
2024-02-04 22:00:00+00:00,BTC,41386.8,42106.0,41251.84,41845.58,508.7864
2024-02-04 23:00:00+00:00,BTC,41845.58,42065.72,41747.7,41761.32,765.68
2024-02-05 00:00:00+00:00,BTC,41761.32,42440.3,41670.94,42241.41,717.8176
2024-02-05 01:00:00+00:00,BTC,42241.41,42384.86,42124.17,42250.43,804.0708
2024-02-05 02:00:00+00:00,BTC,42250.43,42888.95,42142.45,42697.34,570.0222
2024-02-05 03:00:00+00:00,BTC,42697.34,42791.13,42671.64,42673.45,654.548
2024-02-05 04:00:00+00:00,BTC,42673.45,42745.29,42384.12,42707.01,818.6667
2024-02-05 05:00:00+00:00,BTC,42707.01,43010.03,42568.77,42800.77,443.3937
2024-02-05 06:00:00+00:00,BTC,42800.77,43998.66,42721.18,43624.95,583.3724
2024-02-05 07:00:00+00:00,BTC,43624.95,44068.68,43343.69,43848.34,235.8749
2024-02-05 08:00:00+00:00,BTC,43848.34,43947.02,43660.79,43662.66,287.6268
2024-02-05 09:00:00+00:00,BTC,43662.66,44152.45,43553.82,43917.25,595.6197
2024-02-05 10:00:00+00:00,BTC,43917.25,44084.35,43731.38,43822.01,628.314
2024-02-05 11:00:00+00:00,BTC,43822.01,43836.0,43107.33,43693.43,436.6179
2024-02-05 12:00:00+00:00,BTC,43693.43,43939.92,42903.84,43932.28,404.3835
2024-02-05 13:00:00+00:00,BTC,43932.28,44263.73,43860.59,43940.48,441.4918
2024-02-05 14:00:00+00:00,BTC,43940.48,44164.12,43788.1,44013.98,534.7302
2024-02-05 15:00:00+00:00,BTC,44013.98,44025.47,43605.94,44017.67,222.4726
2024-02-05 16:00:00+00:00,BTC,44017.67,44489.9,43800.78,44106.66,588.4987
2024-02-05 17:00:00+00:00,BTC,44106.66,44526.37,43797.15,44219.26,505.7037
2024-02-05 18:00:00+00:00,BTC,44219.26,44427.09,43590.9,43708.33,545.2303
2024-02-05 19:00:00+00:00,BTC,43708.33,44303.2,43449.55,43883.49,478.8095
2024-02-05 20:00:00+00:00,BTC,43883.49,44664.47,43488.31,43625.68,308.1318
2024-02-05 21:00:00+00:00,BTC,43625.68,44143.28,43005.52,43249.79,340.4403
2024-02-05 22:00:00+00:00,BTC,43249.79,43688.21,42980.35,43234.63,852.2058
2024-02-05 23:00:00+00:00,BTC,43234.63,43423.3,43037.31,43256.42,399.2906
2024-02-06 00:00:00+00:00,BTC,43256.42,43365.62,43046.91,43076.8,663.3769
2024-02-06 01:00:00+00:00,BTC,43076.8,43697.43,43055.69,43292.13,342.3318
2024-02-06 02:00:00+00:00,BTC,43292.13,43403.11,42679.47,42944.9,497.3826
2024-02-06 03:00:00+00:00,BTC,42944.9,43502.36,42645.91,42840.17,428.5336
2024-02-06 04:00:00+00:00,BTC,42840.17,42895.31,42507.46,42690.09,452.1363
2024-02-06 05:00:00+00:00,BTC,42690.09,42733.86,42565.35,42678.16,443.9034
2024-02-06 06:00:00+00:00,BTC,42678.16,43391.47,42677.46,42749.63,828.8015
2024-02-06 07:00:00+00:00,BTC,42749.63,42757.65,42222.94,42491.89,981.6436
2024-02-06 08:00:00+00:00,BTC,42491.89,42945.78,42169.87,42676.95,543.3636
2024-02-06 09:00:00+00:00,BTC,42676.95,42873.3,42549.23,42693.08,432.7515
2024-02-06 10:00:00+00:00,BTC,42693.08,42775.2,41986.09,42211.18,313.9954
2024-02-06 11:00:00+00:00,BTC,42211.18,42845.79,41603.52,41718.04,306.5202
2024-02-06 12:00:00+00:00,BTC,41718.04,41795.72,41356.44,41714.96,830.3795
2024-02-06 13:00:00+00:00,BTC,41714.96,41814.73,41432.12,41659.69,299.0467
2024-02-06 14:00:00+00:00,BTC,41659.69,41697.7,41044.44,41633.85,428.5854
2024-02-06 15:00:00+00:00,BTC,41633.85,42094.38,41438.86,41626.86,527.931
2024-02-06 16:00:00+00:00,BTC,41626.86,41721.37,41559.74,41683.23,201.152
2024-02-06 17:00:00+00:00,BTC,41683.23,42119.71,41682.53,41920.91,322.7571
2024-02-06 18:00:00+00:00,BTC,41920.91,42130.55,41626.4,41642.37,312.9861
2024-02-06 19:00:00+00:00,BTC,41642.37,41718.59,41146.06,41350.58,396.078
2024-02-06 20:00:00+00:00,BTC,41350.58,41754.09,40786.44,41080.21,547.3821
2024-02-06 21:00:00+00:00,BTC,41080.21,41333.21,40839.83,41151.48,716.4655
2024-02-06 22:00:00+00:00,BTC,41151.48,41591.95,40599.27,41460.02,396.3762
2024-02-06 23:00:00+00:00,BTC,41460.02,41658.91,41088.95,41352.86,425.3988
2024-02-07 00:00:00+00:00,BTC,41352.86,41420.73,40384.22,40736.78,479.5052
2024-02-07 01:00:00+00:00,BTC,40736.78,41041.75,40098.3,40322.41,377.1603
2024-02-07 02:00:00+00:00,BTC,40322.41,40463.39,39593.84,40121.37,578.7332
2024-02-07 03:00:00+00:00,BTC,40121.37,40123.21,39824.0,39987.34,585.0229
2024-02-07 04:00:00+00:00,BTC,39987.34,40323.27,39412.23,39889.47,192.8777
2024-02-07 05:00:00+00:00,BTC,39889.47,39907.05,39881.57,39898.71,625.4093
2024-02-07 06:00:00+00:00,BTC,39898.71,39905.39,39646.94,39824.15,522.7641
2024-02-07 07:00:00+00:00,BTC,39824.15,40181.13,39600.42,40075.67,547.3985
2024-02-07 08:00:00+00:00,BTC,40075.67,40181.71,39815.32,39913.45,755.5654
2024-02-07 09:00:00+00:00,BTC,39913.45,40040.68,39515.29,39707.48,267.5763
2024-02-07 10:00:00+00:00,BTC,39707.48,39836.41,39663.32,39821.73,322.2044
2024-02-07 11:00:00+00:00,BTC,39821.73,39983.49,39423.19,39456.5,487.858
2024-02-07 12:00:00+00:00,BTC,39456.5,39624.39,38963.4,39548.87,221.8777
2024-02-07 13:00:00+00:00,BTC,39548.87,40217.4,39206.82,39573.21,464.2997
2024-02-07 14:00:00+00:00,BTC,39573.21,39864.31,39273.62,39538.22,672.3177
2024-02-07 15:00:00+00:00,BTC,39538.22,39997.18,39443.29,39916.8,574.4607
2024-02-07 16:00:00+00:00,BTC,39916.8,40370.79,39737.65,39768.06,514.0168
2024-02-07 17:00:00+00:00,BTC,39768.06,40525.21,39371.37,40262.72,460.8879
2024-02-07 18:00:00+00:00,BTC,40262.72,40873.64,39889.79,40208.3,430.4596
2024-02-07 19:00:00+00:00,BTC,40208.3,40278.09,39793.08,39901.39,421.867
2024-02-07 20:00:00+00:00,BTC,39901.39,40478.46,39571.8,39918.14,541.6723
2024-02-07 21:00:00+00:00,BTC,39918.14,40582.66,39173.17,39661.2,290.5558
2024-02-07 22:00:00+00:00,BTC,39661.2,39997.65,39378.69,39482.71,834.388
2024-02-07 23:00:00+00:00,BTC,39482.71,39915.07,39260.9,39576.87,386.2305
2024-02-08 00:00:00+00:00,BTC,39576.87,39769.16,39428.75,39709.02,607.7695
2024-02-08 01:00:00+00:00,BTC,39709.02,39832.49,39088.49,39561.06,514.2632
2024-02-08 02:00:00+00:00,BTC,39561.06,39943.6,39002.65,39796.14,333.8976
2024-02-08 03:00:00+00:00,BTC,39796.14,40292.25,39703.37,40073.49,786.066
2024-02-08 04:00:00+00:00,BTC,40073.49,40585.03,39691.19,40420.32,730.0552
2024-02-08 05:00:00+00:00,BTC,40420.32,40830.85,40330.14,40548.92,288.5523
2024-02-08 06:00:00+00:00,BTC,40548.92,40909.02,40356.93,40882.0,487.2895
2024-02-08 07:00:00+00:00,BTC,40882.0,41293.02,40181.05,40423.24,537.6385
2024-02-08 08:00:00+00:00,BTC,40423.24,40537.45,40075.09,40346.21,242.17
2024-02-08 09:00:00+00:00,BTC,40346.21,40434.46,39817.18,40136.88,238.0349
2024-02-08 10:00:00+00:00,BTC,40136.88,40295.74,39885.17,40165.6,373.4657
2024-02-08 11:00:00+00:00,BTC,40165.6,40595.53,39956.46,40028.12,315.7595
2024-02-08 12:00:00+00:00,BTC,40028.12,40217.46,39947.8,39988.23,347.0174
2024-02-08 13:00:00+00:00,BTC,39988.23,40518.34,39815.54,40442.38,315.7779
2024-02-08 14:00:00+00:00,BTC,40442.38,40604.73,40344.62,40401.22,479.0334
2024-02-08 15:00:00+00:00,BTC,40401.22,40581.74,40321.59,40501.65,365.8822
2024-02-08 16:00:00+00:00,BTC,40501.65,40650.54,40024.48,40445.24,738.4079
2024-02-08 17:00:00+00:00,BTC,40445.24,40468.56,40272.33,40463.62,532.5638
2024-02-08 18:00:00+00:00,BTC,40463.62,40678.59,40364.35,40465.08,660.2495
2024-02-08 19:00:00+00:00,BTC,40465.08,40926.49,39814.25,40574.08,276.9161
2024-02-08 20:00:00+00:00,BTC,40574.08,41076.31,40544.38,40858.76,401.3082
2024-02-08 21:00:00+00:00,BTC,40858.76,41367.13,40785.6,41264.63,524.4152
2024-02-08 22:00:00+00:00,BTC,41264.63,41378.72,41156.32,41341.36,585.9009
2024-02-08 23:00:00+00:00,BTC,41341.36,41672.89,41128.22,41487.85,398.5825
2024-02-09 00:00:00+00:00,BTC,41487.85,41600.62,41023.51,41202.36,419.5626
2024-02-09 01:00:00+00:00,BTC,41202.36,41501.35,41158.72,41180.64,435.9682
2024-02-09 02:00:00+00:00,BTC,41180.64,41677.91,41022.82,41413.62,450.499
2024-02-09 03:00:00+00:00,BTC,41413.62,41941.01,41309.55,41629.36,1066.4356
2024-02-09 04:00:00+00:00,BTC,41629.36,41725.95,41410.56,41682.25,557.9354
2024-02-09 05:00:00+00:00,BTC,41682.25,41995.9,41662.05,41904.52,507.0271
2024-02-09 06:00:00+00:00,BTC,41904.52,42596.92,41823.76,42028.1,321.808
2024-02-09 07:00:00+00:00,BTC,42028.1,42569.54,41754.17,42331.87,324.4843
2024-02-09 08:00:00+00:00,BTC,42331.87,42683.58,42260.23,42405.43,464.0467
2024-02-09 09:00:00+00:00,BTC,42405.43,42510.16,41859.08,42315.02,742.6608
2024-02-09 10:00:00+00:00,BTC,42315.02,42410.34,42272.64,42400.37,466.3373
2024-02-09 11:00:00+00:00,BTC,42400.37,42440.03,41487.62,41661.34,473.3803
2024-02-09 12:00:00+00:00,BTC,41661.34,41877.1,41162.77,41757.16,385.3381
2024-02-09 13:00:00+00:00,BTC,41757.16,41871.48,40825.07,40853.01,271.7881
2024-02-09 14:00:00+00:00,BTC,40853.01,40908.89,40397.99,40432.73,582.6119
2024-02-09 15:00:00+00:00,BTC,40432.73,41108.0,40217.73,40542.48,457.4125
2024-02-09 16:00:00+00:00,BTC,40542.48,41000.62,40179.84,40658.81,584.4779
2024-02-09 17:00:00+00:00,BTC,40658.81,40782.3,40355.17,40376.22,527.8063
2024-02-09 18:00:00+00:00,BTC,40376.22,40542.88,39878.8,40204.07,356.7992
2024-02-09 19:00:00+00:00,BTC,40204.07,40978.0,40067.14,40536.04,541.0445
2024-02-09 20:00:00+00:00,BTC,40536.04,40765.45,40292.09,40418.49,318.2191
2024-02-09 21:00:00+00:00,BTC,40418.49,41015.4,39993.23,40966.1,539.5567
2024-02-09 22:00:00+00:00,BTC,40966.1,41344.63,40595.98,40965.63,489.1235
2024-02-09 23:00:00+00:00,BTC,40965.63,41176.16,40912.02,41066.04,857.3256
2024-02-10 00:00:00+00:00,BTC,41066.04,41760.01,40667.34,41466.37,369.1476
2024-02-10 01:00:00+00:00,BTC,41466.37,41820.06,41353.36,41498.99,314.2527
2024-02-10 02:00:00+00:00,BTC,41498.99,41924.28,40841.65,41250.16,432.6812
2024-02-10 03:00:00+00:00,BTC,41250.16,41376.43,41111.68,41223.01,618.8038
2024-02-10 04:00:00+00:00,BTC,41223.01,41275.88,40941.1,41214.2,187.8051
2024-02-10 05:00:00+00:00,BTC,41214.2,41236.09,40772.33,40878.1,679.2876
2024-02-10 06:00:00+00:00,BTC,40878.1,41406.03,40202.86,40815.4,464.7932
2024-02-10 07:00:00+00:00,BTC,40815.4,41078.74,40542.4,40634.05,335.2711
2024-02-10 08:00:00+00:00,BTC,40634.05,40932.75,40294.42,40860.03,439.5986
2024-02-10 09:00:00+00:00,BTC,40860.03,41129.77,40647.32,40868.52,385.7666
2024-02-10 10:00:00+00:00,BTC,40868.52,40968.5,40620.43,40799.24,325.6493
2024-02-10 11:00:00+00:00,BTC,40799.24,40954.45,40517.37,40773.25,253.6858
2024-02-10 12:00:00+00:00,BTC,40773.25,40967.14,40716.52,40827.87,645.6617
2024-02-10 13:00:00+00:00,BTC,40827.87,41094.52,40454.32,40979.25,411.0809
2024-02-10 14:00:00+00:00,BTC,40979.25,41540.35,40617.21,40734.18,435.978
2024-02-10 15:00:00+00:00,BTC,40734.18,40769.35,40335.14,40480.41,672.0148
2024-02-10 16:00:00+00:00,BTC,40480.41,40790.23,40408.53,40749.6,509.8725
2024-02-10 17:00:00+00:00,BTC,40749.6,41013.08,40389.44,40648.91,289.6902
2024-02-10 18:00:00+00:00,BTC,40648.91,40814.33,40276.08,40304.82,632.7573
2024-02-10 19:00:00+00:00,BTC,40304.82,40462.7,39931.19,40412.29,840.4611
2024-02-10 20:00:00+00:00,BTC,40412.29,40707.6,40179.7,40524.8,596.2685
2024-02-10 21:00:00+00:00,BTC,40524.8,41178.75,39993.52,40154.31,369.3904
2024-02-10 22:00:00+00:00,BTC,40154.31,40673.48,39922.7,40209.64,298.6087
2024-02-10 23:00:00+00:00,BTC,40209.64,40409.79,40021.86,40387.5,364.7166
2024-02-11 00:00:00+00:00,BTC,40387.5,40577.21,40119.06,40478.32,518.3598
2024-02-11 01:00:00+00:00,BTC,40478.32,40633.81,40170.1,40632.1,823.6929
2024-02-11 02:00:00+00:00,BTC,40632.1,40709.53,40099.26,40291.19,383.3057
2024-02-11 03:00:00+00:00,BTC,40291.19,40402.25,39963.88,40371.3,398.413
2024-02-11 04:00:00+00:00,BTC,40371.3,40379.57,40189.99,40298.06,714.8792
2024-02-11 05:00:00+00:00,BTC,40298.06,40725.35,40145.63,40181.5,429.5353
2024-02-11 06:00:00+00:00,BTC,40181.5,40435.35,40113.94,40391.93,910.9618
2024-02-11 07:00:00+00:00,BTC,40391.93,40758.83,40134.36,40752.03,474.7423
2024-02-11 08:00:00+00:00,BTC,40752.03,41285.39,40692.5,41193.14,752.4448
2024-02-11 09:00:00+00:00,BTC,41193.14,41542.21,41090.98,41519.4,571.6814
2024-02-11 10:00:00+00:00,BTC,41519.4,41592.29,41261.61,41492.07,640.3979
2024-02-11 11:00:00+00:00,BTC,41492.07,41772.93,41280.9,41579.97,469.9538
2024-02-11 12:00:00+00:00,BTC,41579.97,41954.22,41301.58,41771.72,480.836
2024-02-11 13:00:00+00:00,BTC,41771.72,42041.41,41658.74,41802.1,578.9581
2024-02-11 14:00:00+00:00,BTC,41802.1,41927.61,41537.65,41834.91,661.1343
2024-02-11 15:00:00+00:00,BTC,41834.91,42089.25,41694.51,42042.19,601.081
2024-02-11 16:00:00+00:00,BTC,42042.19,42170.65,41770.06,42027.24,269.3474
2024-02-11 17:00:00+00:00,BTC,42027.24,42586.22,41754.75,41843.74,547.1905
2024-02-11 18:00:00+00:00,BTC,41843.74,42452.43,41447.34,41739.81,397.3441
2024-02-11 19:00:00+00:00,BTC,41739.81,41969.31,41638.09,41898.87,413.0424
2024-02-11 20:00:00+00:00,BTC,41898.87,42497.64,41603.26,41899.62,586.8294
2024-02-11 21:00:00+00:00,BTC,41899.62,42192.57,41668.07,41985.24,905.8554
2024-02-11 22:00:00+00:00,BTC,41985.24,42495.95,41920.52,42154.38,460.9964
2024-02-11 23:00:00+00:00,BTC,42154.38,42213.01,41899.11,42059.68,997.3645
2024-02-12 00:00:00+00:00,BTC,42059.68,42329.11,41539.68,42250.96,340.5829
2024-02-12 01:00:00+00:00,BTC,42250.96,42445.73,41739.5,42347.11,769.4824
2024-02-12 02:00:00+00:00,BTC,42347.11,42387.89,41752.93,42034.52,581.3484
2024-02-12 03:00:00+00:00,BTC,42034.52,42505.77,41914.24,42399.86,537.8625
2024-02-12 04:00:00+00:00,BTC,42399.86,42730.88,41946.85,42272.66,811.3625
2024-02-12 05:00:00+00:00,BTC,42272.66,42356.63,41795.43,41854.95,400.1428
2024-02-12 06:00:00+00:00,BTC,41854.95,42079.64,41551.14,41593.33,781.9238
2024-02-12 07:00:00+00:00,BTC,41593.33,41998.73,41293.06,41339.29,464.8422
2024-02-12 08:00:00+00:00,BTC,41339.29,41467.49,41197.63,41352.24,399.363
2024-02-12 09:00:00+00:00,BTC,41352.24,41470.65,41193.07,41284.35,314.2779
2024-02-12 10:00:00+00:00,BTC,41284.35,41675.98,41145.91,41201.0,870.8607
2024-02-12 11:00:00+00:00,BTC,41201.0,41656.8,40786.26,41354.47,745.4957
2024-02-12 12:00:00+00:00,BTC,41354.47,41713.83,41351.76,41438.89,422.9635
2024-02-12 13:00:00+00:00,BTC,41438.89,41733.24,41424.54,41517.55,605.1671
2024-02-12 14:00:00+00:00,BTC,41517.55,41726.52,41284.5,41619.76,522.6531
2024-02-12 15:00:00+00:00,BTC,41619.76,42178.24,41530.92,41773.91,441.9022
2024-02-12 16:00:00+00:00,BTC,41773.91,42184.86,40971.94,41248.89,700.8357
2024-02-12 17:00:00+00:00,BTC,41248.89,41351.69,41135.93,41158.79,401.7027
2024-02-12 18:00:00+00:00,BTC,41158.79,41238.43,40521.12,40623.89,232.1848
2024-02-12 19:00:00+00:00,BTC,40623.89,40836.67,40489.95,40632.68,547.6033
2024-02-12 20:00:00+00:00,BTC,40632.68,40891.66,40488.89,40631.55,511.8217
2024-02-12 21:00:00+00:00,BTC,40631.55,41108.18,40231.38,40887.24,406.2477
2024-02-12 22:00:00+00:00,BTC,40887.24,41368.23,39956.0,41179.64,365.8637
2024-02-12 23:00:00+00:00,BTC,41179.64,41394.43,41104.0,41229.77,289.6921
2024-02-13 00:00:00+00:00,BTC,41229.77,41447.07,41071.5,41106.18,440.3877
2024-02-13 01:00:00+00:00,BTC,41106.18,41663.25,40795.73,41226.01,368.0714
2024-02-13 02:00:00+00:00,BTC,41226.01,41239.88,40708.38,41095.63,700.7468
2024-02-13 03:00:00+00:00,BTC,41095.63,41225.62,40838.65,41095.29,599.0733
2024-02-13 04:00:00+00:00,BTC,41095.29,41505.93,40889.9,41339.16,422.0067
2024-02-13 05:00:00+00:00,BTC,41339.16,41628.7,41075.83,41201.05,600.3783
2024-02-13 06:00:00+00:00,BTC,41201.05,41768.95,40749.12,41400.7,481.5413
2024-02-13 07:00:00+00:00,BTC,41400.7,41724.56,41297.92,41569.31,455.0016
2024-02-13 08:00:00+00:00,BTC,41569.31,41735.13,40960.04,41331.85,490.4997
2024-02-13 09:00:00+00:00,BTC,41331.85,41681.91,41118.99,41574.07,929.4253
2024-02-13 10:00:00+00:00,BTC,41574.07,41933.11,41308.75,41748.69,626.4159
2024-02-13 11:00:00+00:00,BTC,41748.69,42040.75,41464.02,41774.23,450.4015
2024-02-13 12:00:00+00:00,BTC,41774.23,42032.46,41399.26,41583.6,683.6596
2024-02-13 13:00:00+00:00,BTC,41583.6,41603.56,41075.4,41369.78,675.0865
2024-02-13 14:00:00+00:00,BTC,41369.78,41513.29,41185.78,41236.53,547.5803
2024-02-13 15:00:00+00:00,BTC,41236.53,41415.68,40806.49,41371.0,445.6833
2024-02-13 16:00:00+00:00,BTC,41371.0,41693.84,41042.84,41134.47,435.5
2024-02-13 17:00:00+00:00,BTC,41134.47,41389.01,41018.43,41242.59,343.1977
2024-02-13 18:00:00+00:00,BTC,41242.59,41286.8,40411.73,40936.45,532.6052
2024-02-13 19:00:00+00:00,BTC,40936.45,41230.4,40863.53,40886.36,403.8948
2024-02-13 20:00:00+00:00,BTC,40886.36,41119.47,40806.85,40913.27,429.1285
2024-02-13 21:00:00+00:00,BTC,40913.27,41704.91,40769.75,41517.92,622.0462
2024-02-13 22:00:00+00:00,BTC,41517.92,41794.3,41106.36,41176.24,902.4578
2024-02-13 23:00:00+00:00,BTC,41176.24,41577.55,41159.05,41541.52,569.967
2024-02-14 00:00:00+00:00,BTC,41541.52,42036.82,41406.72,41578.88,481.9339
2024-02-14 01:00:00+00:00,BTC,41578.88,41829.34,41494.21,41681.59,496.7271
2024-02-14 02:00:00+00:00,BTC,41681.59,41936.68,41512.42,41711.19,744.6362
2024-02-14 03:00:00+00:00,BTC,41711.19,42165.87,40874.89,41822.64,572.6668
2024-02-14 04:00:00+00:00,BTC,41822.64,42227.94,41563.7,41784.1,535.0797
2024-02-14 05:00:00+00:00,BTC,41784.1,42307.98,41671.46,42150.23,548.5112
2024-02-14 06:00:00+00:00,BTC,42150.23,42222.84,41983.72,42034.94,303.2604
2024-02-14 07:00:00+00:00,BTC,42034.94,42702.92,41892.11,42321.48,573.223
2024-02-14 08:00:00+00:00,BTC,42321.48,42354.26,42141.73,42158.17,368.073
2024-02-14 09:00:00+00:00,BTC,42158.17,42741.39,42008.62,42142.93,574.0142
2024-02-14 10:00:00+00:00,BTC,42142.93,42242.45,41740.47,41872.75,386.5618
2024-02-14 11:00:00+00:00,BTC,41872.75,42065.01,41701.36,41987.22,614.9355
2024-02-14 12:00:00+00:00,BTC,41987.22,42614.42,41505.68,42352.87,473.9172
2024-02-14 13:00:00+00:00,BTC,42352.87,42632.23,42291.74,42333.21,334.8664
2024-02-14 14:00:00+00:00,BTC,42333.21,42490.66,42275.74,42283.23,451.6329
2024-02-14 15:00:00+00:00,BTC,42283.23,42582.49,41655.3,42001.4,1082.111
2024-02-14 16:00:00+00:00,BTC,42001.4,42047.36,41749.55,41943.66,225.6621
2024-02-14 17:00:00+00:00,BTC,41943.66,42391.46,41300.68,41544.72,529.9739
2024-02-14 18:00:00+00:00,BTC,41544.72,41753.02,41104.07,41317.79,351.0435
2024-02-14 19:00:00+00:00,BTC,41317.79,41597.0,41221.79,41374.05,809.5794
2024-02-14 20:00:00+00:00,BTC,41374.05,41769.59,41327.8,41702.79,665.3521
2024-02-14 21:00:00+00:00,BTC,41702.79,42827.22,41320.44,42411.66,533.6161
2024-02-14 22:00:00+00:00,BTC,42411.66,42427.42,42159.05,42262.65,689.3226
2024-02-14 23:00:00+00:00,BTC,42262.65,42699.34,42110.62,42628.18,544.6853
2024-02-15 00:00:00+00:00,BTC,42628.18,42920.42,42607.23,42690.57,501.072
2024-02-15 01:00:00+00:00,BTC,42690.57,42896.65,42639.28,42651.84,405.454
2024-02-15 02:00:00+00:00,BTC,42651.84,43008.74,42211.68,42762.69,440.6663
2024-02-15 03:00:00+00:00,BTC,42762.69,42814.12,42746.81,42778.58,425.0415
2024-02-15 04:00:00+00:00,BTC,42778.58,43224.97,42769.4,42806.93,501.8136
2024-02-15 05:00:00+00:00,BTC,42806.93,43193.27,42645.83,42702.18,257.8486
2024-02-15 06:00:00+00:00,BTC,42702.18,42947.56,42300.11,42345.46,716.9389
2024-02-15 07:00:00+00:00,BTC,42345.46,42356.18,41871.29,41955.08,988.3266
2024-02-15 08:00:00+00:00,BTC,41955.08,42469.61,41825.86,42119.85,429.8054
2024-02-15 09:00:00+00:00,BTC,42119.85,42134.77,41755.7,42049.98,754.3386
2024-02-15 10:00:00+00:00,BTC,42049.98,42280.1,41570.27,41899.85,477.0742
2024-02-15 11:00:00+00:00,BTC,41899.85,42250.94,41476.92,41901.99,404.9656
2024-02-15 12:00:00+00:00,BTC,41901.99,42529.61,41864.61,42102.32,437.4593
2024-02-15 13:00:00+00:00,BTC,42102.32,42159.99,41601.38,42147.91,515.2233
2024-02-15 14:00:00+00:00,BTC,42147.91,42230.41,41637.67,41982.33,388.4447
2024-02-15 15:00:00+00:00,BTC,41982.33,42505.06,41905.24,42292.36,618.1752
2024-02-15 16:00:00+00:00,BTC,42292.36,43080.19,42227.62,42694.99,416.9057
2024-02-15 17:00:00+00:00,BTC,42694.99,42949.72,42658.26,42821.87,343.4285
2024-02-15 18:00:00+00:00,BTC,42821.87,43377.64,42550.05,43072.77,496.5267
2024-02-15 19:00:00+00:00,BTC,43072.77,43702.32,43014.05,43394.94,392.1838
2024-02-15 20:00:00+00:00,BTC,43394.94,44028.26,43269.73,43690.18,445.8791
2024-02-15 21:00:00+00:00,BTC,43690.18,44163.97,43614.0,43851.46,490.5856
2024-02-15 22:00:00+00:00,BTC,43851.46,44055.66,43634.34,44009.17,312.8459
2024-02-15 23:00:00+00:00,BTC,44009.17,44182.84,43579.08,44146.6,833.1477
2024-02-16 00:00:00+00:00,BTC,44146.6,44516.3,43801.99,43856.89,664.4991
2024-02-16 01:00:00+00:00,BTC,43856.89,44093.73,43812.07,44041.67,401.0512
2024-02-16 02:00:00+00:00,BTC,44041.67,44098.45,43283.51,43684.85,496.6639
2024-02-16 03:00:00+00:00,BTC,43684.85,43839.86,42752.54,43477.08,624.6142
2024-02-16 04:00:00+00:00,BTC,43477.08,44449.3,43349.69,43818.46,537.892
2024-02-16 05:00:00+00:00,BTC,43818.46,44153.97,43646.39,44039.92,965.4132
2024-02-16 06:00:00+00:00,BTC,44039.92,44708.86,43940.11,44434.71,459.9308
2024-02-16 07:00:00+00:00,BTC,44434.71,44706.1,44280.89,44362.34,758.0512
2024-02-16 08:00:00+00:00,BTC,44362.34,44841.18,43979.76,44056.7,313.4015
2024-02-16 09:00:00+00:00,BTC,44056.7,44189.74,43633.64,43993.19,330.7386
2024-02-16 10:00:00+00:00,BTC,43993.19,44461.78,43402.99,44020.13,901.6021
2024-02-16 11:00:00+00:00,BTC,44020.13,44397.27,43611.21,44040.99,429.8445
2024-02-16 12:00:00+00:00,BTC,44040.99,44384.6,43878.37,44341.58,332.2878
2024-02-16 13:00:00+00:00,BTC,44341.58,44783.02,43918.95,44245.57,491.7176
2024-02-16 14:00:00+00:00,BTC,44245.57,44526.39,44128.06,44339.13,778.2128
2024-02-16 15:00:00+00:00,BTC,44339.13,44388.64,43866.91,44076.9,382.7471
2024-02-16 16:00:00+00:00,BTC,44076.9,44372.47,43829.51,44196.15,492.7546
2024-02-16 17:00:00+00:00,BTC,44196.15,44670.52,44046.76,44196.97,261.2654
2024-02-16 18:00:00+00:00,BTC,44196.97,44678.92,43634.82,43998.58,424.3312
2024-02-16 19:00:00+00:00,BTC,43998.58,44623.49,43460.46,43936.37,708.8386
2024-02-16 20:00:00+00:00,BTC,43936.37,44058.23,43751.61,43887.85,379.9685
2024-02-16 21:00:00+00:00,BTC,43887.85,44008.73,43743.17,43816.76,320.3587
2024-02-16 22:00:00+00:00,BTC,43816.76,44427.7,43368.49,44284.93,381.0644
2024-02-16 23:00:00+00:00,BTC,44284.93,44611.22,44058.99,44258.78,403.9212
2024-02-17 00:00:00+00:00,BTC,44258.78,44496.76,44097.01,44194.06,653.4447
2024-02-17 01:00:00+00:00,BTC,44194.06,44419.97,43548.21,43641.38,571.0805
2024-02-17 02:00:00+00:00,BTC,43641.38,43643.94,42702.54,43407.86,611.0247
2024-02-17 03:00:00+00:00,BTC,43407.86,43464.08,43212.4,43339.4,505.0005
2024-02-17 04:00:00+00:00,BTC,43339.4,43568.64,42955.26,43161.42,402.4845
2024-02-17 05:00:00+00:00,BTC,43161.42,43573.11,43096.96,43520.72,381.0308
2024-02-17 06:00:00+00:00,BTC,43520.72,43940.28,43197.44,43477.67,581.6814
2024-02-17 07:00:00+00:00,BTC,43477.67,44230.92,43067.66,43815.09,871.9736
2024-02-17 08:00:00+00:00,BTC,43815.09,43883.5,43810.47,43831.31,359.7289
2024-02-17 09:00:00+00:00,BTC,43831.31,43947.37,43751.08,43841.1,350.1333
2024-02-17 10:00:00+00:00,BTC,43841.1,44238.19,43662.59,43817.75,335.9856
2024-02-17 11:00:00+00:00,BTC,43817.75,44039.75,43294.91,43818.75,668.9056
2024-02-17 12:00:00+00:00,BTC,43818.75,44500.1,43791.55,44272.98,492.6791
2024-02-17 13:00:00+00:00,BTC,44272.98,44402.37,43646.21,43661.07,607.2843
2024-02-17 14:00:00+00:00,BTC,43661.07,44447.11,42926.39,43139.87,418.5596
2024-02-17 15:00:00+00:00,BTC,43139.87,43339.85,42357.9,42999.51,620.7886
2024-02-17 16:00:00+00:00,BTC,42999.51,43819.47,42941.91,43003.26,452.1146
2024-02-17 17:00:00+00:00,BTC,43003.26,43299.1,42923.98,43181.68,291.1633
2024-02-17 18:00:00+00:00,BTC,43181.68,43507.17,43075.26,43304.43,690.6426
2024-02-17 19:00:00+00:00,BTC,43304.43,43574.96,42868.81,43204.71,493.7006
2024-02-17 20:00:00+00:00,BTC,43204.71,44290.23,43067.88,43469.68,448.5425
2024-02-17 21:00:00+00:00,BTC,43469.68,43858.25,43426.83,43739.21,551.7306
2024-02-17 22:00:00+00:00,BTC,43739.21,43949.14,43492.72,43787.54,301.6145
2024-02-17 23:00:00+00:00,BTC,43787.54,44085.45,43576.67,44041.18,581.3548
2024-02-18 00:00:00+00:00,BTC,44041.18,44222.85,43749.14,44113.29,405.8868
2024-02-18 01:00:00+00:00,BTC,44113.29,44115.08,43655.87,43964.93,473.4145
2024-02-18 02:00:00+00:00,BTC,43964.93,44243.32,43933.54,44149.39,744.9826
2024-02-18 03:00:00+00:00,BTC,44149.39,44678.26,44035.76,44178.7,626.0162
2024-02-18 04:00:00+00:00,BTC,44178.7,44439.26,43997.87,44179.06,470.0667
2024-02-18 05:00:00+00:00,BTC,44179.06,44712.19,43956.73,44571.23,482.6196
2024-02-18 06:00:00+00:00,BTC,44571.23,44585.28,43828.23,43920.59,204.0589
2024-02-18 07:00:00+00:00,BTC,43920.59,44014.18,43514.33,43548.58,375.0075
2024-02-18 08:00:00+00:00,BTC,43548.58,43876.13,42624.71,43239.51,530.1196
2024-02-18 09:00:00+00:00,BTC,43239.51,43534.23,42904.69,43145.37,382.6613
2024-02-18 10:00:00+00:00,BTC,43145.37,43570.76,42785.57,43079.51,314.3027
2024-02-18 11:00:00+00:00,BTC,43079.51,43160.71,42622.41,42691.66,591.4993
2024-02-18 12:00:00+00:00,BTC,42691.66,42720.26,42432.97,42440.06,789.8663
2024-02-18 13:00:00+00:00,BTC,42440.06,42893.69,41815.09,42221.42,388.4323
2024-02-18 14:00:00+00:00,BTC,42221.42,43326.75,41664.6,42848.56,679.1634
2024-02-18 15:00:00+00:00,BTC,42848.56,43902.36,42721.15,43314.29,644.381
2024-02-18 16:00:00+00:00,BTC,43314.29,43440.49,42890.74,43207.41,355.2145
2024-02-18 17:00:00+00:00,BTC,43207.41,43211.21,42935.99,43113.26,387.5782
2024-02-18 18:00:00+00:00,BTC,43113.26,43838.79,42643.22,42817.01,939.8253
2024-02-18 19:00:00+00:00,BTC,42817.01,43148.47,41895.98,42329.6,338.2043
2024-02-18 20:00:00+00:00,BTC,42329.6,42724.92,42184.8,42299.93,404.0146
2024-02-18 21:00:00+00:00,BTC,42299.93,42662.61,41874.73,42047.43,994.8781
2024-02-18 22:00:00+00:00,BTC,42047.43,42365.13,41970.69,42026.03,409.7322
2024-02-18 23:00:00+00:00,BTC,42026.03,42232.54,41051.97,41624.46,802.8396
2024-02-19 00:00:00+00:00,BTC,41624.46,41753.05,40800.02,41434.59,349.6394
2024-02-19 01:00:00+00:00,BTC,41434.59,41668.33,41413.11,41471.56,524.7919
2024-02-19 02:00:00+00:00,BTC,41471.56,42092.86,41251.11,41562.78,731.195
2024-02-19 03:00:00+00:00,BTC,41562.78,41908.86,41165.05,41667.02,424.5353
2024-02-19 04:00:00+00:00,BTC,41667.02,41962.25,40963.89,41338.2,517.7621
2024-02-19 05:00:00+00:00,BTC,41338.2,41713.15,41262.03,41550.73,648.8235
2024-02-19 06:00:00+00:00,BTC,41550.73,41677.05,41133.61,41351.71,364.64
2024-02-19 07:00:00+00:00,BTC,41351.71,41653.43,41199.38,41509.03,1095.2439
2024-02-19 08:00:00+00:00,BTC,41509.03,41677.3,41291.89,41506.38,718.9643
2024-02-19 09:00:00+00:00,BTC,41506.38,41601.75,40771.57,41165.02,441.2269
2024-02-19 10:00:00+00:00,BTC,41165.02,41436.12,41073.79,41086.99,460.5494
2024-02-19 11:00:00+00:00,BTC,41086.99,41417.52,41023.48,41177.16,976.2419
2024-02-19 12:00:00+00:00,BTC,41177.16,41396.77,41099.43,41328.88,441.6082
2024-02-19 13:00:00+00:00,BTC,41328.88,41430.02,41266.92,41293.93,423.8386
2024-02-19 14:00:00+00:00,BTC,41293.93,41937.04,40711.56,41675.2,746.7765
2024-02-19 15:00:00+00:00,BTC,41675.2,42273.4,41117.05,41927.9,306.2534
2024-02-19 16:00:00+00:00,BTC,41927.9,42427.86,41675.67,41863.38,486.4781
2024-02-19 17:00:00+00:00,BTC,41863.38,42168.77,41709.75,42052.22,514.9469
2024-02-19 18:00:00+00:00,BTC,42052.22,42602.71,42010.69,42542.98,390.8439
2024-02-19 19:00:00+00:00,BTC,42542.98,43568.35,42379.34,43046.37,289.0641
2024-02-19 20:00:00+00:00,BTC,43046.37,43377.61,42509.24,42730.37,512.24
2024-02-19 21:00:00+00:00,BTC,42730.37,42788.13,42170.54,42493.48,636.1735
2024-02-19 22:00:00+00:00,BTC,42493.48,43030.44,42136.71,42873.77,394.2316
2024-02-19 23:00:00+00:00,BTC,42873.77,43009.67,42528.18,42602.4,330.8535
2024-02-20 00:00:00+00:00,BTC,42602.4,42778.85,42137.86,42265.67,776.0652
2024-02-20 01:00:00+00:00,BTC,42265.67,43143.96,41914.49,42142.56,601.5158
2024-02-20 02:00:00+00:00,BTC,42142.56,42377.72,42093.22,42248.95,440.5293
2024-02-20 03:00:00+00:00,BTC,42248.95,42287.02,41966.75,42223.0,690.1488
2024-02-20 04:00:00+00:00,BTC,42223.0,42255.92,42054.91,42058.51,544.1457
2024-02-20 05:00:00+00:00,BTC,42058.51,42911.62,41426.18,41888.71,935.2682
2024-02-20 06:00:00+00:00,BTC,41888.71,41965.26,41524.14,41710.06,630.8495
2024-02-20 07:00:00+00:00,BTC,41710.06,41910.92,41297.54,41490.53,307.4016
2024-02-20 08:00:00+00:00,BTC,41490.53,42700.73,41164.37,42062.44,397.0449
2024-02-20 09:00:00+00:00,BTC,42062.44,42311.3,41994.37,42137.59,403.7481
2024-02-20 10:00:00+00:00,BTC,42137.59,42583.41,41538.85,42362.38,557.2166
2024-02-20 11:00:00+00:00,BTC,42362.38,42796.23,41766.43,42238.25,449.6128
2024-02-20 12:00:00+00:00,BTC,42238.25,42429.95,42031.03,42191.15,336.9915
2024-02-20 13:00:00+00:00,BTC,42191.15,42592.83,41893.06,42010.9,614.4989
2024-02-20 14:00:00+00:00,BTC,42010.9,42154.34,40994.21,41347.79,709.5629
2024-02-20 15:00:00+00:00,BTC,41347.79,41738.92,40995.93,41007.33,482.3409
2024-02-20 16:00:00+00:00,BTC,41007.33,41882.13,40474.69,40564.25,538.0323
2024-02-20 17:00:00+00:00,BTC,40564.25,40740.07,39642.81,40020.37,356.3678
2024-02-20 18:00:00+00:00,BTC,40020.37,40335.11,39490.41,39734.36,416.4307
2024-02-20 19:00:00+00:00,BTC,39734.36,40061.66,39632.73,40051.5,422.4354
2024-02-20 20:00:00+00:00,BTC,40051.5,40410.0,39604.98,40040.82,607.9626
2024-02-20 21:00:00+00:00,BTC,40040.82,40426.99,39358.4,40352.08,546.8734
2024-02-20 22:00:00+00:00,BTC,40352.08,40930.15,40026.78,40451.7,445.5083
2024-02-20 23:00:00+00:00,BTC,40451.7,40657.74,40141.86,40642.08,439.3623
2024-02-21 00:00:00+00:00,BTC,40642.08,40715.12,40347.25,40422.99,251.1051
2024-02-21 01:00:00+00:00,BTC,40422.99,40618.77,40394.77,40550.27,877.1378
2024-02-21 02:00:00+00:00,BTC,40550.27,40755.51,40547.29,40727.95,240.9771
2024-02-21 03:00:00+00:00,BTC,40727.95,40774.26,40381.17,40587.28,579.5583
2024-02-21 04:00:00+00:00,BTC,40587.28,41233.77,40539.24,40723.77,506.6429
2024-02-21 05:00:00+00:00,BTC,40723.77,40963.59,40399.25,40862.35,455.6018
2024-02-21 06:00:00+00:00,BTC,40862.35,41120.51,40709.41,40727.84,498.5683
2024-02-21 07:00:00+00:00,BTC,40727.84,40846.35,40214.32,40454.39,396.4556
2024-02-21 08:00:00+00:00,BTC,40454.39,40603.48,40099.96,40167.99,628.3476
2024-02-21 09:00:00+00:00,BTC,40167.99,40385.26,40081.92,40188.85,315.7211
2024-02-21 10:00:00+00:00,BTC,40188.85,40601.26,39545.93,40267.78,560.7882
2024-02-21 11:00:00+00:00,BTC,40267.78,40357.83,39747.68,40076.75,394.41
2024-02-21 12:00:00+00:00,BTC,40076.75,40367.19,40003.43,40083.14,430.6016
2024-02-21 13:00:00+00:00,BTC,40083.14,40245.73,39815.88,40220.59,434.6933
2024-02-21 14:00:00+00:00,BTC,40220.59,40625.96,40175.51,40370.05,471.8842
2024-02-21 15:00:00+00:00,BTC,40370.05,40777.41,39941.47,40747.71,596.0722
2024-02-21 16:00:00+00:00,BTC,40747.71,41185.12,40473.34,41061.11,493.7749
2024-02-21 17:00:00+00:00,BTC,41061.11,41275.26,40669.27,40815.16,693.0838
2024-02-21 18:00:00+00:00,BTC,40815.16,41383.81,40769.92,41229.55,720.7713
2024-02-21 19:00:00+00:00,BTC,41229.55,41523.83,40990.16,41098.41,557.0622
2024-02-21 20:00:00+00:00,BTC,41098.41,41417.09,40963.89,41356.87,634.9299
2024-02-21 21:00:00+00:00,BTC,41356.87,41426.46,41117.87,41373.75,1015.7005
2024-02-21 22:00:00+00:00,BTC,41373.75,41671.15,41060.94,41271.56,304.8875
2024-02-21 23:00:00+00:00,BTC,41271.56,41427.31,40803.69,40826.34,728.6954
2024-02-22 00:00:00+00:00,BTC,40826.34,40992.94,40674.92,40784.33,858.601
2024-02-22 01:00:00+00:00,BTC,40784.33,40864.25,40300.32,40404.52,581.9549
2024-02-22 02:00:00+00:00,BTC,40404.52,40737.68,40359.4,40639.71,973.623
2024-02-22 03:00:00+00:00,BTC,40639.71,41432.44,40610.67,41011.25,930.2213
2024-02-22 04:00:00+00:00,BTC,41011.25,41083.4,40786.81,40815.62,444.3649
2024-02-22 05:00:00+00:00,BTC,40815.62,41212.32,40611.32,40889.64,456.4381
2024-02-22 06:00:00+00:00,BTC,40889.64,40952.63,40535.73,40712.06,602.038
2024-02-22 07:00:00+00:00,BTC,40712.06,41162.99,40405.0,40558.83,401.8859
2024-02-22 08:00:00+00:00,BTC,40558.83,40945.83,40550.04,40747.74,1291.4687
2024-02-22 09:00:00+00:00,BTC,40747.74,40869.56,40212.69,40738.32,658.9848
2024-02-22 10:00:00+00:00,BTC,40738.32,41389.8,40564.02,41165.77,508.2109
2024-02-22 11:00:00+00:00,BTC,41165.77,41319.54,41041.53,41046.83,305.2215
2024-02-22 12:00:00+00:00,BTC,41046.83,41519.83,40824.11,41293.69,546.0877
2024-02-22 13:00:00+00:00,BTC,41293.69,41444.19,40733.37,41317.83,330.1776
2024-02-22 14:00:00+00:00,BTC,41317.83,41579.65,41305.55,41515.58,652.3487
2024-02-22 15:00:00+00:00,BTC,41515.58,41726.75,41048.67,41404.35,208.2708
2024-02-22 16:00:00+00:00,BTC,41404.35,41729.55,40887.06,41392.04,811.5222
2024-02-22 17:00:00+00:00,BTC,41392.04,41448.14,41003.09,41363.36,431.0212
2024-02-22 18:00:00+00:00,BTC,41363.36,42002.12,40922.51,41156.39,276.5816
2024-02-22 19:00:00+00:00,BTC,41156.39,41367.06,41093.39,41320.21,497.1399
2024-02-22 20:00:00+00:00,BTC,41320.21,41534.83,41190.6,41481.73,502.9527
2024-02-22 21:00:00+00:00,BTC,41481.73,42003.01,41058.62,41629.73,488.8701
2024-02-22 22:00:00+00:00,BTC,41629.73,42151.83,41578.27,42015.4,810.3875
2024-02-22 23:00:00+00:00,BTC,42015.4,42528.83,41748.48,42382.36,571.3007
2024-02-23 00:00:00+00:00,BTC,42382.36,42436.18,42180.21,42287.13,660.6598
2024-02-23 01:00:00+00:00,BTC,42287.13,42559.67,42277.67,42381.88,458.3138
2024-02-23 02:00:00+00:00,BTC,42381.88,42460.27,42050.46,42223.6,580.5975
2024-02-23 03:00:00+00:00,BTC,42223.6,42545.46,41951.49,42229.52,316.283
2024-02-23 04:00:00+00:00,BTC,42229.52,42560.68,41486.9,42077.83,547.271
2024-02-23 05:00:00+00:00,BTC,42077.83,42702.85,41946.15,42488.84,383.4599
2024-02-23 06:00:00+00:00,BTC,42488.84,42803.22,42297.79,42581.66,793.5217
2024-02-23 07:00:00+00:00,BTC,42581.66,42645.57,42366.0,42525.99,513.3895
2024-02-23 08:00:00+00:00,BTC,42525.99,43352.76,42311.99,42831.64,630.5623
2024-02-23 09:00:00+00:00,BTC,42831.64,43022.09,42241.35,42277.43,548.0799
2024-02-23 10:00:00+00:00,BTC,42277.43,42323.88,41697.69,41769.6,940.8781
2024-02-23 11:00:00+00:00,BTC,41769.6,42007.25,41738.41,41969.53,289.5944
2024-02-23 12:00:00+00:00,BTC,41969.53,42140.9,41775.14,41984.76,480.4769
2024-02-23 13:00:00+00:00,BTC,41984.76,42313.58,41947.43,42047.9,357.3007
2024-02-23 14:00:00+00:00,BTC,42047.9,42140.51,41466.66,41714.59,244.0167
2024-02-23 15:00:00+00:00,BTC,41714.59,41971.89,41522.55,41708.78,349.2709
2024-02-23 16:00:00+00:00,BTC,41708.78,42444.14,41585.26,42213.19,753.569
2024-02-23 17:00:00+00:00,BTC,42213.19,42849.32,42211.81,42422.46,494.7471
2024-02-23 18:00:00+00:00,BTC,42422.46,42609.11,42236.98,42465.67,462.982
2024-02-23 19:00:00+00:00,BTC,42465.67,42505.73,42275.0,42353.95,655.4575
2024-02-23 20:00:00+00:00,BTC,42353.95,42442.32,42088.92,42253.8,520.6143
2024-02-23 21:00:00+00:00,BTC,42253.8,42583.16,41709.74,41717.43,619.7243
2024-02-23 22:00:00+00:00,BTC,41717.43,41848.47,41681.17,41781.97,559.8134
2024-02-23 23:00:00+00:00,BTC,41781.97,42026.6,41033.61,41994.47,604.592
2024-02-24 00:00:00+00:00,BTC,41994.47,42030.9,41194.87,41599.33,427.1852
2024-02-24 01:00:00+00:00,BTC,41599.33,41754.53,40744.74,41434.57,721.3242
2024-02-24 02:00:00+00:00,BTC,41434.57,41847.1,40968.2,41147.82,327.1314
2024-02-24 03:00:00+00:00,BTC,41147.82,41177.55,40631.51,40910.17,485.1777
2024-02-24 04:00:00+00:00,BTC,40910.17,41591.18,40666.95,40923.3,734.0158
2024-02-24 05:00:00+00:00,BTC,40923.3,41131.62,40146.55,40414.69,473.7528
2024-02-24 06:00:00+00:00,BTC,40414.69,40696.4,40220.92,40563.91,430.0104
2024-02-24 07:00:00+00:00,BTC,40563.91,40822.14,40362.2,40747.81,1113.8329
2024-02-24 08:00:00+00:00,BTC,40747.81,40807.46,40529.49,40686.46,821.4863
2024-02-24 09:00:00+00:00,BTC,40686.46,41214.02,40070.98,40085.36,525.4104
2024-02-24 10:00:00+00:00,BTC,40085.36,40172.48,39642.68,39846.42,356.0036
2024-02-24 11:00:00+00:00,BTC,39846.42,40629.47,39838.43,40142.28,245.2623
2024-02-24 12:00:00+00:00,BTC,40142.28,40200.73,39314.77,39478.73,640.7502
2024-02-24 13:00:00+00:00,BTC,39478.73,39479.93,39297.94,39396.5,778.7282
2024-02-24 14:00:00+00:00,BTC,39396.5,39525.97,38660.15,39118.56,574.2862
2024-02-24 15:00:00+00:00,BTC,39118.56,39996.09,38970.0,39307.85,274.7504
2024-02-24 16:00:00+00:00,BTC,39307.85,39862.63,38912.77,39148.95,528.8579
2024-02-24 17:00:00+00:00,BTC,39148.95,39566.19,38956.25,39243.95,421.6647
2024-02-24 18:00:00+00:00,BTC,39243.95,39592.28,39237.68,39377.33,529.1055
2024-02-24 19:00:00+00:00,BTC,39377.33,40151.57,39342.09,39813.56,987.136
2024-02-24 20:00:00+00:00,BTC,39813.56,39940.94,39745.37,39765.11,659.1154
2024-02-24 21:00:00+00:00,BTC,39765.11,40042.78,39615.63,39854.93,611.6953
2024-02-24 22:00:00+00:00,BTC,39854.93,39864.11,38912.34,39501.39,492.1274
2024-02-24 23:00:00+00:00,BTC,39501.39,39926.53,39449.77,39784.54,578.058
2024-02-25 00:00:00+00:00,BTC,39784.54,39886.55,39487.65,39603.41,388.2121
2024-02-25 01:00:00+00:00,BTC,39603.41,39641.69,39403.0,39470.39,607.1863
2024-02-25 02:00:00+00:00,BTC,39470.39,39522.76,39278.75,39465.12,467.2802
2024-02-25 03:00:00+00:00,BTC,39465.12,39631.59,38742.05,39096.77,374.9597
2024-02-25 04:00:00+00:00,BTC,39096.77,39194.08,38822.51,39150.47,665.0477
2024-02-25 05:00:00+00:00,BTC,39150.47,39657.64,39099.82,39378.4,228.9639
2024-02-25 06:00:00+00:00,BTC,39378.4,39593.94,39123.89,39447.67,413.2239
2024-02-25 07:00:00+00:00,BTC,39447.67,39601.78,38939.75,39073.38,619.7215
2024-02-25 08:00:00+00:00,BTC,39073.38,39127.03,38898.57,39044.37,767.557
2024-02-25 09:00:00+00:00,BTC,39044.37,39611.37,38340.74,39218.59,589.7532
2024-02-25 10:00:00+00:00,BTC,39218.59,39421.36,38697.4,38779.16,395.1944
2024-02-25 11:00:00+00:00,BTC,38779.16,38951.94,38524.48,38529.89,491.1658
2024-02-25 12:00:00+00:00,BTC,38529.89,38822.21,38391.88,38733.06,553.6619
2024-02-25 13:00:00+00:00,BTC,38733.06,38850.51,38397.17,38795.88,863.3284
2024-02-25 14:00:00+00:00,BTC,38795.88,38955.55,38764.9,38891.9,690.0868
2024-02-25 15:00:00+00:00,BTC,38891.9,39667.93,38858.23,39328.24,691.8599
2024-02-25 16:00:00+00:00,BTC,39328.24,39468.93,39153.56,39438.96,511.5804
2024-02-25 17:00:00+00:00,BTC,39438.96,39804.58,39353.61,39594.95,343.6978
2024-02-25 18:00:00+00:00,BTC,39594.95,40347.4,39510.8,40244.21,305.6662
2024-02-25 19:00:00+00:00,BTC,40244.21,40331.14,40099.05,40192.61,449.9628
2024-02-25 20:00:00+00:00,BTC,40192.61,40217.22,39735.43,40000.66,638.6834
2024-02-25 21:00:00+00:00,BTC,40000.66,40295.39,39789.96,40103.46,419.4515
2024-02-25 22:00:00+00:00,BTC,40103.46,40461.86,39654.83,40209.23,610.8609
2024-02-25 23:00:00+00:00,BTC,40209.23,40613.95,40007.91,40082.36,378.5954
2024-02-26 00:00:00+00:00,BTC,40082.36,40196.01,39769.58,39834.84,399.5987
2024-02-26 01:00:00+00:00,BTC,39834.84,40422.84,39494.46,40390.76,818.4494
2024-02-26 02:00:00+00:00,BTC,40390.76,40510.18,40150.48,40470.05,653.9385
2024-02-26 03:00:00+00:00,BTC,40470.05,40686.5,40130.5,40292.62,449.1411
2024-02-26 04:00:00+00:00,BTC,40292.62,41062.38,40258.08,40514.66,373.8726
2024-02-26 05:00:00+00:00,BTC,40514.66,40744.17,40456.49,40488.14,696.9602
2024-02-26 06:00:00+00:00,BTC,40488.14,40736.21,39836.75,40426.76,679.5081
2024-02-26 07:00:00+00:00,BTC,40426.76,40974.69,39998.68,40563.37,625.3598
2024-02-26 08:00:00+00:00,BTC,40563.37,41081.66,39993.66,40250.17,469.8287
2024-02-26 09:00:00+00:00,BTC,40250.17,40349.69,40197.0,40335.42,340.87
2024-02-26 10:00:00+00:00,BTC,40335.42,41260.71,40334.63,40801.04,497.4104
2024-02-26 11:00:00+00:00,BTC,40801.04,41110.97,40448.61,40915.33,818.3319
2024-02-26 12:00:00+00:00,BTC,40915.33,41103.63,40822.23,40823.07,363.7419
2024-02-26 13:00:00+00:00,BTC,40823.07,40905.67,40642.72,40699.05,508.3737
2024-02-26 14:00:00+00:00,BTC,40699.05,40867.25,40433.95,40598.97,886.3708
2024-02-26 15:00:00+00:00,BTC,40598.97,40756.46,40077.9,40537.16,449.4958
2024-02-26 16:00:00+00:00,BTC,40537.16,40593.48,40307.79,40445.37,478.181
2024-02-26 17:00:00+00:00,BTC,40445.37,40962.59,40006.03,40668.35,311.6769
2024-02-26 18:00:00+00:00,BTC,40668.35,40899.95,40133.52,40247.62,621.8683
2024-02-26 19:00:00+00:00,BTC,40247.62,40704.23,40056.68,40456.32,385.8308
2024-02-26 20:00:00+00:00,BTC,40456.32,40462.64,40327.32,40364.26,290.1787
2024-02-26 21:00:00+00:00,BTC,40364.26,40482.51,40297.52,40455.65,358.118
2024-02-26 22:00:00+00:00,BTC,40455.65,40957.68,40040.95,40183.02,537.8417
2024-02-26 23:00:00+00:00,BTC,40183.02,40664.44,39957.92,40504.63,287.6002
2024-02-27 00:00:00+00:00,BTC,40504.63,40997.93,40402.3,40808.49,307.8377
2024-02-27 01:00:00+00:00,BTC,40808.49,41341.32,40600.89,41044.12,608.1111
2024-02-27 02:00:00+00:00,BTC,41044.12,41086.6,40565.24,40672.78,487.4919
2024-02-27 03:00:00+00:00,BTC,40672.78,41025.68,40386.95,40875.62,363.1122
2024-02-27 04:00:00+00:00,BTC,40875.62,41228.02,40448.64,40975.03,446.8239
2024-02-27 05:00:00+00:00,BTC,40975.03,41370.47,40526.35,40582.27,918.7075
2024-02-27 06:00:00+00:00,BTC,40582.27,40725.53,40480.49,40576.35,783.0638
2024-02-27 07:00:00+00:00,BTC,40576.35,40808.05,40452.53,40665.2,481.5482
2024-02-27 08:00:00+00:00,BTC,40665.2,41330.24,40620.38,40801.1,665.3225
2024-02-27 09:00:00+00:00,BTC,40801.1,40882.75,40715.5,40844.52,521.6303
2024-02-27 10:00:00+00:00,BTC,40844.52,41292.64,40502.21,40915.96,268.712
2024-02-27 11:00:00+00:00,BTC,40915.96,41367.36,40762.44,41279.33,252.3971
2024-02-27 12:00:00+00:00,BTC,41279.33,41711.94,41228.17,41584.1,363.7045
2024-02-27 13:00:00+00:00,BTC,41584.1,41698.87,40847.49,40874.88,288.0386
2024-02-27 14:00:00+00:00,BTC,40874.88,40999.28,40771.24,40797.1,549.856
2024-02-27 15:00:00+00:00,BTC,40797.1,40823.61,40563.75,40756.82,412.4559
2024-02-27 16:00:00+00:00,BTC,40756.82,41144.09,39630.28,40330.6,580.2583
2024-02-27 17:00:00+00:00,BTC,40330.6,40409.46,40226.86,40353.4,583.3875
2024-02-27 18:00:00+00:00,BTC,40353.4,40740.06,40138.9,40656.88,636.5848
2024-02-27 19:00:00+00:00,BTC,40656.88,41247.95,40335.51,40392.69,361.0046
2024-02-27 20:00:00+00:00,BTC,40392.69,40568.76,40000.98,40474.3,598.8991
2024-02-27 21:00:00+00:00,BTC,40474.3,40529.92,40017.49,40252.5,357.8795
2024-02-27 22:00:00+00:00,BTC,40252.5,40401.78,39787.66,40090.55,641.3511
2024-02-27 23:00:00+00:00,BTC,40090.55,40494.11,40065.77,40447.51,767.0385
2024-02-28 00:00:00+00:00,BTC,40447.51,40907.61,40106.9,40316.05,644.0085
2024-02-28 01:00:00+00:00,BTC,40316.05,40541.73,39754.7,40428.02,469.9522
2024-02-28 02:00:00+00:00,BTC,40428.02,40564.9,39975.82,39976.66,609.7061
2024-02-28 03:00:00+00:00,BTC,39976.66,40443.06,39924.06,40425.86,292.3535
2024-02-28 04:00:00+00:00,BTC,40425.86,40648.32,40263.91,40572.3,270.1726
2024-02-28 05:00:00+00:00,BTC,40572.3,40705.26,40411.21,40527.9,588.7412
2024-02-28 06:00:00+00:00,BTC,40527.9,40677.75,40237.1,40668.09,790.223
2024-02-28 07:00:00+00:00,BTC,40668.09,40819.12,40068.2,40325.54,324.9272
2024-02-28 08:00:00+00:00,BTC,40325.54,40614.09,40193.34,40612.67,502.6644
2024-02-28 09:00:00+00:00,BTC,40612.67,40702.42,40390.28,40533.8,583.0135
2024-02-28 10:00:00+00:00,BTC,40533.8,40738.1,40408.24,40484.2,403.2332
2024-02-28 11:00:00+00:00,BTC,40484.2,40574.61,40188.45,40364.95,443.9998
2024-02-28 12:00:00+00:00,BTC,40364.95,40800.54,40184.82,40224.57,619.7048
2024-02-28 13:00:00+00:00,BTC,40224.57,40713.48,39918.75,40392.57,519.2956
2024-02-28 14:00:00+00:00,BTC,40392.57,40537.74,40069.99,40454.64,520.0907
2024-02-28 15:00:00+00:00,BTC,40454.64,41167.05,40260.14,40613.15,354.5338
2024-02-28 16:00:00+00:00,BTC,40613.15,40788.25,40487.73,40611.01,494.5785
2024-02-28 17:00:00+00:00,BTC,40611.01,41085.48,40188.1,40736.25,434.9967
2024-02-28 18:00:00+00:00,BTC,40736.25,41008.93,40338.61,40634.0,443.2236
2024-02-28 19:00:00+00:00,BTC,40634.0,41229.61,40625.75,41181.27,413.6899
2024-02-28 20:00:00+00:00,BTC,41181.27,41269.78,40752.61,40795.67,495.2487
2024-02-28 21:00:00+00:00,BTC,40795.67,41428.17,40415.47,41105.49,368.9684
2024-02-28 22:00:00+00:00,BTC,41105.49,41843.12,41097.69,41444.25,502.1202
2024-02-28 23:00:00+00:00,BTC,41444.25,41576.83,41101.37,41232.89,440.0318
2024-02-29 00:00:00+00:00,BTC,41232.89,42176.68,40632.44,41788.11,360.8186
2024-02-29 01:00:00+00:00,BTC,41788.11,42305.24,41632.56,42038.45,252.8006
2024-02-29 02:00:00+00:00,BTC,42038.45,42665.36,41600.72,42284.12,696.6068
2024-02-29 03:00:00+00:00,BTC,42284.12,42333.4,42003.01,42291.23,649.2491
2024-02-29 04:00:00+00:00,BTC,42291.23,42430.24,42003.14,42236.14,377.2504
2024-02-29 05:00:00+00:00,BTC,42236.14,42324.07,42076.24,42183.11,634.7251
2024-02-29 06:00:00+00:00,BTC,42183.11,42371.25,41820.0,42282.07,349.3005
2024-02-29 07:00:00+00:00,BTC,42282.07,42879.35,41935.89,42639.04,449.0404
2024-02-29 08:00:00+00:00,BTC,42639.04,42776.83,42630.66,42685.45,415.3037
2024-02-29 09:00:00+00:00,BTC,42685.45,42708.39,42066.12,42452.65,453.7068
2024-02-29 10:00:00+00:00,BTC,42452.65,42736.06,42284.18,42663.17,626.89
2024-02-29 11:00:00+00:00,BTC,42663.17,43310.12,42606.81,42899.62,434.3941
2024-02-29 12:00:00+00:00,BTC,42899.62,43498.26,42412.48,43068.46,443.9599
2024-02-29 13:00:00+00:00,BTC,43068.46,43497.06,43049.74,43261.53,648.549
2024-02-29 14:00:00+00:00,BTC,43261.53,43777.86,43090.54,43191.26,510.9164
2024-02-29 15:00:00+00:00,BTC,43191.26,43285.72,42678.98,42951.19,406.4587
2024-02-29 16:00:00+00:00,BTC,42951.19,43167.3,42531.02,42728.03,543.9366
2024-02-29 17:00:00+00:00,BTC,42728.03,43171.02,42014.53,42310.8,707.7138
2024-02-29 18:00:00+00:00,BTC,42310.8,42556.73,42084.7,42371.0,723.5567
2024-02-29 19:00:00+00:00,BTC,42371.0,42660.39,42095.27,42349.79,314.5013
2024-02-29 20:00:00+00:00,BTC,42349.79,42792.07,42193.07,42238.13,320.0629
2024-02-29 21:00:00+00:00,BTC,42238.13,42721.73,41253.81,41495.7,709.3064
2024-02-29 22:00:00+00:00,BTC,41495.7,41722.76,41129.54,41186.31,452.133
2024-02-29 23:00:00+00:00,BTC,41186.31,41728.82,41147.31,41464.22,231.5061
2024-03-01 00:00:00+00:00,BTC,41464.22,41465.57,40998.51,41299.2,387.2779
2024-03-01 01:00:00+00:00,BTC,41299.2,41441.5,41232.18,41388.65,428.7798
2024-03-01 02:00:00+00:00,BTC,41388.65,41414.65,40843.03,41044.73,448.1862
2024-03-01 03:00:00+00:00,BTC,41044.73,41411.43,40759.05,41400.58,653.4938
2024-03-01 04:00:00+00:00,BTC,41400.58,41649.63,41357.29,41364.81,361.1883
2024-03-01 05:00:00+00:00,BTC,41364.81,41577.69,41114.72,41436.86,693.7034
2024-03-01 06:00:00+00:00,BTC,41436.86,42191.45,41284.75,42019.15,552.4729
2024-03-01 07:00:00+00:00,BTC,42019.15,42472.12,41966.47,42403.22,318.7219
2024-03-01 08:00:00+00:00,BTC,42403.22,42701.4,42178.86,42325.29,447.1045
2024-03-01 09:00:00+00:00,BTC,42325.29,42533.9,42034.56,42174.91,594.5124
2024-03-01 10:00:00+00:00,BTC,42174.91,42454.75,41971.49,42092.61,506.9715
2024-03-01 11:00:00+00:00,BTC,42092.61,42330.13,41542.16,42221.59,570.9198
2024-03-01 12:00:00+00:00,BTC,42221.59,42232.92,41892.96,42194.94,407.0811
2024-03-01 13:00:00+00:00,BTC,42194.94,42341.55,42091.84,42094.99,607.1506
2024-03-01 14:00:00+00:00,BTC,42094.99,42909.84,41957.76,42467.19,434.9132
2024-03-01 15:00:00+00:00,BTC,42467.19,42560.37,42171.98,42438.1,1218.9756
2024-03-01 16:00:00+00:00,BTC,42438.1,43057.9,42102.3,43027.7,315.0716
2024-03-01 17:00:00+00:00,BTC,43027.7,43250.87,42795.89,43051.14,1285.4844
2024-03-01 18:00:00+00:00,BTC,43051.14,43766.82,43036.02,43514.77,358.4203
2024-03-01 19:00:00+00:00,BTC,43514.77,43649.47,43474.47,43608.17,780.1894
2024-03-01 20:00:00+00:00,BTC,43608.17,44020.43,43518.66,43860.85,667.9494
2024-03-01 21:00:00+00:00,BTC,43860.85,43932.74,43398.63,43670.57,363.6749
2024-03-01 22:00:00+00:00,BTC,43670.57,44096.94,43079.57,43447.44,616.7249
2024-03-01 23:00:00+00:00,BTC,43447.44,43587.89,43148.9,43567.45,420.3445
2024-03-02 00:00:00+00:00,BTC,43567.45,44087.07,43077.81,43826.63,550.4882
2024-03-02 01:00:00+00:00,BTC,43826.63,43845.5,43780.01,43837.21,526.5581
2024-03-02 02:00:00+00:00,BTC,43837.21,43860.03,43388.7,43500.16,442.4598
2024-03-02 03:00:00+00:00,BTC,43500.16,43575.73,43072.53,43146.58,429.7732
2024-03-02 04:00:00+00:00,BTC,43146.58,43314.9,42385.28,42778.7,563.3569
2024-03-02 05:00:00+00:00,BTC,42778.7,43025.36,41801.48,42327.4,364.4066
2024-03-02 06:00:00+00:00,BTC,42327.4,42773.96,42232.34,42355.21,369.2503
2024-03-02 07:00:00+00:00,BTC,42355.21,43028.94,42282.73,42642.09,698.4403
2024-03-02 08:00:00+00:00,BTC,42642.09,42782.11,42535.64,42638.66,580.8795
2024-03-02 09:00:00+00:00,BTC,42638.66,42666.11,41863.56,42064.27,316.4846
2024-03-02 10:00:00+00:00,BTC,42064.27,42152.88,41740.45,42016.16,351.9398
2024-03-02 11:00:00+00:00,BTC,42016.16,42111.49,41832.96,41975.14,236.7085
2024-03-02 12:00:00+00:00,BTC,41975.14,42693.71,41481.08,42506.35,687.4572
2024-03-02 13:00:00+00:00,BTC,42506.35,42621.66,41591.6,42136.34,636.2615
2024-03-02 14:00:00+00:00,BTC,42136.34,42300.27,41765.52,42037.69,341.5667
2024-03-02 15:00:00+00:00,BTC,42037.69,43288.72,41261.11,42470.16,627.652
2024-03-02 16:00:00+00:00,BTC,42470.16,42903.06,41890.38,42584.98,1001.7798
2024-03-02 17:00:00+00:00,BTC,42584.98,42774.86,42296.2,42729.15,291.7332
2024-03-02 18:00:00+00:00,BTC,42729.15,43041.63,42393.78,42758.54,403.1557
2024-03-02 19:00:00+00:00,BTC,42758.54,43257.66,42573.81,42843.27,289.5104
2024-03-02 20:00:00+00:00,BTC,42843.27,43260.64,42795.46,43043.63,696.8697
2024-03-02 21:00:00+00:00,BTC,43043.63,43088.63,42563.31,42835.08,483.4694
2024-03-02 22:00:00+00:00,BTC,42835.08,43065.24,42656.31,43061.34,434.9675
2024-03-02 23:00:00+00:00,BTC,43061.34,43230.23,42396.5,42708.06,541.4249
2024-03-03 00:00:00+00:00,BTC,42708.06,42852.6,42209.15,42792.29,411.4474
2024-03-03 01:00:00+00:00,BTC,42792.29,42856.96,42726.99,42838.2,434.4309
2024-03-03 02:00:00+00:00,BTC,42838.2,42919.29,42369.33,42680.09,550.4714
2024-03-03 03:00:00+00:00,BTC,42680.09,42889.03,42569.23,42674.28,403.8651
2024-03-03 04:00:00+00:00,BTC,42674.28,42999.11,42302.57,42515.18,424.3095
2024-03-03 05:00:00+00:00,BTC,42515.18,42581.81,42237.04,42242.68,473.3457
2024-03-03 06:00:00+00:00,BTC,42242.68,42781.91,42122.19,42153.14,516.2428
2024-03-03 07:00:00+00:00,BTC,42153.14,42361.0,41593.58,41874.85,617.1941
2024-03-03 08:00:00+00:00,BTC,41874.85,42026.38,41726.57,41956.03,613.2286
2024-03-03 09:00:00+00:00,BTC,41956.03,42029.47,41500.94,41667.51,295.8202
2024-03-03 10:00:00+00:00,BTC,41667.51,41925.27,41546.82,41845.89,818.4326
2024-03-03 11:00:00+00:00,BTC,41845.89,42209.32,41542.77,41550.3,510.4532
2024-03-03 12:00:00+00:00,BTC,41550.3,41793.18,41121.53,41409.36,445.2014
2024-03-03 13:00:00+00:00,BTC,41409.36,41424.36,41096.56,41254.46,364.4425
2024-03-03 14:00:00+00:00,BTC,41254.46,41655.86,41207.56,41583.78,1003.066
2024-03-03 15:00:00+00:00,BTC,41583.78,41738.15,41448.44,41666.27,1142.0272
2024-03-03 16:00:00+00:00,BTC,41666.27,41864.36,40944.61,41613.37,960.8049
2024-03-03 17:00:00+00:00,BTC,41613.37,42147.58,41320.16,41738.07,521.7057
2024-03-03 18:00:00+00:00,BTC,41738.07,42226.53,40854.64,41213.7,563.9947
2024-03-03 19:00:00+00:00,BTC,41213.7,41598.54,41055.02,41203.03,842.5818
2024-03-03 20:00:00+00:00,BTC,41203.03,41978.93,41196.13,41699.82,459.5948
2024-03-03 21:00:00+00:00,BTC,41699.82,41917.09,41498.07,41732.95,604.2959
2024-03-03 22:00:00+00:00,BTC,41732.95,41822.24,41514.87,41749.96,541.3873
2024-03-03 23:00:00+00:00,BTC,41749.96,41940.91,41667.65,41887.49,978.6527
2024-03-04 00:00:00+00:00,BTC,41887.49,42222.67,41767.99,42113.18,826.6016
2024-03-04 01:00:00+00:00,BTC,42113.18,42202.41,41205.03,41611.48,476.4287
2024-03-04 02:00:00+00:00,BTC,41611.48,41994.52,41004.28,41193.57,852.6727
2024-03-04 03:00:00+00:00,BTC,41193.57,41247.17,41040.46,41245.58,499.328
2024-03-04 04:00:00+00:00,BTC,41245.58,41898.66,40728.76,41069.04,413.0571
2024-03-04 05:00:00+00:00,BTC,41069.04,41505.13,41046.33,41393.62,452.4785
2024-03-04 06:00:00+00:00,BTC,41393.62,41682.16,41308.31,41315.42,526.4741
2024-03-04 07:00:00+00:00,BTC,41315.42,41706.73,40818.82,40838.63,379.8744
2024-03-04 08:00:00+00:00,BTC,40838.63,41150.2,40256.44,40529.11,417.1482
2024-03-04 09:00:00+00:00,BTC,40529.11,40622.78,39442.08,39865.94,301.6972
2024-03-04 10:00:00+00:00,BTC,39865.94,40049.83,39803.04,39809.98,374.9299
2024-03-04 11:00:00+00:00,BTC,39809.98,39993.4,39498.25,39765.01,542.7775
2024-03-04 12:00:00+00:00,BTC,39765.01,40169.81,39627.03,39663.86,720.0758
2024-03-04 13:00:00+00:00,BTC,39663.86,39935.19,39205.51,39921.45,688.5028
2024-03-04 14:00:00+00:00,BTC,39921.45,40423.42,39890.89,40209.57,581.1751
2024-03-04 15:00:00+00:00,BTC,40209.57,40298.8,40057.55,40168.48,292.7626
2024-03-04 16:00:00+00:00,BTC,40168.48,40428.95,39368.08,39657.28,369.9091
2024-03-04 17:00:00+00:00,BTC,39657.28,40030.77,39556.93,39804.43,466.6144
2024-03-04 18:00:00+00:00,BTC,39804.43,39942.07,39652.73,39937.28,700.3636
2024-03-04 19:00:00+00:00,BTC,39937.28,40217.81,39718.77,40011.49,411.4589
2024-03-04 20:00:00+00:00,BTC,40011.49,40621.01,39702.69,40247.81,326.2597
2024-03-04 21:00:00+00:00,BTC,40247.81,40273.72,39485.04,39967.5,830.0691
2024-03-04 22:00:00+00:00,BTC,39967.5,40491.57,39899.46,40452.12,386.5965
2024-03-04 23:00:00+00:00,BTC,40452.12,40475.5,40057.11,40219.92,336.9227
2024-03-05 00:00:00+00:00,BTC,40219.92,41137.94,40217.86,40401.13,541.4093
2024-03-05 01:00:00+00:00,BTC,40401.13,40466.95,39923.86,39994.17,491.3133
2024-03-05 02:00:00+00:00,BTC,39994.17,40219.97,39450.4,39771.56,419.71
2024-03-05 03:00:00+00:00,BTC,39771.56,40164.47,39672.99,40135.06,500.0644
2024-03-05 04:00:00+00:00,BTC,40135.06,40226.53,39938.28,40072.29,361.5965
2024-03-05 05:00:00+00:00,BTC,40072.29,40288.81,39877.51,40274.74,418.0307
2024-03-05 06:00:00+00:00,BTC,40274.74,40688.38,40222.76,40332.04,493.7172
2024-03-05 07:00:00+00:00,BTC,40332.04,40831.17,39773.71,40306.65,245.1961
2024-03-05 08:00:00+00:00,BTC,40306.65,40736.96,39857.83,40637.84,698.4622
2024-03-05 09:00:00+00:00,BTC,40637.84,40826.18,40461.01,40580.18,309.2319
2024-03-05 10:00:00+00:00,BTC,40580.18,40823.71,39994.5,40148.91,359.9656
2024-03-05 11:00:00+00:00,BTC,40148.91,40372.24,39913.03,39955.88,709.5719
2024-03-05 12:00:00+00:00,BTC,39955.88,40134.41,39888.04,40088.24,610.249
2024-03-05 13:00:00+00:00,BTC,40088.24,40437.25,39715.75,40183.48,515.5175
2024-03-05 14:00:00+00:00,BTC,40183.48,40364.53,39689.33,39807.43,274.9918
2024-03-05 15:00:00+00:00,BTC,39807.43,39820.04,39520.33,39634.8,404.4871
2024-03-05 16:00:00+00:00,BTC,39634.8,40040.79,39488.79,39496.71,463.5681
2024-03-05 17:00:00+00:00,BTC,39496.71,39631.6,39146.59,39410.19,475.5048
2024-03-05 18:00:00+00:00,BTC,39410.19,39664.58,38976.69,39086.18,745.5369
2024-03-05 19:00:00+00:00,BTC,39086.18,39101.48,38764.51,38939.09,1004.8673
2024-03-05 20:00:00+00:00,BTC,38939.09,38965.78,38746.5,38769.24,620.0542
2024-03-05 21:00:00+00:00,BTC,38769.24,39063.23,38755.09,38949.12,414.7065
2024-03-05 22:00:00+00:00,BTC,38949.12,39451.66,38869.83,39138.67,764.8294
2024-03-05 23:00:00+00:00,BTC,39138.67,39753.39,39100.73,39104.44,406.7744
2024-03-06 00:00:00+00:00,BTC,39104.44,39291.82,38857.59,39012.57,199.6
2024-03-06 01:00:00+00:00,BTC,39012.57,39248.65,38877.53,39045.34,322.877
2024-03-06 02:00:00+00:00,BTC,39045.34,39147.11,38797.08,38854.5,217.987
2024-03-06 03:00:00+00:00,BTC,38854.5,39447.41,38323.17,38588.06,437.1462
2024-03-06 04:00:00+00:00,BTC,38588.06,38762.05,38291.67,38370.99,469.7538
2024-03-06 05:00:00+00:00,BTC,38370.99,38438.23,37980.54,38225.12,286.3381
2024-03-06 06:00:00+00:00,BTC,38225.12,38286.98,37674.85,37959.2,370.8019
2024-03-06 07:00:00+00:00,BTC,37959.2,38062.78,37660.64,37996.13,303.5005
2024-03-06 08:00:00+00:00,BTC,37996.13,38711.03,37919.75,38162.85,478.2612
2024-03-06 09:00:00+00:00,BTC,38162.85,38375.43,37692.6,37801.17,370.8835
2024-03-06 10:00:00+00:00,BTC,37801.17,37939.76,37448.58,37806.87,712.0064
2024-03-06 11:00:00+00:00,BTC,37806.87,38001.14,37552.51,37757.01,530.5943
2024-03-06 12:00:00+00:00,BTC,37757.01,37912.78,37670.42,37834.46,876.8042
2024-03-06 13:00:00+00:00,BTC,37834.46,37900.02,37753.09,37831.52,426.4266
2024-03-06 14:00:00+00:00,BTC,37831.52,37995.75,37404.83,37503.0,1059.0593
2024-03-06 15:00:00+00:00,BTC,37503.0,37963.42,37215.8,37220.02,500.4412
2024-03-06 16:00:00+00:00,BTC,37220.02,37229.01,36548.36,37226.59,415.5676
2024-03-06 17:00:00+00:00,BTC,37226.59,37626.3,36818.82,37457.09,1161.7301
2024-03-06 18:00:00+00:00,BTC,37457.09,37609.15,36778.1,36962.75,263.6522
2024-03-06 19:00:00+00:00,BTC,36962.75,37071.14,36959.75,37039.51,412.0607
2024-03-06 20:00:00+00:00,BTC,37039.51,37418.81,36933.29,37304.83,279.1756
2024-03-06 21:00:00+00:00,BTC,37304.83,37307.17,36849.53,37270.6,262.7523
2024-03-06 22:00:00+00:00,BTC,37270.6,37566.38,37076.03,37393.84,242.5264
2024-03-06 23:00:00+00:00,BTC,37393.84,37412.92,36947.34,37236.43,620.4674
2024-03-07 00:00:00+00:00,BTC,37236.43,37306.82,37023.03,37209.77,314.0147
2024-03-07 01:00:00+00:00,BTC,37209.77,37406.23,36560.74,36849.64,457.3444
2024-03-07 02:00:00+00:00,BTC,36849.64,36889.21,36132.42,36334.94,683.1939
2024-03-07 03:00:00+00:00,BTC,36334.94,36555.53,36166.7,36541.05,588.0306
2024-03-07 04:00:00+00:00,BTC,36541.05,36814.39,36318.77,36325.73,577.9458
2024-03-07 05:00:00+00:00,BTC,36325.73,36458.22,35751.22,36226.58,764.6709
2024-03-07 06:00:00+00:00,BTC,36226.58,36600.76,35573.87,35926.48,878.2301
2024-03-07 07:00:00+00:00,BTC,35926.48,36097.17,35578.13,35623.83,322.6283
2024-03-07 08:00:00+00:00,BTC,35623.83,35812.79,35482.61,35586.69,592.1317
2024-03-07 09:00:00+00:00,BTC,35586.69,35751.03,35092.78,35431.25,454.5611
2024-03-07 10:00:00+00:00,BTC,35431.25,35959.63,35422.81,35511.7,474.9796
2024-03-07 11:00:00+00:00,BTC,35511.7,36187.96,35274.16,35608.25,294.5921
2024-03-07 12:00:00+00:00,BTC,35608.25,35790.0,35357.06,35676.86,415.0613
2024-03-07 13:00:00+00:00,BTC,35676.86,35853.94,35616.38,35727.98,431.2325
2024-03-07 14:00:00+00:00,BTC,35727.98,36341.11,35622.63,36067.8,824.8462
2024-03-07 15:00:00+00:00,BTC,36067.8,36126.27,35676.93,35837.51,333.7032
2024-03-07 16:00:00+00:00,BTC,35837.51,35936.44,35704.43,35825.7,216.9569
2024-03-07 17:00:00+00:00,BTC,35825.7,36429.26,35604.51,36070.0,498.9336
2024-03-07 18:00:00+00:00,BTC,36070.0,36689.96,36038.86,36344.72,322.0607
2024-03-07 19:00:00+00:00,BTC,36344.72,36588.65,36021.13,36035.99,476.1611
2024-03-07 20:00:00+00:00,BTC,36035.99,36114.65,35929.8,35968.52,630.0963
2024-03-07 21:00:00+00:00,BTC,35968.52,36293.35,35752.72,36262.82,482.8339
2024-03-07 22:00:00+00:00,BTC,36262.82,36407.87,36092.04,36373.53,429.9515
2024-03-07 23:00:00+00:00,BTC,36373.53,36492.97,36163.76,36416.17,473.339
2024-03-08 00:00:00+00:00,BTC,36416.17,36451.32,36239.13,36368.64,672.6316
2024-03-08 01:00:00+00:00,BTC,36368.64,36381.7,36274.9,36284.98,333.7775
2024-03-08 02:00:00+00:00,BTC,36284.98,36657.89,36181.55,36347.79,645.2106
2024-03-08 03:00:00+00:00,BTC,36347.79,36723.19,36145.03,36292.79,351.7968
2024-03-08 04:00:00+00:00,BTC,36292.79,36425.41,36001.67,36283.52,617.2862
2024-03-08 05:00:00+00:00,BTC,36283.52,36487.4,36270.13,36300.63,291.3504
2024-03-08 06:00:00+00:00,BTC,36300.63,36371.24,35965.7,36153.25,604.5514
2024-03-08 07:00:00+00:00,BTC,36153.25,36769.66,36112.99,36268.86,482.4866
2024-03-08 08:00:00+00:00,BTC,36268.86,36993.48,36209.29,36908.61,517.1857
2024-03-08 09:00:00+00:00,BTC,36908.61,36940.01,36423.88,36517.19,699.4108
2024-03-08 10:00:00+00:00,BTC,36517.19,36595.34,36326.83,36588.25,375.1122
2024-03-08 11:00:00+00:00,BTC,36588.25,36644.35,36397.19,36421.75,495.6352
2024-03-08 12:00:00+00:00,BTC,36421.75,36607.21,36129.25,36548.14,555.9972
2024-03-08 13:00:00+00:00,BTC,36548.14,36649.21,36523.67,36558.36,450.3181
2024-03-08 14:00:00+00:00,BTC,36558.36,37063.35,36274.11,36725.85,642.5755
2024-03-08 15:00:00+00:00,BTC,36725.85,37042.95,36665.6,36985.8,561.1821
2024-03-08 16:00:00+00:00,BTC,36985.8,37391.77,36414.88,37028.52,408.1493
2024-03-08 17:00:00+00:00,BTC,37028.52,37356.13,37014.99,37280.89,777.3294
2024-03-08 18:00:00+00:00,BTC,37280.89,37285.51,36298.65,36760.17,608.6673
2024-03-08 19:00:00+00:00,BTC,36760.17,37154.92,36402.06,37112.64,372.3036
2024-03-08 20:00:00+00:00,BTC,37112.64,37242.38,36822.84,37196.25,370.9991
2024-03-08 21:00:00+00:00,BTC,37196.25,37500.83,37098.48,37437.58,463.0239
2024-03-08 22:00:00+00:00,BTC,37437.58,37463.49,36918.1,37164.57,584.774
2024-03-08 23:00:00+00:00,BTC,37164.57,37375.2,36746.4,36979.78,230.42
2024-03-09 00:00:00+00:00,BTC,36979.78,37193.47,36902.37,37012.17,377.8245
2024-03-09 01:00:00+00:00,BTC,37012.17,37162.83,36824.9,37008.39,408.4995
2024-03-09 02:00:00+00:00,BTC,37008.39,37464.85,37001.88,37071.3,302.3028
2024-03-09 03:00:00+00:00,BTC,37071.3,37472.95,36830.8,37313.31,349.6699
2024-03-09 04:00:00+00:00,BTC,37313.31,37361.78,36851.73,36920.2,524.6144
2024-03-09 05:00:00+00:00,BTC,36920.2,37297.85,36890.97,37136.55,421.3605
2024-03-09 06:00:00+00:00,BTC,37136.55,37268.21,37076.4,37138.4,433.1109
2024-03-09 07:00:00+00:00,BTC,37138.4,37267.7,36806.84,37093.02,308.6118
2024-03-09 08:00:00+00:00,BTC,37093.02,37495.97,36481.09,36767.05,463.9966
2024-03-09 09:00:00+00:00,BTC,36767.05,37058.41,36543.4,36878.19,295.3573
2024-03-09 10:00:00+00:00,BTC,36878.19,37099.61,35936.66,36347.87,833.1956
2024-03-09 11:00:00+00:00,BTC,36347.87,36575.23,36090.64,36489.56,920.3673
2024-03-09 12:00:00+00:00,BTC,36489.56,36632.18,35900.75,36164.34,423.6892
2024-03-09 13:00:00+00:00,BTC,36164.34,36424.26,35968.56,36175.94,337.5636
2024-03-09 14:00:00+00:00,BTC,36175.94,36228.36,36000.33,36150.08,674.3296
2024-03-09 15:00:00+00:00,BTC,36150.08,36521.14,36074.07,36404.65,615.1926
2024-03-09 16:00:00+00:00,BTC,36404.65,36530.53,36340.61,36365.64,963.6893
2024-03-09 17:00:00+00:00,BTC,36365.64,36439.87,36204.21,36214.5,1057.841
2024-03-09 18:00:00+00:00,BTC,36214.5,36336.79,36035.5,36104.59,245.9739
2024-03-09 19:00:00+00:00,BTC,36104.59,36585.55,36068.04,36381.39,750.0493
2024-03-09 20:00:00+00:00,BTC,36381.39,36598.15,36378.4,36498.64,462.5387
2024-03-09 21:00:00+00:00,BTC,36498.64,36698.05,36322.41,36414.29,605.9449
2024-03-09 22:00:00+00:00,BTC,36414.29,36471.2,36304.04,36362.67,656.4556
2024-03-09 23:00:00+00:00,BTC,36362.67,36403.4,35964.51,36022.35,646.8913
2024-03-10 00:00:00+00:00,BTC,36022.35,36158.97,35919.91,36106.41,709.6256
2024-03-10 01:00:00+00:00,BTC,36106.41,36174.79,35284.07,35727.17,410.9673
2024-03-10 02:00:00+00:00,BTC,35727.17,35955.59,35660.82,35888.69,358.203
2024-03-10 03:00:00+00:00,BTC,35888.69,36059.14,35547.48,35916.4,757.5031
2024-03-10 04:00:00+00:00,BTC,35916.4,36672.23,35794.74,36434.49,368.5231
2024-03-10 05:00:00+00:00,BTC,36434.49,36440.05,36016.13,36194.78,959.1981
2024-03-10 06:00:00+00:00,BTC,36194.78,36232.08,35644.52,36172.49,382.6332
2024-03-10 07:00:00+00:00,BTC,36172.49,36748.26,36077.52,36564.9,437.6045
2024-03-10 08:00:00+00:00,BTC,36564.9,36898.11,36449.73,36827.21,467.7643
2024-03-10 09:00:00+00:00,BTC,36827.21,36995.71,36561.37,36673.7,291.5574
2024-03-10 10:00:00+00:00,BTC,36673.7,36838.23,36670.78,36723.01,291.8519
2024-03-10 11:00:00+00:00,BTC,36723.01,36826.63,36678.94,36723.45,688.0216
2024-03-10 12:00:00+00:00,BTC,36723.45,37094.27,36717.96,36785.63,273.8538
2024-03-10 13:00:00+00:00,BTC,36785.63,36795.1,36563.79,36631.74,1207.7206
2024-03-10 14:00:00+00:00,BTC,36631.74,36702.73,36115.8,36612.12,483.7963
2024-03-10 15:00:00+00:00,BTC,36612.12,36726.73,36223.91,36262.75,348.7438
2024-03-10 16:00:00+00:00,BTC,36262.75,36413.79,36180.07,36292.16,579.2212
2024-03-10 17:00:00+00:00,BTC,36292.16,37220.14,36040.71,36390.28,211.2285
2024-03-10 18:00:00+00:00,BTC,36390.28,36743.63,36151.17,36340.66,444.9044
2024-03-10 19:00:00+00:00,BTC,36340.66,36551.11,35711.09,35990.21,465.3262
2024-03-10 20:00:00+00:00,BTC,35990.21,36342.8,35567.63,36204.31,320.9985
2024-03-10 21:00:00+00:00,BTC,36204.31,36383.29,36127.89,36283.58,400.8089
2024-03-10 22:00:00+00:00,BTC,36283.58,36390.77,36064.88,36125.87,852.963
2024-03-10 23:00:00+00:00,BTC,36125.87,36251.42,35616.28,36065.1,533.1195
2024-03-11 00:00:00+00:00,BTC,36065.1,36244.58,35478.66,35741.83,575.0297
2024-03-11 01:00:00+00:00,BTC,35741.83,36033.55,35485.2,35522.6,379.6383
2024-03-11 02:00:00+00:00,BTC,35522.6,35968.41,35159.89,35408.16,314.6366
2024-03-11 03:00:00+00:00,BTC,35408.16,35793.48,35205.12,35670.1,459.5451
2024-03-11 04:00:00+00:00,BTC,35670.1,35713.33,35515.42,35533.5,211.5455
2024-03-11 05:00:00+00:00,BTC,35533.5,35702.03,35393.61,35670.25,340.605
2024-03-11 06:00:00+00:00,BTC,35670.25,35778.9,35512.27,35555.23,322.5419
2024-03-11 07:00:00+00:00,BTC,35555.23,35829.51,35287.77,35608.16,244.9465
2024-03-11 08:00:00+00:00,BTC,35608.16,36084.01,35437.46,35577.97,627.5568
2024-03-11 09:00:00+00:00,BTC,35577.97,35817.41,35406.62,35764.82,477.6752
2024-03-11 10:00:00+00:00,BTC,35764.82,35844.12,35272.55,35650.24,402.5114
2024-03-11 11:00:00+00:00,BTC,35650.24,35680.72,34826.6,35315.46,632.3631
2024-03-11 12:00:00+00:00,BTC,35315.46,35542.29,34810.3,35023.85,281.2132
2024-03-11 13:00:00+00:00,BTC,35023.85,35379.14,34821.27,34912.25,312.4222
2024-03-11 14:00:00+00:00,BTC,34912.25,35133.85,34641.51,34651.59,739.2765
2024-03-11 15:00:00+00:00,BTC,34651.59,34887.0,34306.24,34736.98,1111.0942
2024-03-11 16:00:00+00:00,BTC,34736.98,34766.7,34468.53,34640.04,635.2937
2024-03-11 17:00:00+00:00,BTC,34640.04,35250.08,34446.28,35137.11,589.7261
2024-03-11 18:00:00+00:00,BTC,35137.11,35580.33,34726.97,34772.66,407.8737
2024-03-11 19:00:00+00:00,BTC,34772.66,34851.81,34743.64,34815.17,411.1695
2024-03-11 20:00:00+00:00,BTC,34815.17,35043.96,34359.35,34580.35,541.3967
2024-03-11 21:00:00+00:00,BTC,34580.35,34762.1,34140.35,34478.13,808.4529
2024-03-11 22:00:00+00:00,BTC,34478.13,34581.49,34440.02,34507.4,580.5049
2024-03-11 23:00:00+00:00,BTC,34507.4,34513.32,33715.65,34029.28,699.1696
2024-03-12 00:00:00+00:00,BTC,34029.28,34177.07,33854.9,34077.67,362.8277
2024-03-12 01:00:00+00:00,BTC,34077.67,34707.36,33720.98,34468.98,620.5039
2024-03-12 02:00:00+00:00,BTC,34468.98,34717.55,34249.84,34375.33,395.2971
2024-03-12 03:00:00+00:00,BTC,34375.33,34474.83,34234.38,34428.96,525.1381
2024-03-12 04:00:00+00:00,BTC,34428.96,34648.66,34395.03,34641.34,620.2641
2024-03-12 05:00:00+00:00,BTC,34641.34,34743.4,34440.63,34607.27,415.1652
2024-03-12 06:00:00+00:00,BTC,34607.27,34701.76,34460.21,34486.85,350.2443
2024-03-12 07:00:00+00:00,BTC,34486.85,34519.77,33994.71,34019.15,567.6566
2024-03-12 08:00:00+00:00,BTC,34019.15,34337.18,33692.27,34150.24,476.9625
2024-03-12 09:00:00+00:00,BTC,34150.24,34190.18,34112.85,34127.06,524.3994
2024-03-12 10:00:00+00:00,BTC,34127.06,34334.06,33802.39,33920.33,629.3002
2024-03-12 11:00:00+00:00,BTC,33920.33,34205.83,33633.05,33946.11,790.099
2024-03-12 12:00:00+00:00,BTC,33946.11,34000.4,33498.17,33827.43,630.6499
2024-03-12 13:00:00+00:00,BTC,33827.43,33834.63,33665.26,33720.35,602.319
2024-03-12 14:00:00+00:00,BTC,33720.35,33988.81,33657.8,33843.24,419.6731
2024-03-12 15:00:00+00:00,BTC,33843.24,33919.34,33301.86,33572.56,442.8424
2024-03-12 16:00:00+00:00,BTC,33572.56,34067.91,33204.06,33784.19,586.2136
2024-03-12 17:00:00+00:00,BTC,33784.19,33809.89,33443.62,33502.05,440.3065
2024-03-12 18:00:00+00:00,BTC,33502.05,33795.97,33339.72,33369.11,585.3641
2024-03-12 19:00:00+00:00,BTC,33369.11,33947.0,33368.11,33756.34,375.8319
2024-03-12 20:00:00+00:00,BTC,33756.34,34000.84,33680.58,33985.44,982.284
2024-03-12 21:00:00+00:00,BTC,33985.44,34136.28,33904.02,34005.35,535.0689
2024-03-12 22:00:00+00:00,BTC,34005.35,34172.74,33763.73,33813.99,522.9103
2024-03-12 23:00:00+00:00,BTC,33813.99,34083.65,33469.53,33706.78,422.2917
2024-03-13 00:00:00+00:00,BTC,33706.78,34455.59,33482.29,33570.23,22463.7814
2024-03-13 01:00:00+00:00,BTC,33570.23,34755.27,32524.63,33400.78,7416.4124
2024-03-13 02:00:00+00:00,BTC,33400.78,34824.86,32987.57,33112.93,8991.603
2024-03-13 03:00:00+00:00,BTC,33112.93,34753.68,32563.48,32882.79,15504.0942
2024-03-13 04:00:00+00:00,BTC,32882.79,34058.91,31599.64,32486.86,12506.2284
2024-03-13 05:00:00+00:00,BTC,32486.86,33502.62,30985.61,31011.22,9397.825
2024-03-13 06:00:00+00:00,BTC,31011.22,31082.5,30253.29,30379.74,9492.6363
2024-03-13 07:00:00+00:00,BTC,30379.74,31458.48,30349.06,30977.9,10386.7943
2024-03-13 08:00:00+00:00,BTC,30977.9,31012.65,28075.36,29631.85,11918.5489
2024-03-13 09:00:00+00:00,BTC,29631.85,29732.84,29035.54,29295.42,19808.6339
2024-03-13 10:00:00+00:00,BTC,29295.42,29614.07,27507.28,28456.22,14212.9523
2024-03-13 11:00:00+00:00,BTC,28456.22,29031.67,28231.09,28371.17,16453.1074
2024-03-13 12:00:00+00:00,BTC,28371.17,28481.78,27278.23,27893.14,9878.405
2024-03-13 13:00:00+00:00,BTC,27893.14,29747.92,27717.61,28894.08,13774.9592
2024-03-13 14:00:00+00:00,BTC,28894.08,29452.37,28205.19,29128.29,6673.6762
2024-03-13 15:00:00+00:00,BTC,29128.29,30809.15,27010.43,27906.74,12256.9737
2024-03-13 16:00:00+00:00,BTC,27906.74,28568.25,27205.06,28262.94,11984.728
2024-03-13 17:00:00+00:00,BTC,28262.94,28749.96,27428.5,27488.02,21754.9847
2024-03-13 18:00:00+00:00,BTC,27488.02,28407.45,25970.54,26882.7,19836.0661
2024-03-13 19:00:00+00:00,BTC,26882.7,27017.11,25710.63,26954.73,10505.4384
2024-03-13 20:00:00+00:00,BTC,26954.73,27034.06,25628.45,26424.16,8639.5279
2024-03-13 21:00:00+00:00,BTC,26424.16,26950.4,26321.76,26928.03,8722.9272
2024-03-13 22:00:00+00:00,BTC,26928.03,28926.39,24783.81,26189.81,10373.1553
2024-03-13 23:00:00+00:00,BTC,26189.81,27148.11,25274.94,25583.02,18137.0423
2024-03-14 00:00:00+00:00,BTC,25583.02,25781.01,24057.9,24964.11,13297.3485
2024-03-14 01:00:00+00:00,BTC,24964.11,25115.06,24274.98,24422.14,13785.9507
2024-03-14 02:00:00+00:00,BTC,24422.14,25218.3,23496.86,25032.04,15275.7932
2024-03-14 03:00:00+00:00,BTC,25032.04,25961.17,24237.04,25321.45,8120.5023
2024-03-14 04:00:00+00:00,BTC,25321.45,26578.37,24283.61,26401.45,8972.6076
2024-03-14 05:00:00+00:00,BTC,26401.45,28270.82,24861.41,27960.75,13796.6878
2024-03-14 06:00:00+00:00,BTC,27960.75,28489.31,26517.66,26999.83,8755.8701
2024-03-14 07:00:00+00:00,BTC,26999.83,27495.16,25900.67,26888.3,6740.2987
2024-03-14 08:00:00+00:00,BTC,26888.3,27426.83,25344.89,25858.69,7873.0319
2024-03-14 09:00:00+00:00,BTC,25858.69,25908.49,24829.32,25147.6,16632.7467
2024-03-14 10:00:00+00:00,BTC,25147.6,25385.08,23910.29,24557.3,10088.7273
2024-03-14 11:00:00+00:00,BTC,24557.3,24783.2,23183.15,23695.8,12445.9438
2024-03-14 12:00:00+00:00,BTC,23695.8,24452.49,22916.35,23008.07,8012.1799
2024-03-14 13:00:00+00:00,BTC,23008.07,23021.6,22556.51,22917.81,12699.9554
2024-03-14 14:00:00+00:00,BTC,22917.81,23583.32,22188.38,22191.12,9774.2001
2024-03-14 15:00:00+00:00,BTC,22191.12,23211.28,22010.25,22677.09,12113.5085
2024-03-14 16:00:00+00:00,BTC,22677.09,23153.93,21715.66,22163.42,8445.2234
2024-03-14 17:00:00+00:00,BTC,22163.42,25117.26,21593.69,23723.21,11457.2376
2024-03-14 18:00:00+00:00,BTC,23723.21,23801.77,23388.82,23473.45,7670.4042
2024-03-14 19:00:00+00:00,BTC,23473.45,23794.77,23015.37,23511.83,8599.6359
2024-03-14 20:00:00+00:00,BTC,23511.83,24703.69,22642.17,22853.3,7697.6348
2024-03-14 21:00:00+00:00,BTC,22853.3,23786.55,22541.88,23693.9,8160.8059
2024-03-14 22:00:00+00:00,BTC,23693.9,24591.77,23591.07,24241.62,8497.6374
2024-03-14 23:00:00+00:00,BTC,24241.62,24559.62,24149.51,24383.51,6162.1758
2024-03-15 00:00:00+00:00,BTC,24383.51,25088.29,22348.69,23770.78,6663.3819
2024-03-15 01:00:00+00:00,BTC,23770.78,24096.69,23379.39,23861.78,7012.0259
2024-03-15 02:00:00+00:00,BTC,23861.78,23864.91,23238.61,23401.23,7393.2685
2024-03-15 03:00:00+00:00,BTC,23401.23,24305.51,22833.73,23976.97,5657.6582
2024-03-15 04:00:00+00:00,BTC,23976.97,24323.18,23879.35,24286.71,3981.51
2024-03-15 05:00:00+00:00,BTC,24286.71,24417.05,24244.62,24321.74,5206.9203
2024-03-15 06:00:00+00:00,BTC,24321.74,24751.6,23336.16,23486.4,5907.9341
2024-03-15 07:00:00+00:00,BTC,23486.4,23545.93,23174.62,23174.68,2692.3483
2024-03-15 08:00:00+00:00,BTC,23174.68,23437.43,22994.6,23380.04,2464.5131
2024-03-15 09:00:00+00:00,BTC,23380.04,23940.58,23346.32,23724.8,2803.2879
2024-03-15 10:00:00+00:00,BTC,23724.8,24048.32,23171.13,24024.31,2949.7711
2024-03-15 11:00:00+00:00,BTC,24024.31,24314.78,23509.2,23624.11,1286.6491
2024-03-15 12:00:00+00:00,BTC,23624.11,23817.07,23374.02,23693.97,2929.8829
2024-03-15 13:00:00+00:00,BTC,23693.97,24291.17,23551.69,23912.36,1892.3979
2024-03-15 14:00:00+00:00,BTC,23912.36,24240.35,23559.19,23586.42,719.3185
2024-03-15 15:00:00+00:00,BTC,23586.42,23677.17,23398.35,23585.02,852.4911
2024-03-15 16:00:00+00:00,BTC,23585.02,23954.26,23363.22,23628.71,791.5028
2024-03-15 17:00:00+00:00,BTC,23628.71,23693.37,23542.95,23586.11,268.8679
2024-03-15 18:00:00+00:00,BTC,23586.11,23654.72,23242.3,23325.45,702.236
2024-03-15 19:00:00+00:00,BTC,23325.45,23330.42,23231.72,23279.91,533.7885
2024-03-15 20:00:00+00:00,BTC,23279.91,23569.85,23151.45,23234.24,633.9527
2024-03-15 21:00:00+00:00,BTC,23234.24,23366.25,23095.96,23213.61,348.7833
2024-03-15 22:00:00+00:00,BTC,23213.61,23524.8,22906.68,23135.26,577.4308
2024-03-15 23:00:00+00:00,BTC,23135.26,23195.71,23012.53,23073.85,396.7804
2024-03-16 00:00:00+00:00,BTC,23073.85,23207.39,23056.88,23068.35,467.4274
2024-03-16 01:00:00+00:00,BTC,23068.35,23228.31,23033.36,23129.67,565.7196
2024-03-16 02:00:00+00:00,BTC,23129.67,23228.1,23006.76,23087.46,487.8877
2024-03-16 03:00:00+00:00,BTC,23087.46,23211.96,22944.43,23030.78,663.5173
2024-03-16 04:00:00+00:00,BTC,23030.78,23134.63,22999.22,23043.55,524.9407
2024-03-16 05:00:00+00:00,BTC,23043.55,23122.46,22305.43,22779.49,425.1805
2024-03-16 06:00:00+00:00,BTC,22779.49,23006.6,22620.56,22844.78,671.5687
2024-03-16 07:00:00+00:00,BTC,22844.78,22955.28,22505.84,22844.7,722.9837
2024-03-16 08:00:00+00:00,BTC,22844.7,22860.32,22800.18,22850.14,515.5668
2024-03-16 09:00:00+00:00,BTC,22850.14,23062.88,22825.73,22982.24,798.1094
2024-03-16 10:00:00+00:00,BTC,22982.24,23125.9,22547.52,22714.53,460.4497
2024-03-16 11:00:00+00:00,BTC,22714.53,22794.02,22402.21,22447.11,478.1052
2024-03-16 12:00:00+00:00,BTC,22447.11,22520.26,22351.26,22484.02,500.7669
2024-03-16 13:00:00+00:00,BTC,22484.02,22622.69,22011.14,22483.06,477.7938
2024-03-16 14:00:00+00:00,BTC,22483.06,22692.33,22358.85,22506.03,448.5041
2024-03-16 15:00:00+00:00,BTC,22506.03,22629.86,22400.32,22443.71,389.3223
2024-03-16 16:00:00+00:00,BTC,22443.71,22715.89,22212.27,22533.35,353.0697
2024-03-16 17:00:00+00:00,BTC,22533.35,22755.86,22485.64,22659.8,519.7638
2024-03-16 18:00:00+00:00,BTC,22659.8,22781.88,22546.69,22725.69,760.5389
2024-03-16 19:00:00+00:00,BTC,22725.69,22730.09,22554.22,22690.16,664.8614
2024-03-16 20:00:00+00:00,BTC,22690.16,22759.3,22147.27,22405.02,572.7434
2024-03-16 21:00:00+00:00,BTC,22405.02,22563.59,22392.84,22508.67,774.1899
2024-03-16 22:00:00+00:00,BTC,22508.67,22702.48,22242.85,22674.27,503.3797
2024-03-16 23:00:00+00:00,BTC,22674.27,22812.29,22615.56,22762.13,353.7263
2024-03-17 00:00:00+00:00,BTC,22762.13,22767.62,22608.32,22642.31,442.4387
2024-03-17 01:00:00+00:00,BTC,22642.31,23007.52,22539.19,22734.03,489.4963
2024-03-17 02:00:00+00:00,BTC,22734.03,22861.47,22670.06,22851.72,417.9075
2024-03-17 03:00:00+00:00,BTC,22851.72,23158.33,22715.64,23066.45,619.0163
2024-03-17 04:00:00+00:00,BTC,23066.45,23086.52,22631.09,22945.52,693.7051
2024-03-17 05:00:00+00:00,BTC,22945.52,23083.14,22865.36,22914.36,272.698
2024-03-17 06:00:00+00:00,BTC,22914.36,23057.48,22823.25,23017.33,475.1816
2024-03-17 07:00:00+00:00,BTC,23017.33,23093.76,23007.78,23025.26,181.0033
2024-03-17 08:00:00+00:00,BTC,23025.26,23159.2,22829.23,22871.42,484.2287
2024-03-17 09:00:00+00:00,BTC,22871.42,22991.12,22734.23,22928.38,482.3379
2024-03-17 10:00:00+00:00,BTC,22928.38,23202.6,22900.01,23008.13,931.0207
2024-03-17 11:00:00+00:00,BTC,23008.13,23073.38,22704.22,23020.28,838.2346
2024-03-17 12:00:00+00:00,BTC,23020.28,23149.23,22835.62,23050.62,692.9312
2024-03-17 13:00:00+00:00,BTC,23050.62,23180.57,22890.2,23014.87,357.3442
2024-03-17 14:00:00+00:00,BTC,23014.87,23407.23,22841.23,23219.92,350.1916
2024-03-17 15:00:00+00:00,BTC,23219.92,23325.22,23029.63,23094.77,340.6955
2024-03-17 16:00:00+00:00,BTC,23094.77,23218.59,22964.62,23013.53,853.1404
2024-03-17 17:00:00+00:00,BTC,23013.53,23081.35,22829.59,23015.05,363.5633
2024-03-17 18:00:00+00:00,BTC,23015.05,23291.26,23006.83,23136.74,436.88
2024-03-17 19:00:00+00:00,BTC,23136.74,23291.13,22858.19,22929.81,364.924
2024-03-17 20:00:00+00:00,BTC,22929.81,23016.04,22666.46,22750.24,321.9022
2024-03-17 21:00:00+00:00,BTC,22750.24,22762.84,22421.36,22473.78,561.7314
2024-03-17 22:00:00+00:00,BTC,22473.78,22558.83,22452.19,22478.19,527.5683
2024-03-17 23:00:00+00:00,BTC,22478.19,22524.38,22260.95,22327.87,229.5251
2024-03-18 00:00:00+00:00,BTC,22327.87,22617.44,22093.39,22276.42,317.0093
2024-03-18 01:00:00+00:00,BTC,22276.42,22564.87,22238.14,22364.99,546.713
2024-03-18 02:00:00+00:00,BTC,22364.99,22484.06,22268.34,22279.07,487.5209
2024-03-18 03:00:00+00:00,BTC,22279.07,22491.2,22127.58,22310.0,434.5374
2024-03-18 04:00:00+00:00,BTC,22310.0,22326.94,22211.89,22269.97,618.0661
2024-03-18 05:00:00+00:00,BTC,22269.97,22477.29,22183.54,22359.96,301.7342
2024-03-18 06:00:00+00:00,BTC,22359.96,22497.38,22230.82,22423.79,406.0032
2024-03-18 07:00:00+00:00,BTC,22423.79,22550.91,22174.28,22330.89,599.3952
2024-03-18 08:00:00+00:00,BTC,22330.89,22371.28,22255.07,22308.31,398.3595
2024-03-18 09:00:00+00:00,BTC,22308.31,22561.44,22027.5,22448.45,557.7994
2024-03-18 10:00:00+00:00,BTC,22448.45,22617.0,22341.09,22501.5,334.7646
2024-03-18 11:00:00+00:00,BTC,22501.5,22616.27,22281.62,22313.68,374.7506
2024-03-18 12:00:00+00:00,BTC,22313.68,22525.06,22245.5,22401.63,267.9603
2024-03-18 13:00:00+00:00,BTC,22401.63,22425.76,22154.27,22256.32,243.3775
2024-03-18 14:00:00+00:00,BTC,22256.32,22459.02,22160.08,22445.75,423.2769
2024-03-18 15:00:00+00:00,BTC,22445.75,22589.63,22398.06,22584.09,585.2953
2024-03-18 16:00:00+00:00,BTC,22584.09,22662.74,22556.08,22623.41,480.3085
2024-03-18 17:00:00+00:00,BTC,22623.41,22754.19,22535.37,22644.76,750.4761
2024-03-18 18:00:00+00:00,BTC,22644.76,22710.02,22584.95,22616.38,435.776
2024-03-18 19:00:00+00:00,BTC,22616.38,22712.49,22464.22,22708.64,238.0687
2024-03-18 20:00:00+00:00,BTC,22708.64,22713.72,22468.31,22658.18,564.0123
2024-03-18 21:00:00+00:00,BTC,22658.18,22699.86,22621.51,22690.23,342.7918
2024-03-18 22:00:00+00:00,BTC,22690.23,22899.53,22618.59,22809.24,522.5216
2024-03-18 23:00:00+00:00,BTC,22809.24,22947.81,22658.61,22732.49,224.6828
2024-03-19 00:00:00+00:00,BTC,22732.49,22820.45,22607.35,22648.6,454.1107
2024-03-19 01:00:00+00:00,BTC,22648.6,22747.85,22462.63,22486.87,639.4128
2024-03-19 02:00:00+00:00,BTC,22486.87,22624.78,22294.42,22343.71,612.6391
2024-03-19 03:00:00+00:00,BTC,22343.71,22352.32,21936.64,22099.93,457.9905
2024-03-19 04:00:00+00:00,BTC,22099.93,22296.45,21891.01,22196.92,491.0972
2024-03-19 05:00:00+00:00,BTC,22196.92,22544.21,21864.71,22439.14,420.1421
2024-03-19 06:00:00+00:00,BTC,22439.14,22719.43,22312.4,22631.86,450.4304
2024-03-19 07:00:00+00:00,BTC,22631.86,22696.72,22409.44,22412.13,622.6465
2024-03-19 08:00:00+00:00,BTC,22412.13,22548.18,22390.02,22509.82,384.5782
2024-03-19 09:00:00+00:00,BTC,22509.82,22797.33,22337.96,22702.71,397.9967
2024-03-19 10:00:00+00:00,BTC,22702.71,22917.46,22274.05,22640.57,287.6562
2024-03-19 11:00:00+00:00,BTC,22640.57,22807.92,22567.08,22654.35,627.0036
2024-03-19 12:00:00+00:00,BTC,22654.35,22953.14,22215.98,22383.06,447.0438
2024-03-19 13:00:00+00:00,BTC,22383.06,22561.8,22279.36,22418.91,321.3653
2024-03-19 14:00:00+00:00,BTC,22418.91,22537.21,22072.99,22276.31,666.7601
2024-03-19 15:00:00+00:00,BTC,22276.31,22353.7,22135.26,22303.01,482.6263
2024-03-19 16:00:00+00:00,BTC,22303.01,22332.28,21937.6,22095.06,378.3156
2024-03-19 17:00:00+00:00,BTC,22095.06,22180.06,22046.16,22167.15,670.449
2024-03-19 18:00:00+00:00,BTC,22167.15,22468.27,21993.77,22303.83,435.2966
2024-03-19 19:00:00+00:00,BTC,22303.83,22472.6,22130.82,22199.27,283.2282
2024-03-19 20:00:00+00:00,BTC,22199.27,22319.03,21985.03,22048.35,686.0907
2024-03-19 21:00:00+00:00,BTC,22048.35,22110.12,21724.3,21764.97,365.5946
2024-03-19 22:00:00+00:00,BTC,21764.97,21855.97,21666.14,21730.21,1411.7753
2024-03-19 23:00:00+00:00,BTC,21730.21,21886.77,21526.86,21654.51,419.7031
2024-03-20 00:00:00+00:00,BTC,21654.51,21674.3,21403.57,21453.92,242.2865
2024-03-20 01:00:00+00:00,BTC,21453.92,21526.61,21449.17,21512.32,906.4876
2024-03-20 02:00:00+00:00,BTC,21512.32,21652.59,21241.42,21454.32,480.9866
2024-03-20 03:00:00+00:00,BTC,21454.32,21720.05,21253.84,21316.29,536.5331
2024-03-20 04:00:00+00:00,BTC,21316.29,21399.99,21043.86,21245.48,560.7014
2024-03-20 05:00:00+00:00,BTC,21245.48,21403.96,21215.8,21382.48,304.705
2024-03-20 06:00:00+00:00,BTC,21382.48,21520.25,21326.04,21459.97,229.8047
2024-03-20 07:00:00+00:00,BTC,21459.97,21533.43,21325.27,21443.24,972.0324
2024-03-20 08:00:00+00:00,BTC,21443.24,21614.36,21259.05,21523.04,283.8374
2024-03-20 09:00:00+00:00,BTC,21523.04,21583.28,21334.66,21373.64,870.3441
2024-03-20 10:00:00+00:00,BTC,21373.64,21516.49,21268.12,21377.79,589.8394
2024-03-20 11:00:00+00:00,BTC,21377.79,21440.12,21337.81,21396.7,521.6064
2024-03-20 12:00:00+00:00,BTC,21396.7,21433.98,21141.31,21336.46,416.4391
2024-03-20 13:00:00+00:00,BTC,21336.46,21473.15,21327.07,21392.28,1100.722
2024-03-20 14:00:00+00:00,BTC,21392.28,21454.41,21249.87,21292.35,384.9679
2024-03-20 15:00:00+00:00,BTC,21292.35,21575.84,21255.13,21357.58,388.7505
2024-03-20 16:00:00+00:00,BTC,21357.58,21503.72,21198.52,21428.41,620.9208
2024-03-20 17:00:00+00:00,BTC,21428.41,21599.58,21032.09,21056.62,387.6676
2024-03-20 18:00:00+00:00,BTC,21056.62,21437.71,20953.53,21207.54,344.3567
2024-03-20 19:00:00+00:00,BTC,21207.54,21215.54,20744.73,20823.27,480.8925
2024-03-20 20:00:00+00:00,BTC,20823.27,20889.61,20691.97,20746.44,624.3294
2024-03-20 21:00:00+00:00,BTC,20746.44,20983.97,20554.31,20874.47,947.5469
2024-03-20 22:00:00+00:00,BTC,20874.47,21030.62,20805.51,20834.76,1017.6618
2024-03-20 23:00:00+00:00,BTC,20834.76,20952.25,20565.45,20652.28,262.2567
2024-03-21 00:00:00+00:00,BTC,20652.28,20709.29,20421.12,20517.2,706.9962
2024-03-21 01:00:00+00:00,BTC,20517.2,20740.01,20488.54,20644.0,347.8464
2024-03-21 02:00:00+00:00,BTC,20644.0,20672.88,20261.06,20407.36,353.9702
2024-03-21 03:00:00+00:00,BTC,20407.36,20580.86,20379.87,20546.07,406.425
2024-03-21 04:00:00+00:00,BTC,20546.07,20630.96,20490.77,20539.28,397.4667
2024-03-21 05:00:00+00:00,BTC,20539.28,20616.49,20219.83,20392.86,337.6022
2024-03-21 06:00:00+00:00,BTC,20392.86,20414.76,20079.18,20321.64,217.5465
2024-03-21 07:00:00+00:00,BTC,20321.64,20391.9,20189.68,20197.98,814.6732
2024-03-21 08:00:00+00:00,BTC,20197.98,20451.87,20188.91,20303.23,672.5047
2024-03-21 09:00:00+00:00,BTC,20303.23,20464.11,20298.42,20392.65,488.2729
2024-03-21 10:00:00+00:00,BTC,20392.65,20392.9,20163.93,20183.38,350.0299
2024-03-21 11:00:00+00:00,BTC,20183.38,20426.88,20130.22,20134.57,756.7227
2024-03-21 12:00:00+00:00,BTC,20134.57,20230.99,19801.74,20030.56,480.3322
2024-03-21 13:00:00+00:00,BTC,20030.56,20316.58,19899.41,20186.62,401.583
2024-03-21 14:00:00+00:00,BTC,20186.62,20212.79,19807.51,20023.76,276.2384
2024-03-21 15:00:00+00:00,BTC,20023.76,20234.66,20022.41,20217.43,592.9587
2024-03-21 16:00:00+00:00,BTC,20217.43,20242.63,20166.39,20213.39,436.9066
2024-03-21 17:00:00+00:00,BTC,20213.39,20258.97,19958.85,20072.96,538.1684
2024-03-21 18:00:00+00:00,BTC,20072.96,20091.28,19950.72,19991.55,521.0229
2024-03-21 19:00:00+00:00,BTC,19991.55,20059.15,19834.33,19895.63,613.5587
2024-03-21 20:00:00+00:00,BTC,19895.63,19933.5,19605.33,19744.05,530.0268
2024-03-21 21:00:00+00:00,BTC,19744.05,19825.48,19691.67,19755.29,441.4958
2024-03-21 22:00:00+00:00,BTC,19755.29,19830.15,19526.46,19610.28,596.4825
2024-03-21 23:00:00+00:00,BTC,19610.28,19644.16,19263.28,19355.4,685.2287
2024-03-22 00:00:00+00:00,BTC,19355.4,19385.93,19173.2,19311.36,844.0415
2024-03-22 01:00:00+00:00,BTC,19311.36,19314.71,19029.38,19103.59,331.8868
2024-03-22 02:00:00+00:00,BTC,19103.59,19126.41,18871.84,19017.57,725.0627
2024-03-22 03:00:00+00:00,BTC,19017.57,19148.81,18867.96,18914.12,281.8146
2024-03-22 04:00:00+00:00,BTC,18914.12,18957.83,18743.29,18815.51,700.7275
2024-03-22 05:00:00+00:00,BTC,18815.51,19123.98,18665.85,19042.77,399.5654
2024-03-22 06:00:00+00:00,BTC,19042.77,19112.17,18981.28,19049.21,659.602
2024-03-22 07:00:00+00:00,BTC,19049.21,19135.1,19019.6,19077.28,828.4287
2024-03-22 08:00:00+00:00,BTC,19077.28,19148.67,18813.09,18875.03,532.385
2024-03-22 09:00:00+00:00,BTC,18875.03,18982.67,18647.43,18801.11,491.7831
2024-03-22 10:00:00+00:00,BTC,18801.11,18973.18,18780.26,18825.41,483.0733
2024-03-22 11:00:00+00:00,BTC,18825.41,18870.3,18603.19,18710.05,424.0722
2024-03-22 12:00:00+00:00,BTC,18710.05,18901.11,18665.81,18812.26,741.1122
2024-03-22 13:00:00+00:00,BTC,18812.26,19000.0,18490.87,18677.0,481.49
2024-03-22 14:00:00+00:00,BTC,18677.0,18810.57,18592.89,18644.94,233.5208
2024-03-22 15:00:00+00:00,BTC,18644.94,18723.18,18565.78,18579.49,681.343
2024-03-22 16:00:00+00:00,BTC,18579.49,18783.24,18405.93,18597.82,668.932
2024-03-22 17:00:00+00:00,BTC,18597.82,18669.63,18519.53,18526.48,507.6031
2024-03-22 18:00:00+00:00,BTC,18526.48,18711.86,18356.53,18496.4,379.4531
2024-03-22 19:00:00+00:00,BTC,18496.4,18665.85,18449.34,18470.21,333.1303
2024-03-22 20:00:00+00:00,BTC,18470.21,18618.37,18078.13,18389.0,379.834
2024-03-22 21:00:00+00:00,BTC,18389.0,18587.0,18345.96,18442.6,536.0316
2024-03-22 22:00:00+00:00,BTC,18442.6,18504.38,18372.46,18469.0,262.2685
2024-03-22 23:00:00+00:00,BTC,18469.0,18601.25,18403.64,18459.18,580.0727
2024-03-23 00:00:00+00:00,BTC,18459.18,18669.2,18230.21,18411.57,512.861
2024-03-23 01:00:00+00:00,BTC,18411.57,18503.22,18346.19,18499.77,784.584
2024-03-23 02:00:00+00:00,BTC,18499.77,18501.93,18320.46,18473.62,639.0895
2024-03-23 03:00:00+00:00,BTC,18473.62,18720.16,18437.53,18439.65,388.2067
2024-03-23 04:00:00+00:00,BTC,18439.65,18529.58,18433.01,18451.24,276.6617
2024-03-23 05:00:00+00:00,BTC,18451.24,18647.3,18334.86,18640.02,375.0949
2024-03-23 06:00:00+00:00,BTC,18640.02,18669.28,18482.66,18490.72,810.8155
2024-03-23 07:00:00+00:00,BTC,18490.72,18606.88,18398.18,18576.33,554.2607
2024-03-23 08:00:00+00:00,BTC,18576.33,18735.51,18158.41,18366.51,616.2646
2024-03-23 09:00:00+00:00,BTC,18366.51,18610.16,18065.53,18390.47,401.1733
2024-03-23 10:00:00+00:00,BTC,18390.47,18605.65,18385.54,18565.09,592.4552
2024-03-23 11:00:00+00:00,BTC,18565.09,18795.65,18536.2,18619.61,293.6977
2024-03-23 12:00:00+00:00,BTC,18619.61,18668.57,18618.3,18638.68,693.6233
2024-03-23 13:00:00+00:00,BTC,18638.68,18663.42,18512.63,18576.11,333.6888
2024-03-23 14:00:00+00:00,BTC,18576.11,18586.03,18562.68,18579.57,250.5261
2024-03-23 15:00:00+00:00,BTC,18579.57,18648.65,18495.05,18551.49,1103.7008
2024-03-23 16:00:00+00:00,BTC,18551.49,18738.18,18413.62,18464.21,524.1712
2024-03-23 17:00:00+00:00,BTC,18464.21,18706.05,18226.51,18432.12,519.1179
2024-03-23 18:00:00+00:00,BTC,18432.12,18531.07,18425.09,18454.08,259.8549
2024-03-23 19:00:00+00:00,BTC,18454.08,18620.14,18259.22,18369.32,621.7289
2024-03-23 20:00:00+00:00,BTC,18369.32,18446.8,18173.07,18280.67,681.7854
2024-03-23 21:00:00+00:00,BTC,18280.67,18401.76,17955.38,18132.08,466.312
2024-03-23 22:00:00+00:00,BTC,18132.08,18242.68,17964.45,18174.64,682.7139
2024-03-23 23:00:00+00:00,BTC,18174.64,18393.81,18027.66,18234.2,753.1664
2024-03-24 00:00:00+00:00,BTC,18234.2,18493.3,18117.41,18259.56,601.0097
2024-03-24 01:00:00+00:00,BTC,18259.56,18394.6,18254.38,18365.61,234.2597
2024-03-24 02:00:00+00:00,BTC,18365.61,18498.04,18294.26,18375.3,334.1348
2024-03-24 03:00:00+00:00,BTC,18375.3,18493.08,18337.55,18418.57,902.3673
2024-03-24 04:00:00+00:00,BTC,18418.57,18749.81,18153.9,18452.18,514.6271
2024-03-24 05:00:00+00:00,BTC,18452.18,18586.84,18354.67,18442.04,515.4376
2024-03-24 06:00:00+00:00,BTC,18442.04,18509.53,18292.33,18383.4,373.7281
2024-03-24 07:00:00+00:00,BTC,18383.4,18945.12,18226.68,18629.25,400.011
2024-03-24 08:00:00+00:00,BTC,18629.25,18803.91,18491.36,18578.8,759.0256
2024-03-24 09:00:00+00:00,BTC,18578.8,18660.73,18346.57,18504.73,844.7775
2024-03-24 10:00:00+00:00,BTC,18504.73,18556.88,18373.22,18552.98,660.919
2024-03-24 11:00:00+00:00,BTC,18552.98,18612.31,18446.55,18581.03,606.4718
2024-03-24 12:00:00+00:00,BTC,18581.03,18653.42,18402.85,18425.08,622.6134
2024-03-24 13:00:00+00:00,BTC,18425.08,18698.91,18398.74,18549.61,487.8351
2024-03-24 14:00:00+00:00,BTC,18549.61,18603.74,18347.94,18539.13,328.1028
2024-03-24 15:00:00+00:00,BTC,18539.13,18563.33,18408.21,18415.96,304.198
2024-03-24 16:00:00+00:00,BTC,18415.96,18728.02,18325.12,18547.79,792.1703
2024-03-24 17:00:00+00:00,BTC,18547.79,18620.76,18530.73,18617.55,494.2713
2024-03-24 18:00:00+00:00,BTC,18617.55,18670.37,18414.7,18476.83,590.862
2024-03-24 19:00:00+00:00,BTC,18476.83,18703.88,18456.3,18674.9,538.2769
2024-03-24 20:00:00+00:00,BTC,18674.9,18762.18,18549.21,18748.87,547.9203
2024-03-24 21:00:00+00:00,BTC,18748.87,18754.61,18589.23,18747.72,564.1609
2024-03-24 22:00:00+00:00,BTC,18747.72,19016.39,18442.69,18927.45,638.2301
2024-03-24 23:00:00+00:00,BTC,18927.45,18949.33,18898.41,18945.55,382.2076
2024-03-25 00:00:00+00:00,BTC,18945.55,19056.77,18669.34,18942.36,756.3096
2024-03-25 01:00:00+00:00,BTC,18942.36,19093.58,18676.5,18867.46,386.2178
2024-03-25 02:00:00+00:00,BTC,18867.46,19032.99,18798.7,18933.45,543.7122
2024-03-25 03:00:00+00:00,BTC,18933.45,19066.72,18812.22,18987.67,330.485
2024-03-25 04:00:00+00:00,BTC,18987.67,19059.1,18691.59,18989.34,471.6736
2024-03-25 05:00:00+00:00,BTC,18989.34,19041.62,18897.48,18899.54,396.8932
2024-03-25 06:00:00+00:00,BTC,18899.54,19012.17,18870.59,18914.28,504.2556
2024-03-25 07:00:00+00:00,BTC,18914.28,18967.53,18820.62,18906.36,646.775
2024-03-25 08:00:00+00:00,BTC,18906.36,18963.48,18687.72,18755.7,513.488
2024-03-25 09:00:00+00:00,BTC,18755.7,18855.88,18508.65,18590.8,993.1768
2024-03-25 10:00:00+00:00,BTC,18590.8,18796.08,18486.58,18653.95,660.6207
2024-03-25 11:00:00+00:00,BTC,18653.95,18801.01,18317.67,18365.0,461.5773
2024-03-25 12:00:00+00:00,BTC,18365.0,18502.49,18336.11,18387.64,485.1563
2024-03-25 13:00:00+00:00,BTC,18387.64,18416.51,18201.84,18334.97,570.6779
2024-03-25 14:00:00+00:00,BTC,18334.97,18500.58,18330.79,18479.46,639.7781
2024-03-25 15:00:00+00:00,BTC,18479.46,18516.5,18253.49,18424.83,324.6312
2024-03-25 16:00:00+00:00,BTC,18424.83,18553.22,18345.41,18497.88,624.8034
2024-03-25 17:00:00+00:00,BTC,18497.88,18518.32,18420.51,18453.88,327.5943
2024-03-25 18:00:00+00:00,BTC,18453.88,18645.22,18396.05,18466.48,603.9887
2024-03-25 19:00:00+00:00,BTC,18466.48,18747.09,18450.83,18548.3,734.8321
2024-03-25 20:00:00+00:00,BTC,18548.3,18901.69,18471.58,18496.89,555.3032
2024-03-25 21:00:00+00:00,BTC,18496.89,18617.65,18320.13,18607.82,221.5387
2024-03-25 22:00:00+00:00,BTC,18607.82,18636.7,18342.78,18497.21,267.9456
2024-03-25 23:00:00+00:00,BTC,18497.21,18534.18,18444.43,18529.93,608.8422
2024-03-26 00:00:00+00:00,BTC,18529.93,18715.42,18508.44,18632.79,211.8316
2024-03-26 01:00:00+00:00,BTC,18632.79,18743.4,18506.11,18706.73,618.9751
2024-03-26 02:00:00+00:00,BTC,18706.73,18932.2,18690.97,18923.08,705.7755
2024-03-26 03:00:00+00:00,BTC,18923.08,18950.48,18736.17,18836.59,743.9103
2024-03-26 04:00:00+00:00,BTC,18836.59,18899.29,18565.29,18681.37,459.4783
2024-03-26 05:00:00+00:00,BTC,18681.37,18722.93,18524.9,18570.24,582.9404
2024-03-26 06:00:00+00:00,BTC,18570.24,18657.27,18461.47,18643.98,537.9256
2024-03-26 07:00:00+00:00,BTC,18643.98,18747.69,18638.09,18699.76,298.6036
2024-03-26 08:00:00+00:00,BTC,18699.76,18802.33,18686.42,18711.24,648.9558
2024-03-26 09:00:00+00:00,BTC,18711.24,18722.78,18577.22,18585.59,813.4423
2024-03-26 10:00:00+00:00,BTC,18585.59,18690.39,18527.56,18671.3,636.4452
2024-03-26 11:00:00+00:00,BTC,18671.3,18821.02,18417.3,18534.6,419.3173
2024-03-26 12:00:00+00:00,BTC,18534.6,18794.38,18521.7,18663.94,647.8055
2024-03-26 13:00:00+00:00,BTC,18663.94,19121.39,18509.96,18986.68,787.4336
2024-03-26 14:00:00+00:00,BTC,18986.68,19069.0,18899.43,19028.48,752.0413
2024-03-26 15:00:00+00:00,BTC,19028.48,19174.21,18909.1,19095.17,716.2384
2024-03-26 16:00:00+00:00,BTC,19095.17,19227.65,18965.02,19038.78,286.4194
2024-03-26 17:00:00+00:00,BTC,19038.78,19166.69,18439.29,18833.12,574.7776
2024-03-26 18:00:00+00:00,BTC,18833.12,18850.68,18764.78,18765.13,626.7728
2024-03-26 19:00:00+00:00,BTC,18765.13,18958.54,18506.62,18642.48,719.1996
2024-03-26 20:00:00+00:00,BTC,18642.48,18826.78,18445.5,18481.33,598.8891
2024-03-26 21:00:00+00:00,BTC,18481.33,18839.03,18460.44,18673.31,860.7388
2024-03-26 22:00:00+00:00,BTC,18673.31,18717.35,18534.64,18703.91,263.7133
2024-03-26 23:00:00+00:00,BTC,18703.91,18892.35,18693.18,18746.56,607.9123
2024-03-27 00:00:00+00:00,BTC,18746.56,18784.21,18544.72,18711.84,591.2607
2024-03-27 01:00:00+00:00,BTC,18711.84,18755.69,18681.39,18692.44,685.7815
2024-03-27 02:00:00+00:00,BTC,18692.44,18892.35,18683.32,18800.93,857.7833
2024-03-27 03:00:00+00:00,BTC,18800.93,18802.35,18724.54,18797.28,366.3942
2024-03-27 04:00:00+00:00,BTC,18797.28,19022.13,18748.78,18857.23,847.7597
2024-03-27 05:00:00+00:00,BTC,18857.23,18917.45,18681.49,18835.07,665.0231
2024-03-27 06:00:00+00:00,BTC,18835.07,18948.66,18796.17,18796.44,468.2959
2024-03-27 07:00:00+00:00,BTC,18796.44,18816.02,18590.18,18638.44,363.773
2024-03-27 08:00:00+00:00,BTC,18638.44,18663.13,18329.19,18418.57,535.5627
2024-03-27 09:00:00+00:00,BTC,18418.57,18580.35,18307.04,18389.69,552.5782
2024-03-27 10:00:00+00:00,BTC,18389.69,18501.53,18382.83,18395.93,563.4191
2024-03-27 11:00:00+00:00,BTC,18395.93,18506.7,18228.96,18254.52,401.4872
2024-03-27 12:00:00+00:00,BTC,18254.52,18370.52,18206.59,18250.74,618.8585
2024-03-27 13:00:00+00:00,BTC,18250.74,18329.36,18225.06,18256.63,433.8371
2024-03-27 14:00:00+00:00,BTC,18256.63,18293.41,17850.61,18021.98,765.4084
2024-03-27 15:00:00+00:00,BTC,18021.98,18063.95,17921.28,17923.3,909.7596
2024-03-27 16:00:00+00:00,BTC,17923.3,18148.05,17671.14,17967.15,376.2292
2024-03-27 17:00:00+00:00,BTC,17967.15,18080.45,17777.17,18008.92,510.5914
2024-03-27 18:00:00+00:00,BTC,18008.92,18056.34,17866.28,17884.69,702.6546
2024-03-27 19:00:00+00:00,BTC,17884.69,17923.91,17834.0,17901.7,550.6866
2024-03-27 20:00:00+00:00,BTC,17901.7,18065.72,17851.44,18011.86,311.4455
2024-03-27 21:00:00+00:00,BTC,18011.86,18100.55,17898.47,18096.03,676.7402
2024-03-27 22:00:00+00:00,BTC,18096.03,18144.3,18012.13,18085.69,404.4741
2024-03-27 23:00:00+00:00,BTC,18085.69,18086.99,17960.89,18034.98,536.3422
2024-03-28 00:00:00+00:00,BTC,18034.98,18159.46,17761.4,17967.01,353.0793
2024-03-28 01:00:00+00:00,BTC,17967.01,18045.6,17883.35,18017.51,660.3149
2024-03-28 02:00:00+00:00,BTC,18017.51,18115.43,17917.76,18038.61,431.4896
2024-03-28 03:00:00+00:00,BTC,18038.61,18340.15,17907.52,18106.86,685.2321
2024-03-28 04:00:00+00:00,BTC,18106.86,18232.39,18033.85,18121.2,463.775
2024-03-28 05:00:00+00:00,BTC,18121.2,18426.16,18049.68,18210.44,422.4945
2024-03-28 06:00:00+00:00,BTC,18210.44,18322.63,17961.43,18220.78,577.6052
2024-03-28 07:00:00+00:00,BTC,18220.78,18473.5,18141.32,18306.76,343.2906
2024-03-28 08:00:00+00:00,BTC,18306.76,18421.15,18201.92,18402.67,938.2249
2024-03-28 09:00:00+00:00,BTC,18402.67,18431.54,18271.69,18314.05,533.5617
2024-03-28 10:00:00+00:00,BTC,18314.05,18504.19,18112.81,18116.44,410.1065
2024-03-28 11:00:00+00:00,BTC,18116.44,18433.91,18101.46,18284.99,434.7794
2024-03-28 12:00:00+00:00,BTC,18284.99,18319.69,18264.81,18313.17,503.0847
2024-03-28 13:00:00+00:00,BTC,18313.17,18352.31,17996.9,18125.75,708.4984
2024-03-28 14:00:00+00:00,BTC,18125.75,18135.7,17999.95,18048.28,365.5953
2024-03-28 15:00:00+00:00,BTC,18048.28,18154.43,17895.73,18132.06,439.4543
2024-03-28 16:00:00+00:00,BTC,18132.06,18177.82,18014.86,18101.66,491.4103
2024-03-28 17:00:00+00:00,BTC,18101.66,18250.12,17900.08,18046.13,857.8877
2024-03-28 18:00:00+00:00,BTC,18046.13,18404.85,17872.87,18198.46,709.3212
2024-03-28 19:00:00+00:00,BTC,18198.46,18202.31,18081.18,18084.46,872.3302
2024-03-28 20:00:00+00:00,BTC,18084.46,18147.49,17994.18,17998.06,505.4608
2024-03-28 21:00:00+00:00,BTC,17998.06,18204.81,17985.65,18020.9,825.5685
2024-03-28 22:00:00+00:00,BTC,18020.9,18216.13,17894.49,18063.17,779.1121
2024-03-28 23:00:00+00:00,BTC,18063.17,18333.98,18038.67,18117.05,638.0871
2024-03-29 00:00:00+00:00,BTC,18117.05,18409.78,18074.54,18216.37,656.2604
2024-03-29 01:00:00+00:00,BTC,18216.37,18466.14,18038.09,18238.09,406.0626
2024-03-29 02:00:00+00:00,BTC,18238.09,18358.47,18220.12,18291.72,948.1517
2024-03-29 03:00:00+00:00,BTC,18291.72,18564.98,18185.88,18263.29,458.8882
2024-03-29 04:00:00+00:00,BTC,18263.29,18387.72,18110.96,18270.16,608.1998
2024-03-29 05:00:00+00:00,BTC,18270.16,18314.41,18108.46,18281.96,633.6219
2024-03-29 06:00:00+00:00,BTC,18281.96,18364.33,18253.9,18305.57,309.401
2024-03-29 07:00:00+00:00,BTC,18305.57,18418.33,18236.15,18390.61,491.1374
2024-03-29 08:00:00+00:00,BTC,18390.61,18502.72,18317.14,18451.97,536.8879
2024-03-29 09:00:00+00:00,BTC,18451.97,18477.67,18420.74,18456.87,480.5463
2024-03-29 10:00:00+00:00,BTC,18456.87,18553.21,18353.78,18367.48,493.1809
2024-03-29 11:00:00+00:00,BTC,18367.48,18467.22,18292.67,18374.94,843.0681
2024-03-29 12:00:00+00:00,BTC,18374.94,18432.77,18274.6,18371.85,374.3194
2024-03-29 13:00:00+00:00,BTC,18371.85,18419.28,18134.39,18393.16,320.7119
2024-03-29 14:00:00+00:00,BTC,18393.16,18740.41,18246.91,18638.29,407.2129
2024-03-29 15:00:00+00:00,BTC,18638.29,18648.43,18552.97,18579.81,648.7805
2024-03-29 16:00:00+00:00,BTC,18579.81,18726.08,18540.34,18626.94,671.2859
2024-03-29 17:00:00+00:00,BTC,18626.94,18770.44,18548.52,18746.74,618.1374
2024-03-29 18:00:00+00:00,BTC,18746.74,18947.89,18742.18,18757.77,687.9679
2024-03-29 19:00:00+00:00,BTC,18757.77,19263.97,18693.81,19022.74,546.8759
2024-03-29 20:00:00+00:00,BTC,19022.74,19085.9,18851.05,18979.64,417.0905
2024-03-29 21:00:00+00:00,BTC,18979.64,19048.47,18923.01,19016.58,359.1727
2024-03-29 22:00:00+00:00,BTC,19016.58,19135.45,18782.41,18925.65,321.4579
2024-03-29 23:00:00+00:00,BTC,18925.65,19026.45,18768.87,18885.78,461.7844
2024-03-30 00:00:00+00:00,BTC,18885.78,19014.02,18879.5,18914.01,658.8714
2024-03-30 01:00:00+00:00,BTC,18914.01,19180.2,18724.21,19010.29,543.2267
2024-03-30 02:00:00+00:00,BTC,19010.29,19145.09,18959.38,19046.73,504.0319
2024-03-30 03:00:00+00:00,BTC,19046.73,19245.67,18993.1,19191.16,345.5809
2024-03-30 04:00:00+00:00,BTC,19191.16,19257.98,19082.18,19180.23,1233.1806
2024-03-30 05:00:00+00:00,BTC,19180.23,19246.31,19124.82,19142.04,374.5396
2024-03-30 06:00:00+00:00,BTC,19142.04,19673.57,19132.22,19455.13,521.559
2024-03-30 07:00:00+00:00,BTC,19455.13,19534.25,19392.9,19501.21,710.2835
2024-03-30 08:00:00+00:00,BTC,19501.21,19522.28,19362.26,19417.21,507.4632
2024-03-30 09:00:00+00:00,BTC,19417.21,19497.6,19294.29,19336.49,376.9752
2024-03-30 10:00:00+00:00,BTC,19336.49,19374.61,19165.55,19227.43,663.5733
2024-03-30 11:00:00+00:00,BTC,19227.43,19431.84,19106.94,19335.78,312.8625
2024-03-30 12:00:00+00:00,BTC,19335.78,19373.27,19249.12,19293.55,919.9552
2024-03-30 13:00:00+00:00,BTC,19293.55,19333.53,19238.69,19308.3,551.9128
2024-03-30 14:00:00+00:00,BTC,19308.3,19382.28,19254.25,19300.95,457.5631
2024-03-30 15:00:00+00:00,BTC,19300.95,19532.32,19237.47,19385.84,304.5619
2024-03-30 16:00:00+00:00,BTC,19385.84,19433.75,19253.93,19287.61,334.0918
2024-03-30 17:00:00+00:00,BTC,19287.61,19337.97,18875.08,19163.53,490.9663
2024-03-30 18:00:00+00:00,BTC,19163.53,19240.64,19163.34,19189.34,969.7804
2024-03-30 19:00:00+00:00,BTC,19189.34,19368.8,18943.04,19258.66,542.4791
2024-03-30 20:00:00+00:00,BTC,19258.66,19317.2,18954.53,19297.12,564.5782
2024-03-30 21:00:00+00:00,BTC,19297.12,19422.4,19129.04,19203.63,572.347
2024-03-30 22:00:00+00:00,BTC,19203.63,19391.54,19143.34,19281.85,1143.6988
2024-03-30 23:00:00+00:00,BTC,19281.85,19284.8,19070.63,19195.98,428.4275
2024-03-31 00:00:00+00:00,BTC,19195.98,19218.43,19091.61,19136.01,864.8203
2024-03-31 01:00:00+00:00,BTC,19136.01,19293.2,18931.84,19027.93,434.8953
2024-03-31 02:00:00+00:00,BTC,19027.93,19260.62,18935.7,19177.06,390.8577
2024-03-31 03:00:00+00:00,BTC,19177.06,19281.78,19115.96,19250.09,486.2604
2024-03-31 04:00:00+00:00,BTC,19250.09,19470.14,19246.01,19320.09,485.4216
2024-03-31 05:00:00+00:00,BTC,19320.09,19572.85,19191.63,19465.21,608.6923
2024-03-31 06:00:00+00:00,BTC,19465.21,19818.81,19380.72,19796.49,221.6753
2024-03-31 07:00:00+00:00,BTC,19796.49,19819.97,19590.52,19594.51,526.5567
2024-03-31 08:00:00+00:00,BTC,19594.51,19632.25,19407.84,19507.89,405.4699
2024-03-31 09:00:00+00:00,BTC,19507.89,19535.81,19433.35,19435.9,388.0851
2024-03-31 10:00:00+00:00,BTC,19435.9,19548.1,19250.07,19336.94,317.6932
2024-03-31 11:00:00+00:00,BTC,19336.94,19431.57,19197.13,19212.32,440.0669
2024-03-31 12:00:00+00:00,BTC,19212.32,19319.41,19151.16,19177.81,417.2959
2024-03-31 13:00:00+00:00,BTC,19177.81,19337.77,19034.87,19038.32,430.6464
2024-03-31 14:00:00+00:00,BTC,19038.32,19197.76,18923.51,19076.63,281.7713
2024-03-31 15:00:00+00:00,BTC,19076.63,19220.35,18952.15,19082.55,517.4746
2024-03-31 16:00:00+00:00,BTC,19082.55,19350.4,18942.78,19137.71,379.0007
2024-03-31 17:00:00+00:00,BTC,19137.71,19292.57,18971.68,19196.1,282.1237
2024-03-31 18:00:00+00:00,BTC,19196.1,19289.41,19059.9,19265.68,412.7126
2024-03-31 19:00:00+00:00,BTC,19265.68,19654.59,19129.05,19222.56,381.3363
2024-03-31 20:00:00+00:00,BTC,19222.56,19495.82,19149.27,19468.77,507.2511
2024-03-31 21:00:00+00:00,BTC,19468.77,19566.25,19354.93,19496.17,410.7889
2024-03-31 22:00:00+00:00,BTC,19496.17,19531.08,19236.47,19279.52,301.0478
2024-03-31 23:00:00+00:00,BTC,19279.52,19334.15,19075.91,19163.91,366.3849
2024-04-01 00:00:00+00:00,BTC,19163.91,19167.19,18702.89,18964.82,273.2207
2024-04-01 01:00:00+00:00,BTC,18964.82,19098.7,18783.21,18966.8,744.4181
2024-04-01 02:00:00+00:00,BTC,18966.8,19386.19,18810.02,18952.94,787.497
2024-04-01 03:00:00+00:00,BTC,18952.94,19046.56,18793.47,18899.75,821.5791
2024-04-01 04:00:00+00:00,BTC,18899.75,19222.21,18784.49,19129.16,406.7348
2024-04-01 05:00:00+00:00,BTC,19129.16,19331.67,19088.69,19192.28,787.2898
2024-04-01 06:00:00+00:00,BTC,19192.28,19322.31,19061.5,19276.07,576.5473
2024-04-01 07:00:00+00:00,BTC,19276.07,19307.23,19090.34,19168.69,374.9729
2024-04-01 08:00:00+00:00,BTC,19168.69,19292.26,18938.38,19054.12,401.2668
2024-04-01 09:00:00+00:00,BTC,19054.12,19228.2,18942.73,19058.33,470.7913
2024-04-01 10:00:00+00:00,BTC,19058.33,19190.45,18982.23,19078.12,518.2544
2024-04-01 11:00:00+00:00,BTC,19078.12,19155.67,18863.56,18866.81,567.7179
2024-04-01 12:00:00+00:00,BTC,18866.81,18896.44,18669.87,18846.41,499.6875
2024-04-01 13:00:00+00:00,BTC,18846.41,18937.17,18797.86,18848.0,442.582
2024-04-01 14:00:00+00:00,BTC,18848.0,19052.07,18793.25,18823.69,802.5867
2024-04-01 15:00:00+00:00,BTC,18823.69,18832.62,18722.48,18732.04,480.4793
2024-04-01 16:00:00+00:00,BTC,18732.04,18849.9,18658.83,18671.5,470.9483
2024-04-01 17:00:00+00:00,BTC,18671.5,18780.36,18510.78,18651.7,463.3873
2024-04-01 18:00:00+00:00,BTC,18651.7,18766.86,18366.61,18661.86,480.5772
2024-04-01 19:00:00+00:00,BTC,18661.86,18846.95,18486.17,18729.7,310.3684
2024-04-01 20:00:00+00:00,BTC,18729.7,19123.69,18712.35,18851.56,351.9623
2024-04-01 21:00:00+00:00,BTC,18851.56,19035.74,18738.55,18818.3,1176.9758
2024-04-01 22:00:00+00:00,BTC,18818.3,18846.49,18592.29,18766.87,280.6088
2024-04-01 23:00:00+00:00,BTC,18766.87,18982.02,18613.6,18816.21,549.8964
2024-04-02 00:00:00+00:00,BTC,18816.21,19047.15,18774.01,18885.3,563.6828
2024-04-02 01:00:00+00:00,BTC,18885.3,19028.94,18828.98,18836.16,712.7007
2024-04-02 02:00:00+00:00,BTC,18836.16,19099.08,18670.26,18925.7,568.4886
2024-04-02 03:00:00+00:00,BTC,18925.7,19174.24,18811.84,19037.27,969.1423
2024-04-02 04:00:00+00:00,BTC,19037.27,19221.32,18894.68,19185.38,543.747
2024-04-02 05:00:00+00:00,BTC,19185.38,19454.12,19037.86,19391.19,801.3976
2024-04-02 06:00:00+00:00,BTC,19391.19,19497.11,19195.06,19290.64,719.5302
2024-04-02 07:00:00+00:00,BTC,19290.64,19424.86,19247.32,19292.25,857.7431
2024-04-02 08:00:00+00:00,BTC,19292.25,19310.51,19216.52,19293.56,504.3655
2024-04-02 09:00:00+00:00,BTC,19293.56,19445.28,19236.22,19282.21,574.7131
2024-04-02 10:00:00+00:00,BTC,19282.21,19391.61,19109.82,19207.24,439.3939
2024-04-02 11:00:00+00:00,BTC,19207.24,19260.75,18998.25,19036.8,528.7532
2024-04-02 12:00:00+00:00,BTC,19036.8,19191.96,18975.98,19047.39,539.0745
2024-04-02 13:00:00+00:00,BTC,19047.39,19235.72,18891.22,18959.78,241.656
2024-04-02 14:00:00+00:00,BTC,18959.78,19276.29,18796.68,18969.56,475.5671
2024-04-02 15:00:00+00:00,BTC,18969.56,19076.23,18840.69,18879.4,682.7055
2024-04-02 16:00:00+00:00,BTC,18879.4,18953.49,18717.12,18755.25,311.7002
2024-04-02 17:00:00+00:00,BTC,18755.25,18874.07,18635.79,18781.63,354.0324
2024-04-02 18:00:00+00:00,BTC,18781.63,18856.4,18581.42,18798.64,749.259
2024-04-02 19:00:00+00:00,BTC,18798.64,18867.09,18790.03,18864.1,800.073
2024-04-02 20:00:00+00:00,BTC,18864.1,19147.87,18824.49,19113.13,402.3567
2024-04-02 21:00:00+00:00,BTC,19113.13,19154.4,18948.3,19144.96,531.3935
2024-04-02 22:00:00+00:00,BTC,19144.96,19310.84,19042.07,19200.76,486.5257
2024-04-02 23:00:00+00:00,BTC,19200.76,19464.15,18837.23,19077.02,754.8731
2024-04-03 00:00:00+00:00,BTC,19077.02,19213.13,18858.22,18930.29,414.8582
2024-04-03 01:00:00+00:00,BTC,18930.29,19596.02,18817.09,19110.92,437.94
2024-04-03 02:00:00+00:00,BTC,19110.92,19154.34,18963.76,19005.32,799.4121
2024-04-03 03:00:00+00:00,BTC,19005.32,19060.92,18722.24,18886.65,351.9336
2024-04-03 04:00:00+00:00,BTC,18886.65,18916.31,18736.31,18882.22,420.0285
2024-04-03 05:00:00+00:00,BTC,18882.22,19007.12,18792.48,18872.01,523.8066
2024-04-03 06:00:00+00:00,BTC,18872.01,18986.63,18635.18,18770.09,852.2906
2024-04-03 07:00:00+00:00,BTC,18770.09,18962.28,18685.62,18735.78,329.276
2024-04-03 08:00:00+00:00,BTC,18735.78,18918.4,18695.27,18874.49,389.9048
2024-04-03 09:00:00+00:00,BTC,18874.49,18943.09,18619.17,18783.43,615.2329
2024-04-03 10:00:00+00:00,BTC,18783.43,18809.63,18542.01,18627.02,649.3946
2024-04-03 11:00:00+00:00,BTC,18627.02,18807.76,18513.21,18732.66,538.4274
2024-04-03 12:00:00+00:00,BTC,18732.66,18859.65,18628.33,18788.08,479.9854
2024-04-03 13:00:00+00:00,BTC,18788.08,18794.84,18615.28,18718.26,523.2118
2024-04-03 14:00:00+00:00,BTC,18718.26,18763.56,18484.88,18541.41,295.0262
2024-04-03 15:00:00+00:00,BTC,18541.41,18580.7,18445.71,18458.75,518.0676
2024-04-03 16:00:00+00:00,BTC,18458.75,18518.08,18270.04,18452.69,839.9573
2024-04-03 17:00:00+00:00,BTC,18452.69,18645.14,18435.47,18582.21,314.9948
2024-04-03 18:00:00+00:00,BTC,18582.21,18781.77,18357.16,18466.99,380.0072
2024-04-03 19:00:00+00:00,BTC,18466.99,18495.38,18433.09,18457.63,435.1542
2024-04-03 20:00:00+00:00,BTC,18457.63,18644.37,18265.11,18532.55,444.8485
2024-04-03 21:00:00+00:00,BTC,18532.55,18619.38,18228.5,18269.65,952.4959
2024-04-03 22:00:00+00:00,BTC,18269.65,18439.51,18257.64,18383.32,360.8421
2024-04-03 23:00:00+00:00,BTC,18383.32,18410.98,18239.01,18253.36,336.47
2024-04-04 00:00:00+00:00,BTC,18253.36,18395.52,18157.79,18289.75,654.9004
2024-04-04 01:00:00+00:00,BTC,18289.75,18402.22,18200.39,18316.85,398.6996
2024-04-04 02:00:00+00:00,BTC,18316.85,18449.09,18247.27,18436.43,658.7171
2024-04-04 03:00:00+00:00,BTC,18436.43,18678.41,18397.77,18497.47,466.6766
2024-04-04 04:00:00+00:00,BTC,18497.47,18755.03,18190.5,18235.5,587.141
2024-04-04 05:00:00+00:00,BTC,18235.5,18368.37,18010.99,18149.84,288.8337
2024-04-04 06:00:00+00:00,BTC,18149.84,18192.86,18119.29,18164.9,586.4503
2024-04-04 07:00:00+00:00,BTC,18164.9,18308.56,18035.35,18143.66,539.6047
2024-04-04 08:00:00+00:00,BTC,18143.66,18213.03,18044.85,18195.73,457.2475
2024-04-04 09:00:00+00:00,BTC,18195.73,18339.49,18124.32,18282.11,324.7805
2024-04-04 10:00:00+00:00,BTC,18282.11,18423.34,18063.64,18348.98,539.4232
2024-04-04 11:00:00+00:00,BTC,18348.98,18410.2,18293.92,18325.4,644.2096
2024-04-04 12:00:00+00:00,BTC,18325.4,18325.98,18031.35,18123.51,415.1767
2024-04-04 13:00:00+00:00,BTC,18123.51,18169.52,17939.11,18074.05,418.0439
2024-04-04 14:00:00+00:00,BTC,18074.05,18272.56,17957.75,18119.26,660.1514
2024-04-04 15:00:00+00:00,BTC,18119.26,18163.78,17968.21,18001.1,909.7642
2024-04-04 16:00:00+00:00,BTC,18001.1,18090.4,17975.8,18069.41,694.6963
2024-04-04 17:00:00+00:00,BTC,18069.41,18216.75,18021.95,18168.16,541.8127
2024-04-04 18:00:00+00:00,BTC,18168.16,18185.65,18048.77,18182.0,459.1969
2024-04-04 19:00:00+00:00,BTC,18182.0,18211.0,17724.33,17850.82,495.2104
2024-04-04 20:00:00+00:00,BTC,17850.82,17945.91,17646.65,17714.45,314.4063
2024-04-04 21:00:00+00:00,BTC,17714.45,18008.11,17613.1,17916.07,473.6995
2024-04-04 22:00:00+00:00,BTC,17916.07,17922.17,17677.07,17857.41,739.939
2024-04-04 23:00:00+00:00,BTC,17857.41,17916.52,17432.71,17646.08,506.9844
2024-04-05 00:00:00+00:00,BTC,17646.08,17804.17,17567.0,17777.35,401.691
2024-04-05 01:00:00+00:00,BTC,17777.35,17879.84,17718.74,17778.78,388.8947
2024-04-05 02:00:00+00:00,BTC,17778.78,17926.46,17696.26,17897.03,494.4717
2024-04-05 03:00:00+00:00,BTC,17897.03,18037.81,17841.6,17926.8,324.5648
2024-04-05 04:00:00+00:00,BTC,17926.8,18025.73,17904.44,17976.19,363.8035
2024-04-05 05:00:00+00:00,BTC,17976.19,18026.17,17948.92,18015.39,854.9938
2024-04-05 06:00:00+00:00,BTC,18015.39,18198.25,17814.29,18090.94,347.9201
2024-04-05 07:00:00+00:00,BTC,18090.94,18413.91,18068.73,18339.84,377.6882
2024-04-05 08:00:00+00:00,BTC,18339.84,18447.87,18042.2,18447.0,553.6742
2024-04-05 09:00:00+00:00,BTC,18447.0,18469.41,18182.26,18272.91,428.3714
2024-04-05 10:00:00+00:00,BTC,18272.91,18390.66,18218.7,18321.95,515.754
2024-04-05 11:00:00+00:00,BTC,18321.95,18484.17,18292.79,18447.86,676.285
2024-04-05 12:00:00+00:00,BTC,18447.86,18618.85,18349.23,18581.47,290.9438
2024-04-05 13:00:00+00:00,BTC,18581.47,18648.45,18429.18,18533.97,651.0551
2024-04-05 14:00:00+00:00,BTC,18533.97,18814.63,18422.08,18663.97,407.7979
2024-04-05 15:00:00+00:00,BTC,18663.97,18822.93,18448.33,18768.15,452.3614
2024-04-05 16:00:00+00:00,BTC,18768.15,19194.96,18725.86,19060.08,979.792
2024-04-05 17:00:00+00:00,BTC,19060.08,19279.84,18720.85,18974.51,306.032
2024-04-05 18:00:00+00:00,BTC,18974.51,19005.04,18875.72,18916.83,614.8351
2024-04-05 19:00:00+00:00,BTC,18916.83,19061.7,18767.97,18882.12,742.0513
2024-04-05 20:00:00+00:00,BTC,18882.12,18973.35,18789.51,18826.66,393.6146
2024-04-05 21:00:00+00:00,BTC,18826.66,19036.14,18696.05,18726.39,395.7976
2024-04-05 22:00:00+00:00,BTC,18726.39,18727.08,18373.67,18418.54,439.4721
2024-04-05 23:00:00+00:00,BTC,18418.54,18557.23,18353.89,18370.56,392.7992
2024-04-06 00:00:00+00:00,BTC,18370.56,18467.11,18295.81,18411.32,511.7688
2024-04-06 01:00:00+00:00,BTC,18411.32,18517.66,18158.48,18356.91,683.3589
2024-04-06 02:00:00+00:00,BTC,18356.91,18581.6,18215.17,18571.32,440.3088
2024-04-06 03:00:00+00:00,BTC,18571.32,18612.67,18529.1,18572.81,692.0112
2024-04-06 04:00:00+00:00,BTC,18572.81,18734.56,18420.24,18717.24,816.4468
2024-04-06 05:00:00+00:00,BTC,18717.24,18787.43,18461.12,18746.62,581.4232
2024-04-06 06:00:00+00:00,BTC,18746.62,18926.03,18619.67,18839.81,600.9594
2024-04-06 07:00:00+00:00,BTC,18839.81,19034.78,18610.05,18871.4,406.1506
2024-04-06 08:00:00+00:00,BTC,18871.4,19065.33,18864.21,19027.02,199.6508
2024-04-06 09:00:00+00:00,BTC,19027.02,19104.52,18988.17,19033.41,613.7605
2024-04-06 10:00:00+00:00,BTC,19033.41,19158.05,18924.55,19090.15,660.7495
2024-04-06 11:00:00+00:00,BTC,19090.15,19188.76,18946.31,19132.16,544.2799
2024-04-06 12:00:00+00:00,BTC,19132.16,19184.75,18993.7,19099.09,687.4763
2024-04-06 13:00:00+00:00,BTC,19099.09,19402.04,19064.71,19145.56,412.698
2024-04-06 14:00:00+00:00,BTC,19145.56,19439.37,19050.78,19403.96,599.4955
2024-04-06 15:00:00+00:00,BTC,19403.96,19493.36,19319.4,19372.5,837.0288
2024-04-06 16:00:00+00:00,BTC,19372.5,19473.98,19367.85,19421.32,631.1805
2024-04-06 17:00:00+00:00,BTC,19421.32,19629.48,19386.95,19568.44,799.9687
2024-04-06 18:00:00+00:00,BTC,19568.44,19941.14,19567.81,19702.78,801.7629
2024-04-06 19:00:00+00:00,BTC,19702.78,19815.63,19622.43,19704.16,326.0737
2024-04-06 20:00:00+00:00,BTC,19704.16,19735.81,19288.98,19424.39,643.1137
2024-04-06 21:00:00+00:00,BTC,19424.39,19654.93,19333.07,19484.71,400.7846
2024-04-06 22:00:00+00:00,BTC,19484.71,19542.28,19224.5,19226.95,339.3354
2024-04-06 23:00:00+00:00,BTC,19226.95,19558.25,18988.92,19397.27,452.4282
2024-04-07 00:00:00+00:00,BTC,19397.27,19440.72,19273.71,19417.01,923.863
2024-04-07 01:00:00+00:00,BTC,19417.01,19626.3,19416.58,19533.82,413.3431
2024-04-07 02:00:00+00:00,BTC,19533.82,19849.21,19373.76,19428.38,270.2189
2024-04-07 03:00:00+00:00,BTC,19428.38,19493.2,19240.23,19248.24,301.5679
2024-04-07 04:00:00+00:00,BTC,19248.24,19573.98,19089.48,19278.38,591.1329
2024-04-07 05:00:00+00:00,BTC,19278.38,19521.85,19215.69,19274.49,383.3772
2024-04-07 06:00:00+00:00,BTC,19274.49,19290.19,19115.11,19217.73,244.5679
2024-04-07 07:00:00+00:00,BTC,19217.73,19402.03,19001.36,19227.5,305.7656
2024-04-07 08:00:00+00:00,BTC,19227.5,19610.15,19170.02,19549.43,530.0808
2024-04-07 09:00:00+00:00,BTC,19549.43,19664.05,19513.91,19647.56,656.8319
2024-04-07 10:00:00+00:00,BTC,19647.56,19813.5,19604.66,19771.67,427.7794
2024-04-07 11:00:00+00:00,BTC,19771.67,19914.47,19436.97,19872.04,627.5044
2024-04-07 12:00:00+00:00,BTC,19872.04,20056.57,19730.58,20049.23,688.7191
2024-04-07 13:00:00+00:00,BTC,20049.23,20131.49,20023.73,20026.37,380.0525
2024-04-07 14:00:00+00:00,BTC,20026.37,20150.97,19771.99,19780.99,479.2303
2024-04-07 15:00:00+00:00,BTC,19780.99,19867.55,19719.28,19758.62,405.2238
2024-04-07 16:00:00+00:00,BTC,19758.62,19945.4,19589.88,19855.09,603.7837
2024-04-07 17:00:00+00:00,BTC,19855.09,20179.61,19626.76,19739.89,403.5604
2024-04-07 18:00:00+00:00,BTC,19739.89,19781.5,19526.41,19719.02,327.0117
2024-04-07 19:00:00+00:00,BTC,19719.02,19883.78,19407.17,19637.34,509.2879
2024-04-07 20:00:00+00:00,BTC,19637.34,19856.52,19489.92,19815.11,737.4725
2024-04-07 21:00:00+00:00,BTC,19815.11,19946.29,19782.46,19904.42,597.8313
2024-04-07 22:00:00+00:00,BTC,19904.42,20019.48,19641.56,19982.38,711.2333
2024-04-07 23:00:00+00:00,BTC,19982.38,20141.67,19966.64,20057.05,689.7061
2024-04-08 00:00:00+00:00,BTC,20057.05,20102.54,19998.9,20052.57,507.4307
2024-04-08 01:00:00+00:00,BTC,20052.57,20094.78,19895.37,20076.35,405.6486
2024-04-08 02:00:00+00:00,BTC,20076.35,20252.27,19750.71,19934.09,368.7809
2024-04-08 03:00:00+00:00,BTC,19934.09,20013.95,19592.17,19674.29,286.9464
2024-04-08 04:00:00+00:00,BTC,19674.29,19733.45,19564.98,19692.01,758.2025
2024-04-08 05:00:00+00:00,BTC,19692.01,19785.16,19470.64,19730.33,445.366
2024-04-08 06:00:00+00:00,BTC,19730.33,20000.38,19661.82,19874.01,275.3212
2024-04-08 07:00:00+00:00,BTC,19874.01,20089.24,19722.69,20062.27,770.1782
2024-04-08 08:00:00+00:00,BTC,20062.27,20401.85,20002.04,20252.14,516.7719
2024-04-08 09:00:00+00:00,BTC,20252.14,20351.3,20025.14,20131.23,701.5747
2024-04-08 10:00:00+00:00,BTC,20131.23,20223.87,20078.06,20088.73,456.2626
2024-04-08 11:00:00+00:00,BTC,20088.73,20252.26,20045.97,20146.71,378.7825
2024-04-08 12:00:00+00:00,BTC,20146.71,20591.04,20040.68,20455.1,584.4202
2024-04-08 13:00:00+00:00,BTC,20455.1,20815.05,20393.71,20637.57,601.6226
2024-04-08 14:00:00+00:00,BTC,20637.57,21018.88,20463.38,20776.64,453.3402
2024-04-08 15:00:00+00:00,BTC,20776.64,20806.75,20664.77,20728.36,791.827
2024-04-08 16:00:00+00:00,BTC,20728.36,20745.69,20582.5,20618.8,696.1202
2024-04-08 17:00:00+00:00,BTC,20618.8,20922.69,20577.33,20716.63,609.2785
2024-04-08 18:00:00+00:00,BTC,20716.63,20717.71,20486.24,20580.27,339.0399
2024-04-08 19:00:00+00:00,BTC,20580.27,20626.21,20506.35,20550.85,322.7272
2024-04-08 20:00:00+00:00,BTC,20550.85,20554.7,20504.2,20536.7,760.7192
2024-04-08 21:00:00+00:00,BTC,20536.7,20923.01,20461.88,20733.92,232.4529
2024-04-08 22:00:00+00:00,BTC,20733.92,20770.63,20550.06,20689.84,484.3294
2024-04-08 23:00:00+00:00,BTC,20689.84,20786.5,20219.5,20389.24,526.3328
2024-04-09 00:00:00+00:00,BTC,20389.24,20612.46,20153.77,20451.05,421.2424
2024-04-09 01:00:00+00:00,BTC,20451.05,20475.47,20222.31,20365.45,493.8568
2024-04-09 02:00:00+00:00,BTC,20365.45,20428.83,20221.89,20370.66,579.2372
2024-04-09 03:00:00+00:00,BTC,20370.66,20551.86,20106.25,20360.07,407.109
2024-04-09 04:00:00+00:00,BTC,20360.07,20572.58,20160.63,20326.66,680.6864
2024-04-09 05:00:00+00:00,BTC,20326.66,20474.52,20192.14,20423.28,613.0672
2024-04-09 06:00:00+00:00,BTC,20423.28,20444.2,20043.32,20236.3,469.4785
2024-04-09 07:00:00+00:00,BTC,20236.3,20258.81,20040.04,20173.63,374.4121
2024-04-09 08:00:00+00:00,BTC,20173.63,20324.89,20002.93,20256.59,484.3834
2024-04-09 09:00:00+00:00,BTC,20256.59,20303.53,20092.44,20182.09,1046.6425
2024-04-09 10:00:00+00:00,BTC,20182.09,20395.6,19742.01,19988.22,383.5646
2024-04-09 11:00:00+00:00,BTC,19988.22,20249.42,19981.53,20068.56,854.3845
2024-04-09 12:00:00+00:00,BTC,20068.56,20262.0,20066.17,20204.25,270.5061
2024-04-09 13:00:00+00:00,BTC,20204.25,20280.56,20196.36,20198.79,369.9371
2024-04-09 14:00:00+00:00,BTC,20198.79,20227.24,19720.29,19962.55,413.5125
2024-04-09 15:00:00+00:00,BTC,19962.55,20225.97,19850.38,20047.28,697.0026
2024-04-09 16:00:00+00:00,BTC,20047.28,20054.2,19819.41,19848.62,509.782
2024-04-09 17:00:00+00:00,BTC,19848.62,19959.57,19783.81,19885.43,790.8696
2024-04-09 18:00:00+00:00,BTC,19885.43,20163.39,19447.0,19779.82,445.0485
2024-04-09 19:00:00+00:00,BTC,19779.82,19831.18,19468.56,19642.65,490.6628
2024-04-09 20:00:00+00:00,BTC,19642.65,19753.01,19449.18,19590.64,445.6659
2024-04-09 21:00:00+00:00,BTC,19590.64,19834.97,19423.53,19569.1,1016.2235
2024-04-09 22:00:00+00:00,BTC,19569.1,19650.07,19491.6,19493.61,337.8235
2024-04-09 23:00:00+00:00,BTC,19493.61,19658.85,19311.79,19562.59,418.5261
2024-04-10 00:00:00+00:00,BTC,19562.59,19579.13,19446.73,19510.3,355.0723
2024-04-10 01:00:00+00:00,BTC,19510.3,19680.69,19326.59,19625.38,611.1042
2024-04-10 02:00:00+00:00,BTC,19625.38,19683.59,19603.5,19658.52,335.3768
2024-04-10 03:00:00+00:00,BTC,19658.52,19785.39,19465.1,19576.41,946.1105
2024-04-10 04:00:00+00:00,BTC,19576.41,19728.07,19382.25,19474.96,514.3202
2024-04-10 05:00:00+00:00,BTC,19474.96,19683.26,19225.0,19283.4,577.6344
2024-04-10 06:00:00+00:00,BTC,19283.4,19478.8,19202.55,19317.07,587.9806
2024-04-10 07:00:00+00:00,BTC,19317.07,19632.73,19239.9,19276.02,496.5019
2024-04-10 08:00:00+00:00,BTC,19276.02,19355.56,18895.14,19003.6,521.7511
2024-04-10 09:00:00+00:00,BTC,19003.6,19098.56,18935.12,18942.62,515.05
2024-04-10 10:00:00+00:00,BTC,18942.62,19180.68,18827.99,18840.49,599.6482
2024-04-10 11:00:00+00:00,BTC,18840.49,19050.8,18778.01,19019.45,374.9448
2024-04-10 12:00:00+00:00,BTC,19019.45,19168.89,18696.59,18826.12,353.3223
2024-04-10 13:00:00+00:00,BTC,18826.12,18854.63,18568.5,18664.01,666.4379
2024-04-10 14:00:00+00:00,BTC,18664.01,18796.06,18401.42,18788.73,499.6645
2024-04-10 15:00:00+00:00,BTC,18788.73,18954.76,18716.94,18942.3,247.7326
2024-04-10 16:00:00+00:00,BTC,18942.3,19088.15,18841.84,18857.82,423.3891
2024-04-10 17:00:00+00:00,BTC,18857.82,19019.4,18777.08,18786.44,854.1434
2024-04-10 18:00:00+00:00,BTC,18786.44,18910.78,18769.22,18856.03,472.7072
2024-04-10 19:00:00+00:00,BTC,18856.03,19016.96,18436.48,18594.58,415.2003
2024-04-10 20:00:00+00:00,BTC,18594.58,18650.47,18248.44,18388.09,296.3171
2024-04-10 21:00:00+00:00,BTC,18388.09,18576.93,18300.71,18357.14,409.8812
2024-04-10 22:00:00+00:00,BTC,18357.14,18574.29,18293.53,18528.64,332.7177
2024-04-10 23:00:00+00:00,BTC,18528.64,18638.13,18339.25,18480.27,581.0459
2024-04-11 00:00:00+00:00,BTC,18480.27,18586.44,18450.34,18491.46,508.7011
2024-04-11 01:00:00+00:00,BTC,18491.46,18619.9,18436.27,18617.68,440.2735
2024-04-11 02:00:00+00:00,BTC,18617.68,18942.38,18535.93,18854.53,382.9222
2024-04-11 03:00:00+00:00,BTC,18854.53,18855.39,18754.12,18789.38,853.0876
2024-04-11 04:00:00+00:00,BTC,18789.38,18805.25,18602.59,18787.49,390.6247
2024-04-11 05:00:00+00:00,BTC,18787.49,19036.95,18561.03,18994.0,391.1333
2024-04-11 06:00:00+00:00,BTC,18994.0,19124.06,18725.19,18821.32,459.2383
2024-04-11 07:00:00+00:00,BTC,18821.32,18996.21,18732.39,18937.72,482.276
2024-04-11 08:00:00+00:00,BTC,18937.72,19202.02,18705.26,18822.36,591.8921
2024-04-11 09:00:00+00:00,BTC,18822.36,18847.72,18709.23,18833.94,692.4692
2024-04-11 10:00:00+00:00,BTC,18833.94,18862.68,18743.4,18806.54,674.5587
2024-04-11 11:00:00+00:00,BTC,18806.54,18834.13,18614.44,18698.75,1170.3652
2024-04-11 12:00:00+00:00,BTC,18698.75,18715.25,18443.44,18588.78,276.47
2024-04-11 13:00:00+00:00,BTC,18588.78,18781.69,18485.43,18619.64,542.0759
2024-04-11 14:00:00+00:00,BTC,18619.64,18745.99,18473.58,18731.19,416.7267
2024-04-11 15:00:00+00:00,BTC,18731.19,18740.16,18674.84,18716.61,1010.3217
2024-04-11 16:00:00+00:00,BTC,18716.61,18827.34,18656.48,18724.49,531.6946
2024-04-11 17:00:00+00:00,BTC,18724.49,18923.14,18698.63,18788.77,245.7274
2024-04-11 18:00:00+00:00,BTC,18788.77,18826.1,18587.09,18679.55,582.0655
2024-04-11 19:00:00+00:00,BTC,18679.55,18782.97,18569.65,18762.64,548.9457
2024-04-11 20:00:00+00:00,BTC,18762.64,18931.47,18752.69,18855.11,651.853
2024-04-11 21:00:00+00:00,BTC,18855.11,19155.61,18811.46,19151.97,388.1424
2024-04-11 22:00:00+00:00,BTC,19151.97,19173.38,18899.64,19108.8,560.7906
2024-04-11 23:00:00+00:00,BTC,19108.8,19161.85,19015.86,19056.35,454.8364
2024-04-12 00:00:00+00:00,BTC,19056.35,19219.44,18965.43,19144.48,395.2947
2024-04-12 01:00:00+00:00,BTC,19144.48,19272.02,19128.38,19238.8,563.7221
2024-04-12 02:00:00+00:00,BTC,19238.8,19269.77,19042.15,19177.13,527.4651
2024-04-12 03:00:00+00:00,BTC,19177.13,19242.16,19042.83,19130.79,722.0733
2024-04-12 04:00:00+00:00,BTC,19130.79,19327.45,19017.89,19193.01,504.7454
2024-04-12 05:00:00+00:00,BTC,19193.01,19209.95,19085.58,19097.94,617.6821
2024-04-12 06:00:00+00:00,BTC,19097.94,19206.54,18912.09,19050.96,327.6698
2024-04-12 07:00:00+00:00,BTC,19050.96,19087.8,19031.24,19061.2,814.5934
2024-04-12 08:00:00+00:00,BTC,19061.2,19192.7,18965.62,19175.45,380.9194
2024-04-12 09:00:00+00:00,BTC,19175.45,19223.73,18947.05,19106.01,685.8327
2024-04-12 10:00:00+00:00,BTC,19106.01,19319.53,18666.24,18895.97,548.2326
2024-04-12 11:00:00+00:00,BTC,18895.97,18941.61,18643.23,18679.92,524.435
2024-04-12 12:00:00+00:00,BTC,18679.92,18712.08,18333.51,18539.3,652.4464
2024-04-12 13:00:00+00:00,BTC,18539.3,18593.39,18262.41,18393.8,236.4211
2024-04-12 14:00:00+00:00,BTC,18393.8,18411.9,18200.7,18376.74,409.0652
2024-04-12 15:00:00+00:00,BTC,18376.74,18401.44,18107.83,18246.12,649.2082
2024-04-12 16:00:00+00:00,BTC,18246.12,18318.49,18167.7,18169.35,979.7924
2024-04-12 17:00:00+00:00,BTC,18169.35,18316.64,17927.76,18085.16,495.7554
2024-04-12 18:00:00+00:00,BTC,18085.16,18128.12,17869.27,18037.42,213.031
2024-04-12 19:00:00+00:00,BTC,18037.42,18225.48,17969.79,18181.12,447.4575
2024-04-12 20:00:00+00:00,BTC,18181.12,18277.95,18059.17,18253.47,489.5838
2024-04-12 21:00:00+00:00,BTC,18253.47,18380.4,18143.32,18255.24,737.244
2024-04-12 22:00:00+00:00,BTC,18255.24,18344.1,18180.61,18204.81,508.532
2024-04-12 23:00:00+00:00,BTC,18204.81,18439.17,17920.88,18157.55,319.8187
2024-04-13 00:00:00+00:00,BTC,18157.55,18299.83,18135.29,18193.29,700.5263
2024-04-13 01:00:00+00:00,BTC,18193.29,18363.88,18172.97,18257.17,610.0366
2024-04-13 02:00:00+00:00,BTC,18257.17,18285.38,18120.49,18158.02,391.4764
2024-04-13 03:00:00+00:00,BTC,18158.02,18220.68,18145.1,18161.99,643.2693
2024-04-13 04:00:00+00:00,BTC,18161.99,18239.63,17896.81,17941.95,412.9362
2024-04-13 05:00:00+00:00,BTC,17941.95,18064.84,17937.63,17964.75,450.4447
2024-04-13 06:00:00+00:00,BTC,17964.75,18177.58,17784.5,18047.09,415.3897
2024-04-13 07:00:00+00:00,BTC,18047.09,18131.01,17906.71,18016.79,448.5987
2024-04-13 08:00:00+00:00,BTC,18016.79,18280.51,17910.99,18214.23,686.7527
2024-04-13 09:00:00+00:00,BTC,18214.23,18310.74,18097.1,18118.18,267.6241
2024-04-13 10:00:00+00:00,BTC,18118.18,18329.31,18083.38,18141.84,735.8699
2024-04-13 11:00:00+00:00,BTC,18141.84,18180.69,18133.7,18137.94,531.8289
2024-04-13 12:00:00+00:00,BTC,18137.94,18406.85,18039.29,18127.02,436.1901
2024-04-13 13:00:00+00:00,BTC,18127.02,18179.57,18072.01,18114.59,503.6468
2024-04-13 14:00:00+00:00,BTC,18114.59,18284.59,18039.52,18126.24,363.7499
2024-04-13 15:00:00+00:00,BTC,18126.24,18547.31,18039.29,18218.7,282.4509
2024-04-13 16:00:00+00:00,BTC,18218.7,18389.68,18108.87,18369.92,367.3576
2024-04-13 17:00:00+00:00,BTC,18369.92,18505.54,18360.4,18369.68,257.543
2024-04-13 18:00:00+00:00,BTC,18369.68,18524.58,18274.87,18459.76,311.4327
2024-04-13 19:00:00+00:00,BTC,18459.76,18466.3,18283.13,18382.19,283.3393
2024-04-13 20:00:00+00:00,BTC,18382.19,18561.56,18212.98,18466.87,767.3513
2024-04-13 21:00:00+00:00,BTC,18466.87,18572.06,18340.58,18382.63,318.9818
2024-04-13 22:00:00+00:00,BTC,18382.63,18549.49,18354.35,18503.32,492.8337
2024-04-13 23:00:00+00:00,BTC,18503.32,18807.66,18503.01,18750.38,739.1242
2024-04-14 00:00:00+00:00,BTC,18750.38,18768.88,18601.04,18736.65,673.2651
2024-04-14 01:00:00+00:00,BTC,18736.65,18828.98,18421.23,18491.78,450.9293
2024-04-14 02:00:00+00:00,BTC,18491.78,18542.56,18427.05,18431.07,451.6495
2024-04-14 03:00:00+00:00,BTC,18431.07,18608.84,18404.83,18567.81,532.5415
2024-04-14 04:00:00+00:00,BTC,18567.81,18732.04,18558.4,18629.52,1047.2134
2024-04-14 05:00:00+00:00,BTC,18629.52,18716.3,18515.11,18657.37,577.7693
2024-04-14 06:00:00+00:00,BTC,18657.37,18848.21,18519.41,18770.62,631.7445
2024-04-14 07:00:00+00:00,BTC,18770.62,18843.87,18708.16,18825.26,1105.2723
2024-04-14 08:00:00+00:00,BTC,18825.26,19118.72,18751.94,18963.31,551.062
2024-04-14 09:00:00+00:00,BTC,18963.31,19191.21,18882.62,19068.21,747.2193
2024-04-14 10:00:00+00:00,BTC,19068.21,19282.33,19059.35,19243.11,590.9976
2024-04-14 11:00:00+00:00,BTC,19243.11,19462.5,19123.58,19284.58,587.9919
2024-04-14 12:00:00+00:00,BTC,19284.58,19438.59,19137.06,19389.61,356.8942
2024-04-14 13:00:00+00:00,BTC,19389.61,19467.11,19231.16,19353.91,336.7716
2024-04-14 14:00:00+00:00,BTC,19353.91,19406.57,19284.07,19284.19,417.9231
2024-04-14 15:00:00+00:00,BTC,19284.19,19525.77,19198.31,19482.69,680.8115
2024-04-14 16:00:00+00:00,BTC,19482.69,19513.72,19470.38,19507.98,669.5938
2024-04-14 17:00:00+00:00,BTC,19507.98,19624.94,19449.04,19602.42,797.2938
2024-04-14 18:00:00+00:00,BTC,19602.42,19822.72,19599.13,19616.98,498.0606
2024-04-14 19:00:00+00:00,BTC,19616.98,19798.32,19391.03,19548.06,603.5433
2024-04-14 20:00:00+00:00,BTC,19548.06,19623.82,19470.77,19549.35,604.4425
2024-04-14 21:00:00+00:00,BTC,19549.35,19838.48,19438.63,19718.52,481.538
2024-04-14 22:00:00+00:00,BTC,19718.52,19799.84,19693.05,19784.32,446.7821
2024-04-14 23:00:00+00:00,BTC,19784.32,19935.1,19356.36,19582.19,297.3348
2024-04-15 00:00:00+00:00,BTC,19582.19,19590.32,19543.86,19556.92,474.0065
2024-04-15 01:00:00+00:00,BTC,19556.92,19939.96,19421.4,19767.18,482.1272
2024-04-15 02:00:00+00:00,BTC,19767.18,20017.14,19726.7,19741.84,743.7044
2024-04-15 03:00:00+00:00,BTC,19741.84,19752.67,19428.7,19529.72,769.8189
2024-04-15 04:00:00+00:00,BTC,19529.72,19845.14,19465.87,19752.81,526.1613
2024-04-15 05:00:00+00:00,BTC,19752.81,19926.51,19701.08,19833.85,1029.4626
2024-04-15 06:00:00+00:00,BTC,19833.85,20176.11,19603.61,19825.52,534.378
2024-04-15 07:00:00+00:00,BTC,19825.52,19974.38,19592.87,19781.39,717.7564
2024-04-15 08:00:00+00:00,BTC,19781.39,19951.2,19658.25,19910.27,482.7902
2024-04-15 09:00:00+00:00,BTC,19910.27,20024.84,19707.63,19845.63,335.4776
2024-04-15 10:00:00+00:00,BTC,19845.63,20082.47,19623.02,19982.82,430.8592
2024-04-15 11:00:00+00:00,BTC,19982.82,20170.51,19814.87,20047.94,837.5877
2024-04-15 12:00:00+00:00,BTC,20047.94,20228.86,19969.0,20077.39,455.838
2024-04-15 13:00:00+00:00,BTC,20077.39,20261.24,19979.88,20094.93,424.6791
2024-04-15 14:00:00+00:00,BTC,20094.93,20106.23,19954.56,20073.84,499.289
2024-04-15 15:00:00+00:00,BTC,20073.84,20311.85,19989.44,20200.18,436.2799
2024-04-15 16:00:00+00:00,BTC,20200.18,20281.45,20066.0,20095.57,759.3204
2024-04-15 17:00:00+00:00,BTC,20095.57,20113.06,19819.68,19900.96,967.3083
2024-04-15 18:00:00+00:00,BTC,19900.96,20107.73,19898.0,19974.46,501.0397
2024-04-15 19:00:00+00:00,BTC,19974.46,20140.75,19865.04,20050.26,604.1168
2024-04-15 20:00:00+00:00,BTC,20050.26,20138.63,19861.42,20108.11,702.5836
2024-04-15 21:00:00+00:00,BTC,20108.11,20410.49,19998.02,20157.37,519.3614
2024-04-15 22:00:00+00:00,BTC,20157.37,20383.55,20045.55,20118.64,367.7263
2024-04-15 23:00:00+00:00,BTC,20118.64,20245.15,20105.46,20213.92,433.2449
2024-04-16 00:00:00+00:00,BTC,20213.92,20562.02,20137.08,20208.39,577.5622
2024-04-16 01:00:00+00:00,BTC,20208.39,20232.03,20098.08,20149.42,573.8927
2024-04-16 02:00:00+00:00,BTC,20149.42,20324.58,19944.41,20111.75,267.025
2024-04-16 03:00:00+00:00,BTC,20111.75,20393.2,20100.92,20357.06,429.1432
2024-04-16 04:00:00+00:00,BTC,20357.06,20436.81,20052.22,20146.25,386.316
2024-04-16 05:00:00+00:00,BTC,20146.25,20225.11,20143.21,20206.75,680.8964
2024-04-16 06:00:00+00:00,BTC,20206.75,20248.46,19909.91,20004.2,391.5933
2024-04-16 07:00:00+00:00,BTC,20004.2,20219.87,19955.09,19991.21,425.4752
2024-04-16 08:00:00+00:00,BTC,19991.21,20066.79,19885.73,19939.27,420.3031
2024-04-16 09:00:00+00:00,BTC,19939.27,20013.1,19569.58,19691.38,659.5608
2024-04-16 10:00:00+00:00,BTC,19691.38,19849.69,19678.74,19737.39,701.8387
2024-04-16 11:00:00+00:00,BTC,19737.39,19755.31,19462.31,19692.44,594.2849
2024-04-16 12:00:00+00:00,BTC,19692.44,19838.53,19188.0,19445.96,736.4574
2024-04-16 13:00:00+00:00,BTC,19445.96,19641.7,19358.03,19544.17,770.4721
2024-04-16 14:00:00+00:00,BTC,19544.17,19837.58,19523.06,19713.17,265.3368
2024-04-16 15:00:00+00:00,BTC,19713.17,19908.61,19639.73,19890.21,615.0952
2024-04-16 16:00:00+00:00,BTC,19890.21,20142.34,19767.97,19933.1,439.2982
2024-04-16 17:00:00+00:00,BTC,19933.1,20103.54,19863.89,19938.61,322.0627
2024-04-16 18:00:00+00:00,BTC,19938.61,20111.67,19886.58,20098.13,447.0637
2024-04-16 19:00:00+00:00,BTC,20098.13,20375.64,19997.19,20302.03,645.748
2024-04-16 20:00:00+00:00,BTC,20302.03,20527.24,20023.18,20440.59,832.0934
2024-04-16 21:00:00+00:00,BTC,20440.59,20480.73,20290.96,20325.44,312.2559
2024-04-16 22:00:00+00:00,BTC,20325.44,20466.5,20304.32,20350.01,620.8277
2024-04-16 23:00:00+00:00,BTC,20350.01,20463.18,20292.21,20403.74,994.8363
2024-04-17 00:00:00+00:00,BTC,20403.74,20419.22,19911.69,20183.4,948.965
2024-04-17 01:00:00+00:00,BTC,20183.4,20370.1,20137.11,20240.32,149.299
2024-04-17 02:00:00+00:00,BTC,20240.32,20564.94,20203.99,20518.25,1071.9301
2024-04-17 03:00:00+00:00,BTC,20518.25,20711.0,20517.8,20597.19,699.9245
2024-04-17 04:00:00+00:00,BTC,20597.19,20780.85,20384.93,20780.08,222.9671
2024-04-17 05:00:00+00:00,BTC,20780.08,21105.8,20720.05,20802.9,382.461
2024-04-17 06:00:00+00:00,BTC,20802.9,20824.22,20714.33,20793.76,776.5224
2024-04-17 07:00:00+00:00,BTC,20793.76,21028.45,20685.8,20841.39,567.1978
2024-04-17 08:00:00+00:00,BTC,20841.39,20928.09,20719.4,20739.62,409.0035
2024-04-17 09:00:00+00:00,BTC,20739.62,20962.48,20570.53,20620.03,511.7673
2024-04-17 10:00:00+00:00,BTC,20620.03,21117.33,20579.81,20777.3,605.2731
2024-04-17 11:00:00+00:00,BTC,20777.3,21043.19,20551.71,20949.09,408.2436
2024-04-17 12:00:00+00:00,BTC,20949.09,21089.64,20766.07,20824.88,478.2421
2024-04-17 13:00:00+00:00,BTC,20824.88,21050.37,20761.65,20946.18,684.3908
2024-04-17 14:00:00+00:00,BTC,20946.18,21046.18,20860.06,20935.26,391.2401
2024-04-17 15:00:00+00:00,BTC,20935.26,21173.8,20929.19,20977.98,310.9594
2024-04-17 16:00:00+00:00,BTC,20977.98,21089.44,20841.28,21035.99,400.0337
2024-04-17 17:00:00+00:00,BTC,21035.99,21289.2,20918.67,21161.87,366.3132
2024-04-17 18:00:00+00:00,BTC,21161.87,21244.43,20948.08,21172.37,404.6023
2024-04-17 19:00:00+00:00,BTC,21172.37,21377.65,21018.65,21352.27,273.1436
2024-04-17 20:00:00+00:00,BTC,21352.27,21608.06,21333.87,21391.95,542.9816
2024-04-17 21:00:00+00:00,BTC,21391.95,21805.87,21273.16,21472.21,677.4045
2024-04-17 22:00:00+00:00,BTC,21472.21,21711.7,21292.24,21365.13,376.3439
2024-04-17 23:00:00+00:00,BTC,21365.13,21649.95,21233.32,21643.65,397.9868
2024-04-18 00:00:00+00:00,BTC,21643.65,21712.23,21584.48,21704.75,468.2596
2024-04-18 01:00:00+00:00,BTC,21704.75,21831.6,21695.49,21797.8,363.4535
2024-04-18 02:00:00+00:00,BTC,21797.8,21940.24,21562.44,21588.48,705.5178
2024-04-18 03:00:00+00:00,BTC,21588.48,21613.2,21426.96,21482.18,366.3454
2024-04-18 04:00:00+00:00,BTC,21482.18,21851.39,21239.57,21642.33,415.9409
2024-04-18 05:00:00+00:00,BTC,21642.33,21799.55,21550.95,21679.61,382.7815
2024-04-18 06:00:00+00:00,BTC,21679.61,21854.74,21142.09,21432.1,711.393
2024-04-18 07:00:00+00:00,BTC,21432.1,21660.48,21369.19,21566.03,461.1533
2024-04-18 08:00:00+00:00,BTC,21566.03,21648.29,21482.43,21495.78,1004.4509
2024-04-18 09:00:00+00:00,BTC,21495.78,21737.25,21465.49,21678.58,565.9047
2024-04-18 10:00:00+00:00,BTC,21678.58,21871.41,21518.79,21667.16,749.9894
2024-04-18 11:00:00+00:00,BTC,21667.16,21858.88,21499.7,21693.79,446.3542
2024-04-18 12:00:00+00:00,BTC,21693.79,22019.7,21635.84,21847.79,359.4916
2024-04-18 13:00:00+00:00,BTC,21847.79,21988.73,21520.15,21730.45,494.2304
2024-04-18 14:00:00+00:00,BTC,21730.45,22020.52,21466.99,21601.39,394.2333
2024-04-18 15:00:00+00:00,BTC,21601.39,21625.03,21570.59,21575.93,248.4205
2024-04-18 16:00:00+00:00,BTC,21575.93,21730.89,21436.08,21683.28,712.8992
2024-04-18 17:00:00+00:00,BTC,21683.28,21887.98,21445.35,21510.83,505.763
2024-04-18 18:00:00+00:00,BTC,21510.83,21655.91,21083.79,21296.61,391.3108
2024-04-18 19:00:00+00:00,BTC,21296.61,21630.61,21252.67,21402.13,570.3802
2024-04-18 20:00:00+00:00,BTC,21402.13,21487.28,21320.88,21324.84,508.281
2024-04-18 21:00:00+00:00,BTC,21324.84,21382.35,21193.07,21274.71,818.9597
2024-04-18 22:00:00+00:00,BTC,21274.71,21303.65,21015.25,21039.01,581.7809
2024-04-18 23:00:00+00:00,BTC,21039.01,21132.22,20923.21,20953.47,473.2796
2024-04-19 00:00:00+00:00,BTC,20953.47,21197.6,20914.3,20952.52,637.343
2024-04-19 01:00:00+00:00,BTC,20952.52,21140.67,20850.71,21069.81,493.7457
2024-04-19 02:00:00+00:00,BTC,21069.81,21152.24,20865.68,20972.54,533.2283
2024-04-19 03:00:00+00:00,BTC,20972.54,21281.13,20959.88,21182.14,767.9821
2024-04-19 04:00:00+00:00,BTC,21182.14,21231.34,21031.53,21095.31,332.157
2024-04-19 05:00:00+00:00,BTC,21095.31,21149.9,20961.89,21009.03,369.6152
2024-04-19 06:00:00+00:00,BTC,21009.03,21332.91,20847.19,21203.72,431.7442
2024-04-19 07:00:00+00:00,BTC,21203.72,21569.51,21081.31,21230.64,454.4319
2024-04-19 08:00:00+00:00,BTC,21230.64,21347.46,21127.56,21160.43,749.4929
2024-04-19 09:00:00+00:00,BTC,21160.43,21247.31,20990.22,21140.75,304.7413
2024-04-19 10:00:00+00:00,BTC,21140.75,21388.28,21090.47,21313.07,494.8641
2024-04-19 11:00:00+00:00,BTC,21313.07,21822.0,21095.48,21501.4,412.3348
2024-04-19 12:00:00+00:00,BTC,21501.4,21580.4,21335.49,21396.28,906.6686
2024-04-19 13:00:00+00:00,BTC,21396.28,21539.29,21182.68,21390.84,681.2673
2024-04-19 14:00:00+00:00,BTC,21390.84,21439.07,21092.85,21402.41,543.5656
2024-04-19 15:00:00+00:00,BTC,21402.41,21466.38,21259.13,21276.14,701.8383
2024-04-19 16:00:00+00:00,BTC,21276.14,21301.15,21205.74,21269.03,315.0729
2024-04-19 17:00:00+00:00,BTC,21269.03,21305.3,21249.32,21269.71,1016.6159
2024-04-19 18:00:00+00:00,BTC,21269.71,21658.59,21214.69,21415.72,372.3965
2024-04-19 19:00:00+00:00,BTC,21415.72,21656.5,21328.54,21571.43,776.3012
2024-04-19 20:00:00+00:00,BTC,21571.43,21652.04,21520.2,21528.86,606.4886
2024-04-19 21:00:00+00:00,BTC,21528.86,21648.03,21386.25,21501.24,548.4641
2024-04-19 22:00:00+00:00,BTC,21501.24,21640.13,21385.21,21587.11,765.0466
2024-04-19 23:00:00+00:00,BTC,21587.11,21671.44,21508.89,21511.45,708.6855
2024-04-20 00:00:00+00:00,BTC,21511.45,21782.13,21452.32,21587.56,519.1495
2024-04-20 01:00:00+00:00,BTC,21587.56,21675.46,21516.46,21576.18,431.4055
2024-04-20 02:00:00+00:00,BTC,21576.18,21749.99,21390.1,21451.05,522.0003
2024-04-20 03:00:00+00:00,BTC,21451.05,21518.29,21225.96,21328.25,482.3287
2024-04-20 04:00:00+00:00,BTC,21328.25,21648.48,21304.15,21514.23,565.9496
2024-04-20 05:00:00+00:00,BTC,21514.23,21531.49,21468.86,21494.05,714.6654
2024-04-20 06:00:00+00:00,BTC,21494.05,22012.57,21429.73,21706.64,589.1066
2024-04-20 07:00:00+00:00,BTC,21706.64,21839.54,21570.55,21639.85,533.4218
2024-04-20 08:00:00+00:00,BTC,21639.85,21746.53,21577.06,21677.69,397.7086
2024-04-20 09:00:00+00:00,BTC,21677.69,22075.39,21575.49,21991.14,560.1687
2024-04-20 10:00:00+00:00,BTC,21991.14,22141.64,21800.64,21852.07,276.1741
2024-04-20 11:00:00+00:00,BTC,21852.07,21944.57,21433.97,21604.65,378.2217
2024-04-20 12:00:00+00:00,BTC,21604.65,22036.28,21585.58,21772.07,618.1882
2024-04-20 13:00:00+00:00,BTC,21772.07,21840.93,21509.02,21664.33,681.5868
2024-04-20 14:00:00+00:00,BTC,21664.33,21736.43,21627.6,21661.64,496.3969
2024-04-20 15:00:00+00:00,BTC,21661.64,21724.07,21435.13,21585.62,536.44
2024-04-20 16:00:00+00:00,BTC,21585.62,21662.19,21484.33,21620.38,569.1816
2024-04-20 17:00:00+00:00,BTC,21620.38,21694.37,21467.5,21497.43,634.6735
2024-04-20 18:00:00+00:00,BTC,21497.43,21613.38,21400.7,21474.23,465.967
2024-04-20 19:00:00+00:00,BTC,21474.23,21737.95,21243.7,21532.27,354.4516
2024-04-20 20:00:00+00:00,BTC,21532.27,21738.67,21164.5,21402.39,572.5609
2024-04-20 21:00:00+00:00,BTC,21402.39,21407.92,21246.47,21312.68,992.2895
2024-04-20 22:00:00+00:00,BTC,21312.68,21318.63,21153.45,21268.3,362.0382
2024-04-20 23:00:00+00:00,BTC,21268.3,21363.02,20827.34,21086.75,478.2762
2024-04-21 00:00:00+00:00,BTC,21086.75,21159.08,20960.87,21033.36,436.7766
2024-04-21 01:00:00+00:00,BTC,21033.36,21190.85,20905.17,21048.35,1163.546
2024-04-21 02:00:00+00:00,BTC,21048.35,21115.94,20828.57,20997.96,357.2208
2024-04-21 03:00:00+00:00,BTC,20997.96,21134.75,20890.18,20963.79,472.6938
2024-04-21 04:00:00+00:00,BTC,20963.79,21053.26,20759.35,20961.29,440.085
2024-04-21 05:00:00+00:00,BTC,20961.29,20967.06,20696.57,20878.98,322.3335
2024-04-21 06:00:00+00:00,BTC,20878.98,21073.09,20858.99,20965.73,316.264
2024-04-21 07:00:00+00:00,BTC,20965.73,21187.72,20958.05,21147.15,610.0508
2024-04-21 08:00:00+00:00,BTC,21147.15,21187.47,20986.29,21088.31,640.7482
2024-04-21 09:00:00+00:00,BTC,21088.31,21260.96,21032.3,21149.79,411.078
2024-04-21 10:00:00+00:00,BTC,21149.79,21280.66,21114.13,21119.41,818.732
2024-04-21 11:00:00+00:00,BTC,21119.41,21233.53,20989.48,21165.77,227.4257
2024-04-21 12:00:00+00:00,BTC,21165.77,21496.65,21115.45,21365.55,321.8684
2024-04-21 13:00:00+00:00,BTC,21365.55,21546.36,21317.6,21430.86,374.6364
2024-04-21 14:00:00+00:00,BTC,21430.86,21483.96,21180.96,21204.03,498.4356
2024-04-21 15:00:00+00:00,BTC,21204.03,21512.39,21075.88,21261.87,427.0028
2024-04-21 16:00:00+00:00,BTC,21261.87,21423.12,21034.36,21419.73,466.0261
2024-04-21 17:00:00+00:00,BTC,21419.73,21544.83,21300.93,21391.27,592.5158
2024-04-21 18:00:00+00:00,BTC,21391.27,21832.6,21224.91,21519.44,832.6242
2024-04-21 19:00:00+00:00,BTC,21519.44,21582.97,21390.09,21430.52,662.128
2024-04-21 20:00:00+00:00,BTC,21430.52,21458.77,20974.65,21240.36,509.9241
2024-04-21 21:00:00+00:00,BTC,21240.36,21429.07,20974.23,21258.35,486.1701
2024-04-21 22:00:00+00:00,BTC,21258.35,21259.6,20933.86,21035.49,735.1703
2024-04-21 23:00:00+00:00,BTC,21035.49,21101.78,20865.2,21005.25,966.8954
2024-04-22 00:00:00+00:00,BTC,21005.25,21219.58,20947.42,21168.06,625.1619
2024-04-22 01:00:00+00:00,BTC,21168.06,21268.38,20895.94,20926.89,421.1847
2024-04-22 02:00:00+00:00,BTC,20926.89,20934.11,20543.11,20766.85,547.4866
2024-04-22 03:00:00+00:00,BTC,20766.85,20858.8,20525.61,20638.65,612.6032
2024-04-22 04:00:00+00:00,BTC,20638.65,20846.85,20627.27,20630.82,411.705
2024-04-22 05:00:00+00:00,BTC,20630.82,20726.29,20420.34,20585.59,676.9668
2024-04-22 06:00:00+00:00,BTC,20585.59,20803.74,20568.32,20759.13,548.4097
2024-04-22 07:00:00+00:00,BTC,20759.13,20989.9,20627.25,20878.34,751.6257
2024-04-22 08:00:00+00:00,BTC,20878.34,20972.61,20814.05,20940.48,355.224
2024-04-22 09:00:00+00:00,BTC,20940.48,21023.31,20798.83,20958.78,271.8066
2024-04-22 10:00:00+00:00,BTC,20958.78,21079.52,20901.52,21008.29,435.7829
2024-04-22 11:00:00+00:00,BTC,21008.29,21121.59,20835.08,20899.92,504.1713
2024-04-22 12:00:00+00:00,BTC,20899.92,21152.11,20563.85,21007.69,266.2118
2024-04-22 13:00:00+00:00,BTC,21007.69,21022.5,20777.93,20867.99,404.0941
2024-04-22 14:00:00+00:00,BTC,20867.99,21012.17,20713.9,20972.85,783.5638
2024-04-22 15:00:00+00:00,BTC,20972.85,21315.35,20932.86,21122.64,602.6022
2024-04-22 16:00:00+00:00,BTC,21122.64,21234.2,21083.52,21149.38,524.7845
2024-04-22 17:00:00+00:00,BTC,21149.38,21256.15,21086.45,21127.03,345.5314
2024-04-22 18:00:00+00:00,BTC,21127.03,21323.06,21082.64,21177.84,774.4916
2024-04-22 19:00:00+00:00,BTC,21177.84,21230.82,20591.65,20817.34,432.0482
2024-04-22 20:00:00+00:00,BTC,20817.34,20899.83,20770.47,20855.12,516.9035
2024-04-22 21:00:00+00:00,BTC,20855.12,21017.91,20797.25,20840.95,576.6288
2024-04-22 22:00:00+00:00,BTC,20840.95,20870.8,20789.3,20834.62,530.8853
2024-04-22 23:00:00+00:00,BTC,20834.62,21262.3,20761.37,20923.12,842.8006
2024-04-23 00:00:00+00:00,BTC,20923.12,21029.67,20802.42,20913.74,611.4896
2024-04-23 01:00:00+00:00,BTC,20913.74,21001.33,20614.03,20771.15,562.8583
2024-04-23 02:00:00+00:00,BTC,20771.15,20841.86,20668.17,20753.54,485.1013
2024-04-23 03:00:00+00:00,BTC,20753.54,20910.32,20491.28,20761.95,581.5955
2024-04-23 04:00:00+00:00,BTC,20761.95,20792.62,20688.86,20776.27,464.5687
2024-04-23 05:00:00+00:00,BTC,20776.27,20970.19,20677.87,20796.47,534.2644
2024-04-23 06:00:00+00:00,BTC,20796.47,20927.08,20666.43,20926.56,443.6376
2024-04-23 07:00:00+00:00,BTC,20926.56,20974.72,20693.29,20790.65,419.8118
2024-04-23 08:00:00+00:00,BTC,20790.65,20985.06,20476.86,20812.58,362.8492
2024-04-23 09:00:00+00:00,BTC,20812.58,21011.56,20762.7,20974.28,454.7242
2024-04-23 10:00:00+00:00,BTC,20974.28,21105.67,20584.75,20757.12,444.4022
2024-04-23 11:00:00+00:00,BTC,20757.12,20920.92,20615.15,20779.51,948.5075
2024-04-23 12:00:00+00:00,BTC,20779.51,20794.7,20631.56,20706.65,707.576
2024-04-23 13:00:00+00:00,BTC,20706.65,20794.34,20630.52,20660.64,477.0871
2024-04-23 14:00:00+00:00,BTC,20660.64,20738.7,20288.01,20548.78,431.147
2024-04-23 15:00:00+00:00,BTC,20548.78,20558.87,20476.87,20527.89,620.0979
2024-04-23 16:00:00+00:00,BTC,20527.89,20865.98,20206.57,20755.93,986.7393
2024-04-23 17:00:00+00:00,BTC,20755.93,20796.24,20519.99,20599.06,660.7689
2024-04-23 18:00:00+00:00,BTC,20599.06,20733.11,20157.41,20455.01,273.8524
2024-04-23 19:00:00+00:00,BTC,20455.01,20511.33,20293.96,20295.84,676.3534
2024-04-23 20:00:00+00:00,BTC,20295.84,20552.45,20269.29,20507.3,719.6176
2024-04-23 21:00:00+00:00,BTC,20507.3,20544.24,20384.4,20450.49,1079.5955
2024-04-23 22:00:00+00:00,BTC,20450.49,20560.29,20432.51,20447.34,458.3746
2024-04-23 23:00:00+00:00,BTC,20447.34,20597.22,20389.65,20397.98,524.8472
2024-04-24 00:00:00+00:00,BTC,20397.98,20433.22,20234.59,20282.73,585.3396
2024-04-24 01:00:00+00:00,BTC,20282.73,20294.15,20062.64,20254.13,382.6864
2024-04-24 02:00:00+00:00,BTC,20254.13,20574.1,20137.96,20555.08,370.7422
2024-04-24 03:00:00+00:00,BTC,20555.08,20815.1,20434.58,20727.48,575.0076
2024-04-24 04:00:00+00:00,BTC,20727.48,20799.82,20513.68,20621.68,291.3566
2024-04-24 05:00:00+00:00,BTC,20621.68,20717.09,20588.25,20701.96,315.3395
2024-04-24 06:00:00+00:00,BTC,20701.96,20832.55,20567.0,20598.93,665.2049
2024-04-24 07:00:00+00:00,BTC,20598.93,20668.5,20337.18,20380.55,595.1728
2024-04-24 08:00:00+00:00,BTC,20380.55,20605.79,20217.51,20505.6,774.3451
2024-04-24 09:00:00+00:00,BTC,20505.6,20665.24,20335.2,20648.83,588.0075
2024-04-24 10:00:00+00:00,BTC,20648.83,20857.21,20576.66,20778.84,501.8273
2024-04-24 11:00:00+00:00,BTC,20778.84,20909.0,20708.02,20720.34,785.0774
2024-04-24 12:00:00+00:00,BTC,20720.34,20805.08,20672.79,20699.62,431.2135
2024-04-24 13:00:00+00:00,BTC,20699.62,20815.05,20490.14,20792.94,444.9401
2024-04-24 14:00:00+00:00,BTC,20792.94,20944.06,20622.6,20841.84,488.8358
2024-04-24 15:00:00+00:00,BTC,20841.84,20943.17,20790.76,20792.68,585.3857
2024-04-24 16:00:00+00:00,BTC,20792.68,20829.28,20474.27,20591.67,488.476
2024-04-24 17:00:00+00:00,BTC,20591.67,20768.17,20520.04,20605.74,297.3296
2024-04-24 18:00:00+00:00,BTC,20605.74,20753.75,20537.89,20739.58,455.4568
2024-04-24 19:00:00+00:00,BTC,20739.58,20772.07,20527.39,20591.08,494.5079
2024-04-24 20:00:00+00:00,BTC,20591.08,20867.74,20561.58,20670.15,520.5028
2024-04-24 21:00:00+00:00,BTC,20670.15,20800.94,20589.0,20711.31,427.2281
2024-04-24 22:00:00+00:00,BTC,20711.31,20928.64,20681.53,20804.74,596.795
2024-04-24 23:00:00+00:00,BTC,20804.74,20961.89,20637.58,20913.87,284.5543
2024-04-25 00:00:00+00:00,BTC,20913.87,20929.79,20630.01,20826.91,578.318
2024-04-25 01:00:00+00:00,BTC,20826.91,20843.66,20493.63,20625.83,936.4621
2024-04-25 02:00:00+00:00,BTC,20625.83,20648.74,20483.57,20559.91,404.3275
2024-04-25 03:00:00+00:00,BTC,20559.91,20752.81,20512.26,20669.89,510.1841
2024-04-25 04:00:00+00:00,BTC,20669.89,20755.92,20562.26,20602.78,458.5867
2024-04-25 05:00:00+00:00,BTC,20602.78,20874.86,20424.45,20517.16,461.2999
2024-04-25 06:00:00+00:00,BTC,20517.16,20565.54,20175.57,20294.17,348.8507
2024-04-25 07:00:00+00:00,BTC,20294.17,20614.62,20156.48,20508.7,1003.9059
2024-04-25 08:00:00+00:00,BTC,20508.7,20714.5,20328.37,20610.56,572.2826
2024-04-25 09:00:00+00:00,BTC,20610.56,20715.47,20505.98,20705.99,395.3729
2024-04-25 10:00:00+00:00,BTC,20705.99,20899.21,20696.69,20826.57,379.928
2024-04-25 11:00:00+00:00,BTC,20826.57,21158.65,20644.56,20898.76,510.8794
2024-04-25 12:00:00+00:00,BTC,20898.76,21148.19,20696.93,20868.14,234.1408
2024-04-25 13:00:00+00:00,BTC,20868.14,20987.94,20769.18,20847.65,722.7734
2024-04-25 14:00:00+00:00,BTC,20847.65,21027.0,20701.88,20794.23,417.6987
2024-04-25 15:00:00+00:00,BTC,20794.23,21310.95,20775.91,21125.57,572.8855
2024-04-25 16:00:00+00:00,BTC,21125.57,21230.41,20887.91,21196.15,582.3475
2024-04-25 17:00:00+00:00,BTC,21196.15,21363.71,21083.25,21137.25,700.9684
2024-04-25 18:00:00+00:00,BTC,21137.25,21270.76,20841.47,21196.37,594.0878
2024-04-25 19:00:00+00:00,BTC,21196.37,21334.01,20878.96,21068.2,648.5372
2024-04-25 20:00:00+00:00,BTC,21068.2,21408.19,21006.73,21259.24,714.2843
2024-04-25 21:00:00+00:00,BTC,21259.24,21298.44,21035.38,21175.08,445.4219
2024-04-25 22:00:00+00:00,BTC,21175.08,21314.73,21110.79,21238.84,1061.6649
2024-04-25 23:00:00+00:00,BTC,21238.84,21707.68,20934.8,21375.12,565.7283
2024-04-26 00:00:00+00:00,BTC,21375.12,21433.61,21283.21,21424.52,495.127
2024-04-26 01:00:00+00:00,BTC,21424.52,21659.94,21183.92,21436.67,372.4942
2024-04-26 02:00:00+00:00,BTC,21436.67,21456.05,21289.33,21438.06,465.0482
2024-04-26 03:00:00+00:00,BTC,21438.06,21465.54,21302.48,21430.8,575.5106
2024-04-26 04:00:00+00:00,BTC,21430.8,21475.09,21271.52,21356.77,516.9546
2024-04-26 05:00:00+00:00,BTC,21356.77,21407.97,21195.86,21299.25,947.8676
2024-04-26 06:00:00+00:00,BTC,21299.25,21602.98,21250.77,21489.18,436.2054
2024-04-26 07:00:00+00:00,BTC,21489.18,21510.0,21367.21,21475.19,634.2013
2024-04-26 08:00:00+00:00,BTC,21475.19,21562.98,21298.82,21374.18,337.1966
2024-04-26 09:00:00+00:00,BTC,21374.18,21552.88,21227.7,21308.07,1073.5551
2024-04-26 10:00:00+00:00,BTC,21308.07,21481.99,21293.83,21449.22,329.2558
2024-04-26 11:00:00+00:00,BTC,21449.22,21723.3,21231.47,21536.34,1033.398
2024-04-26 12:00:00+00:00,BTC,21536.34,21676.65,21498.01,21608.87,476.7844
2024-04-26 13:00:00+00:00,BTC,21608.87,21657.09,21468.48,21575.5,228.7237
2024-04-26 14:00:00+00:00,BTC,21575.5,21862.58,21545.86,21649.85,802.5718
2024-04-26 15:00:00+00:00,BTC,21649.85,21840.0,21357.71,21566.42,514.6164
2024-04-26 16:00:00+00:00,BTC,21566.42,21636.93,21129.1,21532.85,426.6243
2024-04-26 17:00:00+00:00,BTC,21532.85,21814.99,21444.18,21658.51,625.9038
2024-04-26 18:00:00+00:00,BTC,21658.51,21800.44,21524.06,21772.42,630.9023
2024-04-26 19:00:00+00:00,BTC,21772.42,21802.98,21636.86,21644.53,578.08
2024-04-26 20:00:00+00:00,BTC,21644.53,21672.97,21491.98,21533.71,743.874
2024-04-26 21:00:00+00:00,BTC,21533.71,21565.77,21327.48,21547.76,546.2083
2024-04-26 22:00:00+00:00,BTC,21547.76,21895.21,21416.83,21772.08,627.6681
2024-04-26 23:00:00+00:00,BTC,21772.08,21914.91,21448.04,21523.28,416.5434
2024-04-27 00:00:00+00:00,BTC,21523.28,21561.27,21472.06,21559.25,653.6392
2024-04-27 01:00:00+00:00,BTC,21559.25,21693.7,21381.4,21381.99,417.1798
2024-04-27 02:00:00+00:00,BTC,21381.99,21411.71,21260.08,21300.76,337.3155
2024-04-27 03:00:00+00:00,BTC,21300.76,21425.19,21093.35,21254.24,465.1762
2024-04-27 04:00:00+00:00,BTC,21254.24,21333.92,21181.15,21200.68,453.9944
2024-04-27 05:00:00+00:00,BTC,21200.68,21472.61,21048.93,21132.89,691.8165
2024-04-27 06:00:00+00:00,BTC,21132.89,21162.3,21078.03,21133.8,300.6623
2024-04-27 07:00:00+00:00,BTC,21133.8,21479.43,20850.69,21066.04,733.1716
2024-04-27 08:00:00+00:00,BTC,21066.04,21287.45,20875.64,20882.0,402.0462
2024-04-27 09:00:00+00:00,BTC,20882.0,20980.58,20570.63,20979.94,211.0077
2024-04-27 10:00:00+00:00,BTC,20979.94,21117.88,20922.04,21074.92,327.6749
2024-04-27 11:00:00+00:00,BTC,21074.92,21245.34,20970.43,21181.81,448.9766
2024-04-27 12:00:00+00:00,BTC,21181.81,21233.89,20970.56,20986.9,584.1087
2024-04-27 13:00:00+00:00,BTC,20986.9,21172.05,20750.87,21024.58,477.2084
2024-04-27 14:00:00+00:00,BTC,21024.58,21161.78,20985.83,21110.02,327.4285
2024-04-27 15:00:00+00:00,BTC,21110.02,21170.23,20947.77,20979.81,380.7416
2024-04-27 16:00:00+00:00,BTC,20979.81,21008.7,20934.67,20980.97,329.3454
2024-04-27 17:00:00+00:00,BTC,20980.97,21042.05,20948.61,20966.34,547.3962
2024-04-27 18:00:00+00:00,BTC,20966.34,21276.03,20959.52,21199.36,484.3948
2024-04-27 19:00:00+00:00,BTC,21199.36,21487.72,21178.65,21445.57,619.8195
2024-04-27 20:00:00+00:00,BTC,21445.57,21480.1,21212.98,21232.48,269.0881
2024-04-27 21:00:00+00:00,BTC,21232.48,21641.98,21229.55,21552.58,414.7658
2024-04-27 22:00:00+00:00,BTC,21552.58,21562.38,21398.62,21434.55,1017.0763
2024-04-27 23:00:00+00:00,BTC,21434.55,21690.1,21407.14,21561.04,625.762
2024-04-28 00:00:00+00:00,BTC,21561.04,21865.48,21450.25,21686.96,450.776
2024-04-28 01:00:00+00:00,BTC,21686.96,21829.88,21474.05,21557.79,353.907
2024-04-28 02:00:00+00:00,BTC,21557.79,21905.95,21515.94,21621.68,736.8024
2024-04-28 03:00:00+00:00,BTC,21621.68,21726.02,21361.2,21607.74,854.95
2024-04-28 04:00:00+00:00,BTC,21607.74,21761.32,21600.5,21679.72,334.4791
2024-04-28 05:00:00+00:00,BTC,21679.72,21972.84,21679.48,21709.75,345.739
2024-04-28 06:00:00+00:00,BTC,21709.75,22034.86,21537.57,21866.14,551.25
2024-04-28 07:00:00+00:00,BTC,21866.14,21973.06,21757.48,21876.04,569.5846
2024-04-28 08:00:00+00:00,BTC,21876.04,21886.18,21843.42,21854.01,592.0438
2024-04-28 09:00:00+00:00,BTC,21854.01,22051.18,21787.16,21998.21,953.1645
2024-04-28 10:00:00+00:00,BTC,21998.21,22291.2,21942.15,22074.95,355.8778
2024-04-28 11:00:00+00:00,BTC,22074.95,22174.11,22024.92,22172.09,507.0241
2024-04-28 12:00:00+00:00,BTC,22172.09,22306.4,21984.42,22083.85,643.5669
2024-04-28 13:00:00+00:00,BTC,22083.85,22209.91,21772.97,21945.79,641.1445
2024-04-28 14:00:00+00:00,BTC,21945.79,22037.48,21818.6,21871.16,398.5659
2024-04-28 15:00:00+00:00,BTC,21871.16,22051.98,21787.5,21789.84,404.113
2024-04-28 16:00:00+00:00,BTC,21789.84,21980.3,21778.2,21892.87,425.7619
2024-04-28 17:00:00+00:00,BTC,21892.87,22048.07,21841.21,22021.45,907.6131
2024-04-28 18:00:00+00:00,BTC,22021.45,22118.99,21894.5,22000.96,355.009
2024-04-28 19:00:00+00:00,BTC,22000.96,22230.63,21881.39,22190.67,446.3484
2024-04-28 20:00:00+00:00,BTC,22190.67,22506.6,22161.84,22373.62,655.9052
2024-04-28 21:00:00+00:00,BTC,22373.62,22599.62,22298.47,22406.32,341.5601
2024-04-28 22:00:00+00:00,BTC,22406.32,22560.07,22282.46,22296.1,547.2548
2024-04-28 23:00:00+00:00,BTC,22296.1,22727.83,22294.0,22507.84,257.1789
2024-04-29 00:00:00+00:00,BTC,22507.84,22816.54,22365.09,22499.6,534.8672
2024-04-29 01:00:00+00:00,BTC,22499.6,22555.42,22441.69,22516.64,509.2501
2024-04-29 02:00:00+00:00,BTC,22516.64,22599.6,22465.68,22470.81,529.4673
2024-04-29 03:00:00+00:00,BTC,22470.81,22606.61,22316.14,22351.16,368.8838
2024-04-29 04:00:00+00:00,BTC,22351.16,22386.59,22075.01,22155.07,541.483
2024-04-29 05:00:00+00:00,BTC,22155.07,22346.08,22071.85,22239.36,493.213
2024-04-29 06:00:00+00:00,BTC,22239.36,22407.03,21891.17,22135.07,787.8441
2024-04-29 07:00:00+00:00,BTC,22135.07,22644.28,22129.61,22545.16,625.063
2024-04-29 08:00:00+00:00,BTC,22545.16,22634.17,22306.43,22398.73,301.1066
2024-04-29 09:00:00+00:00,BTC,22398.73,22440.01,22209.67,22230.38,373.6066
2024-04-29 10:00:00+00:00,BTC,22230.38,22354.43,21876.85,22298.53,402.9785
2024-04-29 11:00:00+00:00,BTC,22298.53,22572.05,22270.56,22504.08,532.5853
2024-04-29 12:00:00+00:00,BTC,22504.08,22542.78,22374.58,22512.8,471.2633
2024-04-29 13:00:00+00:00,BTC,22512.8,22731.56,22500.33,22590.23,470.5813
2024-04-29 14:00:00+00:00,BTC,22590.23,22676.15,22184.04,22341.73,1340.5224
2024-04-29 15:00:00+00:00,BTC,22341.73,22403.8,21925.8,22251.09,417.8382
2024-04-29 16:00:00+00:00,BTC,22251.09,22483.23,21931.36,22108.22,813.5531
2024-04-29 17:00:00+00:00,BTC,22108.22,22291.68,21774.61,21858.27,474.8655
2024-04-29 18:00:00+00:00,BTC,21858.27,21979.26,21816.57,21873.61,233.2532
2024-04-29 19:00:00+00:00,BTC,21873.61,21884.41,21316.52,21581.23,534.6284
2024-04-29 20:00:00+00:00,BTC,21581.23,21591.26,21348.13,21410.7,739.7697
2024-04-29 21:00:00+00:00,BTC,21410.7,21629.23,21135.77,21341.8,624.1025
2024-04-29 22:00:00+00:00,BTC,21341.8,21465.71,21137.29,21235.62,546.8971
2024-04-29 23:00:00+00:00,BTC,21235.62,21402.68,21087.12,21286.19,504.1693
2024-04-30 00:00:00+00:00,BTC,21286.19,21391.86,21278.06,21325.25,420.5139
2024-04-30 01:00:00+00:00,BTC,21325.25,21593.43,21153.26,21439.92,684.2275
2024-04-30 02:00:00+00:00,BTC,21439.92,21612.02,21313.16,21536.93,429.5065
2024-04-30 03:00:00+00:00,BTC,21536.93,21796.35,21536.73,21684.85,399.6104
2024-04-30 04:00:00+00:00,BTC,21684.85,21693.09,21673.98,21684.6,577.2811
2024-04-30 05:00:00+00:00,BTC,21684.6,21827.01,21587.27,21724.12,450.1505
2024-04-30 06:00:00+00:00,BTC,21724.12,21798.28,21695.67,21790.9,782.8262
2024-04-30 07:00:00+00:00,BTC,21790.9,21883.87,21770.08,21809.43,588.841
2024-04-30 08:00:00+00:00,BTC,21809.43,21906.29,21562.37,21757.51,380.8169
2024-04-30 09:00:00+00:00,BTC,21757.51,21804.89,21537.73,21714.16,334.9407
2024-04-30 10:00:00+00:00,BTC,21714.16,21723.42,21443.25,21607.9,409.0555
2024-04-30 11:00:00+00:00,BTC,21607.9,21735.36,21501.41,21662.63,1133.3044
2024-04-30 12:00:00+00:00,BTC,21662.63,21760.63,21535.59,21650.42,460.1063
2024-04-30 13:00:00+00:00,BTC,21650.42,21798.99,21293.47,21564.44,651.9745
2024-04-30 14:00:00+00:00,BTC,21564.44,21724.61,21354.92,21478.92,316.5977
2024-04-30 15:00:00+00:00,BTC,21478.92,21509.99,21216.92,21323.5,342.246
2024-04-30 16:00:00+00:00,BTC,21323.5,21458.88,21279.17,21449.1,468.0883
2024-04-30 17:00:00+00:00,BTC,21449.1,21531.24,21423.19,21459.22,906.864
2024-04-30 18:00:00+00:00,BTC,21459.22,21568.96,21325.18,21348.42,318.2544
2024-04-30 19:00:00+00:00,BTC,21348.42,21723.85,21168.32,21452.24,401.0961
2024-04-30 20:00:00+00:00,BTC,21452.24,21517.61,21379.73,21380.22,685.536
2024-04-30 21:00:00+00:00,BTC,21380.22,21415.32,21192.15,21200.55,873.0686
2024-04-30 22:00:00+00:00,BTC,21200.55,21345.93,21061.77,21330.86,582.7156
2024-04-30 23:00:00+00:00,BTC,21330.86,21426.34,21255.8,21262.23,633.438
2024-05-01 00:00:00+00:00,BTC,21262.23,21372.72,20980.15,21210.13,365.2877
2024-05-01 01:00:00+00:00,BTC,21210.13,21258.0,21155.22,21215.37,314.6893
2024-05-01 02:00:00+00:00,BTC,21215.37,21402.89,20943.95,21361.31,334.8122
2024-05-01 03:00:00+00:00,BTC,21361.31,21465.75,21358.79,21363.88,368.3128
2024-05-01 04:00:00+00:00,BTC,21363.88,21414.98,21110.87,21210.72,541.081
2024-05-01 05:00:00+00:00,BTC,21210.72,21443.25,21127.91,21280.05,326.2731
2024-05-01 06:00:00+00:00,BTC,21280.05,21383.01,21130.02,21218.22,545.7978
2024-05-01 07:00:00+00:00,BTC,21218.22,21705.25,21085.94,21459.93,447.7759
2024-05-01 08:00:00+00:00,BTC,21459.93,21477.09,21432.78,21459.79,410.6441
2024-05-01 09:00:00+00:00,BTC,21459.79,21645.63,21132.83,21173.93,681.5511
2024-05-01 10:00:00+00:00,BTC,21173.93,21244.63,21120.94,21219.38,357.4328
2024-05-01 11:00:00+00:00,BTC,21219.38,21535.11,21096.4,21468.41,826.4213
2024-05-01 12:00:00+00:00,BTC,21468.41,21690.91,21221.94,21672.37,668.7452
2024-05-01 13:00:00+00:00,BTC,21672.37,21921.8,21627.34,21911.77,353.5668
2024-05-01 14:00:00+00:00,BTC,21911.77,21918.41,21734.9,21778.11,761.5766
2024-05-01 15:00:00+00:00,BTC,21778.11,21922.43,21762.46,21897.62,339.2458
2024-05-01 16:00:00+00:00,BTC,21897.62,22071.85,21647.36,21802.97,786.1802
2024-05-01 17:00:00+00:00,BTC,21802.97,21841.59,21785.39,21832.33,561.7938
2024-05-01 18:00:00+00:00,BTC,21832.33,22126.8,21619.37,21666.22,287.6991
2024-05-01 19:00:00+00:00,BTC,21666.22,21731.65,21542.97,21582.6,317.7375
2024-05-01 20:00:00+00:00,BTC,21582.6,21714.69,21464.36,21495.21,433.9229
2024-05-01 21:00:00+00:00,BTC,21495.21,21744.54,21456.95,21611.41,677.4505
2024-05-01 22:00:00+00:00,BTC,21611.41,22138.96,21220.75,21715.49,471.004
2024-05-01 23:00:00+00:00,BTC,21715.49,21905.57,21647.34,21751.58,466.912
2024-05-02 00:00:00+00:00,BTC,21751.58,21978.23,21500.81,21576.05,507.0793
2024-05-02 01:00:00+00:00,BTC,21576.05,21687.66,21463.94,21535.75,248.7202
2024-05-02 02:00:00+00:00,BTC,21535.75,21587.64,21033.99,21439.55,667.1981
2024-05-02 03:00:00+00:00,BTC,21439.55,21650.79,21388.71,21551.72,799.1019
2024-05-02 04:00:00+00:00,BTC,21551.72,21733.66,21459.05,21704.61,659.1061
2024-05-02 05:00:00+00:00,BTC,21704.61,21940.67,21695.39,21842.62,431.1206
2024-05-02 06:00:00+00:00,BTC,21842.62,21937.11,21738.77,21743.86,366.8098
2024-05-02 07:00:00+00:00,BTC,21743.86,21792.06,21277.88,21389.38,342.3831
2024-05-02 08:00:00+00:00,BTC,21389.38,21437.99,21094.8,21163.81,336.3017
2024-05-02 09:00:00+00:00,BTC,21163.81,21417.62,21052.51,21345.1,1104.563
2024-05-02 10:00:00+00:00,BTC,21345.1,21578.54,21173.44,21293.78,486.3945
2024-05-02 11:00:00+00:00,BTC,21293.78,21297.48,20973.55,21198.08,686.2543
2024-05-02 12:00:00+00:00,BTC,21198.08,21422.31,20960.26,21408.04,673.1589
2024-05-02 13:00:00+00:00,BTC,21408.04,21669.21,21331.33,21571.17,525.5902
2024-05-02 14:00:00+00:00,BTC,21571.17,21688.52,21511.82,21574.33,360.874
2024-05-02 15:00:00+00:00,BTC,21574.33,21645.57,21453.0,21536.38,599.5329
2024-05-02 16:00:00+00:00,BTC,21536.38,21704.69,21376.99,21519.32,342.3127
2024-05-02 17:00:00+00:00,BTC,21519.32,21575.51,21427.7,21548.67,617.3369
2024-05-02 18:00:00+00:00,BTC,21548.67,21831.13,21479.35,21756.54,347.8257
2024-05-02 19:00:00+00:00,BTC,21756.54,21860.16,21663.43,21811.76,429.2125
2024-05-02 20:00:00+00:00,BTC,21811.76,21976.57,21703.13,21906.98,428.9611
2024-05-02 21:00:00+00:00,BTC,21906.98,22211.29,21820.8,22061.21,815.8587
2024-05-02 22:00:00+00:00,BTC,22061.21,22073.03,21731.64,21906.93,213.2947
2024-05-02 23:00:00+00:00,BTC,21906.93,22092.08,21882.88,22006.37,1130.4637
2024-05-03 00:00:00+00:00,BTC,22006.37,22079.28,21827.47,21967.51,377.1116
2024-05-03 01:00:00+00:00,BTC,21967.51,22013.25,21530.13,21638.37,478.8711
2024-05-03 02:00:00+00:00,BTC,21638.37,21652.29,21294.04,21363.83,577.8218
2024-05-03 03:00:00+00:00,BTC,21363.83,21421.41,21204.43,21233.72,560.7491
2024-05-03 04:00:00+00:00,BTC,21233.72,21372.91,21214.37,21301.51,671.7448
2024-05-03 05:00:00+00:00,BTC,21301.51,21393.6,21084.46,21316.05,619.0825
2024-05-03 06:00:00+00:00,BTC,21316.05,21404.68,21179.7,21339.65,1019.9984
2024-05-03 07:00:00+00:00,BTC,21339.65,21662.25,21270.64,21590.91,645.9141
2024-05-03 08:00:00+00:00,BTC,21590.91,21727.04,21415.33,21427.13,479.8778
2024-05-03 09:00:00+00:00,BTC,21427.13,21537.27,21365.69,21423.6,412.0124
2024-05-03 10:00:00+00:00,BTC,21423.6,21611.64,21267.03,21462.77,408.3029
2024-05-03 11:00:00+00:00,BTC,21462.77,21763.14,21293.4,21368.17,786.2253
2024-05-03 12:00:00+00:00,BTC,21368.17,21611.7,21329.68,21371.8,924.2003
2024-05-03 13:00:00+00:00,BTC,21371.8,21374.59,21017.68,21167.62,710.5529
2024-05-03 14:00:00+00:00,BTC,21167.62,21613.79,21022.09,21347.44,165.1841
2024-05-03 15:00:00+00:00,BTC,21347.44,21350.07,21185.6,21260.32,227.7174
2024-05-03 16:00:00+00:00,BTC,21260.32,21694.3,21098.64,21521.03,498.6784
2024-05-03 17:00:00+00:00,BTC,21521.03,21571.76,21476.99,21516.84,471.6635
2024-05-03 18:00:00+00:00,BTC,21516.84,21650.68,21491.51,21649.97,503.4962
2024-05-03 19:00:00+00:00,BTC,21649.97,21668.73,21560.38,21643.05,774.8876
2024-05-03 20:00:00+00:00,BTC,21643.05,22000.68,21569.71,21639.06,761.4843
2024-05-03 21:00:00+00:00,BTC,21639.06,21665.54,21556.57,21563.36,531.5662
2024-05-03 22:00:00+00:00,BTC,21563.36,21610.25,21471.42,21578.78,293.3158
2024-05-03 23:00:00+00:00,BTC,21578.78,21653.33,21483.62,21619.99,325.1825
2024-05-04 00:00:00+00:00,BTC,21619.99,22050.51,21453.43,21518.5,511.9404
2024-05-04 01:00:00+00:00,BTC,21518.5,21559.27,21498.2,21502.36,578.5332
2024-05-04 02:00:00+00:00,BTC,21502.36,21557.84,21408.37,21423.79,326.5392
2024-05-04 03:00:00+00:00,BTC,21423.79,21830.36,21344.85,21721.44,630.0447
2024-05-04 04:00:00+00:00,BTC,21721.44,21799.54,21431.35,21709.75,270.7718
2024-05-04 05:00:00+00:00,BTC,21709.75,21920.71,21635.51,21911.97,196.8618
2024-05-04 06:00:00+00:00,BTC,21911.97,21926.3,21877.0,21886.26,368.0849
2024-05-04 07:00:00+00:00,BTC,21886.26,21981.98,21625.73,21920.34,808.4997
2024-05-04 08:00:00+00:00,BTC,21920.34,21999.73,21484.55,21747.24,851.8478
2024-05-04 09:00:00+00:00,BTC,21747.24,21765.78,21684.22,21688.98,286.1108
2024-05-04 10:00:00+00:00,BTC,21688.98,21811.96,21643.21,21716.4,293.87
2024-05-04 11:00:00+00:00,BTC,21716.4,22074.09,21708.7,21924.04,652.5811
2024-05-04 12:00:00+00:00,BTC,21924.04,21965.41,21915.54,21953.26,428.5325
2024-05-04 13:00:00+00:00,BTC,21953.26,22303.76,21874.94,22136.28,806.609
2024-05-04 14:00:00+00:00,BTC,22136.28,22244.47,22015.51,22221.54,648.8746
2024-05-04 15:00:00+00:00,BTC,22221.54,22662.08,22144.46,22439.59,689.072
2024-05-04 16:00:00+00:00,BTC,22439.59,22469.61,22287.84,22431.64,375.009
2024-05-04 17:00:00+00:00,BTC,22431.64,22765.5,22314.81,22755.65,584.024
2024-05-04 18:00:00+00:00,BTC,22755.65,22768.95,22606.05,22689.48,1012.6667
2024-05-04 19:00:00+00:00,BTC,22689.48,22732.89,22569.62,22585.37,525.5236
2024-05-04 20:00:00+00:00,BTC,22585.37,22787.69,22340.87,22421.99,492.1864
2024-05-04 21:00:00+00:00,BTC,22421.99,22836.49,22366.51,22737.79,429.2826
2024-05-04 22:00:00+00:00,BTC,22737.79,23045.87,22668.62,22849.86,285.4111
2024-05-04 23:00:00+00:00,BTC,22849.86,22923.24,22702.31,22804.1,340.3509
2024-05-05 00:00:00+00:00,BTC,22804.1,23059.63,22654.39,22975.64,365.9403
2024-05-05 01:00:00+00:00,BTC,22975.64,23102.76,22859.73,23070.64,281.2103
2024-05-05 02:00:00+00:00,BTC,23070.64,23554.78,23042.31,23344.41,291.3104
2024-05-05 03:00:00+00:00,BTC,23344.41,23348.41,23010.25,23128.61,212.2455
2024-05-05 04:00:00+00:00,BTC,23128.61,23172.9,22932.36,23091.81,380.2121
2024-05-05 05:00:00+00:00,BTC,23091.81,23245.3,22876.04,23027.82,633.3004
2024-05-05 06:00:00+00:00,BTC,23027.82,23093.57,22589.03,22756.73,447.5671
2024-05-05 07:00:00+00:00,BTC,22756.73,22953.08,22440.21,22901.97,448.2778
2024-05-05 08:00:00+00:00,BTC,22901.97,22981.7,22825.31,22864.85,653.917
2024-05-05 09:00:00+00:00,BTC,22864.85,23060.0,22800.68,22966.54,903.0211
2024-05-05 10:00:00+00:00,BTC,22966.54,23474.33,22949.1,23294.03,1107.9577
2024-05-05 11:00:00+00:00,BTC,23294.03,23439.03,23210.4,23244.71,525.9399
2024-05-05 12:00:00+00:00,BTC,23244.71,23354.47,23022.62,23186.05,453.0388
2024-05-05 13:00:00+00:00,BTC,23186.05,23288.92,23028.66,23202.56,432.6939
2024-05-05 14:00:00+00:00,BTC,23202.56,23465.81,23092.94,23340.41,614.9424
2024-05-05 15:00:00+00:00,BTC,23340.41,23659.38,23097.41,23261.18,473.3812
2024-05-05 16:00:00+00:00,BTC,23261.18,23275.65,23115.93,23173.28,473.9742
2024-05-05 17:00:00+00:00,BTC,23173.28,23325.19,23073.78,23320.74,485.0945
2024-05-05 18:00:00+00:00,BTC,23320.74,23464.33,23259.72,23373.78,359.5525
2024-05-05 19:00:00+00:00,BTC,23373.78,23486.29,22912.43,23088.78,221.039
2024-05-05 20:00:00+00:00,BTC,23088.78,23291.38,22796.98,22919.64,395.5888
2024-05-05 21:00:00+00:00,BTC,22919.64,23151.46,22612.97,23127.02,832.7437
2024-05-05 22:00:00+00:00,BTC,23127.02,23251.83,23055.2,23182.86,819.1562
2024-05-05 23:00:00+00:00,BTC,23182.86,23356.29,22997.21,23077.08,694.7361
2024-05-06 00:00:00+00:00,BTC,23077.08,23108.54,23047.52,23053.5,420.6508
2024-05-06 01:00:00+00:00,BTC,23053.5,23172.74,22949.83,23055.33,379.1486
2024-05-06 02:00:00+00:00,BTC,23055.33,23236.2,22966.92,23157.33,882.9043
2024-05-06 03:00:00+00:00,BTC,23157.33,23410.44,22955.46,22969.38,342.2401
2024-05-06 04:00:00+00:00,BTC,22969.38,22974.85,22821.45,22853.77,506.9424
2024-05-06 05:00:00+00:00,BTC,22853.77,23080.59,22751.81,22891.23,903.1881
2024-05-06 06:00:00+00:00,BTC,22891.23,22903.74,22836.62,22877.52,522.168
2024-05-06 07:00:00+00:00,BTC,22877.52,22969.61,22678.21,22956.15,451.191
2024-05-06 08:00:00+00:00,BTC,22956.15,23001.15,22677.8,22787.43,750.3589
2024-05-06 09:00:00+00:00,BTC,22787.43,22975.31,22671.41,22836.31,512.7623
2024-05-06 10:00:00+00:00,BTC,22836.31,23039.23,22555.02,22986.37,535.5359
2024-05-06 11:00:00+00:00,BTC,22986.37,23180.17,22927.4,23053.61,849.5932
2024-05-06 12:00:00+00:00,BTC,23053.61,23088.02,22966.87,23072.86,205.1793
2024-05-06 13:00:00+00:00,BTC,23072.86,23128.04,23057.55,23059.59,566.9109
2024-05-06 14:00:00+00:00,BTC,23059.59,23268.71,22889.11,22944.37,382.3728
2024-05-06 15:00:00+00:00,BTC,22944.37,23051.65,22816.61,22934.46,465.0198
2024-05-06 16:00:00+00:00,BTC,22934.46,23295.0,22873.23,23108.46,520.1633
2024-05-06 17:00:00+00:00,BTC,23108.46,23293.38,22795.16,23091.96,394.7266
2024-05-06 18:00:00+00:00,BTC,23091.96,23117.3,22964.84,22969.01,541.6342
2024-05-06 19:00:00+00:00,BTC,22969.01,22974.2,22807.04,22901.27,572.1984
2024-05-06 20:00:00+00:00,BTC,22901.27,22932.5,22831.43,22928.88,536.9031
2024-05-06 21:00:00+00:00,BTC,22928.88,22947.34,22783.2,22877.55,519.8827
2024-05-06 22:00:00+00:00,BTC,22877.55,23052.4,22869.8,22944.27,479.8377
2024-05-06 23:00:00+00:00,BTC,22944.27,23057.41,22768.24,23016.36,483.1521
2024-05-07 00:00:00+00:00,BTC,23016.36,23170.0,23005.25,23139.45,514.0886
2024-05-07 01:00:00+00:00,BTC,23139.45,23393.17,23092.18,23337.94,359.5174
2024-05-07 02:00:00+00:00,BTC,23337.94,23516.77,23295.7,23477.81,779.8869
2024-05-07 03:00:00+00:00,BTC,23477.81,23767.37,23294.21,23346.57,484.3068
2024-05-07 04:00:00+00:00,BTC,23346.57,23363.53,23131.91,23220.35,434.1658
2024-05-07 05:00:00+00:00,BTC,23220.35,23275.02,23118.02,23209.79,574.3009
2024-05-07 06:00:00+00:00,BTC,23209.79,23501.03,22857.66,23147.05,480.3268
2024-05-07 07:00:00+00:00,BTC,23147.05,23188.41,22922.89,22989.49,772.4185
2024-05-07 08:00:00+00:00,BTC,22989.49,23025.4,22853.15,22928.65,683.8559
2024-05-07 09:00:00+00:00,BTC,22928.65,23130.4,22761.36,22863.46,516.5319
2024-05-07 10:00:00+00:00,BTC,22863.46,22926.7,22655.27,22771.48,694.5251
2024-05-07 11:00:00+00:00,BTC,22771.48,22889.48,22663.28,22728.38,542.9146
2024-05-07 12:00:00+00:00,BTC,22728.38,23143.23,22545.23,22889.65,333.8424
2024-05-07 13:00:00+00:00,BTC,22889.65,23027.51,22496.59,22917.03,682.7043
2024-05-07 14:00:00+00:00,BTC,22917.03,23265.13,22841.6,23259.44,257.0966
2024-05-07 15:00:00+00:00,BTC,23259.44,23473.86,23122.03,23283.25,146.0149
2024-05-07 16:00:00+00:00,BTC,23283.25,23325.29,23204.44,23242.76,638.3628
2024-05-07 17:00:00+00:00,BTC,23242.76,23293.5,23213.2,23243.34,583.9731
2024-05-07 18:00:00+00:00,BTC,23243.34,23345.47,23242.3,23279.14,570.4762
2024-05-07 19:00:00+00:00,BTC,23279.14,23461.41,23068.77,23340.01,813.1804
2024-05-07 20:00:00+00:00,BTC,23340.01,23637.28,23333.76,23632.65,495.6933
2024-05-07 21:00:00+00:00,BTC,23632.65,23813.28,23431.56,23513.09,438.0007
2024-05-07 22:00:00+00:00,BTC,23513.09,23690.01,23458.86,23634.6,660.7873
2024-05-07 23:00:00+00:00,BTC,23634.6,23844.19,23575.69,23664.08,389.4675
2024-05-08 00:00:00+00:00,BTC,23664.08,23677.09,23387.34,23442.06,460.02
2024-05-08 01:00:00+00:00,BTC,23442.06,23689.04,23398.44,23550.71,546.2128
2024-05-08 02:00:00+00:00,BTC,23550.71,23814.4,23407.88,23730.51,561.7167
2024-05-08 03:00:00+00:00,BTC,23730.51,23736.12,23498.01,23608.78,444.9889
2024-05-08 04:00:00+00:00,BTC,23608.78,23749.12,23534.6,23607.51,421.1295
2024-05-08 05:00:00+00:00,BTC,23607.51,23689.83,23156.85,23364.38,337.8617
2024-05-08 06:00:00+00:00,BTC,23364.38,23471.27,23047.91,23188.58,379.592
2024-05-08 07:00:00+00:00,BTC,23188.58,23554.0,23164.09,23334.85,945.0984
2024-05-08 08:00:00+00:00,BTC,23334.85,23425.58,23205.53,23269.64,455.6187
2024-05-08 09:00:00+00:00,BTC,23269.64,23470.58,22968.72,23115.35,534.2405
2024-05-08 10:00:00+00:00,BTC,23115.35,23475.62,23012.84,23147.19,296.682
2024-05-08 11:00:00+00:00,BTC,23147.19,23148.77,23057.83,23074.75,1226.2695
2024-05-08 12:00:00+00:00,BTC,23074.75,23085.52,22847.33,23009.66,369.8492
2024-05-08 13:00:00+00:00,BTC,23009.66,23175.3,22994.77,23111.96,331.402
2024-05-08 14:00:00+00:00,BTC,23111.96,23141.98,22785.95,22951.42,489.4069
2024-05-08 15:00:00+00:00,BTC,22951.42,23147.12,22612.34,22827.08,365.8562
2024-05-08 16:00:00+00:00,BTC,22827.08,22877.2,22598.62,22848.19,568.1307
2024-05-08 17:00:00+00:00,BTC,22848.19,23178.5,22735.9,22981.48,294.5748
2024-05-08 18:00:00+00:00,BTC,22981.48,23155.75,22817.21,23152.84,744.3976
2024-05-08 19:00:00+00:00,BTC,23152.84,23344.84,23034.83,23060.64,694.7547
2024-05-08 20:00:00+00:00,BTC,23060.64,23286.06,22945.29,23190.7,479.6563
2024-05-08 21:00:00+00:00,BTC,23190.7,23388.33,23032.5,23081.85,280.1083
2024-05-08 22:00:00+00:00,BTC,23081.85,23361.37,23046.17,23336.15,376.2747
2024-05-08 23:00:00+00:00,BTC,23336.15,23525.88,22851.57,23177.94,511.0626
2024-05-09 00:00:00+00:00,BTC,23177.94,23387.02,23148.05,23363.43,327.317
2024-05-09 01:00:00+00:00,BTC,23363.43,23421.22,22713.83,23271.58,346.4956
2024-05-09 02:00:00+00:00,BTC,23271.58,23637.36,23140.31,23554.4,721.8828
2024-05-09 03:00:00+00:00,BTC,23554.4,23676.61,23548.84,23638.12,527.8589
2024-05-09 04:00:00+00:00,BTC,23638.12,23876.79,23438.6,23494.45,522.0555
2024-05-09 05:00:00+00:00,BTC,23494.45,23602.91,23390.5,23420.95,601.3751
2024-05-09 06:00:00+00:00,BTC,23420.95,23671.77,23382.1,23530.98,472.1374
2024-05-09 07:00:00+00:00,BTC,23530.98,23705.66,23479.57,23680.07,489.6942
2024-05-09 08:00:00+00:00,BTC,23680.07,23708.03,23632.05,23670.03,586.5178
2024-05-09 09:00:00+00:00,BTC,23670.03,23702.26,23458.81,23676.37,663.6482
2024-05-09 10:00:00+00:00,BTC,23676.37,23892.19,23480.96,23784.35,595.2278
2024-05-09 11:00:00+00:00,BTC,23784.35,23828.18,23637.31,23803.16,833.5919
2024-05-09 12:00:00+00:00,BTC,23803.16,23907.05,23422.55,23619.14,504.3289
2024-05-09 13:00:00+00:00,BTC,23619.14,23738.78,23475.42,23504.21,312.0296
2024-05-09 14:00:00+00:00,BTC,23504.21,23575.8,23302.34,23537.39,731.7967
2024-05-09 15:00:00+00:00,BTC,23537.39,23744.96,23430.34,23709.68,458.898
2024-05-09 16:00:00+00:00,BTC,23709.68,23945.06,23624.9,23940.68,382.0558
2024-05-09 17:00:00+00:00,BTC,23940.68,24068.34,23819.58,24052.92,641.5778
2024-05-09 18:00:00+00:00,BTC,24052.92,24102.51,24050.28,24094.41,569.2833
2024-05-09 19:00:00+00:00,BTC,24094.41,24207.53,24045.06,24202.91,319.5924
2024-05-09 20:00:00+00:00,BTC,24202.91,24332.26,23954.48,24106.28,632.2777
2024-05-09 21:00:00+00:00,BTC,24106.28,24259.47,23495.6,24084.13,963.5448
2024-05-09 22:00:00+00:00,BTC,24084.13,24159.83,23843.92,23965.33,559.9651
2024-05-09 23:00:00+00:00,BTC,23965.33,23988.8,23689.71,23786.44,457.119
2024-05-10 00:00:00+00:00,BTC,23786.44,24132.05,23756.79,23834.09,278.7649
2024-05-10 01:00:00+00:00,BTC,23834.09,23890.83,23742.96,23860.64,1025.0888
2024-05-10 02:00:00+00:00,BTC,23860.64,24087.89,23731.8,23959.29,417.2444
2024-05-10 03:00:00+00:00,BTC,23959.29,24180.92,23911.17,24037.92,305.4579
2024-05-10 04:00:00+00:00,BTC,24037.92,24356.3,23987.82,24072.95,519.7791
2024-05-10 05:00:00+00:00,BTC,24072.95,24199.58,23670.26,24153.48,711.5853
2024-05-10 06:00:00+00:00,BTC,24153.48,24315.36,23942.99,24147.29,770.6068
2024-05-10 07:00:00+00:00,BTC,24147.29,24294.55,24010.76,24207.19,395.176
2024-05-10 08:00:00+00:00,BTC,24207.19,24320.29,24038.2,24101.95,483.0519
2024-05-10 09:00:00+00:00,BTC,24101.95,24185.12,24054.31,24155.47,500.0722
2024-05-10 10:00:00+00:00,BTC,24155.47,24564.15,24052.26,24252.54,703.7361
2024-05-10 11:00:00+00:00,BTC,24252.54,24356.09,24076.27,24155.29,615.2939
2024-05-10 12:00:00+00:00,BTC,24155.29,24167.66,24063.67,24162.8,549.6747
2024-05-10 13:00:00+00:00,BTC,24162.8,24198.12,23949.15,24072.56,688.6942
2024-05-10 14:00:00+00:00,BTC,24072.56,24099.7,23978.17,23996.64,310.407
2024-05-10 15:00:00+00:00,BTC,23996.64,24006.24,23654.29,23835.21,579.3543
2024-05-10 16:00:00+00:00,BTC,23835.21,24021.45,23609.45,24016.92,540.3228
2024-05-10 17:00:00+00:00,BTC,24016.92,24231.35,23933.17,24170.98,491.325
2024-05-10 18:00:00+00:00,BTC,24170.98,24561.32,24084.44,24249.05,458.1616
2024-05-10 19:00:00+00:00,BTC,24249.05,24753.18,24199.32,24537.7,524.036
2024-05-10 20:00:00+00:00,BTC,24537.7,24704.38,24312.68,24509.85,409.5431
2024-05-10 21:00:00+00:00,BTC,24509.85,25025.15,24441.89,24959.78,1298.7535
2024-05-10 22:00:00+00:00,BTC,24959.78,25162.64,24847.24,24925.73,804.5226
2024-05-10 23:00:00+00:00,BTC,24925.73,25001.94,24809.85,24963.92,732.986
2024-05-11 00:00:00+00:00,BTC,24963.92,25003.79,24900.93,24904.41,415.3913
2024-05-11 01:00:00+00:00,BTC,24904.41,24981.42,24691.46,24960.11,357.6628
2024-05-11 02:00:00+00:00,BTC,24960.11,25254.76,24954.54,25085.57,464.2508
2024-05-11 03:00:00+00:00,BTC,25085.57,25325.32,25015.33,25068.43,520.3824
2024-05-11 04:00:00+00:00,BTC,25068.43,25518.12,24858.23,25337.09,301.169
2024-05-11 05:00:00+00:00,BTC,25337.09,25389.76,25178.51,25373.48,591.4635
2024-05-11 06:00:00+00:00,BTC,25373.48,25515.35,25322.96,25414.69,730.2307
2024-05-11 07:00:00+00:00,BTC,25414.69,25548.36,25212.41,25276.46,228.6337
2024-05-11 08:00:00+00:00,BTC,25276.46,25375.4,25232.7,25340.0,364.8474
2024-05-11 09:00:00+00:00,BTC,25340.0,25430.24,25173.2,25319.63,768.4304
2024-05-11 10:00:00+00:00,BTC,25319.63,25447.39,24992.47,25227.4,569.92
2024-05-11 11:00:00+00:00,BTC,25227.4,25234.08,24914.65,25110.14,369.2209
2024-05-11 12:00:00+00:00,BTC,25110.14,25691.34,25104.44,25515.92,646.7661
2024-05-11 13:00:00+00:00,BTC,25515.92,25528.64,25460.61,25475.61,406.1136
2024-05-11 14:00:00+00:00,BTC,25475.61,25498.96,25153.52,25253.88,460.3401
2024-05-11 15:00:00+00:00,BTC,25253.88,25662.23,25010.23,25148.3,335.6272
2024-05-11 16:00:00+00:00,BTC,25148.3,25220.57,25078.44,25140.52,502.9689
2024-05-11 17:00:00+00:00,BTC,25140.52,25304.94,24864.44,25223.12,714.0655
2024-05-11 18:00:00+00:00,BTC,25223.12,25521.86,25142.01,25307.22,423.0462
2024-05-11 19:00:00+00:00,BTC,25307.22,25459.12,25306.29,25410.17,626.7314
2024-05-11 20:00:00+00:00,BTC,25410.17,25482.87,25268.78,25312.04,491.3416
2024-05-11 21:00:00+00:00,BTC,25312.04,25483.76,25168.48,25363.8,729.4279
2024-05-11 22:00:00+00:00,BTC,25363.8,25365.63,25164.03,25230.83,425.1938
2024-05-11 23:00:00+00:00,BTC,25230.83,25348.12,25119.79,25137.2,861.6637
2024-05-12 00:00:00+00:00,BTC,25137.2,25257.75,24976.75,24999.17,634.7075
2024-05-12 01:00:00+00:00,BTC,24999.17,25022.39,24726.35,24821.55,544.5788
2024-05-12 02:00:00+00:00,BTC,24821.55,25194.69,24693.99,24980.55,551.5793
2024-05-12 03:00:00+00:00,BTC,24980.55,25200.61,24861.33,25083.97,424.9038
2024-05-12 04:00:00+00:00,BTC,25083.97,25322.44,25037.82,25231.39,415.4406
2024-05-12 05:00:00+00:00,BTC,25231.39,25381.76,25073.8,25237.35,548.0549
2024-05-12 06:00:00+00:00,BTC,25237.35,25386.39,25228.6,25355.25,328.6691
2024-05-12 07:00:00+00:00,BTC,25355.25,25425.63,25073.6,25088.71,405.0522
2024-05-12 08:00:00+00:00,BTC,25088.71,25549.52,25079.3,25218.97,360.1674
2024-05-12 09:00:00+00:00,BTC,25218.97,25339.93,25155.36,25245.79,610.7853
2024-05-12 10:00:00+00:00,BTC,25245.79,25421.2,24937.98,25340.96,614.0447
2024-05-12 11:00:00+00:00,BTC,25340.96,25432.74,25199.91,25398.8,779.2609
2024-05-12 12:00:00+00:00,BTC,25398.8,25473.66,25234.99,25248.83,444.7354
2024-05-12 13:00:00+00:00,BTC,25248.83,25426.53,25008.07,25022.9,376.8658
2024-05-12 14:00:00+00:00,BTC,25022.9,25123.69,24696.45,24916.22,298.9733
2024-05-12 15:00:00+00:00,BTC,24916.22,25046.3,24834.04,25000.82,549.7374
2024-05-12 16:00:00+00:00,BTC,25000.82,25203.63,24826.12,25104.55,815.2429
2024-05-12 17:00:00+00:00,BTC,25104.55,25157.23,24868.17,24899.35,487.1118
2024-05-12 18:00:00+00:00,BTC,24899.35,24963.68,24694.04,24753.2,504.6823
2024-05-12 19:00:00+00:00,BTC,24753.2,24925.92,24567.7,24646.02,498.9137
2024-05-12 20:00:00+00:00,BTC,24646.02,24768.13,24423.52,24593.24,546.4877
2024-05-12 21:00:00+00:00,BTC,24593.24,24735.27,24306.39,24393.08,708.8014
2024-05-12 22:00:00+00:00,BTC,24393.08,24544.99,24025.28,24185.83,978.7969
2024-05-12 23:00:00+00:00,BTC,24185.83,24298.83,24004.27,24066.87,595.2701
2024-05-13 00:00:00+00:00,BTC,24066.87,24109.37,23970.12,24079.33,609.1734
2024-05-13 01:00:00+00:00,BTC,24079.33,24432.33,23782.5,23909.36,459.8339
2024-05-13 02:00:00+00:00,BTC,23909.36,23929.2,23640.23,23892.75,481.4844
2024-05-13 03:00:00+00:00,BTC,23892.75,24071.53,23876.97,24044.99,479.2154
2024-05-13 04:00:00+00:00,BTC,24044.99,24049.17,23751.33,23857.91,439.8601
2024-05-13 05:00:00+00:00,BTC,23857.91,24012.28,23592.68,23828.38,522.8226
2024-05-13 06:00:00+00:00,BTC,23828.38,24177.69,23816.82,23975.34,622.2327
2024-05-13 07:00:00+00:00,BTC,23975.34,24032.16,23877.0,23915.25,511.247
2024-05-13 08:00:00+00:00,BTC,23915.25,24005.82,23668.57,23833.07,453.2419
2024-05-13 09:00:00+00:00,BTC,23833.07,24109.21,23824.76,24000.03,522.5432
2024-05-13 10:00:00+00:00,BTC,24000.03,24077.69,23880.68,23955.98,357.3295
2024-05-13 11:00:00+00:00,BTC,23955.98,24213.21,23953.55,24115.26,662.3388
2024-05-13 12:00:00+00:00,BTC,24115.26,24216.78,24046.47,24177.41,432.6817
2024-05-13 13:00:00+00:00,BTC,24177.41,24519.05,24065.62,24127.72,333.7423
2024-05-13 14:00:00+00:00,BTC,24127.72,24207.5,24033.05,24197.27,587.7013
2024-05-13 15:00:00+00:00,BTC,24197.27,24346.69,24101.63,24243.84,598.0008
2024-05-13 16:00:00+00:00,BTC,24243.84,24416.96,24093.27,24392.79,370.0477
2024-05-13 17:00:00+00:00,BTC,24392.79,24453.48,24184.68,24312.67,621.9485
2024-05-13 18:00:00+00:00,BTC,24312.67,24344.91,24207.62,24318.68,624.2013
2024-05-13 19:00:00+00:00,BTC,24318.68,24523.88,24130.79,24309.71,998.0629
2024-05-13 20:00:00+00:00,BTC,24309.71,24423.34,23970.04,24412.63,460.5168
2024-05-13 21:00:00+00:00,BTC,24412.63,24711.23,24137.3,24262.93,490.5741
2024-05-13 22:00:00+00:00,BTC,24262.93,24468.02,24223.67,24411.43,404.3291
2024-05-13 23:00:00+00:00,BTC,24411.43,24524.23,24381.5,24479.83,594.3061
2024-05-14 00:00:00+00:00,BTC,24479.83,24567.71,24192.01,24287.16,499.1949
2024-05-14 01:00:00+00:00,BTC,24287.16,24760.63,24118.35,24463.87,706.5424
2024-05-14 02:00:00+00:00,BTC,24463.87,24812.36,24452.44,24794.01,429.5446
2024-05-14 03:00:00+00:00,BTC,24794.01,25318.23,24541.22,24943.49,589.7847
2024-05-14 04:00:00+00:00,BTC,24943.49,25244.8,24695.28,25157.97,460.0625
2024-05-14 05:00:00+00:00,BTC,25157.97,25453.0,24854.35,25170.86,262.3659
2024-05-14 06:00:00+00:00,BTC,25170.86,25190.46,24723.87,24921.18,622.9226
2024-05-14 07:00:00+00:00,BTC,24921.18,25057.38,24417.66,24646.96,271.1821
2024-05-14 08:00:00+00:00,BTC,24646.96,24934.42,24424.9,24684.71,472.8549
2024-05-14 09:00:00+00:00,BTC,24684.71,24718.69,24583.28,24597.19,475.4466
2024-05-14 10:00:00+00:00,BTC,24597.19,24710.73,24311.92,24462.58,498.5375
2024-05-14 11:00:00+00:00,BTC,24462.58,24510.3,24257.8,24453.37,508.3483
2024-05-14 12:00:00+00:00,BTC,24453.37,24703.98,24349.47,24543.86,506.6
2024-05-14 13:00:00+00:00,BTC,24543.86,24556.42,24324.8,24330.85,567.7513
2024-05-14 14:00:00+00:00,BTC,24330.85,24462.83,24098.72,24265.41,481.3296
2024-05-14 15:00:00+00:00,BTC,24265.41,24550.17,24105.32,24486.23,1249.0046
2024-05-14 16:00:00+00:00,BTC,24486.23,24598.74,24284.52,24328.76,443.5323
2024-05-14 17:00:00+00:00,BTC,24328.76,24749.38,23984.98,24456.06,325.934
2024-05-14 18:00:00+00:00,BTC,24456.06,24523.21,24227.78,24385.03,305.2416
2024-05-14 19:00:00+00:00,BTC,24385.03,24706.7,24203.95,24465.02,629.5454
2024-05-14 20:00:00+00:00,BTC,24465.02,24746.78,24436.33,24626.63,286.4419
2024-05-14 21:00:00+00:00,BTC,24626.63,25157.63,24555.52,24736.4,327.4045
2024-05-14 22:00:00+00:00,BTC,24736.4,24872.75,24668.66,24871.71,311.311
2024-05-14 23:00:00+00:00,BTC,24871.71,25271.85,24548.11,24700.45,586.7553
2024-05-15 00:00:00+00:00,BTC,24700.45,25070.98,24543.45,24866.05,796.6024
2024-05-15 01:00:00+00:00,BTC,24866.05,24935.18,24554.05,24739.15,359.3248
2024-05-15 02:00:00+00:00,BTC,24739.15,24801.3,24426.67,24777.71,579.591
2024-05-15 03:00:00+00:00,BTC,24777.71,25094.63,24623.52,24816.13,198.6763
2024-05-15 04:00:00+00:00,BTC,24816.13,25004.22,24647.18,24888.47,385.2711
2024-05-15 05:00:00+00:00,BTC,24888.47,24958.35,24860.7,24938.84,617.3736
2024-05-15 06:00:00+00:00,BTC,24938.84,24939.98,24788.11,24812.89,448.2277
2024-05-15 07:00:00+00:00,BTC,24812.89,24828.15,24546.27,24612.74,708.0525
2024-05-15 08:00:00+00:00,BTC,24612.74,24801.09,24481.23,24741.9,228.8328
2024-05-15 09:00:00+00:00,BTC,24741.9,24812.34,24603.89,24769.51,386.5907
2024-05-15 10:00:00+00:00,BTC,24769.51,24956.94,24652.84,24940.91,585.8533
2024-05-15 11:00:00+00:00,BTC,24940.91,24999.48,24865.88,24934.22,583.2853
2024-05-15 12:00:00+00:00,BTC,24934.22,24971.76,24635.3,24724.88,599.1641
2024-05-15 13:00:00+00:00,BTC,24724.88,25089.13,24677.35,24868.62,537.6658
2024-05-15 14:00:00+00:00,BTC,24868.62,25079.83,24651.59,24813.42,335.0114
2024-05-15 15:00:00+00:00,BTC,24813.42,25241.42,24322.81,24864.39,380.6643
2024-05-15 16:00:00+00:00,BTC,24864.39,25008.58,24663.71,24767.99,1124.7801
2024-05-15 17:00:00+00:00,BTC,24767.99,25146.95,24651.52,25013.55,321.7665
2024-05-15 18:00:00+00:00,BTC,25013.55,25060.56,24873.29,24882.34,304.6484
2024-05-15 19:00:00+00:00,BTC,24882.34,24982.87,24628.0,24832.02,634.3305
2024-05-15 20:00:00+00:00,BTC,24832.02,24941.43,24713.68,24848.03,345.1102
2024-05-15 21:00:00+00:00,BTC,24848.03,25105.23,24517.52,24685.73,936.2503
2024-05-15 22:00:00+00:00,BTC,24685.73,24809.56,24636.96,24734.74,1302.0098
2024-05-15 23:00:00+00:00,BTC,24734.74,25043.68,24689.24,24975.12,459.5645
2024-05-16 00:00:00+00:00,BTC,24975.12,24975.88,24699.33,24901.73,557.1956
2024-05-16 01:00:00+00:00,BTC,24901.73,25056.22,24881.68,24960.84,264.0076
2024-05-16 02:00:00+00:00,BTC,24960.84,25026.28,24531.92,24552.45,717.4261
2024-05-16 03:00:00+00:00,BTC,24552.45,24705.7,24468.14,24546.71,228.397
2024-05-16 04:00:00+00:00,BTC,24546.71,24621.13,24380.9,24500.65,312.8646
2024-05-16 05:00:00+00:00,BTC,24500.65,24875.33,24213.7,24380.62,521.1904
2024-05-16 06:00:00+00:00,BTC,24380.62,24581.86,24364.8,24539.34,605.6414
2024-05-16 07:00:00+00:00,BTC,24539.34,24655.54,24454.31,24491.35,297.4493
2024-05-16 08:00:00+00:00,BTC,24491.35,24544.46,24443.86,24465.28,413.5264
2024-05-16 09:00:00+00:00,BTC,24465.28,24595.53,24333.33,24409.98,279.5155
2024-05-16 10:00:00+00:00,BTC,24409.98,24562.65,24072.29,24130.85,447.4875
2024-05-16 11:00:00+00:00,BTC,24130.85,24218.76,23844.82,23967.51,377.7921
2024-05-16 12:00:00+00:00,BTC,23967.51,24264.62,23956.47,24106.12,400.2599
2024-05-16 13:00:00+00:00,BTC,24106.12,24110.02,23770.74,23802.86,627.996
2024-05-16 14:00:00+00:00,BTC,23802.86,23832.92,23689.25,23693.67,551.7844
2024-05-16 15:00:00+00:00,BTC,23693.67,23711.31,23439.51,23636.92,608.5162
2024-05-16 16:00:00+00:00,BTC,23636.92,24093.37,23470.85,23885.5,477.8935
2024-05-16 17:00:00+00:00,BTC,23885.5,24065.27,23475.57,23995.9,642.6077
2024-05-16 18:00:00+00:00,BTC,23995.9,24393.05,23806.13,23915.82,493.8957
2024-05-16 19:00:00+00:00,BTC,23915.82,24139.0,23771.61,24103.74,420.9959
2024-05-16 20:00:00+00:00,BTC,24103.74,24221.02,23458.92,23996.89,610.5179
2024-05-16 21:00:00+00:00,BTC,23996.89,24201.91,23820.5,24142.62,431.1304
2024-05-16 22:00:00+00:00,BTC,24142.62,24150.94,23871.61,23946.58,445.5399
2024-05-16 23:00:00+00:00,BTC,23946.58,24301.43,23881.58,24101.28,726.6919
2024-05-17 00:00:00+00:00,BTC,24101.28,24145.38,24016.18,24042.62,703.1279
2024-05-17 01:00:00+00:00,BTC,24042.62,24085.18,23855.4,23894.71,450.6134
2024-05-17 02:00:00+00:00,BTC,23894.71,23918.22,23822.22,23863.6,678.6517
2024-05-17 03:00:00+00:00,BTC,23863.6,24256.64,23715.69,23903.34,319.6568
2024-05-17 04:00:00+00:00,BTC,23903.34,23911.48,23804.51,23832.49,451.529
2024-05-17 05:00:00+00:00,BTC,23832.49,24286.41,23825.4,23911.84,384.3209
2024-05-17 06:00:00+00:00,BTC,23911.84,24046.94,23822.6,23828.34,499.6938
2024-05-17 07:00:00+00:00,BTC,23828.34,23958.71,23597.25,23917.2,646.5905
2024-05-17 08:00:00+00:00,BTC,23917.2,23990.75,23899.25,23980.74,607.3438
2024-05-17 09:00:00+00:00,BTC,23980.74,24222.07,23819.08,23971.98,579.102
2024-05-17 10:00:00+00:00,BTC,23971.98,24097.4,23864.78,23908.58,524.6494
2024-05-17 11:00:00+00:00,BTC,23908.58,24109.97,23814.21,23930.33,472.874
2024-05-17 12:00:00+00:00,BTC,23930.33,24051.6,23902.34,24009.46,761.2971
2024-05-17 13:00:00+00:00,BTC,24009.46,24429.97,24003.77,24308.32,291.0
2024-05-17 14:00:00+00:00,BTC,24308.32,24589.76,24137.87,24445.73,395.9305
2024-05-17 15:00:00+00:00,BTC,24445.73,24747.95,24429.91,24589.3,577.4124
2024-05-17 16:00:00+00:00,BTC,24589.3,25093.78,24401.16,25049.21,853.518
2024-05-17 17:00:00+00:00,BTC,25049.21,25279.57,25022.85,25126.88,442.9979
2024-05-17 18:00:00+00:00,BTC,25126.88,25300.8,25013.54,25200.05,456.3604
2024-05-17 19:00:00+00:00,BTC,25200.05,25569.7,25015.88,25306.72,318.3453
2024-05-17 20:00:00+00:00,BTC,25306.72,25360.82,24949.03,25153.98,413.6733
2024-05-17 21:00:00+00:00,BTC,25153.98,25392.59,24912.83,25087.08,640.6536
2024-05-17 22:00:00+00:00,BTC,25087.08,25259.83,25010.52,25011.0,869.0154
2024-05-17 23:00:00+00:00,BTC,25011.0,25350.8,24948.38,25108.38,451.2214
2024-05-18 00:00:00+00:00,BTC,25108.38,25123.58,25034.09,25082.15,378.0276
2024-05-18 01:00:00+00:00,BTC,25082.15,25145.78,25071.05,25102.96,512.3567
2024-05-18 02:00:00+00:00,BTC,25102.96,25352.12,25054.02,25267.29,284.1409
2024-05-18 03:00:00+00:00,BTC,25267.29,25424.16,25249.37,25398.48,770.5171
2024-05-18 04:00:00+00:00,BTC,25398.48,25491.97,25335.93,25373.85,325.0086
2024-05-18 05:00:00+00:00,BTC,25373.85,25406.95,25126.12,25272.05,558.0426
2024-05-18 06:00:00+00:00,BTC,25272.05,25476.53,25182.18,25444.79,555.1598
2024-05-18 07:00:00+00:00,BTC,25444.79,25686.09,25397.61,25563.21,622.8572
2024-05-18 08:00:00+00:00,BTC,25563.21,25578.22,25246.56,25318.03,546.7903
2024-05-18 09:00:00+00:00,BTC,25318.03,25378.92,25229.22,25270.5,500.475
2024-05-18 10:00:00+00:00,BTC,25270.5,25546.5,25208.57,25295.61,580.9227
2024-05-18 11:00:00+00:00,BTC,25295.61,25498.05,25145.88,25414.09,669.6461
2024-05-18 12:00:00+00:00,BTC,25414.09,25817.28,25092.9,25553.25,937.6417
2024-05-18 13:00:00+00:00,BTC,25553.25,25727.39,25419.3,25596.81,339.9254
2024-05-18 14:00:00+00:00,BTC,25596.81,25747.69,25475.54,25686.85,262.6812
2024-05-18 15:00:00+00:00,BTC,25686.85,25817.55,25521.18,25696.74,290.9628
2024-05-18 16:00:00+00:00,BTC,25696.74,25737.34,25460.79,25593.06,265.0615
2024-05-18 17:00:00+00:00,BTC,25593.06,25775.94,25472.26,25552.97,328.56
2024-05-18 18:00:00+00:00,BTC,25552.97,26020.2,25393.09,25555.88,314.2829
2024-05-18 19:00:00+00:00,BTC,25555.88,25625.61,25428.3,25550.56,432.1962
2024-05-18 20:00:00+00:00,BTC,25550.56,25655.44,25135.37,25263.13,674.4523
2024-05-18 21:00:00+00:00,BTC,25263.13,25427.59,25190.22,25202.95,622.5836
2024-05-18 22:00:00+00:00,BTC,25202.95,25295.32,24994.11,25211.45,402.1508
2024-05-18 23:00:00+00:00,BTC,25211.45,25247.23,25037.54,25168.92,414.4936
2024-05-19 00:00:00+00:00,BTC,25168.92,25304.7,25124.6,25131.68,1010.6812
2024-05-19 01:00:00+00:00,BTC,25131.68,25215.43,24976.26,25205.37,615.7142
2024-05-19 02:00:00+00:00,BTC,25205.37,25323.22,24857.47,25042.72,531.1559
2024-05-19 03:00:00+00:00,BTC,25042.72,25087.9,24644.87,24799.29,521.7214
2024-05-19 04:00:00+00:00,BTC,24799.29,24881.83,24674.97,24747.54,451.8597
2024-05-19 05:00:00+00:00,BTC,24747.54,24926.91,24597.29,24861.26,1007.9828
2024-05-19 06:00:00+00:00,BTC,24861.26,25122.44,24813.68,25114.26,467.8565
2024-05-19 07:00:00+00:00,BTC,25114.26,25269.24,25038.71,25232.4,526.8214
2024-05-19 08:00:00+00:00,BTC,25232.4,25405.73,24819.57,25011.09,280.7662
2024-05-19 09:00:00+00:00,BTC,25011.09,25014.7,24883.13,24976.24,400.1662
2024-05-19 10:00:00+00:00,BTC,24976.24,25181.36,24588.59,25014.73,412.3436
2024-05-19 11:00:00+00:00,BTC,25014.73,25154.65,24812.09,25041.4,592.7726
2024-05-19 12:00:00+00:00,BTC,25041.4,25254.38,24947.52,25122.56,381.1837
2024-05-19 13:00:00+00:00,BTC,25122.56,25222.67,24969.04,24984.71,508.5265
2024-05-19 14:00:00+00:00,BTC,24984.71,25175.17,24967.63,24994.44,404.3917
2024-05-19 15:00:00+00:00,BTC,24994.44,25092.03,24776.03,25057.56,340.149
2024-05-19 16:00:00+00:00,BTC,25057.56,25264.97,25026.17,25182.0,335.3436
2024-05-19 17:00:00+00:00,BTC,25182.0,25229.17,24990.13,25060.56,470.5579
2024-05-19 18:00:00+00:00,BTC,25060.56,25250.32,25002.51,25008.71,518.3653
2024-05-19 19:00:00+00:00,BTC,25008.71,25321.27,24600.16,24606.27,467.2219
2024-05-19 20:00:00+00:00,BTC,24606.27,24695.28,24032.42,24514.69,373.5702
2024-05-19 21:00:00+00:00,BTC,24514.69,24790.3,24341.19,24437.68,476.4646
2024-05-19 22:00:00+00:00,BTC,24437.68,24552.92,24268.5,24288.64,446.5981
2024-05-19 23:00:00+00:00,BTC,24288.64,24323.86,24253.45,24312.78,347.2186
2024-05-20 00:00:00+00:00,BTC,24312.78,24377.54,24275.82,24304.62,514.7532
2024-05-20 01:00:00+00:00,BTC,24304.62,24410.0,23971.65,23977.39,942.2047
2024-05-20 02:00:00+00:00,BTC,23977.39,24014.93,23958.79,24008.41,474.4964
2024-05-20 03:00:00+00:00,BTC,24008.41,24086.14,23848.51,23875.06,299.8343
2024-05-20 04:00:00+00:00,BTC,23875.06,24037.01,23830.03,23944.74,835.975
2024-05-20 05:00:00+00:00,BTC,23944.74,24070.65,23712.8,23761.28,776.3478
2024-05-20 06:00:00+00:00,BTC,23761.28,23931.69,23543.53,23765.56,825.5028
2024-05-20 07:00:00+00:00,BTC,23765.56,23815.3,23582.31,23725.22,492.6663
2024-05-20 08:00:00+00:00,BTC,23725.22,23844.53,23685.37,23768.4,380.0733
2024-05-20 09:00:00+00:00,BTC,23768.4,23879.69,23555.08,23786.19,365.7862
2024-05-20 10:00:00+00:00,BTC,23786.19,24026.3,23729.98,23749.8,745.4862
2024-05-20 11:00:00+00:00,BTC,23749.8,23767.51,23400.34,23531.89,877.1392
2024-05-20 12:00:00+00:00,BTC,23531.89,23571.71,23299.66,23324.25,362.3018
2024-05-20 13:00:00+00:00,BTC,23324.25,23339.32,23202.4,23242.68,206.9694
2024-05-20 14:00:00+00:00,BTC,23242.68,23316.8,23157.91,23241.52,496.8971
2024-05-20 15:00:00+00:00,BTC,23241.52,23332.26,23090.06,23156.86,364.351
2024-05-20 16:00:00+00:00,BTC,23156.86,23337.34,22887.8,23243.89,390.3583
2024-05-20 17:00:00+00:00,BTC,23243.89,23298.85,23190.48,23204.98,460.0023
2024-05-20 18:00:00+00:00,BTC,23204.98,23421.79,22929.56,23071.01,577.1279
2024-05-20 19:00:00+00:00,BTC,23071.01,23181.77,22890.68,23032.54,380.4181
2024-05-20 20:00:00+00:00,BTC,23032.54,23270.41,22807.12,23063.78,524.3896
2024-05-20 21:00:00+00:00,BTC,23063.78,23140.68,22820.99,23108.78,478.4033
2024-05-20 22:00:00+00:00,BTC,23108.78,23575.48,23063.5,23370.7,223.1259
2024-05-20 23:00:00+00:00,BTC,23370.7,23565.25,23192.41,23277.09,605.0732
2024-05-21 00:00:00+00:00,BTC,23277.09,23463.61,23220.6,23266.83,426.9882
2024-05-21 01:00:00+00:00,BTC,23266.83,23519.79,23093.27,23326.39,321.2617
2024-05-21 02:00:00+00:00,BTC,23326.39,23516.76,22935.35,23323.11,387.8074
2024-05-21 03:00:00+00:00,BTC,23323.11,23501.73,23106.37,23253.16,536.811
2024-05-21 04:00:00+00:00,BTC,23253.16,23399.05,22996.14,23038.01,508.1566
2024-05-21 05:00:00+00:00,BTC,23038.01,23080.85,22842.22,22967.51,626.5067
2024-05-21 06:00:00+00:00,BTC,22967.51,23091.99,22735.0,22820.02,582.5484
2024-05-21 07:00:00+00:00,BTC,22820.02,22902.13,22472.22,22584.84,331.8048
2024-05-21 08:00:00+00:00,BTC,22584.84,22690.67,22074.57,22477.27,177.7894
2024-05-21 09:00:00+00:00,BTC,22477.27,22639.67,22324.65,22336.5,521.6125
2024-05-21 10:00:00+00:00,BTC,22336.5,22657.83,22306.11,22414.88,623.5575
2024-05-21 11:00:00+00:00,BTC,22414.88,22560.83,22344.1,22495.86,465.7982
2024-05-21 12:00:00+00:00,BTC,22495.86,22500.27,22372.36,22374.19,630.0629
2024-05-21 13:00:00+00:00,BTC,22374.19,22386.93,22267.25,22339.28,352.1415
2024-05-21 14:00:00+00:00,BTC,22339.28,22505.86,21970.75,22091.6,442.9697
2024-05-21 15:00:00+00:00,BTC,22091.6,22188.97,21877.32,22026.17,362.276
2024-05-21 16:00:00+00:00,BTC,22026.17,22243.93,21903.76,22078.96,638.2068
2024-05-21 17:00:00+00:00,BTC,22078.96,22338.95,22031.36,22188.51,363.5685
2024-05-21 18:00:00+00:00,BTC,22188.51,22360.72,22017.65,22093.79,1028.1901
2024-05-21 19:00:00+00:00,BTC,22093.79,22471.25,21953.09,22233.66,419.4357
2024-05-21 20:00:00+00:00,BTC,22233.66,22244.04,21931.21,22032.39,661.1438
2024-05-21 21:00:00+00:00,BTC,22032.39,22287.61,21847.94,21868.07,421.3261
2024-05-21 22:00:00+00:00,BTC,21868.07,22050.1,21845.46,21961.38,798.5325
2024-05-21 23:00:00+00:00,BTC,21961.38,22241.07,21839.02,22182.69,787.9513
2024-05-22 00:00:00+00:00,BTC,22182.69,22407.75,21955.3,22248.46,446.4333
2024-05-22 01:00:00+00:00,BTC,22248.46,22358.55,22100.55,22243.08,550.4592
2024-05-22 02:00:00+00:00,BTC,22243.08,22458.23,21907.93,21952.03,780.9361
2024-05-22 03:00:00+00:00,BTC,21952.03,21999.65,21554.52,21687.26,556.1976
2024-05-22 04:00:00+00:00,BTC,21687.26,21783.91,21662.93,21704.11,362.2571
2024-05-22 05:00:00+00:00,BTC,21704.11,21715.02,21609.38,21657.53,512.4131
2024-05-22 06:00:00+00:00,BTC,21657.53,21686.41,21505.44,21514.31,384.8025
2024-05-22 07:00:00+00:00,BTC,21514.31,21591.25,21509.23,21522.77,527.1348
2024-05-22 08:00:00+00:00,BTC,21522.77,21561.27,21425.41,21537.64,379.5524
2024-05-22 09:00:00+00:00,BTC,21537.64,21678.81,21474.68,21660.03,569.6887
2024-05-22 10:00:00+00:00,BTC,21660.03,21934.06,21647.17,21677.79,267.3426
2024-05-22 11:00:00+00:00,BTC,21677.79,21928.87,21646.33,21838.15,337.6179
2024-05-22 12:00:00+00:00,BTC,21838.15,21887.57,21832.93,21839.2,378.7892
2024-05-22 13:00:00+00:00,BTC,21839.2,21945.38,21818.87,21824.09,472.7341
2024-05-22 14:00:00+00:00,BTC,21824.09,22176.91,21372.03,21963.91,294.5296
2024-05-22 15:00:00+00:00,BTC,21963.91,21989.07,21685.81,21835.34,367.0134
2024-05-22 16:00:00+00:00,BTC,21835.34,22252.98,21677.05,22207.2,656.5182
2024-05-22 17:00:00+00:00,BTC,22207.2,22341.2,22105.53,22257.26,684.4502
2024-05-22 18:00:00+00:00,BTC,22257.26,22416.4,22213.77,22308.17,205.9924
2024-05-22 19:00:00+00:00,BTC,22308.17,22402.64,22289.41,22378.57,407.1767
2024-05-22 20:00:00+00:00,BTC,22378.57,22655.73,22307.37,22632.04,781.1762
2024-05-22 21:00:00+00:00,BTC,22632.04,22955.85,22534.95,22739.91,572.3333
2024-05-22 22:00:00+00:00,BTC,22739.91,22856.37,22463.86,22521.97,576.6181
2024-05-22 23:00:00+00:00,BTC,22521.97,22774.72,22444.28,22712.42,609.147
2024-05-23 00:00:00+00:00,BTC,22712.42,22723.53,22506.94,22666.01,357.4453
2024-05-23 01:00:00+00:00,BTC,22666.01,22752.21,22330.59,22680.59,538.8939
2024-05-23 02:00:00+00:00,BTC,22680.59,22787.57,22448.16,22507.17,589.7596
2024-05-23 03:00:00+00:00,BTC,22507.17,22633.97,22277.57,22578.34,519.0946
2024-05-23 04:00:00+00:00,BTC,22578.34,22650.82,22460.35,22490.27,435.6489
2024-05-23 05:00:00+00:00,BTC,22490.27,22530.05,22483.07,22503.79,491.6553
2024-05-23 06:00:00+00:00,BTC,22503.79,22571.37,22462.29,22465.47,335.4784
2024-05-23 07:00:00+00:00,BTC,22465.47,22875.89,22324.02,22726.45,619.9029
2024-05-23 08:00:00+00:00,BTC,22726.45,23072.82,22619.84,22998.36,302.5483
2024-05-23 09:00:00+00:00,BTC,22998.36,23065.27,22818.78,23004.78,375.7475
2024-05-23 10:00:00+00:00,BTC,23004.78,23182.21,22890.17,23013.61,634.751
2024-05-23 11:00:00+00:00,BTC,23013.61,23122.3,22775.34,22962.11,553.4646
2024-05-23 12:00:00+00:00,BTC,22962.11,23118.77,22959.79,23114.99,422.0634
2024-05-23 13:00:00+00:00,BTC,23114.99,23187.93,22763.37,23069.42,274.581
2024-05-23 14:00:00+00:00,BTC,23069.42,23156.86,22737.01,23011.17,491.9916
2024-05-23 15:00:00+00:00,BTC,23011.17,23219.84,22765.73,23146.68,401.0341
2024-05-23 16:00:00+00:00,BTC,23146.68,23285.13,22943.85,23072.04,591.5547
2024-05-23 17:00:00+00:00,BTC,23072.04,23136.0,23010.59,23066.82,417.2934
2024-05-23 18:00:00+00:00,BTC,23066.82,23123.73,22510.19,22849.0,270.9339
2024-05-23 19:00:00+00:00,BTC,22849.0,23287.92,22836.27,22945.74,308.0623
2024-05-23 20:00:00+00:00,BTC,22945.74,23320.79,22794.26,23214.51,430.5916
2024-05-23 21:00:00+00:00,BTC,23214.51,23587.49,23156.84,23315.18,519.4011
2024-05-23 22:00:00+00:00,BTC,23315.18,23623.03,23172.92,23520.58,332.7021
2024-05-23 23:00:00+00:00,BTC,23520.58,23839.51,23126.91,23401.47,383.4228
2024-05-24 00:00:00+00:00,BTC,23401.47,23612.73,23328.4,23434.68,659.8245
2024-05-24 01:00:00+00:00,BTC,23434.68,23443.31,23107.12,23302.44,737.2917
2024-05-24 02:00:00+00:00,BTC,23302.44,23581.33,23220.34,23270.62,550.8862
2024-05-24 03:00:00+00:00,BTC,23270.62,23484.06,23154.01,23378.68,452.526
2024-05-24 04:00:00+00:00,BTC,23378.68,23709.14,23104.45,23392.97,402.2658
2024-05-24 05:00:00+00:00,BTC,23392.97,23453.29,23144.73,23195.53,603.8565
2024-05-24 06:00:00+00:00,BTC,23195.53,23439.88,22870.94,23013.24,447.5906
2024-05-24 07:00:00+00:00,BTC,23013.24,23108.48,22618.04,22823.32,689.9732
2024-05-24 08:00:00+00:00,BTC,22823.32,22934.85,22814.08,22890.71,702.7826
2024-05-24 09:00:00+00:00,BTC,22890.71,23268.47,22721.58,23175.94,577.169
2024-05-24 10:00:00+00:00,BTC,23175.94,23452.86,23036.44,23366.17,420.0782
2024-05-24 11:00:00+00:00,BTC,23366.17,23455.25,23045.58,23101.87,431.5888
2024-05-24 12:00:00+00:00,BTC,23101.87,23479.72,22995.4,23299.69,281.2692
2024-05-24 13:00:00+00:00,BTC,23299.69,23498.27,23207.7,23430.96,490.8697
2024-05-24 14:00:00+00:00,BTC,23430.96,23433.52,23195.41,23214.72,485.5663
2024-05-24 15:00:00+00:00,BTC,23214.72,23286.0,23060.18,23172.53,308.7321
2024-05-24 16:00:00+00:00,BTC,23172.53,23346.97,23094.78,23325.34,1143.7436
2024-05-24 17:00:00+00:00,BTC,23325.34,23488.01,23256.83,23402.51,607.465
2024-05-24 18:00:00+00:00,BTC,23402.51,23462.72,22941.74,23219.41,372.5801
2024-05-24 19:00:00+00:00,BTC,23219.41,23370.64,23102.29,23304.65,1026.1562
2024-05-24 20:00:00+00:00,BTC,23304.65,23350.78,22648.15,23007.68,420.3093
2024-05-24 21:00:00+00:00,BTC,23007.68,23008.21,22866.17,22976.94,668.6273
2024-05-24 22:00:00+00:00,BTC,22976.94,23230.85,22861.22,23134.36,515.5733
2024-05-24 23:00:00+00:00,BTC,23134.36,23156.41,22984.25,23136.91,425.3841
2024-05-25 00:00:00+00:00,BTC,23136.91,23225.13,22901.74,23067.75,444.3793
2024-05-25 01:00:00+00:00,BTC,23067.75,23211.52,23039.77,23191.17,826.6953
2024-05-25 02:00:00+00:00,BTC,23191.17,23501.12,23178.52,23327.2,679.4534
2024-05-25 03:00:00+00:00,BTC,23327.2,23570.69,23128.94,23511.28,479.0315
2024-05-25 04:00:00+00:00,BTC,23511.28,23664.14,23407.63,23634.95,243.9577
2024-05-25 05:00:00+00:00,BTC,23634.95,23813.73,23621.75,23788.8,556.2166
2024-05-25 06:00:00+00:00,BTC,23788.8,23927.04,23778.86,23893.64,323.2228
2024-05-25 07:00:00+00:00,BTC,23893.64,24195.09,23769.17,23931.73,603.7231
2024-05-25 08:00:00+00:00,BTC,23931.73,23978.06,23816.1,23944.59,389.432
2024-05-25 09:00:00+00:00,BTC,23944.59,23957.45,23573.58,23910.53,403.9569
2024-05-25 10:00:00+00:00,BTC,23910.53,23984.03,23658.88,23737.23,399.9256
2024-05-25 11:00:00+00:00,BTC,23737.23,23832.9,23593.02,23601.56,714.6467
2024-05-25 12:00:00+00:00,BTC,23601.56,23634.38,23402.56,23561.66,269.4585
2024-05-25 13:00:00+00:00,BTC,23561.66,23782.83,23305.2,23595.81,647.3096
2024-05-25 14:00:00+00:00,BTC,23595.81,23834.34,23442.91,23800.68,563.6387
2024-05-25 15:00:00+00:00,BTC,23800.68,23817.98,23747.6,23794.71,487.449
2024-05-25 16:00:00+00:00,BTC,23794.71,24027.43,23751.44,23938.41,427.4303
2024-05-25 17:00:00+00:00,BTC,23938.41,24104.49,23915.0,24093.94,592.8117
2024-05-25 18:00:00+00:00,BTC,24093.94,24106.57,24054.46,24060.5,428.6327
2024-05-25 19:00:00+00:00,BTC,24060.5,24157.74,23941.91,24146.5,427.2773
2024-05-25 20:00:00+00:00,BTC,24146.5,24348.21,24098.77,24111.25,511.2823
2024-05-25 21:00:00+00:00,BTC,24111.25,24508.32,24021.74,24303.28,912.8052
2024-05-25 22:00:00+00:00,BTC,24303.28,24791.06,24249.95,24396.17,294.4482
2024-05-25 23:00:00+00:00,BTC,24396.17,24400.04,24183.65,24222.54,595.7699
2024-05-26 00:00:00+00:00,BTC,24222.54,24301.15,24164.86,24246.02,475.5839
2024-05-26 01:00:00+00:00,BTC,24246.02,24505.91,24147.16,24486.97,462.8484
2024-05-26 02:00:00+00:00,BTC,24486.97,24691.95,24325.43,24460.36,292.9987
2024-05-26 03:00:00+00:00,BTC,24460.36,24675.55,24456.28,24526.16,270.4491
2024-05-26 04:00:00+00:00,BTC,24526.16,24681.32,24451.78,24606.62,563.1715
2024-05-26 05:00:00+00:00,BTC,24606.62,24732.07,24452.33,24454.05,320.6462
2024-05-26 06:00:00+00:00,BTC,24454.05,24730.6,24245.95,24529.09,713.6109
2024-05-26 07:00:00+00:00,BTC,24529.09,24642.96,24277.45,24324.81,350.3937
2024-05-26 08:00:00+00:00,BTC,24324.81,24341.43,24016.4,24233.68,606.3455
2024-05-26 09:00:00+00:00,BTC,24233.68,24480.09,24192.38,24390.59,408.7034
2024-05-26 10:00:00+00:00,BTC,24390.59,24518.24,24362.31,24442.86,401.9018
2024-05-26 11:00:00+00:00,BTC,24442.86,24534.21,24396.42,24398.25,363.1293
2024-05-26 12:00:00+00:00,BTC,24398.25,24626.15,24383.78,24463.69,582.5959
2024-05-26 13:00:00+00:00,BTC,24463.69,24517.27,24422.79,24454.87,642.3018
2024-05-26 14:00:00+00:00,BTC,24454.87,24593.28,24360.35,24456.72,447.7217
2024-05-26 15:00:00+00:00,BTC,24456.72,24586.21,24434.57,24553.29,614.9434
2024-05-26 16:00:00+00:00,BTC,24553.29,24675.67,24369.26,24446.37,502.2113
2024-05-26 17:00:00+00:00,BTC,24446.37,24532.91,24253.31,24452.28,313.4464
2024-05-26 18:00:00+00:00,BTC,24452.28,24525.28,24050.47,24406.51,570.8319
2024-05-26 19:00:00+00:00,BTC,24406.51,24448.39,24147.5,24175.42,450.0776
2024-05-26 20:00:00+00:00,BTC,24175.42,24398.27,23803.17,24042.27,200.2576
2024-05-26 21:00:00+00:00,BTC,24042.27,24428.33,23968.77,24269.56,436.0853
2024-05-26 22:00:00+00:00,BTC,24269.56,24357.69,24200.39,24325.65,276.4094
2024-05-26 23:00:00+00:00,BTC,24325.65,24699.73,23788.23,24133.23,324.9168
2024-05-27 00:00:00+00:00,BTC,24133.23,24252.1,23750.91,23911.21,458.2776
2024-05-27 01:00:00+00:00,BTC,23911.21,24004.71,23466.1,23895.13,487.0085
2024-05-27 02:00:00+00:00,BTC,23895.13,24254.34,23889.53,24120.01,373.2839
2024-05-27 03:00:00+00:00,BTC,24120.01,24148.87,23988.57,24093.0,601.3417
2024-05-27 04:00:00+00:00,BTC,24093.0,24306.41,23939.67,24282.68,480.355
2024-05-27 05:00:00+00:00,BTC,24282.68,24497.19,24126.05,24334.0,431.0463
2024-05-27 06:00:00+00:00,BTC,24334.0,24513.08,24263.54,24402.91,507.6538
2024-05-27 07:00:00+00:00,BTC,24402.91,24404.5,24102.13,24208.12,762.3294
2024-05-27 08:00:00+00:00,BTC,24208.12,24383.09,24085.14,24344.67,235.5674
2024-05-27 09:00:00+00:00,BTC,24344.67,24412.03,24180.22,24295.8,787.9554
2024-05-27 10:00:00+00:00,BTC,24295.8,24516.37,23982.07,24421.94,402.9382
2024-05-27 11:00:00+00:00,BTC,24421.94,24675.77,24200.87,24302.93,380.6901
2024-05-27 12:00:00+00:00,BTC,24302.93,24347.46,24253.89,24328.76,434.3483
2024-05-27 13:00:00+00:00,BTC,24328.76,24555.59,24288.74,24380.2,366.5965
2024-05-27 14:00:00+00:00,BTC,24380.2,24500.86,24091.32,24357.68,347.4
2024-05-27 15:00:00+00:00,BTC,24357.68,24594.09,24346.61,24416.87,672.4966
2024-05-27 16:00:00+00:00,BTC,24416.87,24567.73,24045.59,24377.88,528.7406
2024-05-27 17:00:00+00:00,BTC,24377.88,24790.78,24199.08,24283.12,255.5495
2024-05-27 18:00:00+00:00,BTC,24283.12,24605.25,24150.1,24518.17,633.0482
2024-05-27 19:00:00+00:00,BTC,24518.17,24830.8,24453.03,24672.97,601.5821
2024-05-27 20:00:00+00:00,BTC,24672.97,24706.71,24488.43,24560.59,297.3775
2024-05-27 21:00:00+00:00,BTC,24560.59,24765.23,24260.19,24644.5,532.5616
2024-05-27 22:00:00+00:00,BTC,24644.5,24652.58,24363.06,24534.93,621.2719
2024-05-27 23:00:00+00:00,BTC,24534.93,24747.93,24244.13,24361.15,285.1754
2024-05-28 00:00:00+00:00,BTC,24361.15,24827.23,24312.86,24512.73,552.5026
2024-05-28 01:00:00+00:00,BTC,24512.73,24953.12,24093.4,24263.37,394.7782
2024-05-28 02:00:00+00:00,BTC,24263.37,24411.87,24056.87,24398.68,604.4839
2024-05-28 03:00:00+00:00,BTC,24398.68,24955.2,24310.64,24361.71,360.6224
2024-05-28 04:00:00+00:00,BTC,24361.71,24397.44,24258.52,24330.81,720.1023
2024-05-28 05:00:00+00:00,BTC,24330.81,24487.65,24062.38,24390.7,459.1472
2024-05-28 06:00:00+00:00,BTC,24390.7,24557.52,24105.14,24475.9,403.1849
2024-05-28 07:00:00+00:00,BTC,24475.9,24540.34,24175.68,24354.85,388.2797
2024-05-28 08:00:00+00:00,BTC,24354.85,24463.24,24117.14,24459.96,678.9277
2024-05-28 09:00:00+00:00,BTC,24459.96,24643.53,24362.42,24476.6,388.1923
2024-05-28 10:00:00+00:00,BTC,24476.6,24488.32,24234.53,24292.83,724.7046
2024-05-28 11:00:00+00:00,BTC,24292.83,24565.33,24193.54,24268.08,538.7787
2024-05-28 12:00:00+00:00,BTC,24268.08,24635.56,24138.38,24470.04,307.8598
2024-05-28 13:00:00+00:00,BTC,24470.04,24764.8,24267.3,24717.44,504.5671
2024-05-28 14:00:00+00:00,BTC,24717.44,25112.88,24450.37,24824.06,508.268
2024-05-28 15:00:00+00:00,BTC,24824.06,24867.79,24636.83,24647.4,304.3729
2024-05-28 16:00:00+00:00,BTC,24647.4,24815.22,24445.57,24720.06,501.4515
2024-05-28 17:00:00+00:00,BTC,24720.06,24852.69,24623.3,24846.58,604.4815
2024-05-28 18:00:00+00:00,BTC,24846.58,25016.94,24790.79,24955.0,742.0834
2024-05-28 19:00:00+00:00,BTC,24955.0,25245.83,24560.22,25072.81,730.7896
2024-05-28 20:00:00+00:00,BTC,25072.81,25184.39,24951.51,25127.52,1153.7464
2024-05-28 21:00:00+00:00,BTC,25127.52,25165.42,25045.54,25116.6,500.1023
2024-05-28 22:00:00+00:00,BTC,25116.6,25201.84,24989.16,25025.09,606.9453
2024-05-28 23:00:00+00:00,BTC,25025.09,25283.39,24722.11,24741.73,404.4087
2024-05-29 00:00:00+00:00,BTC,24741.73,24965.12,24599.52,24792.2,966.8936
2024-05-29 01:00:00+00:00,BTC,24792.2,24890.5,24757.9,24819.89,366.054
2024-05-29 02:00:00+00:00,BTC,24819.89,25146.34,24758.27,24903.07,951.7866
2024-05-29 03:00:00+00:00,BTC,24903.07,25103.36,24493.4,24704.01,909.9924
2024-05-29 04:00:00+00:00,BTC,24704.01,24898.13,24608.26,24799.8,379.8953
2024-05-29 05:00:00+00:00,BTC,24799.8,25276.81,24768.33,25107.41,718.6127
2024-05-29 06:00:00+00:00,BTC,25107.41,25283.81,25074.88,25119.23,586.6708
2024-05-29 07:00:00+00:00,BTC,25119.23,25235.76,25032.21,25109.94,432.8596
2024-05-29 08:00:00+00:00,BTC,25109.94,25184.92,24988.61,25156.54,476.7894
2024-05-29 09:00:00+00:00,BTC,25156.54,25472.18,24905.11,25465.17,548.6854
2024-05-29 10:00:00+00:00,BTC,25465.17,25526.89,25206.96,25309.25,567.268
2024-05-29 11:00:00+00:00,BTC,25309.25,25497.42,25273.94,25340.13,843.513
2024-05-29 12:00:00+00:00,BTC,25340.13,25360.41,24946.06,25218.84,610.658
2024-05-29 13:00:00+00:00,BTC,25218.84,25276.21,25045.3,25136.2,381.8982
2024-05-29 14:00:00+00:00,BTC,25136.2,25189.25,24985.46,25128.73,648.6381
2024-05-29 15:00:00+00:00,BTC,25128.73,25376.19,24916.39,25332.69,271.2194
2024-05-29 16:00:00+00:00,BTC,25332.69,25824.33,24976.23,25607.92,436.7247
2024-05-29 17:00:00+00:00,BTC,25607.92,25743.62,25528.16,25676.86,451.6906
2024-05-29 18:00:00+00:00,BTC,25676.86,25691.28,25604.87,25618.91,629.5583
2024-05-29 19:00:00+00:00,BTC,25618.91,26069.9,25589.26,26004.96,929.2609
2024-05-29 20:00:00+00:00,BTC,26004.96,26175.64,25931.61,25938.33,539.5853
2024-05-29 21:00:00+00:00,BTC,25938.33,25984.54,25771.39,25849.6,440.5967
2024-05-29 22:00:00+00:00,BTC,25849.6,25952.06,25556.6,25575.77,391.5879
2024-05-29 23:00:00+00:00,BTC,25575.77,25950.69,25421.92,25790.91,669.7286
2024-05-30 00:00:00+00:00,BTC,25790.91,25985.24,25654.29,25941.17,467.0402
2024-05-30 01:00:00+00:00,BTC,25941.17,26336.45,25733.2,26320.24,419.2583
2024-05-30 02:00:00+00:00,BTC,26320.24,26338.6,26010.46,26101.72,697.5391
2024-05-30 03:00:00+00:00,BTC,26101.72,26372.01,25986.47,26331.09,752.8414
2024-05-30 04:00:00+00:00,BTC,26331.09,26403.11,26288.55,26342.17,357.3918
2024-05-30 05:00:00+00:00,BTC,26342.17,26528.8,26249.44,26469.88,296.1315
2024-05-30 06:00:00+00:00,BTC,26469.88,26506.95,25835.68,26209.47,483.1775
2024-05-30 07:00:00+00:00,BTC,26209.47,26561.96,26137.71,26441.36,335.4674
2024-05-30 08:00:00+00:00,BTC,26441.36,26652.25,26138.62,26566.43,319.7816
2024-05-30 09:00:00+00:00,BTC,26566.43,26721.16,26437.01,26560.23,347.3658
2024-05-30 10:00:00+00:00,BTC,26560.23,26748.83,26432.88,26663.24,721.1834
2024-05-30 11:00:00+00:00,BTC,26663.24,26878.32,26493.74,26541.05,627.8133
2024-05-30 12:00:00+00:00,BTC,26541.05,26700.72,26340.84,26448.94,1181.7193
2024-05-30 13:00:00+00:00,BTC,26448.94,26574.73,26302.15,26375.5,399.3832
2024-05-30 14:00:00+00:00,BTC,26375.5,26380.3,25908.17,26083.92,796.3594
2024-05-30 15:00:00+00:00,BTC,26083.92,26272.8,25859.58,26219.14,594.2813
2024-05-30 16:00:00+00:00,BTC,26219.14,26407.89,26041.98,26407.27,411.5261
2024-05-30 17:00:00+00:00,BTC,26407.27,26675.82,26186.38,26296.38,474.9796
2024-05-30 18:00:00+00:00,BTC,26296.38,26408.09,26240.17,26351.37,410.8424
2024-05-30 19:00:00+00:00,BTC,26351.37,26617.29,25961.39,26309.42,547.3899
2024-05-30 20:00:00+00:00,BTC,26309.42,26476.15,26194.11,26361.29,706.239
2024-05-30 21:00:00+00:00,BTC,26361.29,26642.08,25863.45,26262.22,439.487
2024-05-30 22:00:00+00:00,BTC,26262.22,26717.62,26054.48,26123.38,672.8636
2024-05-30 23:00:00+00:00,BTC,26123.38,26435.45,26005.03,26288.81,780.191
2024-05-31 00:00:00+00:00,BTC,26288.81,26511.28,26251.11,26278.73,843.4318
2024-05-31 01:00:00+00:00,BTC,26278.73,26680.57,26015.38,26599.51,331.6491
2024-05-31 02:00:00+00:00,BTC,26599.51,26674.19,26362.83,26606.9,491.4721
2024-05-31 03:00:00+00:00,BTC,26606.9,26621.07,26324.87,26459.47,640.9232
2024-05-31 04:00:00+00:00,BTC,26459.47,26736.57,26315.97,26654.97,341.8086
2024-05-31 05:00:00+00:00,BTC,26654.97,26975.61,26442.46,26756.05,316.1625
2024-05-31 06:00:00+00:00,BTC,26756.05,26877.83,26632.94,26872.99,495.3994
2024-05-31 07:00:00+00:00,BTC,26872.99,27333.97,26704.36,27065.65,432.7112
2024-05-31 08:00:00+00:00,BTC,27065.65,27207.26,26646.67,26959.84,470.7314
2024-05-31 09:00:00+00:00,BTC,26959.84,27003.72,26804.24,26939.27,423.9589
2024-05-31 10:00:00+00:00,BTC,26939.27,27131.57,26707.57,26911.57,1064.8295
2024-05-31 11:00:00+00:00,BTC,26911.57,27002.68,26535.31,26703.96,425.4006
2024-05-31 12:00:00+00:00,BTC,26703.96,26950.63,26604.39,26661.76,613.7443
2024-05-31 13:00:00+00:00,BTC,26661.76,26926.38,26615.35,26876.4,599.5125
2024-05-31 14:00:00+00:00,BTC,26876.4,26917.43,26714.32,26914.7,276.863
2024-05-31 15:00:00+00:00,BTC,26914.7,27009.15,26530.31,26698.2,835.2657
2024-05-31 16:00:00+00:00,BTC,26698.2,26753.78,26253.46,26450.13,622.434
2024-05-31 17:00:00+00:00,BTC,26450.13,26800.75,26376.55,26715.66,528.235
2024-05-31 18:00:00+00:00,BTC,26715.66,27078.01,26562.13,26701.18,723.9409
2024-05-31 19:00:00+00:00,BTC,26701.18,26715.06,26504.3,26597.67,491.7077
2024-05-31 20:00:00+00:00,BTC,26597.67,26609.46,26471.52,26553.98,680.8105
2024-05-31 21:00:00+00:00,BTC,26553.98,26571.64,26298.3,26319.65,259.2855
2024-05-31 22:00:00+00:00,BTC,26319.65,26701.87,26161.71,26545.34,665.6356
2024-05-31 23:00:00+00:00,BTC,26545.34,26716.08,26453.41,26482.81,533.1912
2024-06-01 00:00:00+00:00,BTC,26482.81,26752.8,26389.39,26700.98,536.1164
2024-06-01 01:00:00+00:00,BTC,26700.98,26731.77,26606.1,26709.26,372.3402
2024-06-01 02:00:00+00:00,BTC,26709.26,26945.08,26625.39,26939.33,463.1347
2024-06-01 03:00:00+00:00,BTC,26939.33,27067.87,26832.1,26980.86,458.4109
2024-06-01 04:00:00+00:00,BTC,26980.86,27343.57,26935.1,27119.34,335.5983
2024-06-01 05:00:00+00:00,BTC,27119.34,27272.23,26819.92,27236.6,566.804
2024-06-01 06:00:00+00:00,BTC,27236.6,27504.93,27006.07,27338.65,867.1573
2024-06-01 07:00:00+00:00,BTC,27338.65,27428.16,27238.64,27395.78,304.0393
2024-06-01 08:00:00+00:00,BTC,27395.78,27468.96,27059.67,27357.53,593.5929
2024-06-01 09:00:00+00:00,BTC,27357.53,27690.92,27341.65,27673.75,431.5808
2024-06-01 10:00:00+00:00,BTC,27673.75,27711.95,27505.38,27523.57,414.486
2024-06-01 11:00:00+00:00,BTC,27523.57,27591.7,27472.34,27524.28,513.2563
2024-06-01 12:00:00+00:00,BTC,27524.28,27542.87,27487.49,27526.74,515.9863
2024-06-01 13:00:00+00:00,BTC,27526.74,27763.98,26781.41,27593.29,533.3861
2024-06-01 14:00:00+00:00,BTC,27593.29,27625.54,27471.7,27522.28,336.5696
2024-06-01 15:00:00+00:00,BTC,27522.28,27755.83,27370.73,27574.3,732.2203
2024-06-01 16:00:00+00:00,BTC,27574.3,27605.4,27531.13,27546.38,514.4027
2024-06-01 17:00:00+00:00,BTC,27546.38,27546.68,27018.36,27286.16,615.5075
2024-06-01 18:00:00+00:00,BTC,27286.16,27509.95,27048.77,27287.72,764.8789
2024-06-01 19:00:00+00:00,BTC,27287.72,27557.58,26721.47,27108.12,255.243
2024-06-01 20:00:00+00:00,BTC,27108.12,27319.82,26758.4,26827.49,623.4502
2024-06-01 21:00:00+00:00,BTC,26827.49,26879.47,26787.79,26849.53,472.078
2024-06-01 22:00:00+00:00,BTC,26849.53,26967.06,26690.09,26928.24,714.2368
2024-06-01 23:00:00+00:00,BTC,26928.24,27048.8,26906.25,27013.47,377.7155
2024-06-02 00:00:00+00:00,BTC,27013.47,27127.51,26862.8,27105.56,693.6582
2024-06-02 01:00:00+00:00,BTC,27105.56,27159.72,26426.53,26793.07,345.6256
2024-06-02 02:00:00+00:00,BTC,26793.07,26996.65,26378.27,26575.17,575.5826
2024-06-02 03:00:00+00:00,BTC,26575.17,26969.99,26533.75,26891.72,552.3038
2024-06-02 04:00:00+00:00,BTC,26891.72,26961.21,26599.12,26723.28,473.5276
2024-06-02 05:00:00+00:00,BTC,26723.28,27165.68,26650.69,26821.4,348.4094
2024-06-02 06:00:00+00:00,BTC,26821.4,26960.99,26463.89,26711.08,439.4675
2024-06-02 07:00:00+00:00,BTC,26711.08,26873.05,26649.36,26723.85,690.6349
2024-06-02 08:00:00+00:00,BTC,26723.85,26842.26,26550.26,26622.51,841.6202
2024-06-02 09:00:00+00:00,BTC,26622.51,26805.14,26562.06,26712.36,990.851
2024-06-02 10:00:00+00:00,BTC,26712.36,26785.51,26570.11,26734.29,601.2353
2024-06-02 11:00:00+00:00,BTC,26734.29,26738.11,26485.77,26662.48,545.9936
2024-06-02 12:00:00+00:00,BTC,26662.48,26723.46,26351.68,26495.0,585.0699
2024-06-02 13:00:00+00:00,BTC,26495.0,26594.99,26359.49,26537.6,981.9984
2024-06-02 14:00:00+00:00,BTC,26537.6,26803.07,26339.87,26345.21,599.9377
2024-06-02 15:00:00+00:00,BTC,26345.21,26507.87,26331.48,26412.87,515.4959
2024-06-02 16:00:00+00:00,BTC,26412.87,27352.6,26328.19,26832.4,454.0701
2024-06-02 17:00:00+00:00,BTC,26832.4,27253.88,26512.43,27050.66,472.8042
2024-06-02 18:00:00+00:00,BTC,27050.66,27270.69,27010.67,27167.5,572.4056
2024-06-02 19:00:00+00:00,BTC,27167.5,27384.65,27084.7,27153.55,384.3696
2024-06-02 20:00:00+00:00,BTC,27153.55,27282.8,26814.89,26839.51,401.5591
2024-06-02 21:00:00+00:00,BTC,26839.51,26905.86,26524.72,26627.42,488.9551
2024-06-02 22:00:00+00:00,BTC,26627.42,27151.48,26370.77,26833.15,426.8522
2024-06-02 23:00:00+00:00,BTC,26833.15,27072.67,26683.6,26706.31,616.0812
2024-06-03 00:00:00+00:00,BTC,26706.31,26768.65,26502.96,26594.49,633.0071
2024-06-03 01:00:00+00:00,BTC,26594.49,26621.47,26567.58,26568.07,548.1166
2024-06-03 02:00:00+00:00,BTC,26568.07,26653.13,26389.05,26399.31,593.52
2024-06-03 03:00:00+00:00,BTC,26399.31,26532.44,26095.64,26205.71,521.0082
2024-06-03 04:00:00+00:00,BTC,26205.71,26318.18,26165.67,26197.78,132.5975
2024-06-03 05:00:00+00:00,BTC,26197.78,26246.48,26039.94,26058.01,367.9897
2024-06-03 06:00:00+00:00,BTC,26058.01,26178.27,25854.54,25942.41,640.4549
2024-06-03 07:00:00+00:00,BTC,25942.41,25996.79,25786.77,25821.1,372.7926
2024-06-03 08:00:00+00:00,BTC,25821.1,26192.0,25754.93,25902.16,674.5216
2024-06-03 09:00:00+00:00,BTC,25902.16,25985.5,25645.56,25866.11,687.9238
2024-06-03 10:00:00+00:00,BTC,25866.11,26194.54,25729.44,25838.41,455.632
2024-06-03 11:00:00+00:00,BTC,25838.41,25963.23,25789.25,25931.12,406.6357
2024-06-03 12:00:00+00:00,BTC,25931.12,26016.88,25702.53,25909.03,501.6813
2024-06-03 13:00:00+00:00,BTC,25909.03,26061.94,25648.74,25865.81,492.357
2024-06-03 14:00:00+00:00,BTC,25865.81,26058.71,25816.91,25938.92,622.6965
2024-06-03 15:00:00+00:00,BTC,25938.92,26123.64,25927.01,26043.13,220.3505
2024-06-03 16:00:00+00:00,BTC,26043.13,26077.79,25782.05,26020.16,386.7134
2024-06-03 17:00:00+00:00,BTC,26020.16,26313.8,25588.81,26032.74,350.8186
2024-06-03 18:00:00+00:00,BTC,26032.74,26049.19,25599.19,25910.92,207.1001
2024-06-03 19:00:00+00:00,BTC,25910.92,26521.57,25473.37,25777.45,420.4911
2024-06-03 20:00:00+00:00,BTC,25777.45,25992.19,25732.28,25896.69,295.8193
2024-06-03 21:00:00+00:00,BTC,25896.69,26064.78,25487.51,25965.92,436.5873
2024-06-03 22:00:00+00:00,BTC,25965.92,26068.3,25733.72,26036.95,421.501
2024-06-03 23:00:00+00:00,BTC,26036.95,26123.6,25971.7,26080.86,585.9831
2024-06-04 00:00:00+00:00,BTC,26080.86,26239.13,25830.92,26088.09,458.0828
2024-06-04 01:00:00+00:00,BTC,26088.09,26211.91,26005.9,26197.33,276.6065
2024-06-04 02:00:00+00:00,BTC,26197.33,26461.94,26080.76,26344.72,564.4753
2024-06-04 03:00:00+00:00,BTC,26344.72,26537.62,26117.9,26489.16,1166.2741
2024-06-04 04:00:00+00:00,BTC,26489.16,26571.07,26417.21,26473.14,728.426
2024-06-04 05:00:00+00:00,BTC,26473.14,26825.15,26127.05,26694.37,634.185
2024-06-04 06:00:00+00:00,BTC,26694.37,26846.79,26525.21,26730.99,466.9391
2024-06-04 07:00:00+00:00,BTC,26730.99,26956.47,26632.71,26832.6,421.0665
2024-06-04 08:00:00+00:00,BTC,26832.6,26892.28,26599.49,26878.06,410.9653
2024-06-04 09:00:00+00:00,BTC,26878.06,26983.5,26802.11,26917.92,543.9367
2024-06-04 10:00:00+00:00,BTC,26917.92,26988.26,26702.57,26799.35,335.9731
2024-06-04 11:00:00+00:00,BTC,26799.35,27050.19,26763.08,26912.37,540.0869
2024-06-04 12:00:00+00:00,BTC,26912.37,27425.4,26775.63,27375.75,396.3653
2024-06-04 13:00:00+00:00,BTC,27375.75,27393.08,27174.93,27314.26,274.3881
2024-06-04 14:00:00+00:00,BTC,27314.26,27380.58,27245.9,27325.9,394.4128
2024-06-04 15:00:00+00:00,BTC,27325.9,27466.74,27184.85,27252.84,774.7398
2024-06-04 16:00:00+00:00,BTC,27252.84,27277.17,27093.72,27173.15,524.8122
2024-06-04 17:00:00+00:00,BTC,27173.15,27621.08,26943.89,27426.13,144.2043
2024-06-04 18:00:00+00:00,BTC,27426.13,27647.59,27263.79,27315.61,394.9813
2024-06-04 19:00:00+00:00,BTC,27315.61,27333.29,27166.16,27238.02,685.9119
2024-06-04 20:00:00+00:00,BTC,27238.02,27365.03,26948.74,26979.81,450.4197
2024-06-04 21:00:00+00:00,BTC,26979.81,27058.1,26779.73,26857.45,600.604
2024-06-04 22:00:00+00:00,BTC,26857.45,27133.49,26371.19,26583.56,435.3957
2024-06-04 23:00:00+00:00,BTC,26583.56,26945.3,26430.3,26684.52,533.2484
2024-06-05 00:00:00+00:00,BTC,26684.52,27276.38,26631.2,27136.56,506.215
2024-06-05 01:00:00+00:00,BTC,27136.56,27245.79,27059.42,27076.92,398.8349
2024-06-05 02:00:00+00:00,BTC,27076.92,27259.29,26700.12,26807.49,610.7126
2024-06-05 03:00:00+00:00,BTC,26807.49,26984.39,26673.37,26952.64,854.6113
2024-06-05 04:00:00+00:00,BTC,26952.64,27185.3,26655.8,26835.34,572.0541
2024-06-05 05:00:00+00:00,BTC,26835.34,27191.0,26642.54,27045.37,518.5282
2024-06-05 06:00:00+00:00,BTC,27045.37,27273.4,26953.78,26999.64,372.2243
2024-06-05 07:00:00+00:00,BTC,26999.64,27267.89,26668.41,26897.48,694.3543
2024-06-05 08:00:00+00:00,BTC,26897.48,27212.57,26577.51,26868.78,418.1079
2024-06-05 09:00:00+00:00,BTC,26868.78,27412.95,26685.2,26991.22,608.4097
2024-06-05 10:00:00+00:00,BTC,26991.22,27435.83,26867.65,26954.42,652.7554
2024-06-05 11:00:00+00:00,BTC,26954.42,27005.18,26667.67,26874.2,706.4383
2024-06-05 12:00:00+00:00,BTC,26874.2,26923.59,26739.79,26842.16,711.0569
2024-06-05 13:00:00+00:00,BTC,26842.16,26889.25,26621.81,26638.1,702.1125
2024-06-05 14:00:00+00:00,BTC,26638.1,26865.76,26610.07,26701.64,322.1219
2024-06-05 15:00:00+00:00,BTC,26701.64,26817.52,26302.65,26416.91,370.1584
2024-06-05 16:00:00+00:00,BTC,26416.91,26594.6,26229.59,26346.61,309.2784
2024-06-05 17:00:00+00:00,BTC,26346.61,26528.82,26273.92,26466.93,302.0737
2024-06-05 18:00:00+00:00,BTC,26466.93,26635.24,26280.99,26515.1,852.7502
2024-06-05 19:00:00+00:00,BTC,26515.1,26852.26,26365.3,26609.18,354.0836
2024-06-05 20:00:00+00:00,BTC,26609.18,26720.04,26562.38,26598.8,337.0809
2024-06-05 21:00:00+00:00,BTC,26598.8,26801.73,26546.59,26786.14,490.3179
2024-06-05 22:00:00+00:00,BTC,26786.14,27035.84,26631.82,26935.16,385.1052
2024-06-05 23:00:00+00:00,BTC,26935.16,27240.88,26911.36,27007.36,1103.5356
2024-06-06 00:00:00+00:00,BTC,27007.36,27195.95,26774.33,27158.09,454.3689
2024-06-06 01:00:00+00:00,BTC,27158.09,27324.67,27080.05,27280.64,584.3025
2024-06-06 02:00:00+00:00,BTC,27280.64,27486.51,27049.58,27208.8,380.4836
2024-06-06 03:00:00+00:00,BTC,27208.8,27371.41,26978.65,26990.29,279.4702
2024-06-06 04:00:00+00:00,BTC,26990.29,27234.72,26758.02,27058.45,387.439
2024-06-06 05:00:00+00:00,BTC,27058.45,27530.86,27043.69,27147.25,388.8976
2024-06-06 06:00:00+00:00,BTC,27147.25,27578.28,27009.34,27325.46,387.9452
2024-06-06 07:00:00+00:00,BTC,27325.46,27451.53,27030.17,27172.37,285.5988
2024-06-06 08:00:00+00:00,BTC,27172.37,27278.46,27022.65,27025.0,524.389
2024-06-06 09:00:00+00:00,BTC,27025.0,27107.77,26887.98,27099.67,444.402
2024-06-06 10:00:00+00:00,BTC,27099.67,27108.88,27072.07,27088.1,291.4701
2024-06-06 11:00:00+00:00,BTC,27088.1,27114.22,26716.71,26783.34,518.9479
2024-06-06 12:00:00+00:00,BTC,26783.34,26965.13,26713.58,26843.69,652.8775
2024-06-06 13:00:00+00:00,BTC,26843.69,26938.51,26519.09,26546.98,760.3765
2024-06-06 14:00:00+00:00,BTC,26546.98,26574.74,26257.0,26396.85,214.3278
2024-06-06 15:00:00+00:00,BTC,26396.85,26899.33,26206.51,26611.8,387.1426
2024-06-06 16:00:00+00:00,BTC,26611.8,27057.88,26463.73,26904.78,309.4623
2024-06-06 17:00:00+00:00,BTC,26904.78,27079.84,26675.07,26709.25,397.9386
2024-06-06 18:00:00+00:00,BTC,26709.25,26821.57,26492.38,26656.52,812.8947
2024-06-06 19:00:00+00:00,BTC,26656.52,26740.11,26545.37,26663.34,387.6417
2024-06-06 20:00:00+00:00,BTC,26663.34,27075.33,26639.68,26949.82,423.4112
2024-06-06 21:00:00+00:00,BTC,26949.82,27132.26,26787.13,26870.25,374.0662
2024-06-06 22:00:00+00:00,BTC,26870.25,26895.18,26792.47,26793.47,883.3173
2024-06-06 23:00:00+00:00,BTC,26793.47,27076.66,26667.24,27043.61,223.5623
2024-06-07 00:00:00+00:00,BTC,27043.61,27045.42,26893.63,26982.86,411.5291
2024-06-07 01:00:00+00:00,BTC,26982.86,27416.49,26521.96,27100.04,369.3136
2024-06-07 02:00:00+00:00,BTC,27100.04,27235.41,26792.68,26860.91,273.7453
2024-06-07 03:00:00+00:00,BTC,26860.91,27172.33,26437.71,26833.33,735.3779
2024-06-07 04:00:00+00:00,BTC,26833.33,27001.65,26508.08,26567.46,266.0068
2024-06-07 05:00:00+00:00,BTC,26567.46,26571.06,26282.9,26399.75,425.7285
2024-06-07 06:00:00+00:00,BTC,26399.75,26764.42,26352.3,26533.02,486.41
2024-06-07 07:00:00+00:00,BTC,26533.02,26604.58,26505.21,26525.07,384.4392
2024-06-07 08:00:00+00:00,BTC,26525.07,26554.06,26418.65,26474.34,272.4938
2024-06-07 09:00:00+00:00,BTC,26474.34,26568.22,26338.47,26355.67,471.4048
2024-06-07 10:00:00+00:00,BTC,26355.67,26535.0,26278.81,26320.8,382.974
2024-06-07 11:00:00+00:00,BTC,26320.8,26462.92,26167.66,26368.39,663.5705
2024-06-07 12:00:00+00:00,BTC,26368.39,26535.1,25907.16,26524.36,598.9913
2024-06-07 13:00:00+00:00,BTC,26524.36,26628.72,25909.34,26109.85,987.4294
2024-06-07 14:00:00+00:00,BTC,26109.85,26229.98,25885.78,25979.87,519.621
2024-06-07 15:00:00+00:00,BTC,25979.87,26169.13,25641.18,26004.68,614.5228
2024-06-07 16:00:00+00:00,BTC,26004.68,26163.83,25888.02,25989.26,440.9718
2024-06-07 17:00:00+00:00,BTC,25989.26,26156.56,25928.0,26052.24,910.2446
2024-06-07 18:00:00+00:00,BTC,26052.24,26498.54,25869.2,26094.09,501.8003
2024-06-07 19:00:00+00:00,BTC,26094.09,26184.51,26035.76,26046.41,482.3713
2024-06-07 20:00:00+00:00,BTC,26046.41,26125.37,25944.11,25964.2,604.1426
2024-06-07 21:00:00+00:00,BTC,25964.2,25965.74,25878.21,25925.98,398.9645
2024-06-07 22:00:00+00:00,BTC,25925.98,26212.88,25715.87,26105.29,419.7848
2024-06-07 23:00:00+00:00,BTC,26105.29,26111.49,25891.85,25990.89,603.9906
2024-06-08 00:00:00+00:00,BTC,25990.89,25993.35,25848.2,25981.1,646.0584
2024-06-08 01:00:00+00:00,BTC,25981.1,26125.3,25756.0,26009.69,616.2059
2024-06-08 02:00:00+00:00,BTC,26009.69,26489.21,25775.81,26254.34,486.1631
2024-06-08 03:00:00+00:00,BTC,26254.34,26265.93,26131.24,26207.08,549.6368
2024-06-08 04:00:00+00:00,BTC,26207.08,26373.69,26114.31,26358.28,699.773
2024-06-08 05:00:00+00:00,BTC,26358.28,26822.64,26265.88,26553.84,340.9435
2024-06-08 06:00:00+00:00,BTC,26553.84,26795.22,26445.34,26543.68,500.2438
2024-06-08 07:00:00+00:00,BTC,26543.68,26613.89,26496.44,26510.14,180.4796
2024-06-08 08:00:00+00:00,BTC,26510.14,26511.06,26420.57,26457.85,647.8703
2024-06-08 09:00:00+00:00,BTC,26457.85,26459.7,26237.68,26417.27,380.1985
2024-06-08 10:00:00+00:00,BTC,26417.27,26662.73,26295.0,26553.02,383.7486
2024-06-08 11:00:00+00:00,BTC,26553.02,26667.29,26544.12,26589.85,479.1163
2024-06-08 12:00:00+00:00,BTC,26589.85,26673.84,26391.14,26627.42,620.9774
2024-06-08 13:00:00+00:00,BTC,26627.42,26670.6,26256.14,26448.25,1154.8783
2024-06-08 14:00:00+00:00,BTC,26448.25,26619.43,26232.45,26295.17,290.338
2024-06-08 15:00:00+00:00,BTC,26295.17,26901.08,26174.12,26635.52,371.3998
2024-06-08 16:00:00+00:00,BTC,26635.52,26771.24,26492.22,26607.12,541.6652
2024-06-08 17:00:00+00:00,BTC,26607.12,26624.62,26343.58,26483.72,387.7087
2024-06-08 18:00:00+00:00,BTC,26483.72,26803.65,26255.33,26712.1,669.9389
2024-06-08 19:00:00+00:00,BTC,26712.1,26889.95,26676.24,26757.31,471.4814
2024-06-08 20:00:00+00:00,BTC,26757.31,26982.65,26707.49,26850.29,681.6162
2024-06-08 21:00:00+00:00,BTC,26850.29,27009.15,26446.08,26828.06,458.3515
2024-06-08 22:00:00+00:00,BTC,26828.06,27099.67,26601.84,26776.81,605.0539
2024-06-08 23:00:00+00:00,BTC,26776.81,26795.87,26746.25,26749.58,357.6707
2024-06-09 00:00:00+00:00,BTC,26749.58,26797.28,26472.8,26528.57,985.063
2024-06-09 01:00:00+00:00,BTC,26528.57,26534.78,26507.3,26514.58,275.8142
2024-06-09 02:00:00+00:00,BTC,26514.58,26729.29,26396.35,26561.72,390.2902
2024-06-09 03:00:00+00:00,BTC,26561.72,26952.72,26378.63,26858.27,304.1356
2024-06-09 04:00:00+00:00,BTC,26858.27,27153.48,26616.25,26872.13,661.634
2024-06-09 05:00:00+00:00,BTC,26872.13,27055.3,26252.21,26498.41,603.9382
2024-06-09 06:00:00+00:00,BTC,26498.41,26537.63,26441.09,26483.47,326.4387
2024-06-09 07:00:00+00:00,BTC,26483.47,27107.68,26307.91,26922.38,708.8174
2024-06-09 08:00:00+00:00,BTC,26922.38,27099.63,26917.07,27062.69,391.552
2024-06-09 09:00:00+00:00,BTC,27062.69,27229.83,26810.53,26931.34,572.5898
2024-06-09 10:00:00+00:00,BTC,26931.34,27099.52,26643.47,27027.02,621.635
2024-06-09 11:00:00+00:00,BTC,27027.02,27053.36,26868.76,26906.96,458.9326
2024-06-09 12:00:00+00:00,BTC,26906.96,27066.04,26460.55,26689.29,687.4965
2024-06-09 13:00:00+00:00,BTC,26689.29,26706.82,26594.95,26633.56,475.4065
2024-06-09 14:00:00+00:00,BTC,26633.56,26648.69,26396.19,26648.19,562.9358
2024-06-09 15:00:00+00:00,BTC,26648.19,26714.43,26333.86,26350.53,454.2576
2024-06-09 16:00:00+00:00,BTC,26350.53,26425.14,26119.83,26169.47,260.0126
2024-06-09 17:00:00+00:00,BTC,26169.47,26248.1,26085.11,26171.09,478.8421
2024-06-09 18:00:00+00:00,BTC,26171.09,26216.29,25987.31,26107.07,368.2732
2024-06-09 19:00:00+00:00,BTC,26107.07,26427.37,26105.11,26168.99,813.9527
2024-06-09 20:00:00+00:00,BTC,26168.99,26253.97,25859.12,25978.97,310.178
2024-06-09 21:00:00+00:00,BTC,25978.97,26303.03,25820.62,26090.52,767.6736
2024-06-09 22:00:00+00:00,BTC,26090.52,26178.3,25761.13,25905.86,469.6736
2024-06-09 23:00:00+00:00,BTC,25905.86,26232.47,25714.32,26162.46,576.3867
2024-06-10 00:00:00+00:00,BTC,26162.46,26259.97,25889.27,25894.52,308.4739
2024-06-10 01:00:00+00:00,BTC,25894.52,26091.61,25596.6,25725.32,448.7794
2024-06-10 02:00:00+00:00,BTC,25725.32,25905.34,25697.54,25789.83,396.2286
2024-06-10 03:00:00+00:00,BTC,25789.83,26243.74,25776.99,26048.64,1043.925
2024-06-10 04:00:00+00:00,BTC,26048.64,26184.24,25897.22,26097.92,392.8144
2024-06-10 05:00:00+00:00,BTC,26097.92,26218.53,25964.25,26186.21,748.6637
2024-06-10 06:00:00+00:00,BTC,26186.21,26211.9,25992.69,26188.96,752.3381
2024-06-10 07:00:00+00:00,BTC,26188.96,26429.97,25990.54,26028.18,744.9773
2024-06-10 08:00:00+00:00,BTC,26028.18,26203.32,25783.74,25951.75,406.1618
2024-06-10 09:00:00+00:00,BTC,25951.75,26001.55,25707.21,25763.72,940.4155
2024-06-10 10:00:00+00:00,BTC,25763.72,25943.62,25469.1,25566.81,1011.1783
2024-06-10 11:00:00+00:00,BTC,25566.81,25662.82,25399.24,25628.52,568.5554
2024-06-10 12:00:00+00:00,BTC,25628.52,25770.93,25264.71,25456.39,424.8425
2024-06-10 13:00:00+00:00,BTC,25456.39,25580.32,25403.42,25505.24,369.9551
2024-06-10 14:00:00+00:00,BTC,25505.24,25513.88,25264.95,25306.8,589.7648
2024-06-10 15:00:00+00:00,BTC,25306.8,25517.39,25184.37,25351.84,511.4879
2024-06-10 16:00:00+00:00,BTC,25351.84,25383.59,25158.21,25277.61,533.0197
2024-06-10 17:00:00+00:00,BTC,25277.61,25586.55,25244.85,25491.85,311.9536
2024-06-10 18:00:00+00:00,BTC,25491.85,25682.99,25475.32,25541.41,505.7997
2024-06-10 19:00:00+00:00,BTC,25541.41,25844.3,25451.95,25731.5,746.1712
2024-06-10 20:00:00+00:00,BTC,25731.5,25996.6,25530.24,25615.1,665.0902
2024-06-10 21:00:00+00:00,BTC,25615.1,25680.66,25553.62,25623.73,432.5359
2024-06-10 22:00:00+00:00,BTC,25623.73,25642.92,25308.57,25473.34,481.2772
2024-06-10 23:00:00+00:00,BTC,25473.34,25481.55,25396.9,25410.2,299.074
2024-06-11 00:00:00+00:00,BTC,25410.2,25437.27,25168.97,25370.27,396.1409
2024-06-11 01:00:00+00:00,BTC,25370.27,25414.93,25248.35,25260.02,443.8995
2024-06-11 02:00:00+00:00,BTC,25260.02,25318.16,24898.99,25076.47,624.0939
2024-06-11 03:00:00+00:00,BTC,25076.47,25130.29,24720.32,24864.69,390.4837
2024-06-11 04:00:00+00:00,BTC,24864.69,24970.24,24370.11,24518.07,347.9342
2024-06-11 05:00:00+00:00,BTC,24518.07,24525.03,24300.17,24363.16,651.8378
2024-06-11 06:00:00+00:00,BTC,24363.16,24485.42,24357.51,24455.06,431.2536
2024-06-11 07:00:00+00:00,BTC,24455.06,24657.93,24187.92,24221.63,372.7759
2024-06-11 08:00:00+00:00,BTC,24221.63,24278.54,23954.56,24023.62,664.4451
2024-06-11 09:00:00+00:00,BTC,24023.62,24316.49,23966.34,24283.15,587.0923
2024-06-11 10:00:00+00:00,BTC,24283.15,24360.91,24096.95,24190.59,464.9794
2024-06-11 11:00:00+00:00,BTC,24190.59,24481.26,23748.27,24237.24,442.1547
2024-06-11 12:00:00+00:00,BTC,24237.24,24482.23,24186.83,24330.83,571.0307
2024-06-11 13:00:00+00:00,BTC,24330.83,24701.43,24113.36,24427.74,603.7595
2024-06-11 14:00:00+00:00,BTC,24427.74,24448.64,24083.47,24205.63,537.9293
2024-06-11 15:00:00+00:00,BTC,24205.63,24618.49,23891.6,24172.1,521.564
2024-06-11 16:00:00+00:00,BTC,24172.1,24204.43,23905.11,23938.54,404.3535
2024-06-11 17:00:00+00:00,BTC,23938.54,24529.67,23928.46,24292.5,412.9236
2024-06-11 18:00:00+00:00,BTC,24292.5,24323.89,23772.06,24061.14,470.817
2024-06-11 19:00:00+00:00,BTC,24061.14,24241.92,23760.24,23910.35,357.1739
2024-06-11 20:00:00+00:00,BTC,23910.35,23921.43,23581.44,23761.52,342.8493
2024-06-11 21:00:00+00:00,BTC,23761.52,23771.78,23346.72,23549.1,484.5408
2024-06-11 22:00:00+00:00,BTC,23549.1,23870.73,23338.83,23740.99,706.9176
2024-06-11 23:00:00+00:00,BTC,23740.99,24150.73,23503.58,24088.58,242.0367
2024-06-12 00:00:00+00:00,BTC,24088.58,24119.3,23928.05,24019.92,435.9836
2024-06-12 01:00:00+00:00,BTC,24019.92,24142.03,23793.44,23830.37,550.0392
2024-06-12 02:00:00+00:00,BTC,23830.37,24165.67,23256.96,23512.67,727.719
2024-06-12 03:00:00+00:00,BTC,23512.67,23703.67,23439.38,23478.26,938.7718
2024-06-12 04:00:00+00:00,BTC,23478.26,23502.96,23298.19,23433.73,456.8546
2024-06-12 05:00:00+00:00,BTC,23433.73,23506.51,23155.35,23342.34,997.2398
2024-06-12 06:00:00+00:00,BTC,23342.34,23375.47,23297.34,23373.36,586.4317
2024-06-12 07:00:00+00:00,BTC,23373.36,23635.15,23368.62,23428.85,664.8677
2024-06-12 08:00:00+00:00,BTC,23428.85,23620.96,23266.0,23474.31,344.3733
2024-06-12 09:00:00+00:00,BTC,23474.31,23570.0,23374.98,23429.82,585.9874
2024-06-12 10:00:00+00:00,BTC,23429.82,23571.01,22928.9,23275.47,685.2646
2024-06-12 11:00:00+00:00,BTC,23275.47,23645.74,23174.8,23368.64,392.8132
2024-06-12 12:00:00+00:00,BTC,23368.64,23410.27,23261.02,23370.4,200.8674
2024-06-12 13:00:00+00:00,BTC,23370.4,23625.84,23127.6,23495.3,526.7682
2024-06-12 14:00:00+00:00,BTC,23495.3,23704.98,23435.16,23606.94,463.7664
2024-06-12 15:00:00+00:00,BTC,23606.94,23636.03,23287.61,23406.42,800.388
2024-06-12 16:00:00+00:00,BTC,23406.42,23452.46,23116.22,23205.86,414.1379
2024-06-12 17:00:00+00:00,BTC,23205.86,23210.76,23061.66,23100.9,390.6667
2024-06-12 18:00:00+00:00,BTC,23100.9,23231.86,22726.61,22954.96,331.826
2024-06-12 19:00:00+00:00,BTC,22954.96,23206.84,22757.88,23059.22,401.047
2024-06-12 20:00:00+00:00,BTC,23059.22,23156.58,22637.67,23107.87,1271.6139
2024-06-12 21:00:00+00:00,BTC,23107.87,23411.02,22975.36,23260.77,286.9421
2024-06-12 22:00:00+00:00,BTC,23260.77,23391.48,23250.3,23316.18,313.3298
2024-06-12 23:00:00+00:00,BTC,23316.18,23385.69,23206.75,23345.38,490.5868
2024-06-13 00:00:00+00:00,BTC,23345.38,23711.36,23323.97,23514.04,997.9528
2024-06-13 01:00:00+00:00,BTC,23514.04,23660.73,23364.48,23580.4,648.1674
2024-06-13 02:00:00+00:00,BTC,23580.4,23601.78,23578.53,23590.04,860.8525
2024-06-13 03:00:00+00:00,BTC,23590.04,23854.67,23556.24,23800.52,436.9592
2024-06-13 04:00:00+00:00,BTC,23800.52,23881.22,23735.52,23816.97,307.3759
2024-06-13 05:00:00+00:00,BTC,23816.97,23907.0,23479.44,23773.52,427.2557
2024-06-13 06:00:00+00:00,BTC,23773.52,24160.53,23558.07,23654.31,478.6463
2024-06-13 07:00:00+00:00,BTC,23654.31,23902.2,23485.76,23754.3,501.9212
2024-06-13 08:00:00+00:00,BTC,23754.3,24135.49,23684.44,23931.27,463.9205
2024-06-13 09:00:00+00:00,BTC,23931.27,23976.85,23848.36,23924.01,614.8419
2024-06-13 10:00:00+00:00,BTC,23924.01,24164.99,23677.91,24112.49,389.7234
2024-06-13 11:00:00+00:00,BTC,24112.49,24188.71,23734.55,23829.15,361.4424
2024-06-13 12:00:00+00:00,BTC,23829.15,23973.97,23473.9,23821.23,327.9927
2024-06-13 13:00:00+00:00,BTC,23821.23,23898.54,23789.95,23815.5,537.1983
2024-06-13 14:00:00+00:00,BTC,23815.5,24046.83,23634.0,23711.84,518.8532
2024-06-13 15:00:00+00:00,BTC,23711.84,24131.25,23552.1,24053.43,732.6045
2024-06-13 16:00:00+00:00,BTC,24053.43,24130.67,23891.44,24043.88,859.2455
2024-06-13 17:00:00+00:00,BTC,24043.88,24101.42,23903.39,23985.13,327.6765
2024-06-13 18:00:00+00:00,BTC,23985.13,24113.33,23906.91,23988.87,504.1333
2024-06-13 19:00:00+00:00,BTC,23988.87,24140.88,23653.81,23702.32,465.3237
2024-06-13 20:00:00+00:00,BTC,23702.32,23764.1,23414.42,23594.5,291.9997
2024-06-13 21:00:00+00:00,BTC,23594.5,24020.61,23502.95,23734.11,415.6108
2024-06-13 22:00:00+00:00,BTC,23734.11,23738.46,23496.24,23644.71,865.1684
2024-06-13 23:00:00+00:00,BTC,23644.71,23779.83,23481.86,23527.42,400.6796
2024-06-14 00:00:00+00:00,BTC,23527.42,23955.84,23274.4,23713.0,378.026
2024-06-14 01:00:00+00:00,BTC,23713.0,24173.6,23673.9,23904.46,490.9733
2024-06-14 02:00:00+00:00,BTC,23904.46,23987.13,23820.16,23978.72,687.9388
2024-06-14 03:00:00+00:00,BTC,23978.72,24075.5,23822.2,23913.34,449.426
2024-06-14 04:00:00+00:00,BTC,23913.34,23981.91,23526.6,23879.0,522.852
2024-06-14 05:00:00+00:00,BTC,23879.0,23950.69,23565.26,23764.06,224.7522
2024-06-14 06:00:00+00:00,BTC,23764.06,23778.56,23507.64,23622.65,610.8933
2024-06-14 07:00:00+00:00,BTC,23622.65,23873.09,23409.6,23475.08,540.235
2024-06-14 08:00:00+00:00,BTC,23475.08,23584.09,23213.24,23388.19,681.4659
2024-06-14 09:00:00+00:00,BTC,23388.19,23539.44,23019.45,23243.44,260.067
2024-06-14 10:00:00+00:00,BTC,23243.44,23262.44,22971.98,23026.38,449.7712
2024-06-14 11:00:00+00:00,BTC,23026.38,23233.71,22914.76,23056.71,700.6943
2024-06-14 12:00:00+00:00,BTC,23056.71,23157.32,22970.3,23089.19,411.447
2024-06-14 13:00:00+00:00,BTC,23089.19,23333.78,22908.23,23326.01,509.0146
2024-06-14 14:00:00+00:00,BTC,23326.01,23450.1,23072.41,23232.66,433.2172
2024-06-14 15:00:00+00:00,BTC,23232.66,23320.02,23216.38,23273.98,436.9483
2024-06-14 16:00:00+00:00,BTC,23273.98,23413.81,23186.11,23317.69,752.2772
2024-06-14 17:00:00+00:00,BTC,23317.69,23410.56,23238.81,23282.2,303.8155
2024-06-14 18:00:00+00:00,BTC,23282.2,23435.44,23269.91,23386.41,491.2787
2024-06-14 19:00:00+00:00,BTC,23386.41,23770.37,23378.63,23495.44,546.0577
2024-06-14 20:00:00+00:00,BTC,23495.44,23744.09,23342.05,23541.64,694.3272
2024-06-14 21:00:00+00:00,BTC,23541.64,23678.39,23467.51,23505.56,479.107
2024-06-14 22:00:00+00:00,BTC,23505.56,23519.11,23316.46,23455.19,701.8476
2024-06-14 23:00:00+00:00,BTC,23455.19,23528.89,23253.4,23263.49,490.5304
2024-06-15 00:00:00+00:00,BTC,23263.49,23317.92,23128.7,23151.28,521.3638
2024-06-15 01:00:00+00:00,BTC,23151.28,23394.47,23043.18,23065.03,514.4388
2024-06-15 02:00:00+00:00,BTC,23065.03,23167.27,22831.31,22910.01,628.8893
2024-06-15 03:00:00+00:00,BTC,22910.01,23016.56,22795.18,22970.56,604.3867
2024-06-15 04:00:00+00:00,BTC,22970.56,23217.93,22617.0,23136.08,338.6738
2024-06-15 05:00:00+00:00,BTC,23136.08,23310.62,22929.2,23010.37,539.4584
2024-06-15 06:00:00+00:00,BTC,23010.37,23104.53,22971.31,23049.53,604.1604
2024-06-15 07:00:00+00:00,BTC,23049.53,23337.35,22866.33,22906.96,833.9838
2024-06-15 08:00:00+00:00,BTC,22906.96,22992.9,22841.99,22865.09,351.2781
2024-06-15 09:00:00+00:00,BTC,22865.09,23019.16,22551.0,22770.58,603.6922
2024-06-15 10:00:00+00:00,BTC,22770.58,22861.91,22639.61,22852.96,442.6806
2024-06-15 11:00:00+00:00,BTC,22852.96,22867.88,22758.98,22760.08,534.728
2024-06-15 12:00:00+00:00,BTC,22760.08,23121.46,22459.39,22898.65,343.3959
2024-06-15 13:00:00+00:00,BTC,22898.65,22942.83,22804.02,22864.92,497.6635
2024-06-15 14:00:00+00:00,BTC,22864.92,22934.22,22701.35,22775.97,559.0462
2024-06-15 15:00:00+00:00,BTC,22775.97,22838.72,22553.73,22605.34,356.0474
2024-06-15 16:00:00+00:00,BTC,22605.34,22836.5,22501.49,22639.71,830.2065
2024-06-15 17:00:00+00:00,BTC,22639.71,22877.09,22472.41,22761.64,291.2349
2024-06-15 18:00:00+00:00,BTC,22761.64,22806.07,22657.86,22799.0,603.5042
2024-06-15 19:00:00+00:00,BTC,22799.0,23237.57,22710.93,23107.33,213.7174
2024-06-15 20:00:00+00:00,BTC,23107.33,23386.57,23049.73,23306.41,457.3111
2024-06-15 21:00:00+00:00,BTC,23306.41,23364.15,23223.99,23263.45,591.3931
2024-06-15 22:00:00+00:00,BTC,23263.45,23360.51,23189.11,23219.1,641.6404
2024-06-15 23:00:00+00:00,BTC,23219.1,23284.86,23140.28,23284.62,481.8956
2024-06-16 00:00:00+00:00,BTC,23284.62,23473.79,23119.36,23167.84,459.4543
2024-06-16 01:00:00+00:00,BTC,23167.84,23357.31,22853.69,23330.53,609.8501
2024-06-16 02:00:00+00:00,BTC,23330.53,23561.42,23267.01,23381.2,697.3866
2024-06-16 03:00:00+00:00,BTC,23381.2,23793.93,22845.48,23417.21,810.3553
2024-06-16 04:00:00+00:00,BTC,23417.21,23823.69,23261.78,23513.93,318.2456
2024-06-16 05:00:00+00:00,BTC,23513.93,23822.38,23436.02,23758.25,466.0916
2024-06-16 06:00:00+00:00,BTC,23758.25,23965.56,23528.87,23782.63,232.0312
2024-06-16 07:00:00+00:00,BTC,23782.63,23820.99,23453.24,23766.51,309.8173
2024-06-16 08:00:00+00:00,BTC,23766.51,24054.62,23674.36,23982.63,390.7885
2024-06-16 09:00:00+00:00,BTC,23982.63,24188.37,23885.26,24122.26,676.7909
2024-06-16 10:00:00+00:00,BTC,24122.26,24352.99,23706.72,24075.85,422.5448
2024-06-16 11:00:00+00:00,BTC,24075.85,24484.26,23888.07,24076.6,451.9043
2024-06-16 12:00:00+00:00,BTC,24076.6,24348.29,23747.65,24104.84,555.3613
2024-06-16 13:00:00+00:00,BTC,24104.84,24187.2,23918.6,24157.22,395.4054
2024-06-16 14:00:00+00:00,BTC,24157.22,24207.32,23856.82,23961.39,248.7558
2024-06-16 15:00:00+00:00,BTC,23961.39,24018.26,23535.84,23740.65,385.1119
2024-06-16 16:00:00+00:00,BTC,23740.65,23757.28,23364.66,23614.59,479.3135
2024-06-16 17:00:00+00:00,BTC,23614.59,23623.52,23416.48,23478.29,589.0848
2024-06-16 18:00:00+00:00,BTC,23478.29,23497.66,23266.47,23387.77,465.1556
2024-06-16 19:00:00+00:00,BTC,23387.77,23543.91,23286.91,23477.01,585.6661
2024-06-16 20:00:00+00:00,BTC,23477.01,23477.21,23227.68,23453.22,691.0797
2024-06-16 21:00:00+00:00,BTC,23453.22,23489.44,23184.37,23480.88,740.1145
2024-06-16 22:00:00+00:00,BTC,23480.88,23620.19,23293.66,23309.02,531.082
2024-06-16 23:00:00+00:00,BTC,23309.02,23606.44,23222.38,23244.55,335.829
2024-06-17 00:00:00+00:00,BTC,23244.55,23426.35,23077.1,23326.6,323.388
2024-06-17 01:00:00+00:00,BTC,23326.6,23435.05,23259.53,23410.01,334.1046
2024-06-17 02:00:00+00:00,BTC,23410.01,23498.29,22994.51,23308.46,343.229
2024-06-17 03:00:00+00:00,BTC,23308.46,23512.25,22810.45,23331.08,517.7022
2024-06-17 04:00:00+00:00,BTC,23331.08,23758.28,23321.17,23640.93,967.9815
2024-06-17 05:00:00+00:00,BTC,23640.93,23669.61,23480.21,23638.43,538.4932
2024-06-17 06:00:00+00:00,BTC,23638.43,23722.74,23538.16,23540.32,485.5149
2024-06-17 07:00:00+00:00,BTC,23540.32,23722.17,23406.97,23515.79,700.1327
2024-06-17 08:00:00+00:00,BTC,23515.79,23687.3,23422.62,23528.8,374.1328
2024-06-17 09:00:00+00:00,BTC,23528.8,23617.87,23370.63,23507.47,720.0498
2024-06-17 10:00:00+00:00,BTC,23507.47,23519.92,23474.44,23503.05,701.6104
2024-06-17 11:00:00+00:00,BTC,23503.05,23586.26,23251.71,23300.37,510.4318
2024-06-17 12:00:00+00:00,BTC,23300.37,23373.75,23162.56,23166.18,1040.461
2024-06-17 13:00:00+00:00,BTC,23166.18,23412.99,23097.78,23145.44,738.7348
2024-06-17 14:00:00+00:00,BTC,23145.44,23352.14,22929.02,23122.5,508.0067
2024-06-17 15:00:00+00:00,BTC,23122.5,23185.53,22891.73,23044.08,475.4823
2024-06-17 16:00:00+00:00,BTC,23044.08,23172.15,22949.89,23019.62,429.8512
2024-06-17 17:00:00+00:00,BTC,23019.62,23227.6,22939.39,23028.05,477.6361
2024-06-17 18:00:00+00:00,BTC,23028.05,23291.11,22951.72,23151.26,482.4989
2024-06-17 19:00:00+00:00,BTC,23151.26,23175.36,22984.64,23137.49,447.1019
2024-06-17 20:00:00+00:00,BTC,23137.49,23242.49,23128.73,23192.96,463.923
2024-06-17 21:00:00+00:00,BTC,23192.96,23195.99,23059.17,23117.71,329.3877
2024-06-17 22:00:00+00:00,BTC,23117.71,23368.1,22997.92,23197.2,409.8371
2024-06-17 23:00:00+00:00,BTC,23197.2,23310.55,23073.05,23249.56,285.8787
2024-06-18 00:00:00+00:00,BTC,23249.56,23402.66,23190.17,23370.65,578.0495
2024-06-18 01:00:00+00:00,BTC,23370.65,23473.22,23208.14,23470.91,514.2084
2024-06-18 02:00:00+00:00,BTC,23470.91,23884.12,23280.78,23553.97,479.0011
2024-06-18 03:00:00+00:00,BTC,23553.97,23662.25,23515.35,23540.06,681.8365
2024-06-18 04:00:00+00:00,BTC,23540.06,23706.15,23417.78,23574.68,369.5802
2024-06-18 05:00:00+00:00,BTC,23574.68,24134.54,23442.22,23725.59,389.8718
2024-06-18 06:00:00+00:00,BTC,23725.59,23801.84,23446.1,23632.95,297.729
2024-06-18 07:00:00+00:00,BTC,23632.95,23655.35,23446.7,23544.01,715.2734
2024-06-18 08:00:00+00:00,BTC,23544.01,23680.76,23375.01,23569.65,618.0346
2024-06-18 09:00:00+00:00,BTC,23569.65,23674.84,23382.01,23628.46,796.29
2024-06-18 10:00:00+00:00,BTC,23628.46,24015.96,23499.99,23511.91,870.0127
2024-06-18 11:00:00+00:00,BTC,23511.91,23658.44,23385.15,23501.37,430.9882
2024-06-18 12:00:00+00:00,BTC,23501.37,23735.28,23177.68,23488.11,389.8282
2024-06-18 13:00:00+00:00,BTC,23488.11,23613.2,23092.3,23177.98,266.7188
2024-06-18 14:00:00+00:00,BTC,23177.98,23182.39,23113.81,23147.47,340.4651
2024-06-18 15:00:00+00:00,BTC,23147.47,23168.87,23054.19,23125.63,446.2552
2024-06-18 16:00:00+00:00,BTC,23125.63,23130.98,23069.42,23103.4,243.0523
2024-06-18 17:00:00+00:00,BTC,23103.4,23470.19,22988.63,23300.51,342.9354
2024-06-18 18:00:00+00:00,BTC,23300.51,23454.82,23083.7,23131.15,485.712
2024-06-18 19:00:00+00:00,BTC,23131.15,23135.35,22926.26,23016.99,683.5578
2024-06-18 20:00:00+00:00,BTC,23016.99,23124.61,22581.01,22659.05,389.0198
2024-06-18 21:00:00+00:00,BTC,22659.05,22803.74,22568.28,22593.76,522.9056
2024-06-18 22:00:00+00:00,BTC,22593.76,22741.49,22407.09,22540.19,959.9906
2024-06-18 23:00:00+00:00,BTC,22540.19,22751.96,22359.2,22471.33,265.7332
2024-06-19 00:00:00+00:00,BTC,22471.33,22664.68,22453.25,22621.17,731.1828
2024-06-19 01:00:00+00:00,BTC,22621.17,22962.58,22506.71,22738.28,571.2795
2024-06-19 02:00:00+00:00,BTC,22738.28,22800.29,22629.41,22748.91,778.9088
2024-06-19 03:00:00+00:00,BTC,22748.91,22801.89,22509.44,22698.38,701.3594
2024-06-19 04:00:00+00:00,BTC,22698.38,22893.52,22656.62,22838.56,396.4252
2024-06-19 05:00:00+00:00,BTC,22838.56,22926.82,22736.46,22835.86,500.3154
2024-06-19 06:00:00+00:00,BTC,22835.86,23006.85,22582.72,22724.02,299.8906
2024-06-19 07:00:00+00:00,BTC,22724.02,22745.92,22337.78,22491.22,416.3725
2024-06-19 08:00:00+00:00,BTC,22491.22,22671.33,21975.16,22431.74,505.1447
2024-06-19 09:00:00+00:00,BTC,22431.74,22667.88,22371.54,22533.54,556.053
2024-06-19 10:00:00+00:00,BTC,22533.54,23021.04,22483.62,22843.44,659.1233
2024-06-19 11:00:00+00:00,BTC,22843.44,23023.69,22842.86,22851.89,870.1212
2024-06-19 12:00:00+00:00,BTC,22851.89,22885.2,22663.45,22747.19,429.3048
2024-06-19 13:00:00+00:00,BTC,22747.19,22858.59,22574.79,22586.04,746.4115
2024-06-19 14:00:00+00:00,BTC,22586.04,22719.92,22523.94,22660.96,549.036
2024-06-19 15:00:00+00:00,BTC,22660.96,22691.75,22235.28,22422.3,316.4015
2024-06-19 16:00:00+00:00,BTC,22422.3,22658.87,22229.72,22496.46,474.3602
2024-06-19 17:00:00+00:00,BTC,22496.46,22717.35,22395.64,22607.1,520.6959
2024-06-19 18:00:00+00:00,BTC,22607.1,22783.13,22534.76,22666.36,373.0692
2024-06-19 19:00:00+00:00,BTC,22666.36,22710.88,22563.71,22636.51,347.3768
2024-06-19 20:00:00+00:00,BTC,22636.51,22910.84,22612.37,22713.37,343.3165
2024-06-19 21:00:00+00:00,BTC,22713.37,22958.86,22623.67,22736.67,413.3794
2024-06-19 22:00:00+00:00,BTC,22736.67,22749.05,22504.91,22630.77,369.4397
2024-06-19 23:00:00+00:00,BTC,22630.77,22967.48,22548.75,22883.43,769.123
2024-06-20 00:00:00+00:00,BTC,22883.43,23053.54,22745.21,22835.19,212.0281
2024-06-20 01:00:00+00:00,BTC,22835.19,23187.66,22725.48,22941.73,519.8566
2024-06-20 02:00:00+00:00,BTC,22941.73,22985.3,22494.45,22611.21,601.5551
2024-06-20 03:00:00+00:00,BTC,22611.21,22791.31,22417.66,22785.05,356.9584
2024-06-20 04:00:00+00:00,BTC,22785.05,23176.93,22613.68,22986.73,461.0186
2024-06-20 05:00:00+00:00,BTC,22986.73,23179.79,22835.16,22990.84,443.5774
2024-06-20 06:00:00+00:00,BTC,22990.84,23225.92,22875.12,23068.05,486.6406
2024-06-20 07:00:00+00:00,BTC,23068.05,23167.19,23044.85,23145.49,630.5769
2024-06-20 08:00:00+00:00,BTC,23145.49,23247.04,22785.73,23056.39,611.1189
2024-06-20 09:00:00+00:00,BTC,23056.39,23167.28,23036.1,23132.21,405.2953
2024-06-20 10:00:00+00:00,BTC,23132.21,23231.1,22956.18,23020.25,295.3172
2024-06-20 11:00:00+00:00,BTC,23020.25,23081.04,22913.94,22936.32,529.7378
2024-06-20 12:00:00+00:00,BTC,22936.32,23124.58,22928.06,23091.93,397.3321
2024-06-20 13:00:00+00:00,BTC,23091.93,23343.98,23036.34,23227.37,415.6708
2024-06-20 14:00:00+00:00,BTC,23227.37,23473.38,23121.62,23129.13,540.6728
2024-06-20 15:00:00+00:00,BTC,23129.13,23159.8,22978.25,23027.55,429.376
2024-06-20 16:00:00+00:00,BTC,23027.55,23038.07,22878.92,22938.53,556.6623
2024-06-20 17:00:00+00:00,BTC,22938.53,23228.33,22830.15,23039.58,1204.847
2024-06-20 18:00:00+00:00,BTC,23039.58,23312.81,22786.26,22901.76,635.6535
2024-06-20 19:00:00+00:00,BTC,22901.76,22993.04,22870.76,22950.83,800.5687
2024-06-20 20:00:00+00:00,BTC,22950.83,23079.5,22761.31,23053.9,597.8983
2024-06-20 21:00:00+00:00,BTC,23053.9,23065.16,22980.57,23041.7,513.6794
2024-06-20 22:00:00+00:00,BTC,23041.7,23248.19,22922.25,23181.77,601.0816
2024-06-20 23:00:00+00:00,BTC,23181.77,23313.86,23094.13,23139.48,590.9113
2024-06-21 00:00:00+00:00,BTC,23139.48,23303.67,23028.98,23109.81,676.2684
2024-06-21 01:00:00+00:00,BTC,23109.81,23392.73,22746.1,22974.7,510.4978
2024-06-21 02:00:00+00:00,BTC,22974.7,23161.77,22834.75,23115.34,316.302
2024-06-21 03:00:00+00:00,BTC,23115.34,23383.76,23009.01,23009.28,299.0942
2024-06-21 04:00:00+00:00,BTC,23009.28,23172.02,23000.52,23057.62,587.5962
2024-06-21 05:00:00+00:00,BTC,23057.62,23065.2,23035.94,23047.75,337.1203
2024-06-21 06:00:00+00:00,BTC,23047.75,23324.79,22650.09,22902.62,635.7831
2024-06-21 07:00:00+00:00,BTC,22902.62,22911.16,22737.12,22819.08,798.8211
2024-06-21 08:00:00+00:00,BTC,22819.08,23298.34,22733.98,23009.2,462.838
2024-06-21 09:00:00+00:00,BTC,23009.2,23118.95,22842.19,23037.06,764.0088
2024-06-21 10:00:00+00:00,BTC,23037.06,23051.88,22764.38,22897.99,547.431
2024-06-21 11:00:00+00:00,BTC,22897.99,22962.42,22844.76,22939.98,504.5566
2024-06-21 12:00:00+00:00,BTC,22939.98,23104.99,22411.76,22919.88,512.912
2024-06-21 13:00:00+00:00,BTC,22919.88,23474.24,22793.25,23399.83,373.8335
2024-06-21 14:00:00+00:00,BTC,23399.83,23554.55,23255.36,23439.9,357.4823
2024-06-21 15:00:00+00:00,BTC,23439.9,23532.67,23255.68,23386.43,281.2359
2024-06-21 16:00:00+00:00,BTC,23386.43,23668.74,23346.73,23586.53,386.8451
2024-06-21 17:00:00+00:00,BTC,23586.53,23908.8,23021.78,23327.42,1057.2177
2024-06-21 18:00:00+00:00,BTC,23327.42,23664.33,23269.31,23340.63,296.4653
2024-06-21 19:00:00+00:00,BTC,23340.63,23731.48,23281.45,23621.62,331.2323
2024-06-21 20:00:00+00:00,BTC,23621.62,23786.93,23480.81,23605.15,377.1533
2024-06-21 21:00:00+00:00,BTC,23605.15,23722.13,23308.86,23360.93,383.4
2024-06-21 22:00:00+00:00,BTC,23360.93,23431.12,23256.51,23305.51,549.4246
2024-06-21 23:00:00+00:00,BTC,23305.51,23575.2,23199.79,23509.79,403.6201
2024-06-22 00:00:00+00:00,BTC,23509.79,23584.17,23414.54,23562.89,466.4392
2024-06-22 01:00:00+00:00,BTC,23562.89,23660.99,23308.27,23444.6,371.4012
2024-06-22 02:00:00+00:00,BTC,23444.6,23551.79,23281.45,23348.4,423.3843
2024-06-22 03:00:00+00:00,BTC,23348.4,23547.18,23211.43,23270.13,489.6653
2024-06-22 04:00:00+00:00,BTC,23270.13,23370.8,23193.3,23320.61,476.9987
2024-06-22 05:00:00+00:00,BTC,23320.61,23656.88,23259.75,23508.61,1000.1203
2024-06-22 06:00:00+00:00,BTC,23508.61,23875.46,23227.08,23657.53,495.0916
2024-06-22 07:00:00+00:00,BTC,23657.53,23923.42,23394.63,23722.34,464.6101
2024-06-22 08:00:00+00:00,BTC,23722.34,23838.64,23487.48,23533.56,208.6526
2024-06-22 09:00:00+00:00,BTC,23533.56,23586.41,23303.26,23346.8,543.8003
2024-06-22 10:00:00+00:00,BTC,23346.8,23465.76,23298.47,23421.62,250.4673
2024-06-22 11:00:00+00:00,BTC,23421.62,23616.18,23171.54,23233.3,606.498
2024-06-22 12:00:00+00:00,BTC,23233.3,23315.05,23114.9,23201.88,525.5546
2024-06-22 13:00:00+00:00,BTC,23201.88,23312.79,23180.13,23244.26,661.0782
2024-06-22 14:00:00+00:00,BTC,23244.26,23455.48,23021.86,23086.14,400.4376
2024-06-22 15:00:00+00:00,BTC,23086.14,23147.88,22915.54,22944.7,504.7438
2024-06-22 16:00:00+00:00,BTC,22944.7,22948.56,22921.81,22931.75,633.4152
2024-06-22 17:00:00+00:00,BTC,22931.75,23003.8,22861.67,23001.15,361.1402
2024-06-22 18:00:00+00:00,BTC,23001.15,23195.12,22987.03,23148.11,619.0092
2024-06-22 19:00:00+00:00,BTC,23148.11,23267.18,23081.23,23232.58,609.1702
2024-06-22 20:00:00+00:00,BTC,23232.58,23429.36,23146.67,23242.85,476.9466
2024-06-22 21:00:00+00:00,BTC,23242.85,23343.67,23138.35,23139.02,868.7844
2024-06-22 22:00:00+00:00,BTC,23139.02,23215.6,22927.52,22990.82,598.8743
2024-06-22 23:00:00+00:00,BTC,22990.82,23299.72,22822.36,22920.45,278.2874
2024-06-23 00:00:00+00:00,BTC,22920.45,23051.66,22767.74,22976.9,706.7302
2024-06-23 01:00:00+00:00,BTC,22976.9,23306.97,22913.7,23023.35,397.1325
2024-06-23 02:00:00+00:00,BTC,23023.35,23201.2,22448.0,22735.09,661.0282
2024-06-23 03:00:00+00:00,BTC,22735.09,22743.02,22560.65,22628.17,554.4866
2024-06-23 04:00:00+00:00,BTC,22628.17,22808.01,22557.82,22792.3,198.3431
2024-06-23 05:00:00+00:00,BTC,22792.3,23090.77,22591.48,22803.13,617.8902
2024-06-23 06:00:00+00:00,BTC,22803.13,23002.18,22483.91,22610.08,462.6766
2024-06-23 07:00:00+00:00,BTC,22610.08,23099.11,22239.81,22931.94,425.7284
2024-06-23 08:00:00+00:00,BTC,22931.94,22996.33,22885.4,22927.96,431.315
2024-06-23 09:00:00+00:00,BTC,22927.96,23332.39,22845.33,22980.89,658.9948
2024-06-23 10:00:00+00:00,BTC,22980.89,23149.63,22975.28,23036.05,362.188
2024-06-23 11:00:00+00:00,BTC,23036.05,23037.52,22950.15,22985.29,738.2307
2024-06-23 12:00:00+00:00,BTC,22985.29,23072.39,22846.48,22885.17,293.7505
2024-06-23 13:00:00+00:00,BTC,22885.17,23294.11,22711.74,23178.36,554.519
2024-06-23 14:00:00+00:00,BTC,23178.36,23623.46,23119.93,23318.3,655.2142
2024-06-23 15:00:00+00:00,BTC,23318.3,23495.56,23184.58,23433.58,649.6102
2024-06-23 16:00:00+00:00,BTC,23433.58,23691.56,23282.55,23514.75,533.274
2024-06-23 17:00:00+00:00,BTC,23514.75,23576.47,23193.61,23373.62,465.0894
2024-06-23 18:00:00+00:00,BTC,23373.62,23635.94,23298.28,23553.47,412.4493
2024-06-23 19:00:00+00:00,BTC,23553.47,23695.2,23357.43,23434.62,325.9555
2024-06-23 20:00:00+00:00,BTC,23434.62,23523.91,23360.37,23474.48,393.32
2024-06-23 21:00:00+00:00,BTC,23474.48,23537.86,23036.75,23244.71,357.1392
2024-06-23 22:00:00+00:00,BTC,23244.71,23441.85,22810.6,22961.81,337.224
2024-06-23 23:00:00+00:00,BTC,22961.81,23076.01,22819.9,23005.71,940.0253
2024-06-24 00:00:00+00:00,BTC,23005.71,23056.1,22858.21,22894.29,273.9125
2024-06-24 01:00:00+00:00,BTC,22894.29,22980.78,22555.09,22622.67,741.3972
2024-06-24 02:00:00+00:00,BTC,22622.67,22770.81,22574.43,22696.17,324.353
2024-06-24 03:00:00+00:00,BTC,22696.17,23011.51,22668.02,22986.72,349.6259
2024-06-24 04:00:00+00:00,BTC,22986.72,23225.96,22968.87,23179.17,347.631
2024-06-24 05:00:00+00:00,BTC,23179.17,23300.9,22958.05,23143.42,338.9802
2024-06-24 06:00:00+00:00,BTC,23143.42,23210.49,22940.66,23144.64,690.6322
2024-06-24 07:00:00+00:00,BTC,23144.64,23328.33,23104.4,23268.25,614.3326
2024-06-24 08:00:00+00:00,BTC,23268.25,23478.62,23123.25,23425.43,460.908
2024-06-24 09:00:00+00:00,BTC,23425.43,23482.38,23150.83,23377.2,1289.7234
2024-06-24 10:00:00+00:00,BTC,23377.2,23450.42,23129.46,23381.99,497.0814
2024-06-24 11:00:00+00:00,BTC,23381.99,23500.33,23317.44,23424.21,510.5889
2024-06-24 12:00:00+00:00,BTC,23424.21,23946.73,23089.22,23502.18,393.3245
2024-06-24 13:00:00+00:00,BTC,23502.18,23542.19,23444.47,23483.42,377.2663
2024-06-24 14:00:00+00:00,BTC,23483.42,23508.83,23303.16,23466.51,414.8921
2024-06-24 15:00:00+00:00,BTC,23466.51,23739.6,23309.68,23661.59,673.6518
2024-06-24 16:00:00+00:00,BTC,23661.59,23987.76,23466.16,23833.93,610.6359
2024-06-24 17:00:00+00:00,BTC,23833.93,23984.95,23833.11,23902.3,785.4987
2024-06-24 18:00:00+00:00,BTC,23902.3,24263.7,23823.5,24150.12,389.0202
2024-06-24 19:00:00+00:00,BTC,24150.12,24288.0,23986.22,24094.19,614.5783
2024-06-24 20:00:00+00:00,BTC,24094.19,24384.0,24074.84,24329.96,556.427
2024-06-24 21:00:00+00:00,BTC,24329.96,24444.85,24227.13,24409.29,582.0631
2024-06-24 22:00:00+00:00,BTC,24409.29,24995.83,24297.58,24893.08,369.5502
2024-06-24 23:00:00+00:00,BTC,24893.08,25077.89,24572.43,24715.61,347.5997
2024-06-25 00:00:00+00:00,BTC,24715.61,24793.58,24546.53,24613.59,603.8383
2024-06-25 01:00:00+00:00,BTC,24613.59,24797.81,24526.86,24675.52,678.6479
2024-06-25 02:00:00+00:00,BTC,24675.52,24904.24,24666.78,24734.4,402.7037
2024-06-25 03:00:00+00:00,BTC,24734.4,25375.55,24681.69,25025.52,618.7928
2024-06-25 04:00:00+00:00,BTC,25025.52,25421.04,24609.33,24925.36,760.8142
2024-06-25 05:00:00+00:00,BTC,24925.36,25116.1,24387.31,25061.06,440.5301
2024-06-25 06:00:00+00:00,BTC,25061.06,25274.34,24972.72,25236.46,302.1802
2024-06-25 07:00:00+00:00,BTC,25236.46,25363.87,25183.57,25343.39,315.6965
2024-06-25 08:00:00+00:00,BTC,25343.39,25434.79,25016.08,25197.68,394.5813
2024-06-25 09:00:00+00:00,BTC,25197.68,25551.9,25147.47,25411.41,427.7347
2024-06-25 10:00:00+00:00,BTC,25411.41,25643.57,25404.81,25599.54,493.7155
2024-06-25 11:00:00+00:00,BTC,25599.54,25800.95,25505.71,25691.8,497.2395
2024-06-25 12:00:00+00:00,BTC,25691.8,25805.55,25648.16,25723.32,454.5381
2024-06-25 13:00:00+00:00,BTC,25723.32,25921.7,25699.63,25758.24,634.1848
2024-06-25 14:00:00+00:00,BTC,25758.24,25839.1,25633.6,25746.08,383.1158
2024-06-25 15:00:00+00:00,BTC,25746.08,25980.45,25480.55,25845.25,778.4028
2024-06-25 16:00:00+00:00,BTC,25845.25,26005.4,25614.99,25850.08,694.8049
2024-06-25 17:00:00+00:00,BTC,25850.08,26205.88,25508.06,25718.81,677.2162
2024-06-25 18:00:00+00:00,BTC,25718.81,25817.73,25404.96,25557.51,396.9385
2024-06-25 19:00:00+00:00,BTC,25557.51,25671.33,25363.09,25442.44,480.0354
2024-06-25 20:00:00+00:00,BTC,25442.44,25533.11,25318.61,25476.38,643.9386
2024-06-25 21:00:00+00:00,BTC,25476.38,25524.07,25331.2,25472.26,466.2109
2024-06-25 22:00:00+00:00,BTC,25472.26,25576.46,25435.21,25505.19,391.4687
2024-06-25 23:00:00+00:00,BTC,25505.19,25695.08,25191.62,25581.94,386.0111
2024-06-26 00:00:00+00:00,BTC,25581.94,25697.5,25403.81,25485.84,392.6477
2024-06-26 01:00:00+00:00,BTC,25485.84,25738.82,25449.27,25710.95,333.0459
2024-06-26 02:00:00+00:00,BTC,25710.95,26026.23,25616.58,25669.68,1365.4399
2024-06-26 03:00:00+00:00,BTC,25669.68,25865.37,25589.81,25603.01,252.471
2024-06-26 04:00:00+00:00,BTC,25603.01,25716.47,25332.57,25677.22,354.7209
2024-06-26 05:00:00+00:00,BTC,25677.22,25695.87,25225.49,25395.84,615.9811
2024-06-26 06:00:00+00:00,BTC,25395.84,25443.68,25187.41,25275.66,393.9082
2024-06-26 07:00:00+00:00,BTC,25275.66,25483.83,25127.2,25424.89,442.0879
2024-06-26 08:00:00+00:00,BTC,25424.89,25573.14,25144.98,25161.22,574.1693
2024-06-26 09:00:00+00:00,BTC,25161.22,25412.87,25034.04,25330.51,717.6141
2024-06-26 10:00:00+00:00,BTC,25330.51,25851.07,25235.27,25561.22,454.3698
2024-06-26 11:00:00+00:00,BTC,25561.22,25616.3,25504.03,25504.62,690.4323
2024-06-26 12:00:00+00:00,BTC,25504.62,25739.56,25339.84,25549.31,276.0304
2024-06-26 13:00:00+00:00,BTC,25549.31,25741.78,25400.0,25721.44,404.4452
2024-06-26 14:00:00+00:00,BTC,25721.44,25730.44,25580.95,25649.5,594.544
2024-06-26 15:00:00+00:00,BTC,25649.5,25812.12,25618.0,25783.4,997.4727
2024-06-26 16:00:00+00:00,BTC,25783.4,25938.07,25460.68,25679.78,356.6379
2024-06-26 17:00:00+00:00,BTC,25679.78,25682.71,25599.79,25606.3,335.326
2024-06-26 18:00:00+00:00,BTC,25606.3,25742.5,25338.65,25483.78,563.4614
2024-06-26 19:00:00+00:00,BTC,25483.78,25585.99,25472.92,25536.23,509.3938
2024-06-26 20:00:00+00:00,BTC,25536.23,25917.51,25264.74,25714.27,388.8356
2024-06-26 21:00:00+00:00,BTC,25714.27,25933.58,25540.84,25685.88,326.6101
2024-06-26 22:00:00+00:00,BTC,25685.88,25749.68,25467.64,25490.7,417.6926
2024-06-26 23:00:00+00:00,BTC,25490.7,25589.4,25291.32,25325.65,600.0669
2024-06-27 00:00:00+00:00,BTC,25325.65,25450.4,25225.39,25385.68,444.9615
2024-06-27 01:00:00+00:00,BTC,25385.68,25908.61,25206.15,25668.12,753.3387
2024-06-27 02:00:00+00:00,BTC,25668.12,25793.82,25400.84,25728.83,476.7538
2024-06-27 03:00:00+00:00,BTC,25728.83,25757.42,25512.38,25669.17,617.164
2024-06-27 04:00:00+00:00,BTC,25669.17,25877.13,25512.05,25787.45,551.1869
2024-06-27 05:00:00+00:00,BTC,25787.45,25798.68,25617.92,25750.42,434.1215
2024-06-27 06:00:00+00:00,BTC,25750.42,25897.08,25678.11,25692.04,669.2779
2024-06-27 07:00:00+00:00,BTC,25692.04,25695.23,25208.52,25544.72,326.5419
2024-06-27 08:00:00+00:00,BTC,25544.72,25865.1,25351.53,25761.5,411.9321
2024-06-27 09:00:00+00:00,BTC,25761.5,25799.55,25338.11,25371.99,432.5708
2024-06-27 10:00:00+00:00,BTC,25371.99,25715.25,25276.05,25493.74,571.4327
2024-06-27 11:00:00+00:00,BTC,25493.74,25573.19,25195.57,25422.91,623.5306
2024-06-27 12:00:00+00:00,BTC,25422.91,25496.84,25123.01,25360.39,375.8895
2024-06-27 13:00:00+00:00,BTC,25360.39,25697.67,25351.73,25619.21,357.8001
2024-06-27 14:00:00+00:00,BTC,25619.21,25869.28,25277.22,25509.67,513.9413
2024-06-27 15:00:00+00:00,BTC,25509.67,25549.33,25387.23,25405.79,291.9058
2024-06-27 16:00:00+00:00,BTC,25405.79,25568.05,25373.65,25385.93,711.4824
2024-06-27 17:00:00+00:00,BTC,25385.93,25479.96,25336.06,25449.04,462.3245
2024-06-27 18:00:00+00:00,BTC,25449.04,25586.73,25333.91,25381.66,332.0445
2024-06-27 19:00:00+00:00,BTC,25381.66,25435.67,25112.27,25143.1,329.7531
2024-06-27 20:00:00+00:00,BTC,25143.1,25303.79,24830.6,25012.85,557.9142
2024-06-27 21:00:00+00:00,BTC,25012.85,25210.65,24890.45,25205.89,552.6551
2024-06-27 22:00:00+00:00,BTC,25205.89,25371.03,25085.65,25217.2,382.0899
2024-06-27 23:00:00+00:00,BTC,25217.2,25467.44,25113.25,25285.54,480.4641
2024-06-28 00:00:00+00:00,BTC,25285.54,25290.47,25163.99,25245.91,336.7652
2024-06-28 01:00:00+00:00,BTC,25245.91,25335.04,25136.04,25146.21,456.7622
2024-06-28 02:00:00+00:00,BTC,25146.21,25442.14,25080.91,25400.6,838.025
2024-06-28 03:00:00+00:00,BTC,25400.6,25573.82,25307.49,25371.93,1053.9543
2024-06-28 04:00:00+00:00,BTC,25371.93,25398.54,25221.25,25304.53,464.282
2024-06-28 05:00:00+00:00,BTC,25304.53,25584.63,25046.11,25471.5,581.5825
2024-06-28 06:00:00+00:00,BTC,25471.5,25688.37,25300.84,25361.34,573.5961
2024-06-28 07:00:00+00:00,BTC,25361.34,25405.7,25098.99,25271.0,273.7583
2024-06-28 08:00:00+00:00,BTC,25271.0,25376.12,25235.64,25272.56,334.34
2024-06-28 09:00:00+00:00,BTC,25272.56,25368.63,25152.74,25272.6,222.3235
2024-06-28 10:00:00+00:00,BTC,25272.6,25586.55,25176.38,25311.99,585.1006
2024-06-28 11:00:00+00:00,BTC,25311.99,25878.58,25197.86,25631.66,987.8121
2024-06-28 12:00:00+00:00,BTC,25631.66,25875.33,25550.94,25683.42,726.0732
2024-06-28 13:00:00+00:00,BTC,25683.42,25703.14,25251.01,25319.57,507.8484
2024-06-28 14:00:00+00:00,BTC,25319.57,25471.15,25299.39,25369.19,483.3973
2024-06-28 15:00:00+00:00,BTC,25369.19,25437.52,25267.76,25374.95,441.9863
2024-06-28 16:00:00+00:00,BTC,25374.95,25397.01,25163.77,25381.57,724.5073
2024-06-28 17:00:00+00:00,BTC,25381.57,25561.7,25317.71,25419.05,539.2009
2024-06-28 18:00:00+00:00,BTC,25419.05,25644.27,25296.85,25414.68,511.0509
2024-06-28 19:00:00+00:00,BTC,25414.68,25489.54,25225.67,25406.66,339.8352
2024-06-28 20:00:00+00:00,BTC,25406.66,25588.95,25278.58,25500.28,617.0715
2024-06-28 21:00:00+00:00,BTC,25500.28,25552.59,25302.05,25417.48,474.4298
2024-06-28 22:00:00+00:00,BTC,25417.48,25748.18,25210.38,25273.36,574.527
2024-06-28 23:00:00+00:00,BTC,25273.36,25861.13,24954.29,25736.07,709.3045
2024-06-29 00:00:00+00:00,BTC,25736.07,26455.03,24907.67,25099.54,6489.2001
2024-06-29 01:00:00+00:00,BTC,25099.54,26521.81,24478.1,25044.48,10369.6556
2024-06-29 02:00:00+00:00,BTC,25044.48,25286.67,23420.0,23897.53,9856.5014
2024-06-29 03:00:00+00:00,BTC,23897.53,24136.23,23388.12,23856.01,9557.0963
2024-06-29 04:00:00+00:00,BTC,23856.01,24364.22,22423.65,23124.81,7779.061
2024-06-29 05:00:00+00:00,BTC,23124.81,23142.76,22039.46,22726.16,8914.816
2024-06-29 06:00:00+00:00,BTC,22726.16,23342.24,22443.03,23284.28,7829.4271
2024-06-29 07:00:00+00:00,BTC,23284.28,23869.13,22100.73,23476.38,15349.2494
2024-06-29 08:00:00+00:00,BTC,23476.38,23900.32,23016.31,23734.04,13123.9981
2024-06-29 09:00:00+00:00,BTC,23734.04,23807.91,22453.74,22473.04,12809.3392
2024-06-29 10:00:00+00:00,BTC,22473.04,23968.59,22416.18,23541.14,5858.5675
2024-06-29 11:00:00+00:00,BTC,23541.14,23724.79,22398.43,22654.92,22747.2047
2024-06-29 12:00:00+00:00,BTC,22654.92,23823.61,22132.41,23527.66,9967.8223
2024-06-29 13:00:00+00:00,BTC,23527.66,24936.02,23044.16,24089.59,21178.1062
2024-06-29 14:00:00+00:00,BTC,24089.59,24811.08,23643.44,24360.06,14947.4879
2024-06-29 15:00:00+00:00,BTC,24360.06,24365.7,23030.53,23665.2,10604.3545
2024-06-29 16:00:00+00:00,BTC,23665.2,25046.12,23646.71,23647.33,23511.0045
2024-06-29 17:00:00+00:00,BTC,23647.33,24021.3,20957.37,23221.17,14026.2438
2024-06-29 18:00:00+00:00,BTC,23221.17,23979.02,22849.11,23124.15,10616.6842
2024-06-29 19:00:00+00:00,BTC,23124.15,23188.99,22523.06,22848.4,10028.8083
2024-06-29 20:00:00+00:00,BTC,22848.4,23010.2,21346.01,21473.07,16502.813
2024-06-29 21:00:00+00:00,BTC,21473.07,22783.1,21293.45,22047.73,9531.1799
2024-06-29 22:00:00+00:00,BTC,22047.73,23232.92,20890.2,21888.01,10072.9055
2024-06-29 23:00:00+00:00,BTC,21888.01,22567.63,20762.8,21485.2,9331.6776
2024-06-30 00:00:00+00:00,BTC,21485.2,22304.4,19975.24,21045.26,8827.4991
2024-06-30 01:00:00+00:00,BTC,21045.26,21387.26,20308.93,21151.53,9018.5517
2024-06-30 02:00:00+00:00,BTC,21151.53,21333.88,20426.44,20525.89,21385.3667
2024-06-30 03:00:00+00:00,BTC,20525.89,21086.85,18948.29,19173.75,16362.6081
2024-06-30 04:00:00+00:00,BTC,19173.75,19306.65,18288.77,19296.85,12487.2984
2024-06-30 05:00:00+00:00,BTC,19296.85,19822.56,19231.42,19481.72,9494.597
2024-06-30 06:00:00+00:00,BTC,19481.72,20006.37,18483.93,19276.5,9481.7279
2024-06-30 07:00:00+00:00,BTC,19276.5,19808.97,18508.29,18573.68,10115.0969
2024-06-30 08:00:00+00:00,BTC,18573.68,18921.7,18133.73,18527.12,21509.2045
2024-06-30 09:00:00+00:00,BTC,18527.12,18665.19,17151.9,17694.06,12732.6233
2024-06-30 10:00:00+00:00,BTC,17694.06,18027.14,17039.67,17106.63,14939.1551
2024-06-30 11:00:00+00:00,BTC,17106.63,17210.58,16198.58,16667.27,12333.1319
2024-06-30 12:00:00+00:00,BTC,16667.27,17006.73,16514.08,16980.69,8434.8714
2024-06-30 13:00:00+00:00,BTC,16980.69,18337.4,16222.12,16725.32,11920.3126
2024-06-30 14:00:00+00:00,BTC,16725.32,17198.7,16076.4,16434.52,7891.6528
2024-06-30 15:00:00+00:00,BTC,16434.52,17542.54,15835.78,17272.49,17474.0046
2024-06-30 16:00:00+00:00,BTC,17272.49,17797.32,17270.58,17356.8,8849.2186
2024-06-30 17:00:00+00:00,BTC,17356.8,17784.4,16801.6,17434.93,9413.8796
2024-06-30 18:00:00+00:00,BTC,17434.93,17609.39,16606.83,17169.32,15286.3371
2024-06-30 19:00:00+00:00,BTC,17169.32,17995.23,16685.69,16800.79,9006.4057
2024-06-30 20:00:00+00:00,BTC,16800.79,16978.56,15511.67,15724.29,10651.2551
2024-06-30 21:00:00+00:00,BTC,15724.29,17204.48,15623.79,16076.06,4568.3639
2024-06-30 22:00:00+00:00,BTC,16076.06,16226.39,15837.54,16197.94,10272.1615
2024-06-30 23:00:00+00:00,BTC,16197.94,16517.4,15706.8,16036.5,14158.9808
2024-07-01 00:00:00+00:00,BTC,16036.5,16767.48,15610.47,15895.32,9235.9786
2024-07-01 01:00:00+00:00,BTC,15895.32,16719.19,14947.45,16145.43,13986.5325
2024-07-01 02:00:00+00:00,BTC,16145.43,17094.31,15333.5,15380.57,11435.1483
2024-07-01 03:00:00+00:00,BTC,15380.57,16091.2,14606.08,15053.17,16828.7571
2024-07-01 04:00:00+00:00,BTC,15053.17,15350.97,14061.16,14509.04,8891.5719
2024-07-01 05:00:00+00:00,BTC,14509.04,15288.13,14258.25,15170.83,10567.7251
2024-07-01 06:00:00+00:00,BTC,15170.83,15515.68,14301.35,15469.84,6875.523
2024-07-01 07:00:00+00:00,BTC,15469.84,16120.23,14011.18,14472.02,11135.3045
2024-07-01 08:00:00+00:00,BTC,14472.02,15295.68,13664.39,13802.25,9922.4812
2024-07-01 09:00:00+00:00,BTC,13802.25,14031.63,12968.49,13682.62,16093.06
2024-07-01 10:00:00+00:00,BTC,13682.62,14226.92,13138.72,13435.46,9241.3659
2024-07-01 11:00:00+00:00,BTC,13435.46,13474.91,12430.48,12881.8,9914.9324
2024-07-01 12:00:00+00:00,BTC,12881.8,13924.94,12588.31,13602.7,9079.6348
2024-07-01 13:00:00+00:00,BTC,13602.7,13745.65,13466.31,13719.01,11226.9248
2024-07-01 14:00:00+00:00,BTC,13719.01,14240.5,13307.11,13892.61,21543.7054
2024-07-01 15:00:00+00:00,BTC,13892.61,14289.44,13554.1,13647.49,3046.3717
2024-07-01 16:00:00+00:00,BTC,13647.49,14053.68,13401.05,13895.81,9817.0596
2024-07-01 17:00:00+00:00,BTC,13895.81,14062.27,13394.02,13768.43,14485.652
2024-07-01 18:00:00+00:00,BTC,13768.43,14376.39,13402.0,13677.26,7703.9384
2024-07-01 19:00:00+00:00,BTC,13677.26,13907.32,13189.43,13868.19,10636.3958
2024-07-01 20:00:00+00:00,BTC,13868.19,13972.63,13062.05,13381.49,12782.5703
2024-07-01 21:00:00+00:00,BTC,13381.49,14127.87,13361.78,13841.69,7341.1734
2024-07-01 22:00:00+00:00,BTC,13841.69,13910.81,13730.48,13893.32,6133.196
2024-07-01 23:00:00+00:00,BTC,13893.32,14431.67,13741.53,14247.56,10165.918
2024-07-02 00:00:00+00:00,BTC,14247.56,14254.62,13880.18,13960.95,8263.7086
2024-07-02 01:00:00+00:00,BTC,13960.95,14265.94,13401.14,13729.13,6427.1235
2024-07-02 02:00:00+00:00,BTC,13729.13,13865.69,13347.61,13454.67,7666.1619
2024-07-02 03:00:00+00:00,BTC,13454.67,13652.76,13314.45,13510.76,8131.5863
2024-07-02 04:00:00+00:00,BTC,13510.76,13972.15,13318.46,13524.91,5331.1802
2024-07-02 05:00:00+00:00,BTC,13524.91,13776.52,13169.88,13430.38,5621.7321
2024-07-02 06:00:00+00:00,BTC,13430.38,13678.6,13036.08,13236.42,5609.9371
2024-07-02 07:00:00+00:00,BTC,13236.42,13446.76,12738.63,13010.6,3652.2966
2024-07-02 08:00:00+00:00,BTC,13010.6,13050.78,12808.27,13002.51,5931.6192
2024-07-02 09:00:00+00:00,BTC,13002.51,13251.72,12840.67,12929.65,2463.9102
2024-07-02 10:00:00+00:00,BTC,12929.65,12955.03,12806.32,12829.77,3013.5103
2024-07-02 11:00:00+00:00,BTC,12829.77,13268.14,12813.26,13040.93,3631.2904
2024-07-02 12:00:00+00:00,BTC,13040.93,13227.25,12948.3,13030.42,1655.7941
2024-07-02 13:00:00+00:00,BTC,13030.42,13287.97,12854.19,13180.8,2736.5448
2024-07-02 14:00:00+00:00,BTC,13180.8,13182.8,13040.02,13122.76,1750.7369
2024-07-02 15:00:00+00:00,BTC,13122.76,13184.57,13030.64,13146.93,2001.3641
2024-07-02 16:00:00+00:00,BTC,13146.93,13336.99,13078.64,13142.0,1089.6509
2024-07-02 17:00:00+00:00,BTC,13142.0,13243.78,12896.37,13008.82,472.3105
2024-07-02 18:00:00+00:00,BTC,13008.82,13130.0,12970.1,13120.78,542.2189
2024-07-02 19:00:00+00:00,BTC,13120.78,13133.41,12983.05,13110.15,549.0783
2024-07-02 20:00:00+00:00,BTC,13110.15,13366.0,12982.14,13168.99,1015.1134
2024-07-02 21:00:00+00:00,BTC,13168.99,13201.74,13014.95,13109.7,515.0427
2024-07-02 22:00:00+00:00,BTC,13109.7,13204.44,13085.53,13096.74,476.4249
2024-07-02 23:00:00+00:00,BTC,13096.74,13107.17,13021.24,13028.8,466.9368
2024-07-03 00:00:00+00:00,BTC,13028.8,13128.82,12987.85,13125.78,534.1666
2024-07-03 01:00:00+00:00,BTC,13125.78,13179.8,13120.4,13150.33,336.1639
2024-07-03 02:00:00+00:00,BTC,13150.33,13222.92,13054.65,13179.33,437.3093
2024-07-03 03:00:00+00:00,BTC,13179.33,13392.19,13155.64,13287.16,350.8507
2024-07-03 04:00:00+00:00,BTC,13287.16,13442.38,13222.11,13379.67,367.2694
2024-07-03 05:00:00+00:00,BTC,13379.67,13475.99,13321.4,13441.25,662.515
2024-07-03 06:00:00+00:00,BTC,13441.25,13515.34,13198.18,13327.08,504.6187
2024-07-03 07:00:00+00:00,BTC,13327.08,13435.99,13180.83,13271.57,385.6608
2024-07-03 08:00:00+00:00,BTC,13271.57,13302.06,13152.51,13191.87,474.3805
2024-07-03 09:00:00+00:00,BTC,13191.87,13334.25,13119.29,13249.58,458.7428
2024-07-03 10:00:00+00:00,BTC,13249.58,13283.47,13205.54,13263.15,509.3067
2024-07-03 11:00:00+00:00,BTC,13263.15,13334.06,13132.12,13152.96,295.0431
2024-07-03 12:00:00+00:00,BTC,13152.96,13212.46,13133.5,13138.07,341.2675
2024-07-03 13:00:00+00:00,BTC,13138.07,13179.16,12939.58,13020.82,301.9003
2024-07-03 14:00:00+00:00,BTC,13020.82,13164.15,12968.53,13016.67,364.9463
2024-07-03 15:00:00+00:00,BTC,13016.67,13145.85,12862.75,12888.02,388.2523
2024-07-03 16:00:00+00:00,BTC,12888.02,12937.41,12808.51,12928.98,348.1094
2024-07-03 17:00:00+00:00,BTC,12928.98,13052.32,12821.74,12958.34,653.3766
2024-07-03 18:00:00+00:00,BTC,12958.34,13145.77,12826.94,13107.53,952.0239
2024-07-03 19:00:00+00:00,BTC,13107.53,13424.63,13045.76,13174.38,667.5149
2024-07-03 20:00:00+00:00,BTC,13174.38,13194.04,13123.68,13140.99,410.2302
2024-07-03 21:00:00+00:00,BTC,13140.99,13304.61,13134.27,13205.65,538.1695
2024-07-03 22:00:00+00:00,BTC,13205.65,13227.51,13014.06,13095.38,488.5118
2024-07-03 23:00:00+00:00,BTC,13095.38,13121.34,12997.84,13019.97,404.0429
2024-07-04 00:00:00+00:00,BTC,13019.97,13095.11,12888.53,13046.02,794.934
2024-07-04 01:00:00+00:00,BTC,13046.02,13125.74,12853.15,12878.17,1009.4215
2024-07-04 02:00:00+00:00,BTC,12878.17,12971.92,12808.77,12875.3,298.8987
2024-07-04 03:00:00+00:00,BTC,12875.3,12895.45,12752.32,12796.72,827.7421
2024-07-04 04:00:00+00:00,BTC,12796.72,12898.32,12661.92,12804.5,406.5735
2024-07-04 05:00:00+00:00,BTC,12804.5,12949.52,12698.78,12721.97,456.1386
2024-07-04 06:00:00+00:00,BTC,12721.97,12791.36,12470.12,12754.4,551.9985
2024-07-04 07:00:00+00:00,BTC,12754.4,12880.29,12569.14,12755.88,859.4462
2024-07-04 08:00:00+00:00,BTC,12755.88,12987.7,12671.85,12863.5,551.7226
2024-07-04 09:00:00+00:00,BTC,12863.5,12999.2,12846.03,12864.02,577.65
2024-07-04 10:00:00+00:00,BTC,12864.02,12944.35,12797.61,12804.83,674.038
2024-07-04 11:00:00+00:00,BTC,12804.83,12887.47,12764.19,12785.88,712.3059
2024-07-04 12:00:00+00:00,BTC,12785.88,12798.87,12678.96,12683.17,597.9488
2024-07-04 13:00:00+00:00,BTC,12683.17,12819.78,12679.48,12714.12,713.8535
2024-07-04 14:00:00+00:00,BTC,12714.12,12813.54,12602.28,12759.19,405.5914
2024-07-04 15:00:00+00:00,BTC,12759.19,13076.53,12572.54,12949.63,272.4731
2024-07-04 16:00:00+00:00,BTC,12949.63,13054.25,12852.97,12901.4,947.0553
2024-07-04 17:00:00+00:00,BTC,12901.4,12955.08,12877.71,12880.69,347.7272
2024-07-04 18:00:00+00:00,BTC,12880.69,13005.89,12666.64,12836.27,414.7857
2024-07-04 19:00:00+00:00,BTC,12836.27,12958.73,12740.64,12852.62,445.2222
2024-07-04 20:00:00+00:00,BTC,12852.62,12887.62,12783.92,12882.08,419.1576
2024-07-04 21:00:00+00:00,BTC,12882.08,12883.89,12846.84,12877.96,387.7871
2024-07-04 22:00:00+00:00,BTC,12877.96,12986.35,12845.46,12962.17,588.0799
2024-07-04 23:00:00+00:00,BTC,12962.17,13004.54,12891.91,12914.28,590.2747
2024-07-05 00:00:00+00:00,BTC,12914.28,13000.28,12756.5,12990.92,621.1583
2024-07-05 01:00:00+00:00,BTC,12990.92,13116.73,12890.72,13032.96,607.6676
2024-07-05 02:00:00+00:00,BTC,13032.96,13170.79,12869.92,13032.02,432.1486
2024-07-05 03:00:00+00:00,BTC,13032.02,13106.92,12989.07,13007.42,431.9
2024-07-05 04:00:00+00:00,BTC,13007.42,13235.68,12838.9,13198.19,739.76
2024-07-05 05:00:00+00:00,BTC,13198.19,13304.7,12999.46,13133.65,416.5986
2024-07-05 06:00:00+00:00,BTC,13133.65,13196.74,13117.32,13157.15,413.712
2024-07-05 07:00:00+00:00,BTC,13157.15,13195.72,13066.37,13098.06,692.2397
2024-07-05 08:00:00+00:00,BTC,13098.06,13407.09,13006.19,13239.14,496.7584
2024-07-05 09:00:00+00:00,BTC,13239.14,13310.8,13090.15,13309.77,418.9849
2024-07-05 10:00:00+00:00,BTC,13309.77,13354.11,13240.31,13255.71,420.373
2024-07-05 11:00:00+00:00,BTC,13255.71,13333.74,13127.41,13296.54,740.9805
2024-07-05 12:00:00+00:00,BTC,13296.54,13481.33,13184.31,13317.12,613.829
2024-07-05 13:00:00+00:00,BTC,13317.12,13331.76,13168.08,13275.9,543.1555
2024-07-05 14:00:00+00:00,BTC,13275.9,13499.49,13267.03,13336.43,332.4167
2024-07-05 15:00:00+00:00,BTC,13336.43,13389.79,13292.17,13367.62,543.9645
2024-07-05 16:00:00+00:00,BTC,13367.62,13482.5,13253.89,13384.93,464.1139
2024-07-05 17:00:00+00:00,BTC,13384.93,13456.34,13279.23,13381.56,363.3084
2024-07-05 18:00:00+00:00,BTC,13381.56,13429.54,13256.74,13416.22,405.066
2024-07-05 19:00:00+00:00,BTC,13416.22,13457.54,13414.99,13434.7,637.952
2024-07-05 20:00:00+00:00,BTC,13434.7,13494.35,13348.09,13439.46,772.3641
2024-07-05 21:00:00+00:00,BTC,13439.46,13468.4,13315.63,13387.87,345.3351
2024-07-05 22:00:00+00:00,BTC,13387.87,13555.98,13363.71,13524.62,360.9228
2024-07-05 23:00:00+00:00,BTC,13524.62,13557.33,13400.66,13439.65,637.5007
2024-07-06 00:00:00+00:00,BTC,13439.65,13489.41,13231.64,13474.18,433.2828
2024-07-06 01:00:00+00:00,BTC,13474.18,13561.15,13342.42,13448.31,606.7224
2024-07-06 02:00:00+00:00,BTC,13448.31,13619.69,13422.44,13591.04,431.2479
2024-07-06 03:00:00+00:00,BTC,13591.04,13610.02,13485.59,13517.56,611.8922
2024-07-06 04:00:00+00:00,BTC,13517.56,13645.33,13391.84,13458.06,309.1424
2024-07-06 05:00:00+00:00,BTC,13458.06,13563.18,13241.78,13379.98,605.996
2024-07-06 06:00:00+00:00,BTC,13379.98,13556.23,13374.73,13405.97,239.8167
2024-07-06 07:00:00+00:00,BTC,13405.97,13477.44,13224.6,13295.98,691.2296
2024-07-06 08:00:00+00:00,BTC,13295.98,13328.81,13207.87,13257.86,494.0819
2024-07-06 09:00:00+00:00,BTC,13257.86,13375.45,13083.5,13087.75,583.4971
2024-07-06 10:00:00+00:00,BTC,13087.75,13173.68,13056.06,13106.64,543.2667
2024-07-06 11:00:00+00:00,BTC,13106.64,13230.67,13008.18,13067.36,275.2175
2024-07-06 12:00:00+00:00,BTC,13067.36,13069.43,12843.62,12951.21,806.737
2024-07-06 13:00:00+00:00,BTC,12951.21,13045.87,12887.83,13035.85,562.0991
2024-07-06 14:00:00+00:00,BTC,13035.85,13092.45,12888.95,12933.97,651.5298
2024-07-06 15:00:00+00:00,BTC,12933.97,13109.02,12855.59,12995.96,377.9955
2024-07-06 16:00:00+00:00,BTC,12995.96,13012.05,12740.14,12941.41,543.9621
2024-07-06 17:00:00+00:00,BTC,12941.41,13145.3,12874.67,13066.37,316.1269
2024-07-06 18:00:00+00:00,BTC,13066.37,13277.43,13010.33,13125.27,526.8087
2024-07-06 19:00:00+00:00,BTC,13125.27,13159.21,12956.42,13046.12,359.8763
2024-07-06 20:00:00+00:00,BTC,13046.12,13087.51,12968.34,12974.53,2884.5969
2024-07-06 21:00:00+00:00,BTC,12974.53,13104.16,12935.18,13021.76,617.9538
2024-07-06 22:00:00+00:00,BTC,13021.76,13053.02,12949.09,13001.27,796.6449
2024-07-06 23:00:00+00:00,BTC,13001.27,13054.4,12984.27,12988.07,458.1757
2024-07-07 00:00:00+00:00,BTC,12988.07,13091.62,12961.74,13087.59,574.9365
2024-07-07 01:00:00+00:00,BTC,13087.59,13160.39,12932.51,13028.93,686.4121
2024-07-07 02:00:00+00:00,BTC,13028.93,13038.41,12999.83,13036.07,343.4849
2024-07-07 03:00:00+00:00,BTC,13036.07,13112.45,12994.87,13110.95,395.1261
2024-07-07 04:00:00+00:00,BTC,13110.95,13184.98,13076.41,13174.76,702.7381
2024-07-07 05:00:00+00:00,BTC,13174.76,13201.16,13142.95,13162.15,463.2607
2024-07-07 06:00:00+00:00,BTC,13162.15,13199.83,13123.15,13139.35,384.878
2024-07-07 07:00:00+00:00,BTC,13139.35,13175.32,12946.87,13002.98,400.9223
2024-07-07 08:00:00+00:00,BTC,13002.98,13058.79,12827.77,12920.84,325.9495
2024-07-07 09:00:00+00:00,BTC,12920.84,12990.79,12842.8,12945.54,251.8509
2024-07-07 10:00:00+00:00,BTC,12945.54,13040.13,12883.53,12934.84,276.155
2024-07-07 11:00:00+00:00,BTC,12934.84,13047.64,12919.75,12940.65,508.0624
2024-07-07 12:00:00+00:00,BTC,12940.65,13043.97,12906.83,13021.6,632.4959
2024-07-07 13:00:00+00:00,BTC,13021.6,13067.26,12822.2,12929.16,1207.413
2024-07-07 14:00:00+00:00,BTC,12929.16,12995.42,12868.28,12910.85,492.8098
2024-07-07 15:00:00+00:00,BTC,12910.85,13013.94,12774.81,12925.48,319.4568
2024-07-07 16:00:00+00:00,BTC,12925.48,13090.83,12837.16,12870.99,495.0438
2024-07-07 17:00:00+00:00,BTC,12870.99,13022.76,12812.43,12982.01,639.4663
2024-07-07 18:00:00+00:00,BTC,12982.01,13147.9,12886.04,13052.97,717.0684
2024-07-07 19:00:00+00:00,BTC,13052.97,13076.35,12967.74,13075.72,693.1176
2024-07-07 20:00:00+00:00,BTC,13075.72,13220.13,13046.8,13217.24,610.9892
2024-07-07 21:00:00+00:00,BTC,13217.24,13358.92,13094.77,13098.91,516.9576
2024-07-07 22:00:00+00:00,BTC,13098.91,13148.9,13049.09,13098.3,647.0944
2024-07-07 23:00:00+00:00,BTC,13098.3,13224.92,12990.37,13127.12,330.2734
2024-07-08 00:00:00+00:00,BTC,13127.12,13209.76,13038.27,13055.29,247.5837
2024-07-08 01:00:00+00:00,BTC,13055.29,13144.4,13015.68,13078.86,1040.2814
2024-07-08 02:00:00+00:00,BTC,13078.86,13271.86,12920.08,12992.31,491.8388
2024-07-08 03:00:00+00:00,BTC,12992.31,13101.5,12853.8,13046.26,602.7319
2024-07-08 04:00:00+00:00,BTC,13046.26,13193.12,13036.4,13129.32,187.5409
2024-07-08 05:00:00+00:00,BTC,13129.32,13227.54,13031.3,13150.8,858.6168
2024-07-08 06:00:00+00:00,BTC,13150.8,13160.18,12946.28,13005.41,749.3162
2024-07-08 07:00:00+00:00,BTC,13005.41,13144.47,12912.73,12930.19,289.0635
2024-07-08 08:00:00+00:00,BTC,12930.19,12991.22,12871.92,12974.07,447.4437
2024-07-08 09:00:00+00:00,BTC,12974.07,13029.09,12768.34,12975.72,548.8295
2024-07-08 10:00:00+00:00,BTC,12975.72,13084.18,12730.24,12767.67,321.2706
2024-07-08 11:00:00+00:00,BTC,12767.67,12944.92,12754.11,12863.23,593.284
2024-07-08 12:00:00+00:00,BTC,12863.23,12994.83,12802.0,12873.78,720.9553
2024-07-08 13:00:00+00:00,BTC,12873.78,12903.5,12734.77,12810.67,560.0798
2024-07-08 14:00:00+00:00,BTC,12810.67,12895.47,12687.83,12887.38,289.0008
2024-07-08 15:00:00+00:00,BTC,12887.38,13027.09,12762.46,12835.09,347.8441
2024-07-08 16:00:00+00:00,BTC,12835.09,12955.92,12720.85,12782.18,478.7981
2024-07-08 17:00:00+00:00,BTC,12782.18,12846.58,12638.36,12809.7,458.1782
2024-07-08 18:00:00+00:00,BTC,12809.7,13097.07,12715.76,12947.32,461.4473
2024-07-08 19:00:00+00:00,BTC,12947.32,13082.75,12853.48,13074.06,455.7662
2024-07-08 20:00:00+00:00,BTC,13074.06,13170.58,12948.48,13102.31,265.9222
2024-07-08 21:00:00+00:00,BTC,13102.31,13145.33,13060.59,13138.71,662.8755
2024-07-08 22:00:00+00:00,BTC,13138.71,13287.73,13104.53,13201.25,622.7515
2024-07-08 23:00:00+00:00,BTC,13201.25,13265.74,13024.0,13102.07,600.3056
2024-07-09 00:00:00+00:00,BTC,13102.07,13266.88,13037.04,13152.8,581.1498
2024-07-09 01:00:00+00:00,BTC,13152.8,13167.49,13013.31,13095.0,452.6728
2024-07-09 02:00:00+00:00,BTC,13095.0,13306.05,12956.78,13120.05,404.2903
2024-07-09 03:00:00+00:00,BTC,13120.05,13143.39,13010.55,13102.15,350.1787
2024-07-09 04:00:00+00:00,BTC,13102.15,13189.09,13025.76,13141.61,858.0241
2024-07-09 05:00:00+00:00,BTC,13141.61,13187.48,13125.53,13150.93,496.4238
2024-07-09 06:00:00+00:00,BTC,13150.93,13248.89,12841.72,12910.67,279.6127
2024-07-09 07:00:00+00:00,BTC,12910.67,12929.47,12885.66,12924.54,494.9136
2024-07-09 08:00:00+00:00,BTC,12924.54,13036.11,12842.15,12974.43,241.0772
2024-07-09 09:00:00+00:00,BTC,12974.43,13028.24,12818.08,13009.19,545.3411
2024-07-09 10:00:00+00:00,BTC,13009.19,13105.13,13000.63,13001.18,525.658
2024-07-09 11:00:00+00:00,BTC,13001.18,13136.3,12959.63,13129.92,413.6152
2024-07-09 12:00:00+00:00,BTC,13129.92,13185.25,13105.49,13154.47,359.8858
2024-07-09 13:00:00+00:00,BTC,13154.47,13189.7,13079.65,13189.06,608.7802
2024-07-09 14:00:00+00:00,BTC,13189.06,13370.32,13109.96,13271.97,485.6811
2024-07-09 15:00:00+00:00,BTC,13271.97,13319.56,13253.86,13300.88,253.4114
2024-07-09 16:00:00+00:00,BTC,13300.88,13329.09,13199.96,13229.41,762.0174
2024-07-09 17:00:00+00:00,BTC,13229.41,13270.28,12967.46,13037.27,359.8429
2024-07-09 18:00:00+00:00,BTC,13037.27,13060.29,12833.1,13000.0,315.212
2024-07-09 19:00:00+00:00,BTC,13000.0,13085.13,12865.01,13059.49,804.4382
2024-07-09 20:00:00+00:00,BTC,13059.49,13062.61,13007.43,13031.85,724.4857
2024-07-09 21:00:00+00:00,BTC,13031.85,13161.21,12913.86,13094.65,431.5701
2024-07-09 22:00:00+00:00,BTC,13094.65,13139.78,13089.73,13106.34,322.5435
2024-07-09 23:00:00+00:00,BTC,13106.34,13242.91,13063.85,13208.02,363.655
2024-07-10 00:00:00+00:00,BTC,13208.02,13242.83,13171.42,13184.65,429.0114
2024-07-10 01:00:00+00:00,BTC,13184.65,13268.14,13150.7,13221.69,765.3077
2024-07-10 02:00:00+00:00,BTC,13221.69,13274.0,13143.14,13261.88,786.7069
2024-07-10 03:00:00+00:00,BTC,13261.88,13399.47,13257.54,13381.91,529.9066
2024-07-10 04:00:00+00:00,BTC,13381.91,13463.11,13225.87,13245.58,627.7547
2024-07-10 05:00:00+00:00,BTC,13245.58,13504.66,13161.86,13209.2,464.6714
2024-07-10 06:00:00+00:00,BTC,13209.2,13306.8,13167.98,13276.62,368.3817
2024-07-10 07:00:00+00:00,BTC,13276.62,13425.85,13230.36,13400.34,295.7157
2024-07-10 08:00:00+00:00,BTC,13400.34,13527.15,13299.93,13419.65,559.8279
2024-07-10 09:00:00+00:00,BTC,13419.65,13445.18,13314.55,13396.11,685.2192
2024-07-10 10:00:00+00:00,BTC,13396.11,13531.83,13322.52,13457.1,418.1668
2024-07-10 11:00:00+00:00,BTC,13457.1,13635.61,13445.39,13527.42,757.6647
2024-07-10 12:00:00+00:00,BTC,13527.42,13601.94,13457.71,13498.26,436.977
2024-07-10 13:00:00+00:00,BTC,13498.26,13552.28,13438.03,13525.04,514.8728
2024-07-10 14:00:00+00:00,BTC,13525.04,13730.76,13422.18,13621.18,462.7715
2024-07-10 15:00:00+00:00,BTC,13621.18,13862.74,13606.71,13776.56,770.7547
2024-07-10 16:00:00+00:00,BTC,13776.56,13841.15,13733.84,13838.08,594.097
2024-07-10 17:00:00+00:00,BTC,13838.08,13919.11,13777.49,13841.75,489.8892
2024-07-10 18:00:00+00:00,BTC,13841.75,13869.89,13817.92,13837.26,513.5869
2024-07-10 19:00:00+00:00,BTC,13837.26,13953.86,13789.23,13883.61,329.8026
2024-07-10 20:00:00+00:00,BTC,13883.61,13935.82,13776.78,13873.98,228.8126
2024-07-10 21:00:00+00:00,BTC,13873.98,13907.82,13857.79,13889.77,415.1283
2024-07-10 22:00:00+00:00,BTC,13889.77,14018.02,13785.46,13801.89,467.175
2024-07-10 23:00:00+00:00,BTC,13801.89,13924.83,13789.4,13909.72,602.1772
2024-07-11 00:00:00+00:00,BTC,13909.72,14012.26,13797.65,13814.89,472.2551
2024-07-11 01:00:00+00:00,BTC,13814.89,13838.64,13696.01,13779.12,424.2759
2024-07-11 02:00:00+00:00,BTC,13779.12,13888.85,13702.25,13787.19,178.2097
2024-07-11 03:00:00+00:00,BTC,13787.19,14029.73,13784.95,13952.88,601.3178
2024-07-11 04:00:00+00:00,BTC,13952.88,13955.65,13885.49,13917.54,538.3266
2024-07-11 05:00:00+00:00,BTC,13917.54,13934.83,13821.13,13862.03,664.7774
2024-07-11 06:00:00+00:00,BTC,13862.03,13863.18,13786.25,13816.29,504.7937
2024-07-11 07:00:00+00:00,BTC,13816.29,14025.33,13719.22,13954.5,746.9588
2024-07-11 08:00:00+00:00,BTC,13954.5,14042.73,13720.6,13721.01,412.3702
2024-07-11 09:00:00+00:00,BTC,13721.01,13749.37,13430.42,13638.7,492.9525
2024-07-11 10:00:00+00:00,BTC,13638.7,13895.14,13547.73,13864.05,543.9111
2024-07-11 11:00:00+00:00,BTC,13864.05,13946.22,13854.44,13913.29,629.9046
2024-07-11 12:00:00+00:00,BTC,13913.29,13921.39,13788.06,13821.27,578.45
2024-07-11 13:00:00+00:00,BTC,13821.27,13825.03,13657.93,13817.79,590.9694
2024-07-11 14:00:00+00:00,BTC,13817.79,13824.1,13769.84,13823.39,549.3245
2024-07-11 15:00:00+00:00,BTC,13823.39,14060.12,13815.92,13893.74,467.389
2024-07-11 16:00:00+00:00,BTC,13893.74,14109.2,13864.72,14047.94,685.4326
2024-07-11 17:00:00+00:00,BTC,14047.94,14291.65,14023.21,14080.73,278.272
2024-07-11 18:00:00+00:00,BTC,14080.73,14126.53,13970.45,14035.2,401.1774
2024-07-11 19:00:00+00:00,BTC,14035.2,14189.77,13923.23,14101.63,872.8404
2024-07-11 20:00:00+00:00,BTC,14101.63,14123.19,14027.42,14042.68,395.1254
2024-07-11 21:00:00+00:00,BTC,14042.68,14092.66,13946.12,13955.88,486.5087
2024-07-11 22:00:00+00:00,BTC,13955.88,14171.3,13721.64,13809.29,812.6813
2024-07-11 23:00:00+00:00,BTC,13809.29,13858.53,13573.92,13680.22,478.4128
2024-07-12 00:00:00+00:00,BTC,13680.22,13828.76,13557.33,13606.84,373.437
2024-07-12 01:00:00+00:00,BTC,13606.84,13653.86,13459.15,13511.02,760.5442
2024-07-12 02:00:00+00:00,BTC,13511.02,13708.99,13466.66,13536.43,451.8449
2024-07-12 03:00:00+00:00,BTC,13536.43,13605.43,13339.33,13439.37,462.7757
2024-07-12 04:00:00+00:00,BTC,13439.37,13517.81,13128.78,13188.25,250.0049
2024-07-12 05:00:00+00:00,BTC,13188.25,13191.29,12992.31,13105.91,478.2047
2024-07-12 06:00:00+00:00,BTC,13105.91,13287.34,13037.83,13068.85,635.0144
2024-07-12 07:00:00+00:00,BTC,13068.85,13144.05,13004.48,13021.47,430.0106
2024-07-12 08:00:00+00:00,BTC,13021.47,13320.25,12927.86,13140.73,319.3014
2024-07-12 09:00:00+00:00,BTC,13140.73,13152.12,13038.12,13092.44,422.6087
2024-07-12 10:00:00+00:00,BTC,13092.44,13179.86,13077.72,13161.83,403.1407
2024-07-12 11:00:00+00:00,BTC,13161.83,13211.37,13104.12,13160.33,457.5269
2024-07-12 12:00:00+00:00,BTC,13160.33,13183.67,13044.89,13156.99,417.1508
2024-07-12 13:00:00+00:00,BTC,13156.99,13283.36,13020.49,13091.2,895.3473
2024-07-12 14:00:00+00:00,BTC,13091.2,13115.65,13080.03,13086.59,555.8127
2024-07-12 15:00:00+00:00,BTC,13086.59,13109.06,13000.28,13026.65,271.9269
2024-07-12 16:00:00+00:00,BTC,13026.65,13062.98,13008.53,13039.95,512.6693
2024-07-12 17:00:00+00:00,BTC,13039.95,13090.33,12934.26,13021.48,493.0568
2024-07-12 18:00:00+00:00,BTC,13021.48,13080.93,12810.0,12947.88,759.5106
2024-07-12 19:00:00+00:00,BTC,12947.88,13056.3,12941.33,13025.17,473.4298
2024-07-12 20:00:00+00:00,BTC,13025.17,13076.08,12989.31,13058.57,468.6935
2024-07-12 21:00:00+00:00,BTC,13058.57,13062.18,12933.12,13023.51,959.735
2024-07-12 22:00:00+00:00,BTC,13023.51,13055.34,12969.8,13034.88,343.9588
2024-07-12 23:00:00+00:00,BTC,13034.88,13190.18,13018.13,13028.33,661.0289
2024-07-13 00:00:00+00:00,BTC,13028.33,13051.65,12836.16,12960.69,511.3068
2024-07-13 01:00:00+00:00,BTC,12960.69,12998.49,12948.82,12966.17,419.6025
2024-07-13 02:00:00+00:00,BTC,12966.17,13010.17,12787.2,12917.95,398.5241
2024-07-13 03:00:00+00:00,BTC,12917.95,12942.67,12821.31,12844.92,804.3474
2024-07-13 04:00:00+00:00,BTC,12844.92,13008.55,12686.59,12720.46,588.4343
2024-07-13 05:00:00+00:00,BTC,12720.46,12732.22,12575.58,12693.12,617.0798
2024-07-13 06:00:00+00:00,BTC,12693.12,12785.82,12684.28,12736.37,682.6817
2024-07-13 07:00:00+00:00,BTC,12736.37,12786.74,12680.92,12683.4,563.5604
2024-07-13 08:00:00+00:00,BTC,12683.4,12888.93,12659.19,12876.68,344.9026
2024-07-13 09:00:00+00:00,BTC,12876.68,13055.82,12845.8,12945.29,288.4458
2024-07-13 10:00:00+00:00,BTC,12945.29,13078.47,12860.31,13047.0,857.0388
2024-07-13 11:00:00+00:00,BTC,13047.0,13314.42,13014.99,13109.4,537.7605
2024-07-13 12:00:00+00:00,BTC,13109.4,13402.51,13085.81,13255.95,514.0653
2024-07-13 13:00:00+00:00,BTC,13255.95,13282.18,13037.55,13193.5,940.3111
2024-07-13 14:00:00+00:00,BTC,13193.5,13245.86,12989.24,12992.34,344.496
2024-07-13 15:00:00+00:00,BTC,12992.34,13001.31,12941.0,12957.61,206.7247
2024-07-13 16:00:00+00:00,BTC,12957.61,13033.24,12931.94,13001.08,265.221
2024-07-13 17:00:00+00:00,BTC,13001.08,13085.29,12993.84,13012.91,415.2144
2024-07-13 18:00:00+00:00,BTC,13012.91,13117.93,12892.8,13034.44,520.9317
2024-07-13 19:00:00+00:00,BTC,13034.44,13159.87,12962.1,13138.15,813.7745
2024-07-13 20:00:00+00:00,BTC,13138.15,13180.02,13053.4,13168.3,671.6477
2024-07-13 21:00:00+00:00,BTC,13168.3,13267.94,13047.1,13231.57,203.9734
2024-07-13 22:00:00+00:00,BTC,13231.57,13243.12,13107.65,13157.19,1332.5512
2024-07-13 23:00:00+00:00,BTC,13157.19,13407.4,12959.46,13071.0,433.0794
2024-07-14 00:00:00+00:00,BTC,13071.0,13205.44,12959.39,13198.21,768.4224
2024-07-14 01:00:00+00:00,BTC,13198.21,13219.78,13093.41,13206.2,605.2927
2024-07-14 02:00:00+00:00,BTC,13206.2,13289.62,13117.1,13156.91,500.9365
2024-07-14 03:00:00+00:00,BTC,13156.91,13194.22,13064.28,13107.95,460.1903
2024-07-14 04:00:00+00:00,BTC,13107.95,13128.82,12923.22,13056.99,338.7559
2024-07-14 05:00:00+00:00,BTC,13056.99,13089.85,12816.45,13001.57,318.5742
2024-07-14 06:00:00+00:00,BTC,13001.57,13145.56,12818.75,12901.86,471.7386
2024-07-14 07:00:00+00:00,BTC,12901.86,13024.26,12716.9,12786.23,307.5816
2024-07-14 08:00:00+00:00,BTC,12786.23,12809.82,12759.02,12771.28,890.1392
2024-07-14 09:00:00+00:00,BTC,12771.28,12953.21,12662.55,12725.92,517.2574
2024-07-14 10:00:00+00:00,BTC,12725.92,12861.06,12667.09,12810.74,1040.0857
2024-07-14 11:00:00+00:00,BTC,12810.74,12932.42,12800.37,12833.29,429.2944
2024-07-14 12:00:00+00:00,BTC,12833.29,12854.65,12824.26,12853.74,406.6392
2024-07-14 13:00:00+00:00,BTC,12853.74,12872.01,12717.98,12796.55,614.8709
2024-07-14 14:00:00+00:00,BTC,12796.55,12923.58,12747.59,12787.26,456.6238
2024-07-14 15:00:00+00:00,BTC,12787.26,12869.94,12622.78,12814.99,702.881
2024-07-14 16:00:00+00:00,BTC,12814.99,12892.77,12792.98,12870.18,827.1484
2024-07-14 17:00:00+00:00,BTC,12870.18,12873.95,12800.82,12862.93,734.5887
2024-07-14 18:00:00+00:00,BTC,12862.93,12992.01,12840.66,12946.48,806.0572
2024-07-14 19:00:00+00:00,BTC,12946.48,12951.18,12935.0,12947.1,665.6495
2024-07-14 20:00:00+00:00,BTC,12947.1,13022.01,12852.99,13008.84,412.5843
2024-07-14 21:00:00+00:00,BTC,13008.84,13070.36,12917.39,12970.66,745.1347
2024-07-14 22:00:00+00:00,BTC,12970.66,13038.38,12759.72,12830.36,638.2744
2024-07-14 23:00:00+00:00,BTC,12830.36,12939.11,12702.41,12851.04,402.7852
2024-07-15 00:00:00+00:00,BTC,12851.04,12972.49,12802.4,12907.09,421.0656
2024-07-15 01:00:00+00:00,BTC,12907.09,12980.0,12882.17,12951.72,484.1885
2024-07-15 02:00:00+00:00,BTC,12951.72,13086.39,12944.06,12984.57,737.7654
2024-07-15 03:00:00+00:00,BTC,12984.57,13038.57,12925.83,12957.44,520.8871
2024-07-15 04:00:00+00:00,BTC,12957.44,13012.05,12806.21,12894.87,499.0124
2024-07-15 05:00:00+00:00,BTC,12894.87,13017.99,12797.81,12937.63,472.91
2024-07-15 06:00:00+00:00,BTC,12937.63,13056.43,12930.36,12970.78,441.835
2024-07-15 07:00:00+00:00,BTC,12970.78,12982.52,12924.56,12927.2,332.6984
2024-07-15 08:00:00+00:00,BTC,12927.2,13062.51,12887.91,13013.54,660.4601
2024-07-15 09:00:00+00:00,BTC,13013.54,13015.56,12882.72,12944.78,350.2035
2024-07-15 10:00:00+00:00,BTC,12944.78,12979.14,12788.35,12899.54,511.9756
2024-07-15 11:00:00+00:00,BTC,12899.54,13145.61,12848.93,13026.82,433.3344
2024-07-15 12:00:00+00:00,BTC,13026.82,13165.35,12823.74,13094.89,653.8164
2024-07-15 13:00:00+00:00,BTC,13094.89,13262.74,13005.06,13066.79,443.5925
2024-07-15 14:00:00+00:00,BTC,13066.79,13151.83,13055.17,13089.34,351.5751
2024-07-15 15:00:00+00:00,BTC,13089.34,13184.13,13057.62,13101.5,706.8837
2024-07-15 16:00:00+00:00,BTC,13101.5,13103.57,12842.27,12887.44,374.4698
2024-07-15 17:00:00+00:00,BTC,12887.44,12923.05,12708.55,12817.54,527.8152
2024-07-15 18:00:00+00:00,BTC,12817.54,12885.06,12806.41,12813.63,780.8931
2024-07-15 19:00:00+00:00,BTC,12813.63,12818.53,12733.31,12786.24,387.2461
2024-07-15 20:00:00+00:00,BTC,12786.24,12876.9,12749.72,12805.21,482.2091
2024-07-15 21:00:00+00:00,BTC,12805.21,12941.18,12798.44,12892.28,429.9611
2024-07-15 22:00:00+00:00,BTC,12892.28,12914.81,12795.04,12867.44,523.5411
2024-07-15 23:00:00+00:00,BTC,12867.44,12890.65,12714.71,12786.04,488.1609
2024-07-16 00:00:00+00:00,BTC,12786.04,12857.68,12701.8,12810.98,690.0389
2024-07-16 01:00:00+00:00,BTC,12810.98,12948.8,12713.28,12785.9,402.3637
2024-07-16 02:00:00+00:00,BTC,12785.9,12907.1,12665.76,12773.94,780.9982
2024-07-16 03:00:00+00:00,BTC,12773.94,12822.98,12653.55,12751.59,876.7668
2024-07-16 04:00:00+00:00,BTC,12751.59,13009.13,12697.23,12924.27,546.9726
2024-07-16 05:00:00+00:00,BTC,12924.27,12928.27,12730.15,12751.68,379.1976
2024-07-16 06:00:00+00:00,BTC,12751.68,12781.87,12705.7,12722.0,492.8574
2024-07-16 07:00:00+00:00,BTC,12722.0,12764.24,12633.77,12721.72,478.6169
2024-07-16 08:00:00+00:00,BTC,12721.72,12801.44,12580.39,12662.24,929.7693
2024-07-16 09:00:00+00:00,BTC,12662.24,12804.13,12533.17,12730.78,482.2673
2024-07-16 10:00:00+00:00,BTC,12730.78,13007.49,12556.74,12793.06,811.2589
2024-07-16 11:00:00+00:00,BTC,12793.06,12964.94,12767.44,12789.39,519.8895
2024-07-16 12:00:00+00:00,BTC,12789.39,12813.13,12707.01,12768.64,508.0852
2024-07-16 13:00:00+00:00,BTC,12768.64,12889.25,12735.72,12760.06,441.6727
2024-07-16 14:00:00+00:00,BTC,12760.06,12872.85,12742.81,12752.04,456.3344
2024-07-16 15:00:00+00:00,BTC,12752.04,12766.95,12707.54,12746.05,682.6678
2024-07-16 16:00:00+00:00,BTC,12746.05,12767.77,12711.86,12731.68,387.1829
2024-07-16 17:00:00+00:00,BTC,12731.68,12954.88,12643.55,12750.98,699.6052
2024-07-16 18:00:00+00:00,BTC,12750.98,13048.92,12730.23,12808.73,827.9177
2024-07-16 19:00:00+00:00,BTC,12808.73,12836.73,12645.06,12714.53,406.4535
2024-07-16 20:00:00+00:00,BTC,12714.53,12768.85,12594.82,12634.63,763.107
2024-07-16 21:00:00+00:00,BTC,12634.63,12686.33,12441.14,12502.77,721.6147
2024-07-16 22:00:00+00:00,BTC,12502.77,12663.31,12492.05,12567.94,677.7862
2024-07-16 23:00:00+00:00,BTC,12567.94,12627.92,12541.6,12586.83,400.2087
2024-07-17 00:00:00+00:00,BTC,12586.83,12711.45,12523.17,12625.04,479.5343
2024-07-17 01:00:00+00:00,BTC,12625.04,12633.62,12494.35,12517.22,479.3057
2024-07-17 02:00:00+00:00,BTC,12517.22,12711.09,12510.69,12652.0,1039.3442
2024-07-17 03:00:00+00:00,BTC,12652.0,12657.05,12542.88,12605.86,498.2421
2024-07-17 04:00:00+00:00,BTC,12605.86,12720.59,12433.43,12618.59,468.9316
2024-07-17 05:00:00+00:00,BTC,12618.59,12768.34,12579.38,12683.44,334.5648
2024-07-17 06:00:00+00:00,BTC,12683.44,12814.03,12570.26,12608.56,355.832
2024-07-17 07:00:00+00:00,BTC,12608.56,12793.94,12545.93,12567.29,393.5296
2024-07-17 08:00:00+00:00,BTC,12567.29,12688.78,12515.99,12580.81,567.4067
2024-07-17 09:00:00+00:00,BTC,12580.81,12876.45,12580.73,12798.37,303.7446
2024-07-17 10:00:00+00:00,BTC,12798.37,12844.9,12678.73,12821.51,396.054
2024-07-17 11:00:00+00:00,BTC,12821.51,12970.94,12795.57,12945.68,260.6719
2024-07-17 12:00:00+00:00,BTC,12945.68,13117.62,12934.59,13039.67,816.7023
2024-07-17 13:00:00+00:00,BTC,13039.67,13134.37,12929.28,13068.5,518.9725
2024-07-17 14:00:00+00:00,BTC,13068.5,13100.49,12960.28,12991.16,557.3828
2024-07-17 15:00:00+00:00,BTC,12991.16,13177.93,12950.77,13074.03,341.4198
2024-07-17 16:00:00+00:00,BTC,13074.03,13107.17,12800.33,12957.04,750.741
2024-07-17 17:00:00+00:00,BTC,12957.04,13107.57,12844.23,13082.1,846.1355
2024-07-17 18:00:00+00:00,BTC,13082.1,13108.95,13038.11,13097.8,511.8497
2024-07-17 19:00:00+00:00,BTC,13097.8,13173.69,12797.63,12891.18,422.8071
2024-07-17 20:00:00+00:00,BTC,12891.18,12934.78,12790.46,12864.87,606.6148
2024-07-17 21:00:00+00:00,BTC,12864.87,13057.68,12788.03,12915.45,646.6383
2024-07-17 22:00:00+00:00,BTC,12915.45,12985.82,12849.42,12897.09,678.0529
2024-07-17 23:00:00+00:00,BTC,12897.09,12986.86,12885.09,12952.54,630.788
2024-07-18 00:00:00+00:00,BTC,12952.54,13005.58,12858.0,12886.65,700.6479
2024-07-18 01:00:00+00:00,BTC,12886.65,12892.08,12740.56,12786.06,392.3622
2024-07-18 02:00:00+00:00,BTC,12786.06,12840.02,12777.3,12780.58,687.991
2024-07-18 03:00:00+00:00,BTC,12780.58,12816.84,12769.22,12783.0,426.5705
2024-07-18 04:00:00+00:00,BTC,12783.0,12870.46,12725.87,12756.31,207.7079
2024-07-18 05:00:00+00:00,BTC,12756.31,12903.54,12655.7,12850.59,425.2017
2024-07-18 06:00:00+00:00,BTC,12850.59,12883.5,12683.54,12785.21,411.8841
2024-07-18 07:00:00+00:00,BTC,12785.21,12946.4,12675.07,12809.25,544.0119
2024-07-18 08:00:00+00:00,BTC,12809.25,12853.71,12663.94,12814.48,670.4204
2024-07-18 09:00:00+00:00,BTC,12814.48,12888.81,12638.61,12695.34,534.9067
2024-07-18 10:00:00+00:00,BTC,12695.34,12711.23,12563.86,12595.27,1009.925
2024-07-18 11:00:00+00:00,BTC,12595.27,12656.4,12568.28,12596.17,416.067
2024-07-18 12:00:00+00:00,BTC,12596.17,12764.02,12525.23,12746.79,249.3628
2024-07-18 13:00:00+00:00,BTC,12746.79,12805.56,12746.78,12791.17,551.0943
2024-07-18 14:00:00+00:00,BTC,12791.17,12870.75,12607.68,12659.42,413.191
2024-07-18 15:00:00+00:00,BTC,12659.42,12699.97,12408.09,12425.35,341.9342
2024-07-18 16:00:00+00:00,BTC,12425.35,12641.95,12376.62,12480.12,450.5511
2024-07-18 17:00:00+00:00,BTC,12480.12,12488.12,12354.3,12472.92,380.0922
2024-07-18 18:00:00+00:00,BTC,12472.92,12588.72,12463.97,12558.62,393.4414
2024-07-18 19:00:00+00:00,BTC,12558.62,12591.22,12464.76,12492.43,851.913
2024-07-18 20:00:00+00:00,BTC,12492.43,12557.24,12491.31,12518.71,522.2371
2024-07-18 21:00:00+00:00,BTC,12518.71,12631.5,12313.39,12582.43,455.653
2024-07-18 22:00:00+00:00,BTC,12582.43,12696.92,12455.63,12548.69,874.6057
2024-07-18 23:00:00+00:00,BTC,12548.69,12551.62,12512.6,12516.65,450.8755
2024-07-19 00:00:00+00:00,BTC,12516.65,12522.72,12358.48,12518.55,325.0773
2024-07-19 01:00:00+00:00,BTC,12518.55,12582.92,12435.14,12559.38,314.3001
2024-07-19 02:00:00+00:00,BTC,12559.38,12640.6,12554.76,12558.3,486.1949
2024-07-19 03:00:00+00:00,BTC,12558.3,12662.76,12503.25,12631.9,281.4121
2024-07-19 04:00:00+00:00,BTC,12631.9,12673.55,12518.08,12596.94,331.7057
2024-07-19 05:00:00+00:00,BTC,12596.94,12641.73,12477.79,12496.94,437.5401
2024-07-19 06:00:00+00:00,BTC,12496.94,12662.21,12483.14,12646.06,743.0673
2024-07-19 07:00:00+00:00,BTC,12646.06,12753.59,12525.07,12600.26,785.8316
2024-07-19 08:00:00+00:00,BTC,12600.26,12728.19,12444.02,12557.36,629.8518
2024-07-19 09:00:00+00:00,BTC,12557.36,12740.52,12535.15,12552.4,499.3222
2024-07-19 10:00:00+00:00,BTC,12552.4,12588.69,12542.93,12557.46,409.512
2024-07-19 11:00:00+00:00,BTC,12557.46,12698.3,12497.07,12528.36,572.7983
2024-07-19 12:00:00+00:00,BTC,12528.36,12548.7,12387.5,12527.05,932.8982
2024-07-19 13:00:00+00:00,BTC,12527.05,12604.61,12451.75,12524.06,525.3707
2024-07-19 14:00:00+00:00,BTC,12524.06,12566.6,12456.66,12537.21,425.3481
2024-07-19 15:00:00+00:00,BTC,12537.21,12570.9,12347.52,12361.12,473.1561
2024-07-19 16:00:00+00:00,BTC,12361.12,12561.52,12322.93,12501.41,455.4408
2024-07-19 17:00:00+00:00,BTC,12501.41,12544.19,12461.62,12490.36,605.8751
2024-07-19 18:00:00+00:00,BTC,12490.36,12683.11,12417.79,12533.95,382.7272
2024-07-19 19:00:00+00:00,BTC,12533.95,12544.94,12358.5,12430.74,576.3828
2024-07-19 20:00:00+00:00,BTC,12430.74,12477.33,12393.94,12395.66,610.0035
2024-07-19 21:00:00+00:00,BTC,12395.66,12423.27,12343.06,12345.76,563.9832
2024-07-19 22:00:00+00:00,BTC,12345.76,12484.18,12343.39,12455.11,341.8674
2024-07-19 23:00:00+00:00,BTC,12455.11,12526.38,12310.36,12411.41,474.5147
2024-07-20 00:00:00+00:00,BTC,12411.41,12493.19,12197.17,12467.99,415.8104
2024-07-20 01:00:00+00:00,BTC,12467.99,12476.07,12410.25,12419.43,487.2412
2024-07-20 02:00:00+00:00,BTC,12419.43,12435.78,12348.04,12385.75,395.9526
2024-07-20 03:00:00+00:00,BTC,12385.75,12420.44,12326.59,12367.51,772.6126
2024-07-20 04:00:00+00:00,BTC,12367.51,12528.07,12294.85,12463.15,533.7987
2024-07-20 05:00:00+00:00,BTC,12463.15,12491.29,12280.95,12322.63,283.7972
2024-07-20 06:00:00+00:00,BTC,12322.63,12334.66,12072.2,12225.73,313.9417
2024-07-20 07:00:00+00:00,BTC,12225.73,12329.41,12000.24,12083.72,762.2489
2024-07-20 08:00:00+00:00,BTC,12083.72,12131.63,11789.38,12005.13,469.4598
2024-07-20 09:00:00+00:00,BTC,12005.13,12080.0,11885.3,11946.81,436.232
2024-07-20 10:00:00+00:00,BTC,11946.81,11964.03,11761.55,11831.64,742.1841
2024-07-20 11:00:00+00:00,BTC,11831.64,11851.73,11648.3,11779.64,474.1753
2024-07-20 12:00:00+00:00,BTC,11779.64,11863.24,11565.7,11638.1,329.0841
2024-07-20 13:00:00+00:00,BTC,11638.1,11654.6,11545.89,11567.24,336.9498
2024-07-20 14:00:00+00:00,BTC,11567.24,11880.3,11456.34,11650.85,622.8075
2024-07-20 15:00:00+00:00,BTC,11650.85,11698.38,11640.51,11679.1,1017.3125
2024-07-20 16:00:00+00:00,BTC,11679.1,11705.79,11676.84,11692.24,670.79
2024-07-20 17:00:00+00:00,BTC,11692.24,11707.29,11565.03,11622.1,437.4432
2024-07-20 18:00:00+00:00,BTC,11622.1,11626.25,11406.96,11515.48,461.8576
2024-07-20 19:00:00+00:00,BTC,11515.48,11624.53,11392.64,11437.04,508.5557
2024-07-20 20:00:00+00:00,BTC,11437.04,11502.74,11303.6,11434.08,246.5634
2024-07-20 21:00:00+00:00,BTC,11434.08,11511.78,11399.66,11493.79,504.124
2024-07-20 22:00:00+00:00,BTC,11493.79,11621.43,11457.06,11556.19,613.4139
2024-07-20 23:00:00+00:00,BTC,11556.19,11628.66,11460.85,11600.0,929.9552
2024-07-21 00:00:00+00:00,BTC,11600.0,11607.95,11546.31,11548.78,732.4282
2024-07-21 01:00:00+00:00,BTC,11548.78,11574.53,11497.83,11550.48,982.4815
2024-07-21 02:00:00+00:00,BTC,11550.48,11594.28,11432.8,11528.23,900.3754
2024-07-21 03:00:00+00:00,BTC,11528.23,11528.49,11485.46,11514.32,814.6437
2024-07-21 04:00:00+00:00,BTC,11514.32,11755.82,11494.14,11655.92,504.6063
2024-07-21 05:00:00+00:00,BTC,11655.92,11694.55,11413.87,11533.35,564.143
2024-07-21 06:00:00+00:00,BTC,11533.35,11535.02,11506.9,11517.12,278.6755
2024-07-21 07:00:00+00:00,BTC,11517.12,11666.97,11408.69,11601.16,523.3394
2024-07-21 08:00:00+00:00,BTC,11601.16,11603.63,11376.6,11499.57,609.5764
2024-07-21 09:00:00+00:00,BTC,11499.57,11533.65,11308.25,11455.24,452.7914
2024-07-21 10:00:00+00:00,BTC,11455.24,11469.24,11342.35,11418.93,291.4987
2024-07-21 11:00:00+00:00,BTC,11418.93,11466.47,11366.26,11403.65,870.0833
2024-07-21 12:00:00+00:00,BTC,11403.65,11431.46,11278.62,11294.97,576.36
2024-07-21 13:00:00+00:00,BTC,11294.97,11438.94,11203.3,11335.38,913.0783
2024-07-21 14:00:00+00:00,BTC,11335.38,11429.11,11277.78,11380.79,648.3099
2024-07-21 15:00:00+00:00,BTC,11380.79,11525.54,11334.48,11415.56,807.1933
2024-07-21 16:00:00+00:00,BTC,11415.56,11506.24,11354.54,11356.1,751.2129
2024-07-21 17:00:00+00:00,BTC,11356.1,11377.86,11262.35,11361.99,394.1811
2024-07-21 18:00:00+00:00,BTC,11361.99,11402.79,11229.38,11300.84,418.4127
2024-07-21 19:00:00+00:00,BTC,11300.84,11340.85,11225.21,11278.31,430.3831
2024-07-21 20:00:00+00:00,BTC,11278.31,11444.95,11269.62,11424.98,356.5173
2024-07-21 21:00:00+00:00,BTC,11424.98,11605.75,11372.49,11431.55,927.4139
2024-07-21 22:00:00+00:00,BTC,11431.55,11456.84,11266.92,11350.38,507.4522
2024-07-21 23:00:00+00:00,BTC,11350.38,11484.31,11304.76,11362.67,587.2414
2024-07-22 00:00:00+00:00,BTC,11362.67,11445.71,11262.73,11270.88,313.7975
2024-07-22 01:00:00+00:00,BTC,11270.88,11316.58,11122.8,11190.09,665.882
2024-07-22 02:00:00+00:00,BTC,11190.09,11192.51,10987.61,11120.41,433.2433
2024-07-22 03:00:00+00:00,BTC,11120.41,11126.96,11074.77,11090.8,777.3946
2024-07-22 04:00:00+00:00,BTC,11090.8,11154.27,11036.66,11153.33,393.3557
2024-07-22 05:00:00+00:00,BTC,11153.33,11277.74,11151.85,11192.1,796.9316
2024-07-22 06:00:00+00:00,BTC,11192.1,11290.23,11129.56,11227.28,694.9981
2024-07-22 07:00:00+00:00,BTC,11227.28,11233.93,11106.0,11153.49,424.7992
2024-07-22 08:00:00+00:00,BTC,11153.49,11167.83,11094.56,11117.33,821.2704
2024-07-22 09:00:00+00:00,BTC,11117.33,11207.14,11101.51,11135.49,747.4658
2024-07-22 10:00:00+00:00,BTC,11135.49,11185.22,11047.2,11093.58,593.4656
2024-07-22 11:00:00+00:00,BTC,11093.58,11155.53,11002.28,11075.07,353.132
2024-07-22 12:00:00+00:00,BTC,11075.07,11147.72,11022.95,11104.44,661.5909
2024-07-22 13:00:00+00:00,BTC,11104.44,11183.49,11009.83,11081.23,511.6862
2024-07-22 14:00:00+00:00,BTC,11081.23,11174.66,11022.61,11096.27,508.711
2024-07-22 15:00:00+00:00,BTC,11096.27,11204.56,11003.97,11202.81,513.0886
2024-07-22 16:00:00+00:00,BTC,11202.81,11214.13,11099.26,11191.27,494.7565
2024-07-22 17:00:00+00:00,BTC,11191.27,11275.18,11178.3,11270.74,369.3113
2024-07-22 18:00:00+00:00,BTC,11270.74,11314.94,11218.11,11308.63,294.1918
2024-07-22 19:00:00+00:00,BTC,11308.63,11311.96,11165.92,11209.51,273.6941
2024-07-22 20:00:00+00:00,BTC,11209.51,11236.24,11112.81,11135.63,555.2275
2024-07-22 21:00:00+00:00,BTC,11135.63,11144.3,10963.29,11080.07,214.0637
2024-07-22 22:00:00+00:00,BTC,11080.07,11136.92,10997.38,11023.39,644.7006
2024-07-22 23:00:00+00:00,BTC,11023.39,11056.57,10954.62,11017.42,596.9099
2024-07-23 00:00:00+00:00,BTC,11017.42,11253.01,10985.25,11058.12,449.7329
2024-07-23 01:00:00+00:00,BTC,11058.12,11174.85,11050.64,11141.72,716.1521
2024-07-23 02:00:00+00:00,BTC,11141.72,11181.28,11130.46,11162.34,456.4974
2024-07-23 03:00:00+00:00,BTC,11162.34,11204.03,11058.62,11132.53,578.8865
2024-07-23 04:00:00+00:00,BTC,11132.53,11146.77,10989.19,10994.31,251.9543
2024-07-23 05:00:00+00:00,BTC,10994.31,11107.83,10969.67,10998.97,228.1425
2024-07-23 06:00:00+00:00,BTC,10998.97,11037.58,10906.94,11000.67,460.468
2024-07-23 07:00:00+00:00,BTC,11000.67,11022.09,10988.53,11012.75,579.7562
2024-07-23 08:00:00+00:00,BTC,11012.75,11277.55,10968.35,11152.8,697.2886
2024-07-23 09:00:00+00:00,BTC,11152.8,11304.15,11058.55,11236.13,469.9219
2024-07-23 10:00:00+00:00,BTC,11236.13,11335.0,10936.24,11289.18,545.0659
2024-07-23 11:00:00+00:00,BTC,11289.18,11318.68,11141.26,11224.2,658.3863
2024-07-23 12:00:00+00:00,BTC,11224.2,11262.51,11164.01,11189.71,478.1346
2024-07-23 13:00:00+00:00,BTC,11189.71,11215.55,11137.75,11183.34,614.0943
2024-07-23 14:00:00+00:00,BTC,11183.34,11193.06,10971.06,11131.43,336.8119
2024-07-23 15:00:00+00:00,BTC,11131.43,11178.71,11098.57,11164.91,280.0189
2024-07-23 16:00:00+00:00,BTC,11164.91,11279.76,11129.48,11188.84,414.7831
2024-07-23 17:00:00+00:00,BTC,11188.84,11205.05,11078.34,11116.02,655.7442
2024-07-23 18:00:00+00:00,BTC,11116.02,11247.63,11055.05,11196.13,389.8423
2024-07-23 19:00:00+00:00,BTC,11196.13,11279.86,11149.02,11203.01,627.9062
2024-07-23 20:00:00+00:00,BTC,11203.01,11314.24,11035.09,11087.38,349.0331
2024-07-23 21:00:00+00:00,BTC,11087.38,11135.48,11070.08,11083.97,407.7801
2024-07-23 22:00:00+00:00,BTC,11083.97,11124.82,11033.18,11102.68,544.2029
2024-07-23 23:00:00+00:00,BTC,11102.68,11261.44,10971.11,11167.68,395.8404
2024-07-24 00:00:00+00:00,BTC,11167.68,11216.75,11031.07,11145.09,420.0288
2024-07-24 01:00:00+00:00,BTC,11145.09,11264.46,11132.27,11200.59,200.6703
2024-07-24 02:00:00+00:00,BTC,11200.59,11273.76,11193.95,11213.17,670.715
2024-07-24 03:00:00+00:00,BTC,11213.17,11335.45,11124.99,11125.05,479.67
2024-07-24 04:00:00+00:00,BTC,11125.05,11219.97,10798.76,11030.98,359.1512
2024-07-24 05:00:00+00:00,BTC,11030.98,11154.05,11015.88,11105.53,949.5801
2024-07-24 06:00:00+00:00,BTC,11105.53,11204.33,10979.07,11185.51,379.3318
2024-07-24 07:00:00+00:00,BTC,11185.51,11219.26,11174.6,11207.2,417.452
2024-07-24 08:00:00+00:00,BTC,11207.2,11342.94,11200.11,11308.23,357.0883
2024-07-24 09:00:00+00:00,BTC,11308.23,11510.83,11286.91,11380.15,735.7776
2024-07-24 10:00:00+00:00,BTC,11380.15,11446.28,11314.3,11426.92,825.8679
2024-07-24 11:00:00+00:00,BTC,11426.92,11484.63,11252.73,11364.61,797.4912
2024-07-24 12:00:00+00:00,BTC,11364.61,11521.8,11243.79,11483.29,794.8348
2024-07-24 13:00:00+00:00,BTC,11483.29,11572.12,11454.57,11520.3,405.6739
2024-07-24 14:00:00+00:00,BTC,11520.3,11564.53,11485.36,11493.66,897.8097
2024-07-24 15:00:00+00:00,BTC,11493.66,11507.49,11310.56,11447.67,466.9146
2024-07-24 16:00:00+00:00,BTC,11447.67,11546.77,11393.85,11465.32,291.3966
2024-07-24 17:00:00+00:00,BTC,11465.32,11556.16,11308.76,11350.94,430.6686
2024-07-24 18:00:00+00:00,BTC,11350.94,11409.98,11261.75,11398.69,560.4228
2024-07-24 19:00:00+00:00,BTC,11398.69,11435.88,11293.82,11333.66,398.9832
2024-07-24 20:00:00+00:00,BTC,11333.66,11413.77,11274.75,11358.89,526.3794
2024-07-24 21:00:00+00:00,BTC,11358.89,11412.51,11283.67,11323.4,603.3
2024-07-24 22:00:00+00:00,BTC,11323.4,11393.54,11217.87,11305.45,577.2773
2024-07-24 23:00:00+00:00,BTC,11305.45,11338.83,11247.94,11254.22,628.8575
2024-07-25 00:00:00+00:00,BTC,11254.22,11295.06,11131.91,11243.34,469.4638
2024-07-25 01:00:00+00:00,BTC,11243.34,11394.85,11241.27,11371.52,387.633
2024-07-25 02:00:00+00:00,BTC,11371.52,11496.81,11344.58,11466.42,298.8817
2024-07-25 03:00:00+00:00,BTC,11466.42,11568.54,11394.09,11490.83,484.834
2024-07-25 04:00:00+00:00,BTC,11490.83,11507.58,11391.08,11489.09,414.2947
2024-07-25 05:00:00+00:00,BTC,11489.09,11612.88,11400.85,11547.43,479.7004
2024-07-25 06:00:00+00:00,BTC,11547.43,11748.3,11535.95,11625.98,242.2335
2024-07-25 07:00:00+00:00,BTC,11625.98,11638.03,11537.64,11568.24,293.8754
2024-07-25 08:00:00+00:00,BTC,11568.24,11595.06,11468.73,11562.87,597.7072
2024-07-25 09:00:00+00:00,BTC,11562.87,11593.76,11407.56,11437.15,282.0797
2024-07-25 10:00:00+00:00,BTC,11437.15,11605.54,11393.52,11514.49,467.8257
2024-07-25 11:00:00+00:00,BTC,11514.49,11712.25,11458.17,11658.04,373.8406
2024-07-25 12:00:00+00:00,BTC,11658.04,11707.96,11590.27,11663.64,365.6196
2024-07-25 13:00:00+00:00,BTC,11663.64,11716.41,11473.22,11515.87,515.1539
2024-07-25 14:00:00+00:00,BTC,11515.87,11601.52,11468.44,11558.02,505.0231
2024-07-25 15:00:00+00:00,BTC,11558.02,11699.02,11463.55,11495.5,605.3493
2024-07-25 16:00:00+00:00,BTC,11495.5,11506.37,11411.25,11449.83,339.9866
2024-07-25 17:00:00+00:00,BTC,11449.83,11544.52,11431.4,11492.96,366.8849
2024-07-25 18:00:00+00:00,BTC,11492.96,11561.67,11424.24,11510.53,740.806
2024-07-25 19:00:00+00:00,BTC,11510.53,11652.78,11305.16,11476.87,462.195
2024-07-25 20:00:00+00:00,BTC,11476.87,11553.27,11366.73,11432.22,568.3113
2024-07-25 21:00:00+00:00,BTC,11432.22,11494.81,11382.27,11440.85,420.1518
2024-07-25 22:00:00+00:00,BTC,11440.85,11681.83,11392.16,11412.78,586.3658
2024-07-25 23:00:00+00:00,BTC,11412.78,11491.63,11279.55,11337.08,209.2533
2024-07-26 00:00:00+00:00,BTC,11337.08,11402.42,11266.04,11314.48,748.1465
2024-07-26 01:00:00+00:00,BTC,11314.48,11431.36,11285.64,11337.55,426.3486
2024-07-26 02:00:00+00:00,BTC,11337.55,11443.55,11291.13,11325.45,322.9463
2024-07-26 03:00:00+00:00,BTC,11325.45,11332.84,11188.34,11229.8,344.7206
2024-07-26 04:00:00+00:00,BTC,11229.8,11345.32,11226.49,11296.64,455.9359
2024-07-26 05:00:00+00:00,BTC,11296.64,11368.12,11093.21,11112.52,481.0493
2024-07-26 06:00:00+00:00,BTC,11112.52,11271.3,10953.61,11082.8,525.3296
2024-07-26 07:00:00+00:00,BTC,11082.8,11178.11,11019.67,11041.63,329.3693
2024-07-26 08:00:00+00:00,BTC,11041.63,11056.58,10998.67,11051.46,678.2514
2024-07-26 09:00:00+00:00,BTC,11051.46,11300.48,11031.18,11088.76,416.1776
2024-07-26 10:00:00+00:00,BTC,11088.76,11213.03,11079.69,11163.98,408.9522
2024-07-26 11:00:00+00:00,BTC,11163.98,11180.35,11028.99,11116.36,461.9304
2024-07-26 12:00:00+00:00,BTC,11116.36,11244.54,10982.8,11155.56,630.5542
2024-07-26 13:00:00+00:00,BTC,11155.56,11337.13,11150.28,11168.67,494.1024
2024-07-26 14:00:00+00:00,BTC,11168.67,11171.31,11053.37,11054.57,413.5539
2024-07-26 15:00:00+00:00,BTC,11054.57,11185.37,11042.75,11181.34,446.4368
2024-07-26 16:00:00+00:00,BTC,11181.34,11200.42,11022.81,11085.24,766.1
2024-07-26 17:00:00+00:00,BTC,11085.24,11128.53,11047.59,11113.17,723.4187
2024-07-26 18:00:00+00:00,BTC,11113.17,11206.28,10989.21,11139.2,568.3014
2024-07-26 19:00:00+00:00,BTC,11139.2,11210.91,11094.29,11157.64,526.6948
2024-07-26 20:00:00+00:00,BTC,11157.64,11278.27,11071.8,11124.58,1123.6869
2024-07-26 21:00:00+00:00,BTC,11124.58,11216.19,11122.21,11179.94,588.0654
2024-07-26 22:00:00+00:00,BTC,11179.94,11192.49,11039.83,11075.75,532.6272
2024-07-26 23:00:00+00:00,BTC,11075.75,11078.25,10934.64,11071.38,465.8571
2024-07-27 00:00:00+00:00,BTC,11071.38,11128.0,10828.7,11033.99,566.5077
2024-07-27 01:00:00+00:00,BTC,11033.99,11110.35,10978.24,10989.24,172.2194
2024-07-27 02:00:00+00:00,BTC,10989.24,11083.29,10913.54,11017.54,716.4501
2024-07-27 03:00:00+00:00,BTC,11017.54,11123.11,10900.31,11089.0,320.374
2024-07-27 04:00:00+00:00,BTC,11089.0,11095.85,11039.81,11066.19,388.8838
2024-07-27 05:00:00+00:00,BTC,11066.19,11235.09,10956.72,11118.14,306.2936
2024-07-27 06:00:00+00:00,BTC,11118.14,11179.93,11112.45,11121.46,386.3961
2024-07-27 07:00:00+00:00,BTC,11121.46,11185.31,11038.4,11062.05,443.8533
2024-07-27 08:00:00+00:00,BTC,11062.05,11127.67,11026.89,11044.94,682.5809
2024-07-27 09:00:00+00:00,BTC,11044.94,11069.84,10839.6,11025.11,785.0762
2024-07-27 10:00:00+00:00,BTC,11025.11,11035.05,10904.28,10979.13,986.3337
2024-07-27 11:00:00+00:00,BTC,10979.13,11102.66,10923.7,11007.39,518.2156
2024-07-27 12:00:00+00:00,BTC,11007.39,11023.77,10891.82,11022.9,463.0967
2024-07-27 13:00:00+00:00,BTC,11022.9,11040.64,10880.5,10918.2,656.8508
2024-07-27 14:00:00+00:00,BTC,10918.2,10938.91,10741.36,10810.54,370.7981
2024-07-27 15:00:00+00:00,BTC,10810.54,10848.46,10717.83,10838.12,356.5807
2024-07-27 16:00:00+00:00,BTC,10838.12,10919.53,10743.31,10785.23,439.696
2024-07-27 17:00:00+00:00,BTC,10785.23,10818.83,10740.74,10804.8,494.1127
2024-07-27 18:00:00+00:00,BTC,10804.8,11036.23,10749.61,10855.54,242.5502
2024-07-27 19:00:00+00:00,BTC,10855.54,10886.24,10756.97,10773.08,726.3561
2024-07-27 20:00:00+00:00,BTC,10773.08,10847.97,10609.68,10682.22,543.8286
2024-07-27 21:00:00+00:00,BTC,10682.22,10831.5,10681.93,10790.08,661.1477
2024-07-27 22:00:00+00:00,BTC,10790.08,10812.96,10767.07,10812.87,288.5701
2024-07-27 23:00:00+00:00,BTC,10812.87,10851.99,10688.73,10785.7,396.1664
2024-07-28 00:00:00+00:00,BTC,10785.7,10825.73,10702.41,10725.43,389.1972
2024-07-28 01:00:00+00:00,BTC,10725.43,10757.53,10563.99,10692.63,465.7495
2024-07-28 02:00:00+00:00,BTC,10692.63,10711.57,10616.44,10616.52,494.1609
2024-07-28 03:00:00+00:00,BTC,10616.52,10776.66,10590.9,10672.95,677.8753
2024-07-28 04:00:00+00:00,BTC,10672.95,10717.81,10604.28,10623.32,517.5851
2024-07-28 05:00:00+00:00,BTC,10623.32,10769.81,10571.72,10693.25,385.7266
2024-07-28 06:00:00+00:00,BTC,10693.25,10747.3,10635.12,10667.58,1075.2494
2024-07-28 07:00:00+00:00,BTC,10667.58,10693.45,10542.77,10601.01,455.6199
2024-07-28 08:00:00+00:00,BTC,10601.01,10611.09,10544.81,10573.93,364.0244
2024-07-28 09:00:00+00:00,BTC,10573.93,10589.47,10362.36,10408.74,258.4766
2024-07-28 10:00:00+00:00,BTC,10408.74,10430.14,10365.28,10401.2,516.0747
2024-07-28 11:00:00+00:00,BTC,10401.2,10431.07,10319.35,10390.59,636.7497
2024-07-28 12:00:00+00:00,BTC,10390.59,10463.59,10355.58,10442.14,335.4988
2024-07-28 13:00:00+00:00,BTC,10442.14,10479.75,10323.02,10324.62,622.258
2024-07-28 14:00:00+00:00,BTC,10324.62,10472.49,10322.24,10396.85,514.8535
2024-07-28 15:00:00+00:00,BTC,10396.85,10471.81,10390.69,10448.16,268.7896
2024-07-28 16:00:00+00:00,BTC,10448.16,10708.05,10393.99,10526.95,622.4095
2024-07-28 17:00:00+00:00,BTC,10526.95,10620.83,10449.85,10523.62,455.7027
2024-07-28 18:00:00+00:00,BTC,10523.62,10616.3,10495.09,10587.83,337.1304
2024-07-28 19:00:00+00:00,BTC,10587.83,10613.84,10400.38,10494.78,698.9111
2024-07-28 20:00:00+00:00,BTC,10494.78,10582.43,10464.71,10539.78,694.27
2024-07-28 21:00:00+00:00,BTC,10539.78,10543.64,10472.72,10491.12,334.5818
2024-07-28 22:00:00+00:00,BTC,10491.12,10512.23,10323.9,10387.69,554.0844
2024-07-28 23:00:00+00:00,BTC,10387.69,10432.14,10278.68,10317.86,536.8689
2024-07-29 00:00:00+00:00,BTC,10317.86,10391.39,10296.36,10318.2,488.2542
2024-07-29 01:00:00+00:00,BTC,10318.2,10403.71,10234.43,10267.29,417.4348
2024-07-29 02:00:00+00:00,BTC,10267.29,10333.9,10206.67,10290.49,474.6892
2024-07-29 03:00:00+00:00,BTC,10290.49,10306.2,10121.09,10179.45,694.4251
2024-07-29 04:00:00+00:00,BTC,10179.45,10240.67,9980.86,10050.36,576.9819
2024-07-29 05:00:00+00:00,BTC,10050.36,10155.52,9985.17,10133.46,254.6409
2024-07-29 06:00:00+00:00,BTC,10133.46,10211.17,10124.07,10188.56,236.1335
2024-07-29 07:00:00+00:00,BTC,10188.56,10198.89,10049.05,10124.61,261.0256
2024-07-29 08:00:00+00:00,BTC,10124.61,10128.11,10038.22,10124.43,310.8261
2024-07-29 09:00:00+00:00,BTC,10124.43,10192.59,10045.78,10186.55,383.8678
2024-07-29 10:00:00+00:00,BTC,10186.55,10237.73,10128.92,10212.21,426.7346
2024-07-29 11:00:00+00:00,BTC,10212.21,10308.67,10211.42,10221.29,488.6576
2024-07-29 12:00:00+00:00,BTC,10221.29,10351.98,10087.37,10288.68,494.1132
2024-07-29 13:00:00+00:00,BTC,10288.68,10386.23,10239.82,10243.67,491.5659
2024-07-29 14:00:00+00:00,BTC,10243.67,10314.88,10194.27,10245.58,746.1142
2024-07-29 15:00:00+00:00,BTC,10245.58,10286.83,10154.05,10244.49,278.0398
2024-07-29 16:00:00+00:00,BTC,10244.49,10271.9,10188.72,10227.73,561.9949
2024-07-29 17:00:00+00:00,BTC,10227.73,10268.95,10198.03,10203.84,561.0404
2024-07-29 18:00:00+00:00,BTC,10203.84,10215.5,10158.39,10208.3,321.3943
2024-07-29 19:00:00+00:00,BTC,10208.3,10212.61,10190.25,10210.41,602.7079
2024-07-29 20:00:00+00:00,BTC,10210.41,10285.32,10113.64,10146.38,569.642
2024-07-29 21:00:00+00:00,BTC,10146.38,10299.55,10119.62,10195.31,492.4878
2024-07-29 22:00:00+00:00,BTC,10195.31,10198.52,10079.23,10135.76,214.5226
2024-07-29 23:00:00+00:00,BTC,10135.76,10405.52,10021.18,10122.5,700.5969
2024-07-30 00:00:00+00:00,BTC,10122.5,10130.33,10022.22,10104.58,541.2864
2024-07-30 01:00:00+00:00,BTC,10104.58,10181.76,10096.17,10126.31,575.8577
2024-07-30 02:00:00+00:00,BTC,10126.31,10192.53,9895.98,9998.38,152.6053
2024-07-30 03:00:00+00:00,BTC,9998.38,10107.95,9932.67,10051.96,415.1239
2024-07-30 04:00:00+00:00,BTC,10051.96,10099.59,9992.59,10011.22,302.7226
2024-07-30 05:00:00+00:00,BTC,10011.22,10111.53,9935.14,10084.77,786.2743
2024-07-30 06:00:00+00:00,BTC,10084.77,10148.81,10001.12,10055.87,339.628
2024-07-30 07:00:00+00:00,BTC,10055.87,10119.75,10027.76,10052.93,839.118
2024-07-30 08:00:00+00:00,BTC,10052.93,10180.42,10045.87,10169.03,697.9206
2024-07-30 09:00:00+00:00,BTC,10169.03,10238.2,10064.53,10152.12,540.2762
2024-07-30 10:00:00+00:00,BTC,10152.12,10281.93,10131.35,10227.86,743.9653
2024-07-30 11:00:00+00:00,BTC,10227.86,10252.21,10211.86,10230.26,359.2656
2024-07-30 12:00:00+00:00,BTC,10230.26,10294.74,10184.51,10255.79,382.514
2024-07-30 13:00:00+00:00,BTC,10255.79,10361.22,10182.74,10260.1,690.513
2024-07-30 14:00:00+00:00,BTC,10260.1,10350.96,10211.04,10312.42,359.845
2024-07-30 15:00:00+00:00,BTC,10312.42,10418.4,10253.19,10270.09,314.3705
2024-07-30 16:00:00+00:00,BTC,10270.09,10325.37,10172.25,10209.63,446.8194
2024-07-30 17:00:00+00:00,BTC,10209.63,10220.57,10153.85,10170.59,367.1825
2024-07-30 18:00:00+00:00,BTC,10170.59,10215.81,10085.26,10176.68,960.5375
2024-07-30 19:00:00+00:00,BTC,10176.68,10179.32,10121.71,10163.2,655.8838
2024-07-30 20:00:00+00:00,BTC,10163.2,10233.47,10096.76,10206.61,408.7131
2024-07-30 21:00:00+00:00,BTC,10206.61,10310.02,10145.6,10286.82,352.1755
2024-07-30 22:00:00+00:00,BTC,10286.82,10296.96,10137.89,10226.77,562.9218
2024-07-30 23:00:00+00:00,BTC,10226.77,10231.98,10152.6,10181.83,757.6705
2024-07-31 00:00:00+00:00,BTC,10181.83,10208.87,10027.02,10094.47,553.5912
2024-07-31 01:00:00+00:00,BTC,10094.47,10242.63,10003.01,10218.19,358.4353
2024-07-31 02:00:00+00:00,BTC,10218.19,10344.76,10190.79,10236.89,302.4035
2024-07-31 03:00:00+00:00,BTC,10236.89,10347.0,10217.94,10266.4,438.0253
2024-07-31 04:00:00+00:00,BTC,10266.4,10400.17,10111.94,10184.18,558.4458
2024-07-31 05:00:00+00:00,BTC,10184.18,10191.16,10156.45,10184.11,424.0869
2024-07-31 06:00:00+00:00,BTC,10184.11,10246.47,10151.46,10215.27,711.4517
2024-07-31 07:00:00+00:00,BTC,10215.27,10291.66,10176.94,10199.79,601.3148
2024-07-31 08:00:00+00:00,BTC,10199.79,10284.86,10186.37,10265.84,543.3102
2024-07-31 09:00:00+00:00,BTC,10265.84,10444.5,10199.77,10409.23,597.1779
2024-07-31 10:00:00+00:00,BTC,10409.23,10541.56,10248.54,10350.24,307.4788
2024-07-31 11:00:00+00:00,BTC,10350.24,10424.58,10236.85,10286.97,419.9886
2024-07-31 12:00:00+00:00,BTC,10286.97,10375.3,10232.53,10232.93,347.4155
2024-07-31 13:00:00+00:00,BTC,10232.93,10335.57,10170.13,10332.03,572.0027
2024-07-31 14:00:00+00:00,BTC,10332.03,10457.63,10291.63,10396.85,349.2732
2024-07-31 15:00:00+00:00,BTC,10396.85,10415.75,10258.89,10388.39,514.5466
2024-07-31 16:00:00+00:00,BTC,10388.39,10454.1,10327.96,10390.67,472.0236
2024-07-31 17:00:00+00:00,BTC,10390.67,10407.14,10327.88,10339.89,616.8373
2024-07-31 18:00:00+00:00,BTC,10339.89,10471.28,10314.44,10395.26,328.9065
2024-07-31 19:00:00+00:00,BTC,10395.26,10432.62,10355.27,10371.59,585.6513
2024-07-31 20:00:00+00:00,BTC,10371.59,10404.35,10264.72,10355.42,343.8795
2024-07-31 21:00:00+00:00,BTC,10355.42,10440.57,10345.66,10393.31,356.7717
2024-07-31 22:00:00+00:00,BTC,10393.31,10431.56,10373.08,10381.59,475.6582
2024-07-31 23:00:00+00:00,BTC,10381.59,10406.31,10340.4,10366.97,759.4721
2024-08-01 00:00:00+00:00,BTC,10366.97,10369.26,10203.03,10367.63,372.4294
2024-08-01 01:00:00+00:00,BTC,10367.63,10450.48,10331.79,10417.22,268.3725
2024-08-01 02:00:00+00:00,BTC,10417.22,10588.12,10342.01,10520.64,359.1579
2024-08-01 03:00:00+00:00,BTC,10520.64,10593.37,10512.67,10557.66,436.9424
2024-08-01 04:00:00+00:00,BTC,10557.66,10635.99,10544.2,10608.67,961.7689
2024-08-01 05:00:00+00:00,BTC,10608.67,10632.36,10509.23,10595.96,572.7927
2024-08-01 06:00:00+00:00,BTC,10595.96,10596.95,10476.14,10551.06,384.1258
2024-08-01 07:00:00+00:00,BTC,10551.06,10600.29,10493.97,10592.54,475.8789
2024-08-01 08:00:00+00:00,BTC,10592.54,10702.1,10533.12,10603.43,866.487
2024-08-01 09:00:00+00:00,BTC,10603.43,10682.6,10460.67,10513.31,459.6551
2024-08-01 10:00:00+00:00,BTC,10513.31,10537.42,10462.48,10492.63,461.5899
2024-08-01 11:00:00+00:00,BTC,10492.63,10602.25,10460.75,10487.41,433.8526
2024-08-01 12:00:00+00:00,BTC,10487.41,10543.38,10426.21,10455.34,637.9317
2024-08-01 13:00:00+00:00,BTC,10455.34,10602.3,10442.53,10548.71,416.0139
2024-08-01 14:00:00+00:00,BTC,10548.71,10642.83,10462.69,10579.12,678.5162
2024-08-01 15:00:00+00:00,BTC,10579.12,10735.24,10524.24,10666.65,725.2946
2024-08-01 16:00:00+00:00,BTC,10666.65,10747.33,10586.31,10683.52,619.7583
2024-08-01 17:00:00+00:00,BTC,10683.52,10730.28,10675.51,10688.74,462.2638
2024-08-01 18:00:00+00:00,BTC,10688.74,10800.78,10618.16,10628.84,306.4774
2024-08-01 19:00:00+00:00,BTC,10628.84,10637.27,10572.65,10629.6,462.3014
2024-08-01 20:00:00+00:00,BTC,10629.6,10632.54,10609.83,10630.43,395.6807
2024-08-01 21:00:00+00:00,BTC,10630.43,10673.55,10486.3,10543.59,380.677
2024-08-01 22:00:00+00:00,BTC,10543.59,10584.52,10424.95,10509.51,459.8173
2024-08-01 23:00:00+00:00,BTC,10509.51,10541.32,10472.17,10489.15,591.3101
2024-08-02 00:00:00+00:00,BTC,10489.15,10591.86,10463.68,10515.2,402.0693
2024-08-02 01:00:00+00:00,BTC,10515.2,10572.36,10514.92,10544.35,309.0255
2024-08-02 02:00:00+00:00,BTC,10544.35,10583.02,10451.92,10507.64,357.4683
2024-08-02 03:00:00+00:00,BTC,10507.64,10584.27,10469.25,10537.24,903.4575
2024-08-02 04:00:00+00:00,BTC,10537.24,10643.17,10494.92,10525.73,605.8711
2024-08-02 05:00:00+00:00,BTC,10525.73,10586.14,10333.53,10346.06,357.595
2024-08-02 06:00:00+00:00,BTC,10346.06,10389.72,10306.37,10316.01,785.0596
2024-08-02 07:00:00+00:00,BTC,10316.01,10441.39,10230.53,10383.01,459.7222
2024-08-02 08:00:00+00:00,BTC,10383.01,10384.43,10262.83,10278.77,1109.7801
2024-08-02 09:00:00+00:00,BTC,10278.77,10309.14,10133.69,10285.72,548.028
2024-08-02 10:00:00+00:00,BTC,10285.72,10485.38,10279.01,10384.02,609.4395
2024-08-02 11:00:00+00:00,BTC,10384.02,10478.93,10209.98,10336.74,670.2555
2024-08-02 12:00:00+00:00,BTC,10336.74,10421.0,10326.93,10336.87,841.0913
2024-08-02 13:00:00+00:00,BTC,10336.87,10387.35,10221.99,10256.31,428.7852
2024-08-02 14:00:00+00:00,BTC,10256.31,10363.71,10243.71,10356.94,816.0303
2024-08-02 15:00:00+00:00,BTC,10356.94,10369.75,10308.23,10351.76,401.9311
2024-08-02 16:00:00+00:00,BTC,10351.76,10378.26,10334.67,10354.66,440.5844
2024-08-02 17:00:00+00:00,BTC,10354.66,10489.39,10255.52,10439.14,501.5636
2024-08-02 18:00:00+00:00,BTC,10439.14,10511.22,10383.83,10480.65,690.0463
2024-08-02 19:00:00+00:00,BTC,10480.65,10549.81,10421.35,10425.73,445.4272
2024-08-02 20:00:00+00:00,BTC,10425.73,10501.88,10364.61,10385.32,891.0144
2024-08-02 21:00:00+00:00,BTC,10385.32,10451.63,10342.55,10416.21,795.4164
2024-08-02 22:00:00+00:00,BTC,10416.21,10513.5,10352.5,10377.28,506.9777
2024-08-02 23:00:00+00:00,BTC,10377.28,10448.5,10243.21,10246.28,356.5554
2024-08-03 00:00:00+00:00,BTC,10246.28,10275.04,10181.42,10243.01,709.8116
2024-08-03 01:00:00+00:00,BTC,10243.01,10253.52,10145.4,10152.44,240.1198
2024-08-03 02:00:00+00:00,BTC,10152.44,10266.74,10115.75,10251.37,648.1104
2024-08-03 03:00:00+00:00,BTC,10251.37,10293.09,10187.5,10262.25,374.7545
2024-08-03 04:00:00+00:00,BTC,10262.25,10268.31,10188.29,10206.67,776.1148
2024-08-03 05:00:00+00:00,BTC,10206.67,10329.33,10078.97,10163.98,307.8379
2024-08-03 06:00:00+00:00,BTC,10163.98,10311.27,9963.68,10049.4,396.565
2024-08-03 07:00:00+00:00,BTC,10049.4,10114.68,9954.84,9983.33,582.8667
2024-08-03 08:00:00+00:00,BTC,9983.33,10162.72,9922.38,10044.39,617.1872
2024-08-03 09:00:00+00:00,BTC,10044.39,10190.29,9953.69,10179.8,401.6068
2024-08-03 10:00:00+00:00,BTC,10179.8,10241.79,10145.33,10224.26,445.1291
2024-08-03 11:00:00+00:00,BTC,10224.26,10237.09,10216.51,10218.62,697.8686
2024-08-03 12:00:00+00:00,BTC,10218.62,10293.0,10116.21,10192.17,711.2234
2024-08-03 13:00:00+00:00,BTC,10192.17,10206.98,10052.05,10133.84,442.0803
2024-08-03 14:00:00+00:00,BTC,10133.84,10270.55,10112.21,10259.86,404.2817
2024-08-03 15:00:00+00:00,BTC,10259.86,10478.37,10205.61,10248.25,309.6527
2024-08-03 16:00:00+00:00,BTC,10248.25,10386.27,10243.14,10379.17,546.4162
2024-08-03 17:00:00+00:00,BTC,10379.17,10524.07,10374.88,10466.31,664.4956
2024-08-03 18:00:00+00:00,BTC,10466.31,10545.52,10343.27,10357.56,527.2015
2024-08-03 19:00:00+00:00,BTC,10357.56,10436.51,10194.04,10316.26,361.716
2024-08-03 20:00:00+00:00,BTC,10316.26,10330.19,10271.99,10274.93,934.3864
2024-08-03 21:00:00+00:00,BTC,10274.93,10287.19,10249.53,10270.01,239.4673
2024-08-03 22:00:00+00:00,BTC,10270.01,10284.86,10221.27,10266.29,679.9283
2024-08-03 23:00:00+00:00,BTC,10266.29,10598.37,10227.89,10452.52,539.3999
2024-08-04 00:00:00+00:00,BTC,10452.52,10467.65,10283.34,10385.18,589.1293
2024-08-04 01:00:00+00:00,BTC,10385.18,10446.1,10379.62,10399.46,379.6378
2024-08-04 02:00:00+00:00,BTC,10399.46,10465.87,10338.95,10438.0,474.0261
2024-08-04 03:00:00+00:00,BTC,10438.0,10481.17,10426.35,10437.9,554.0643
2024-08-04 04:00:00+00:00,BTC,10437.9,10479.9,10361.22,10444.8,485.2049
2024-08-04 05:00:00+00:00,BTC,10444.8,10562.68,10270.46,10379.53,266.8779
2024-08-04 06:00:00+00:00,BTC,10379.53,10416.58,10356.46,10386.16,910.4905
2024-08-04 07:00:00+00:00,BTC,10386.16,10507.04,10310.12,10418.08,627.7721
2024-08-04 08:00:00+00:00,BTC,10418.08,10463.4,10414.91,10438.58,506.0906
2024-08-04 09:00:00+00:00,BTC,10438.58,10539.73,10401.07,10474.35,517.6451
2024-08-04 10:00:00+00:00,BTC,10474.35,10574.66,10398.48,10563.51,901.3705
2024-08-04 11:00:00+00:00,BTC,10563.51,10653.54,10556.61,10623.06,385.5431
2024-08-04 12:00:00+00:00,BTC,10623.06,10751.97,10566.65,10627.61,356.2835
2024-08-04 13:00:00+00:00,BTC,10627.61,10661.46,10500.3,10553.15,673.2623
2024-08-04 14:00:00+00:00,BTC,10553.15,10649.38,10392.32,10515.23,587.8958
2024-08-04 15:00:00+00:00,BTC,10515.23,10722.71,10372.44,10501.38,351.1271
2024-08-04 16:00:00+00:00,BTC,10501.38,10520.99,10369.77,10517.29,731.9023
2024-08-04 17:00:00+00:00,BTC,10517.29,10627.81,10470.18,10487.15,554.3761
2024-08-04 18:00:00+00:00,BTC,10487.15,10522.51,10409.07,10428.44,365.1553
2024-08-04 19:00:00+00:00,BTC,10428.44,10504.83,10322.99,10354.35,593.6094
2024-08-04 20:00:00+00:00,BTC,10354.35,10410.97,10233.35,10252.28,563.3216
2024-08-04 21:00:00+00:00,BTC,10252.28,10253.49,10221.01,10237.84,484.8272
2024-08-04 22:00:00+00:00,BTC,10237.84,10280.98,10070.41,10147.96,571.9874
2024-08-04 23:00:00+00:00,BTC,10147.96,10189.34,10052.16,10087.22,622.5194
2024-08-05 00:00:00+00:00,BTC,10087.22,10144.4,10061.19,10063.41,688.5412
2024-08-05 01:00:00+00:00,BTC,10063.41,10103.8,9975.34,9983.07,519.1337
2024-08-05 02:00:00+00:00,BTC,9983.07,10052.71,9946.11,10005.84,454.8159
2024-08-05 03:00:00+00:00,BTC,10005.84,10063.84,9984.59,10050.38,543.6357
2024-08-05 04:00:00+00:00,BTC,10050.38,10159.52,9990.28,10017.3,758.5554
2024-08-05 05:00:00+00:00,BTC,10017.3,10020.05,9954.35,9991.07,623.3352
2024-08-05 06:00:00+00:00,BTC,9991.07,10029.87,9988.5,10023.34,445.9708
2024-08-05 07:00:00+00:00,BTC,10023.34,10036.53,9972.85,9980.49,509.8347
2024-08-05 08:00:00+00:00,BTC,9980.49,10009.84,9920.72,9933.73,895.6852
2024-08-05 09:00:00+00:00,BTC,9933.73,10040.46,9887.44,10005.3,649.9272
2024-08-05 10:00:00+00:00,BTC,10005.3,10090.05,9966.99,10058.52,527.2856
2024-08-05 11:00:00+00:00,BTC,10058.52,10120.0,10040.36,10094.89,745.2655
2024-08-05 12:00:00+00:00,BTC,10094.89,10211.34,10065.78,10151.11,413.4458
2024-08-05 13:00:00+00:00,BTC,10151.11,10194.54,9961.14,10031.39,561.0024
2024-08-05 14:00:00+00:00,BTC,10031.39,10129.39,10028.33,10113.21,963.985
2024-08-05 15:00:00+00:00,BTC,10113.21,10216.7,10103.09,10137.02,628.509
2024-08-05 16:00:00+00:00,BTC,10137.02,10200.67,10015.11,10198.69,881.7475
2024-08-05 17:00:00+00:00,BTC,10198.69,10251.72,10137.48,10222.41,485.5548
2024-08-05 18:00:00+00:00,BTC,10222.41,10380.38,10167.0,10225.41,423.239
2024-08-05 19:00:00+00:00,BTC,10225.41,10309.27,10136.56,10208.53,750.4585
2024-08-05 20:00:00+00:00,BTC,10208.53,10319.52,10174.65,10231.05,263.6697
2024-08-05 21:00:00+00:00,BTC,10231.05,10281.93,10123.23,10211.93,532.5489
2024-08-05 22:00:00+00:00,BTC,10211.93,10416.81,10199.38,10265.24,717.2431
2024-08-05 23:00:00+00:00,BTC,10265.24,10271.52,10164.46,10167.99,608.7985
2024-08-06 00:00:00+00:00,BTC,10167.99,10222.38,10043.28,10135.01,239.543
2024-08-06 01:00:00+00:00,BTC,10135.01,10274.63,10104.36,10260.12,312.1581
2024-08-06 02:00:00+00:00,BTC,10260.12,10295.43,10080.45,10221.65,480.378
2024-08-06 03:00:00+00:00,BTC,10221.65,10236.33,10196.52,10207.02,590.4064
2024-08-06 04:00:00+00:00,BTC,10207.02,10259.99,10123.83,10153.11,598.5761
2024-08-06 05:00:00+00:00,BTC,10153.11,10182.66,10119.6,10173.59,498.9225
2024-08-06 06:00:00+00:00,BTC,10173.59,10315.16,10041.5,10128.75,645.6077
2024-08-06 07:00:00+00:00,BTC,10128.75,10180.44,10085.82,10117.47,582.612
2024-08-06 08:00:00+00:00,BTC,10117.47,10193.62,10081.42,10169.14,477.9922
2024-08-06 09:00:00+00:00,BTC,10169.14,10171.39,10011.95,10126.59,603.5134
2024-08-06 10:00:00+00:00,BTC,10126.59,10327.26,9999.13,10174.62,398.6144
2024-08-06 11:00:00+00:00,BTC,10174.62,10247.81,10162.7,10224.94,624.8399
2024-08-06 12:00:00+00:00,BTC,10224.94,10324.43,10184.79,10289.87,371.7391
2024-08-06 13:00:00+00:00,BTC,10289.87,10370.91,10274.33,10298.55,593.0118
2024-08-06 14:00:00+00:00,BTC,10298.55,10506.09,10282.27,10500.79,587.9298
2024-08-06 15:00:00+00:00,BTC,10500.79,10611.97,10477.82,10567.44,450.3397
2024-08-06 16:00:00+00:00,BTC,10567.44,10610.13,10537.5,10588.06,624.4309
2024-08-06 17:00:00+00:00,BTC,10588.06,10639.74,10248.41,10532.56,857.9557
2024-08-06 18:00:00+00:00,BTC,10532.56,10549.62,10448.56,10526.43,349.8845
2024-08-06 19:00:00+00:00,BTC,10526.43,10651.63,10509.3,10616.9,698.2501
2024-08-06 20:00:00+00:00,BTC,10616.9,10768.44,10584.52,10726.36,731.3417
2024-08-06 21:00:00+00:00,BTC,10726.36,10856.55,10690.52,10821.92,465.0139
2024-08-06 22:00:00+00:00,BTC,10821.92,10890.8,10815.47,10873.03,661.7737
2024-08-06 23:00:00+00:00,BTC,10873.03,10898.64,10758.49,10791.42,457.3769
2024-08-07 00:00:00+00:00,BTC,10791.42,10883.49,10782.42,10823.01,776.0983
2024-08-07 01:00:00+00:00,BTC,10823.01,10921.25,10675.06,10742.69,191.7083
2024-08-07 02:00:00+00:00,BTC,10742.69,10775.11,10620.77,10647.24,829.0822
2024-08-07 03:00:00+00:00,BTC,10647.24,10874.17,10599.75,10662.53,338.7664
2024-08-07 04:00:00+00:00,BTC,10662.53,10700.73,10654.56,10696.06,515.9953
2024-08-07 05:00:00+00:00,BTC,10696.06,10839.0,10670.94,10754.19,376.0513
2024-08-07 06:00:00+00:00,BTC,10754.19,10804.36,10709.71,10786.31,844.1977
2024-08-07 07:00:00+00:00,BTC,10786.31,10853.31,10782.24,10820.77,461.4795
2024-08-07 08:00:00+00:00,BTC,10820.77,10823.73,10735.49,10757.03,413.5885
2024-08-07 09:00:00+00:00,BTC,10757.03,10768.8,10703.48,10750.26,740.0151
2024-08-07 10:00:00+00:00,BTC,10750.26,10792.77,10639.59,10653.49,646.0366
2024-08-07 11:00:00+00:00,BTC,10653.49,10753.88,10418.61,10526.2,444.8939
2024-08-07 12:00:00+00:00,BTC,10526.2,10602.64,10516.55,10573.08,353.4323
2024-08-07 13:00:00+00:00,BTC,10573.08,10701.59,10497.34,10525.41,337.1145
2024-08-07 14:00:00+00:00,BTC,10525.41,10582.87,10503.71,10580.65,781.2399
2024-08-07 15:00:00+00:00,BTC,10580.65,10784.61,10545.08,10651.25,578.9601
2024-08-07 16:00:00+00:00,BTC,10651.25,10874.38,10546.27,10611.74,531.2867
2024-08-07 17:00:00+00:00,BTC,10611.74,10683.54,10604.81,10649.39,594.0055
2024-08-07 18:00:00+00:00,BTC,10649.39,10746.04,10565.66,10607.23,252.795
2024-08-07 19:00:00+00:00,BTC,10607.23,10620.34,10428.21,10490.4,446.3146
2024-08-07 20:00:00+00:00,BTC,10490.4,10574.74,10482.92,10498.17,450.4824
2024-08-07 21:00:00+00:00,BTC,10498.17,10569.36,10466.0,10468.55,704.9263
2024-08-07 22:00:00+00:00,BTC,10468.55,10639.09,10427.45,10440.94,298.9949
2024-08-07 23:00:00+00:00,BTC,10440.94,10566.87,10426.54,10565.43,722.9827
2024-08-08 00:00:00+00:00,BTC,10565.43,10594.58,10380.9,10469.14,936.9745
2024-08-08 01:00:00+00:00,BTC,10469.14,10543.47,10395.9,10493.22,273.9447
2024-08-08 02:00:00+00:00,BTC,10493.22,10646.09,10413.93,10430.77,502.9228
2024-08-08 03:00:00+00:00,BTC,10430.77,10489.74,10353.17,10487.77,595.4859
2024-08-08 04:00:00+00:00,BTC,10487.77,10577.22,10412.99,10506.57,678.6996
2024-08-08 05:00:00+00:00,BTC,10506.57,10582.53,10497.84,10530.51,234.3984
2024-08-08 06:00:00+00:00,BTC,10530.51,10621.5,10399.08,10470.97,562.7154
2024-08-08 07:00:00+00:00,BTC,10470.97,10512.49,10351.68,10422.99,463.1487
2024-08-08 08:00:00+00:00,BTC,10422.99,10504.57,10352.12,10481.14,452.8049
2024-08-08 09:00:00+00:00,BTC,10481.14,10624.57,10341.88,10593.09,1031.5078
2024-08-08 10:00:00+00:00,BTC,10593.09,10625.56,10582.0,10623.66,463.6649
2024-08-08 11:00:00+00:00,BTC,10623.66,10745.58,10538.78,10566.61,585.2608
2024-08-08 12:00:00+00:00,BTC,10566.61,10653.16,10558.56,10588.12,479.3793
2024-08-08 13:00:00+00:00,BTC,10588.12,10802.54,10530.8,10743.47,544.0481
2024-08-08 14:00:00+00:00,BTC,10743.47,10849.02,10684.92,10750.07,606.698
2024-08-08 15:00:00+00:00,BTC,10750.07,10951.96,10720.68,10844.77,683.5344
2024-08-08 16:00:00+00:00,BTC,10844.77,10851.37,10766.39,10796.71,380.95
2024-08-08 17:00:00+00:00,BTC,10796.71,10799.81,10773.99,10793.98,527.4359
2024-08-08 18:00:00+00:00,BTC,10793.98,10836.54,10774.45,10834.18,533.9995
2024-08-08 19:00:00+00:00,BTC,10834.18,10912.12,10814.67,10860.04,280.8425
2024-08-08 20:00:00+00:00,BTC,10860.04,10895.35,10770.85,10810.22,358.105
2024-08-08 21:00:00+00:00,BTC,10810.22,10900.34,10729.63,10757.84,682.9566
2024-08-08 22:00:00+00:00,BTC,10757.84,10857.96,10713.42,10821.82,425.4033
2024-08-08 23:00:00+00:00,BTC,10821.82,10926.58,10775.49,10899.46,1247.3905
2024-08-09 00:00:00+00:00,BTC,10899.46,11044.03,10853.21,10998.8,700.4218
2024-08-09 01:00:00+00:00,BTC,10998.8,11165.87,10948.53,11118.5,585.6691
2024-08-09 02:00:00+00:00,BTC,11118.5,11140.93,11077.44,11127.48,848.3108
2024-08-09 03:00:00+00:00,BTC,11127.48,11166.92,11105.38,11106.72,655.2791
2024-08-09 04:00:00+00:00,BTC,11106.72,11268.55,11068.58,11197.12,533.3024
2024-08-09 05:00:00+00:00,BTC,11197.12,11306.0,11168.25,11245.13,304.7983
2024-08-09 06:00:00+00:00,BTC,11245.13,11259.07,11082.75,11179.04,631.1075
2024-08-09 07:00:00+00:00,BTC,11179.04,11189.11,11066.08,11109.92,815.2199
2024-08-09 08:00:00+00:00,BTC,11109.92,11186.99,11104.36,11142.76,406.3046
2024-08-09 09:00:00+00:00,BTC,11142.76,11187.86,11044.3,11130.92,263.8813
2024-08-09 10:00:00+00:00,BTC,11130.92,11243.87,10994.52,11129.15,343.9023
2024-08-09 11:00:00+00:00,BTC,11129.15,11268.74,11060.1,11201.0,925.4404
2024-08-09 12:00:00+00:00,BTC,11201.0,11268.37,11168.27,11252.13,514.2337
2024-08-09 13:00:00+00:00,BTC,11252.13,11375.12,11122.2,11342.27,833.411
2024-08-09 14:00:00+00:00,BTC,11342.27,11401.43,11171.18,11211.58,503.344
2024-08-09 15:00:00+00:00,BTC,11211.58,11232.85,11100.78,11228.64,420.2397
2024-08-09 16:00:00+00:00,BTC,11228.64,11378.01,11202.5,11275.54,1055.4433
2024-08-09 17:00:00+00:00,BTC,11275.54,11308.3,11111.93,11172.73,439.0186
2024-08-09 18:00:00+00:00,BTC,11172.73,11221.77,11125.24,11128.92,458.2587
2024-08-09 19:00:00+00:00,BTC,11128.92,11156.86,10990.9,11072.94,587.4669
2024-08-09 20:00:00+00:00,BTC,11072.94,11120.49,11017.89,11074.38,451.7248
2024-08-09 21:00:00+00:00,BTC,11074.38,11288.67,11050.21,11183.07,656.5297
2024-08-09 22:00:00+00:00,BTC,11183.07,11437.78,11165.16,11319.61,584.4583
2024-08-09 23:00:00+00:00,BTC,11319.61,11366.97,11255.51,11264.44,592.6135
2024-08-10 00:00:00+00:00,BTC,11264.44,11398.86,11205.85,11300.09,402.938
2024-08-10 01:00:00+00:00,BTC,11300.09,11354.43,11177.31,11338.04,279.4346
2024-08-10 02:00:00+00:00,BTC,11338.04,11443.42,11251.0,11364.44,373.6585
2024-08-10 03:00:00+00:00,BTC,11364.44,11577.73,11230.25,11391.68,385.3712
2024-08-10 04:00:00+00:00,BTC,11391.68,11417.16,11377.41,11412.46,553.9249
2024-08-10 05:00:00+00:00,BTC,11412.46,11600.0,11362.86,11528.6,375.9022
2024-08-10 06:00:00+00:00,BTC,11528.6,11790.94,11514.47,11605.11,299.3919
2024-08-10 07:00:00+00:00,BTC,11605.11,11625.2,11461.8,11531.53,334.7219
2024-08-10 08:00:00+00:00,BTC,11531.53,11589.03,11515.68,11586.71,572.6495
2024-08-10 09:00:00+00:00,BTC,11586.71,11699.37,11550.64,11648.92,636.0038
2024-08-10 10:00:00+00:00,BTC,11648.92,11769.88,11611.38,11670.95,418.7543
2024-08-10 11:00:00+00:00,BTC,11670.95,11752.89,11600.47,11750.45,434.6682
2024-08-10 12:00:00+00:00,BTC,11750.45,11798.07,11750.43,11763.72,619.8639
2024-08-10 13:00:00+00:00,BTC,11763.72,11869.67,11652.99,11777.88,529.8155
2024-08-10 14:00:00+00:00,BTC,11777.88,11800.9,11771.74,11786.45,757.2802
2024-08-10 15:00:00+00:00,BTC,11786.45,11881.03,11636.9,11644.58,473.1569
2024-08-10 16:00:00+00:00,BTC,11644.58,11657.19,11636.81,11638.96,373.7566
2024-08-10 17:00:00+00:00,BTC,11638.96,11783.68,11553.3,11592.39,731.3206
2024-08-10 18:00:00+00:00,BTC,11592.39,11646.75,11426.05,11510.16,448.3862
2024-08-10 19:00:00+00:00,BTC,11510.16,11677.02,11323.83,11609.62,379.3826
2024-08-10 20:00:00+00:00,BTC,11609.62,11698.85,11603.7,11644.8,683.4089
2024-08-10 21:00:00+00:00,BTC,11644.8,11745.64,11633.08,11642.71,830.3479
2024-08-10 22:00:00+00:00,BTC,11642.71,11647.96,11509.34,11603.33,533.1187
2024-08-10 23:00:00+00:00,BTC,11603.33,11765.93,11602.0,11623.96,351.8161
2024-08-11 00:00:00+00:00,BTC,11623.96,11795.36,11598.64,11693.32,855.582
2024-08-11 01:00:00+00:00,BTC,11693.32,11711.2,11629.91,11635.44,570.4698
2024-08-11 02:00:00+00:00,BTC,11635.44,11724.26,11628.18,11635.1,539.9714
2024-08-11 03:00:00+00:00,BTC,11635.1,11697.28,11539.17,11695.86,434.0752
2024-08-11 04:00:00+00:00,BTC,11695.86,11758.8,11486.19,11560.79,742.5182
2024-08-11 05:00:00+00:00,BTC,11560.79,11583.41,11499.34,11556.8,339.2187
2024-08-11 06:00:00+00:00,BTC,11556.8,11628.5,11462.74,11527.07,328.0951
2024-08-11 07:00:00+00:00,BTC,11527.07,11532.23,11498.64,11517.81,970.3779
2024-08-11 08:00:00+00:00,BTC,11517.81,11544.25,11456.23,11483.2,369.7251
2024-08-11 09:00:00+00:00,BTC,11483.2,11527.05,11478.48,11492.69,699.5918
2024-08-11 10:00:00+00:00,BTC,11492.69,11646.64,11452.89,11626.1,810.0215
2024-08-11 11:00:00+00:00,BTC,11626.1,11764.4,11561.12,11603.53,538.1651
2024-08-11 12:00:00+00:00,BTC,11603.53,11641.62,11564.96,11623.85,367.3268
2024-08-11 13:00:00+00:00,BTC,11623.85,11834.08,11611.57,11763.81,623.3015
2024-08-11 14:00:00+00:00,BTC,11763.81,11836.91,11722.75,11725.05,813.8119
2024-08-11 15:00:00+00:00,BTC,11725.05,11889.39,11696.51,11853.41,563.6748
2024-08-11 16:00:00+00:00,BTC,11853.41,11870.62,11833.75,11853.79,385.0408
2024-08-11 17:00:00+00:00,BTC,11853.79,12006.93,11781.41,11981.2,556.536
2024-08-11 18:00:00+00:00,BTC,11981.2,12150.26,11929.27,12035.26,307.9659
2024-08-11 19:00:00+00:00,BTC,12035.26,12088.37,11987.67,12057.45,355.6067
2024-08-11 20:00:00+00:00,BTC,12057.45,12160.23,11914.51,12052.71,456.7259
2024-08-11 21:00:00+00:00,BTC,12052.71,12076.35,11943.63,12007.66,510.8834
2024-08-11 22:00:00+00:00,BTC,12007.66,12093.9,12004.01,12013.12,328.2899
2024-08-11 23:00:00+00:00,BTC,12013.12,12091.26,11995.32,12077.98,545.6707
2024-08-12 00:00:00+00:00,BTC,12077.98,12155.21,12057.55,12077.03,600.1553
2024-08-12 01:00:00+00:00,BTC,12077.03,12120.81,11954.18,12054.11,463.8005
2024-08-12 02:00:00+00:00,BTC,12054.11,12085.39,11951.31,12035.98,234.9184
2024-08-12 03:00:00+00:00,BTC,12035.98,12151.44,12012.06,12107.87,518.6179
2024-08-12 04:00:00+00:00,BTC,12107.87,12261.02,12079.77,12197.2,943.7008
2024-08-12 05:00:00+00:00,BTC,12197.2,12223.9,12080.14,12148.48,586.8746
2024-08-12 06:00:00+00:00,BTC,12148.48,12157.5,11983.88,12099.84,502.7416
2024-08-12 07:00:00+00:00,BTC,12099.84,12146.02,11877.93,12127.41,438.8908
2024-08-12 08:00:00+00:00,BTC,12127.41,12270.78,12123.92,12239.07,611.9186
2024-08-12 09:00:00+00:00,BTC,12239.07,12416.06,12106.69,12323.52,537.8409
2024-08-12 10:00:00+00:00,BTC,12323.52,12397.76,12196.34,12231.3,640.4476
2024-08-12 11:00:00+00:00,BTC,12231.3,12258.4,12091.02,12211.94,340.662
2024-08-12 12:00:00+00:00,BTC,12211.94,12309.11,12036.03,12143.94,521.6911
2024-08-12 13:00:00+00:00,BTC,12143.94,12220.06,12090.15,12124.46,425.4679
2024-08-12 14:00:00+00:00,BTC,12124.46,12286.44,12041.97,12241.74,569.4473
2024-08-12 15:00:00+00:00,BTC,12241.74,12250.77,12116.97,12137.7,253.0678
2024-08-12 16:00:00+00:00,BTC,12137.7,12210.01,11918.87,12020.37,435.7864
2024-08-12 17:00:00+00:00,BTC,12020.37,12123.23,11955.84,11960.76,604.5388
2024-08-12 18:00:00+00:00,BTC,11960.76,12019.89,11912.35,11981.4,639.644
2024-08-12 19:00:00+00:00,BTC,11981.4,12030.06,11937.31,12026.11,494.6927
2024-08-12 20:00:00+00:00,BTC,12026.11,12081.17,12025.06,12057.71,234.7369
2024-08-12 21:00:00+00:00,BTC,12057.71,12232.45,11991.76,12143.07,625.829
2024-08-12 22:00:00+00:00,BTC,12143.07,12209.99,11953.77,12015.29,870.491
2024-08-12 23:00:00+00:00,BTC,12015.29,12267.37,11955.3,12101.27,372.7969
2024-08-13 00:00:00+00:00,BTC,12101.27,12114.52,12019.76,12078.63,430.7606
2024-08-13 01:00:00+00:00,BTC,12078.63,12141.05,11991.35,12131.76,663.0811
2024-08-13 02:00:00+00:00,BTC,12131.76,12227.29,12015.42,12035.81,669.3083
2024-08-13 03:00:00+00:00,BTC,12035.81,12051.36,12000.41,12036.16,734.045
2024-08-13 04:00:00+00:00,BTC,12036.16,12113.89,11989.82,12053.24,713.1772
2024-08-13 05:00:00+00:00,BTC,12053.24,12310.24,12014.45,12137.11,292.4618
2024-08-13 06:00:00+00:00,BTC,12137.11,12173.34,12016.33,12022.22,422.7683
2024-08-13 07:00:00+00:00,BTC,12022.22,12061.86,11968.56,12024.44,622.5734
2024-08-13 08:00:00+00:00,BTC,12024.44,12087.49,11892.8,11946.39,485.1459
2024-08-13 09:00:00+00:00,BTC,11946.39,12038.29,11883.93,11982.68,568.3118
2024-08-13 10:00:00+00:00,BTC,11982.68,12069.51,11944.01,12038.69,477.6891
2024-08-13 11:00:00+00:00,BTC,12038.69,12234.75,11908.76,12132.03,429.2596
2024-08-13 12:00:00+00:00,BTC,12132.03,12171.46,12063.33,12093.14,459.4144
2024-08-13 13:00:00+00:00,BTC,12093.14,12332.36,12061.62,12160.61,337.6362
2024-08-13 14:00:00+00:00,BTC,12160.61,12386.15,12108.81,12260.31,388.1518
2024-08-13 15:00:00+00:00,BTC,12260.31,12311.3,12134.31,12140.03,488.4223
2024-08-13 16:00:00+00:00,BTC,12140.03,12209.54,12026.6,12184.71,491.5412
2024-08-13 17:00:00+00:00,BTC,12184.71,12271.5,12161.93,12254.99,609.8752
2024-08-13 18:00:00+00:00,BTC,12254.99,12257.33,12235.08,12235.98,452.5051
2024-08-13 19:00:00+00:00,BTC,12235.98,12346.98,12061.82,12147.41,898.8606
2024-08-13 20:00:00+00:00,BTC,12147.41,12402.98,12043.15,12216.33,768.993
2024-08-13 21:00:00+00:00,BTC,12216.33,12317.02,12124.09,12128.73,419.3814
2024-08-13 22:00:00+00:00,BTC,12128.73,12203.69,11992.7,12115.75,535.8435
2024-08-13 23:00:00+00:00,BTC,12115.75,12203.61,12104.13,12112.84,764.4088
2024-08-14 00:00:00+00:00,BTC,12112.84,12233.4,12092.4,12164.95,399.559
2024-08-14 01:00:00+00:00,BTC,12164.95,12186.19,12113.27,12119.3,384.8676
2024-08-14 02:00:00+00:00,BTC,12119.3,12209.2,12034.53,12069.62,787.9076
2024-08-14 03:00:00+00:00,BTC,12069.62,12105.23,12037.06,12076.79,636.8861
2024-08-14 04:00:00+00:00,BTC,12076.79,12157.65,12010.1,12149.93,728.101
2024-08-14 05:00:00+00:00,BTC,12149.93,12334.39,12099.69,12317.84,558.3629
2024-08-14 06:00:00+00:00,BTC,12317.84,12374.21,12195.22,12206.93,457.3261
2024-08-14 07:00:00+00:00,BTC,12206.93,12236.84,12122.59,12230.04,312.6072
2024-08-14 08:00:00+00:00,BTC,12230.04,12264.26,12100.68,12150.57,524.5323
2024-08-14 09:00:00+00:00,BTC,12150.57,12295.02,12062.59,12225.07,769.5768
2024-08-14 10:00:00+00:00,BTC,12225.07,12237.02,12110.33,12156.43,772.7374
2024-08-14 11:00:00+00:00,BTC,12156.43,12194.88,12084.57,12107.32,727.3246
2024-08-14 12:00:00+00:00,BTC,12107.32,12114.92,11991.11,12064.59,658.613
2024-08-14 13:00:00+00:00,BTC,12064.59,12135.4,12028.76,12059.07,1084.0749
2024-08-14 14:00:00+00:00,BTC,12059.07,12095.12,11891.57,12082.48,290.4714
2024-08-14 15:00:00+00:00,BTC,12082.48,12171.3,12071.4,12117.6,542.0934
2024-08-14 16:00:00+00:00,BTC,12117.6,12159.93,12061.17,12117.18,360.229
2024-08-14 17:00:00+00:00,BTC,12117.18,12157.78,11997.56,12020.87,860.886
2024-08-14 18:00:00+00:00,BTC,12020.87,12099.53,11989.24,12073.48,412.0679
2024-08-14 19:00:00+00:00,BTC,12073.48,12128.35,12035.86,12069.64,711.6483
2024-08-14 20:00:00+00:00,BTC,12069.64,12171.53,12032.17,12154.07,427.2373
2024-08-14 21:00:00+00:00,BTC,12154.07,12237.04,12064.1,12102.57,579.2307
2024-08-14 22:00:00+00:00,BTC,12102.57,12151.73,11787.78,11986.77,481.3657
2024-08-14 23:00:00+00:00,BTC,11986.77,12005.02,11978.4,11984.33,497.5935
2024-08-15 00:00:00+00:00,BTC,11984.33,12082.01,11957.3,12077.88,561.931
2024-08-15 01:00:00+00:00,BTC,12077.88,12119.2,12046.58,12089.55,689.8235
2024-08-15 02:00:00+00:00,BTC,12089.55,12153.72,12052.56,12075.07,481.2311
2024-08-15 03:00:00+00:00,BTC,12075.07,12265.08,11920.2,12012.18,683.0614
2024-08-15 04:00:00+00:00,BTC,12012.18,12145.11,12001.27,12139.54,718.9918
2024-08-15 05:00:00+00:00,BTC,12139.54,12140.23,12019.39,12064.77,432.0842
2024-08-15 06:00:00+00:00,BTC,12064.77,12127.5,11875.66,12012.38,967.2195
2024-08-15 07:00:00+00:00,BTC,12012.38,12153.76,11859.77,12053.53,648.9926
2024-08-15 08:00:00+00:00,BTC,12053.53,12064.92,11862.32,11920.05,429.9257
2024-08-15 09:00:00+00:00,BTC,11920.05,12012.94,11913.51,12011.56,619.874
2024-08-15 10:00:00+00:00,BTC,12011.56,12065.16,11802.27,12056.63,719.1407
2024-08-15 11:00:00+00:00,BTC,12056.63,12272.57,12000.46,12121.85,614.6148
2024-08-15 12:00:00+00:00,BTC,12121.85,12169.61,12106.42,12162.51,536.6057
2024-08-15 13:00:00+00:00,BTC,12162.51,12167.1,12138.37,12150.76,149.4002
2024-08-15 14:00:00+00:00,BTC,12150.76,12230.95,11916.55,12073.5,356.3929
2024-08-15 15:00:00+00:00,BTC,12073.5,12082.48,11973.06,12063.36,634.0429
2024-08-15 16:00:00+00:00,BTC,12063.36,12111.05,11950.64,11992.97,353.9225
2024-08-15 17:00:00+00:00,BTC,11992.97,12113.32,11963.25,12028.01,598.5203
2024-08-15 18:00:00+00:00,BTC,12028.01,12195.06,12016.59,12086.37,681.479
2024-08-15 19:00:00+00:00,BTC,12086.37,12199.96,12038.61,12193.94,480.6759
2024-08-15 20:00:00+00:00,BTC,12193.94,12241.22,12156.48,12221.17,269.6096
2024-08-15 21:00:00+00:00,BTC,12221.17,12349.38,12061.52,12289.16,386.3505
2024-08-15 22:00:00+00:00,BTC,12289.16,12301.02,12260.44,12267.27,635.4159
2024-08-15 23:00:00+00:00,BTC,12267.27,12278.82,12212.27,12232.12,776.3044
2024-08-16 00:00:00+00:00,BTC,12232.12,12302.85,12215.54,12266.93,241.2988
2024-08-16 01:00:00+00:00,BTC,12266.93,12295.83,12229.47,12238.52,514.3438
2024-08-16 02:00:00+00:00,BTC,12238.52,12268.86,12206.38,12258.3,299.1613
2024-08-16 03:00:00+00:00,BTC,12258.3,12362.25,12161.09,12180.5,516.082
2024-08-16 04:00:00+00:00,BTC,12180.5,12211.32,12053.6,12116.24,473.2624
2024-08-16 05:00:00+00:00,BTC,12116.24,12192.16,12083.09,12162.52,1142.238
2024-08-16 06:00:00+00:00,BTC,12162.52,12229.58,12073.46,12227.4,414.068
2024-08-16 07:00:00+00:00,BTC,12227.4,12255.31,12089.16,12155.3,721.7553
2024-08-16 08:00:00+00:00,BTC,12155.3,12255.74,12056.82,12204.3,711.7616
2024-08-16 09:00:00+00:00,BTC,12204.3,12288.73,12154.71,12165.36,467.0315
2024-08-16 10:00:00+00:00,BTC,12165.36,12175.4,12099.77,12166.56,521.2373
2024-08-16 11:00:00+00:00,BTC,12166.56,12459.61,12027.51,12270.44,500.0835
2024-08-16 12:00:00+00:00,BTC,12270.44,12376.52,12205.68,12330.03,385.4038
2024-08-16 13:00:00+00:00,BTC,12330.03,12471.34,12300.95,12389.05,373.9089
2024-08-16 14:00:00+00:00,BTC,12389.05,12589.1,12367.93,12531.76,433.1857
2024-08-16 15:00:00+00:00,BTC,12531.76,12605.55,12373.84,12478.94,335.6825
2024-08-16 16:00:00+00:00,BTC,12478.94,12479.27,12391.38,12405.34,419.6712
2024-08-16 17:00:00+00:00,BTC,12405.34,12457.47,12236.22,12351.71,466.9372
2024-08-16 18:00:00+00:00,BTC,12351.71,12491.52,12327.53,12332.86,529.1356
2024-08-16 19:00:00+00:00,BTC,12332.86,12419.68,12109.93,12159.86,583.9979
2024-08-16 20:00:00+00:00,BTC,12159.86,12187.02,12053.85,12144.74,466.7949
2024-08-16 21:00:00+00:00,BTC,12144.74,12177.12,12088.02,12105.12,382.0029
2024-08-16 22:00:00+00:00,BTC,12105.12,12214.15,12088.93,12162.18,580.3047
2024-08-16 23:00:00+00:00,BTC,12162.18,12202.43,12150.66,12187.92,659.4766
2024-08-17 00:00:00+00:00,BTC,12187.92,12296.18,12137.56,12144.07,421.8109
2024-08-17 01:00:00+00:00,BTC,12144.07,12244.18,12135.74,12187.14,354.4938
2024-08-17 02:00:00+00:00,BTC,12187.14,12284.02,12168.0,12240.14,427.6972
2024-08-17 03:00:00+00:00,BTC,12240.14,12381.71,12140.51,12183.83,469.2142
2024-08-17 04:00:00+00:00,BTC,12183.83,12238.26,12108.46,12147.84,746.4895
2024-08-17 05:00:00+00:00,BTC,12147.84,12182.03,11933.78,11986.72,637.422
2024-08-17 06:00:00+00:00,BTC,11986.72,11998.84,11885.24,11908.53,499.4264
2024-08-17 07:00:00+00:00,BTC,11908.53,11939.22,11838.45,11855.6,972.4804
2024-08-17 08:00:00+00:00,BTC,11855.6,11905.67,11842.42,11860.88,493.95
2024-08-17 09:00:00+00:00,BTC,11860.88,11889.56,11772.87,11793.79,820.1032
2024-08-17 10:00:00+00:00,BTC,11793.79,11880.94,11746.84,11757.51,766.6651
2024-08-17 11:00:00+00:00,BTC,11757.51,11827.71,11576.05,11671.39,747.9475
2024-08-17 12:00:00+00:00,BTC,11671.39,11719.21,11613.1,11683.37,559.4838
2024-08-17 13:00:00+00:00,BTC,11683.37,11869.19,11540.57,11713.26,520.8556
2024-08-17 14:00:00+00:00,BTC,11713.26,11850.52,11674.4,11741.57,500.9025
2024-08-17 15:00:00+00:00,BTC,11741.57,11776.99,11707.66,11742.44,673.2812
2024-08-17 16:00:00+00:00,BTC,11742.44,11745.43,11522.88,11634.36,379.3075
2024-08-17 17:00:00+00:00,BTC,11634.36,11637.34,11540.29,11591.17,456.0369
2024-08-17 18:00:00+00:00,BTC,11591.17,11620.88,11365.25,11562.88,896.0945
2024-08-17 19:00:00+00:00,BTC,11562.88,11577.15,11423.79,11534.93,621.9091
2024-08-17 20:00:00+00:00,BTC,11534.93,11656.31,11534.38,11540.12,698.229
2024-08-17 21:00:00+00:00,BTC,11540.12,11787.08,11490.36,11639.25,326.1001
2024-08-17 22:00:00+00:00,BTC,11639.25,11781.8,11635.82,11696.1,429.8308
2024-08-17 23:00:00+00:00,BTC,11696.1,11782.27,11608.15,11627.0,561.9706
2024-08-18 00:00:00+00:00,BTC,11627.0,11737.63,11417.7,11674.43,492.7944
2024-08-18 01:00:00+00:00,BTC,11674.43,11720.11,11623.59,11719.37,325.6213
2024-08-18 02:00:00+00:00,BTC,11719.37,11732.51,11641.31,11662.82,652.3117
2024-08-18 03:00:00+00:00,BTC,11662.82,11754.97,11577.8,11722.37,729.025
2024-08-18 04:00:00+00:00,BTC,11722.37,11841.14,11623.45,11711.1,452.4763
2024-08-18 05:00:00+00:00,BTC,11711.1,11711.75,11549.52,11612.45,660.5773
2024-08-18 06:00:00+00:00,BTC,11612.45,11648.26,11590.81,11644.2,1017.1812
2024-08-18 07:00:00+00:00,BTC,11644.2,11665.36,11632.91,11659.37,852.7551
2024-08-18 08:00:00+00:00,BTC,11659.37,11785.21,11443.64,11643.46,459.6203
2024-08-18 09:00:00+00:00,BTC,11643.46,11680.57,11634.66,11640.84,339.806
2024-08-18 10:00:00+00:00,BTC,11640.84,11690.95,11589.18,11590.72,541.9444
2024-08-18 11:00:00+00:00,BTC,11590.72,11659.41,11543.23,11633.23,1136.8862
2024-08-18 12:00:00+00:00,BTC,11633.23,11642.9,11554.49,11630.2,798.653
2024-08-18 13:00:00+00:00,BTC,11630.2,11800.79,11588.19,11641.82,498.9339
2024-08-18 14:00:00+00:00,BTC,11641.82,11740.29,11556.9,11666.79,863.8458
2024-08-18 15:00:00+00:00,BTC,11666.79,11711.85,11585.24,11586.25,752.6924
2024-08-18 16:00:00+00:00,BTC,11586.25,11607.77,11411.25,11524.25,257.1876
2024-08-18 17:00:00+00:00,BTC,11524.25,11660.87,11371.71,11372.45,725.006
2024-08-18 18:00:00+00:00,BTC,11372.45,11441.11,11284.09,11411.05,521.2212
2024-08-18 19:00:00+00:00,BTC,11411.05,11464.85,11256.88,11328.36,369.1874
2024-08-18 20:00:00+00:00,BTC,11328.36,11376.8,11297.76,11337.37,516.2268
2024-08-18 21:00:00+00:00,BTC,11337.37,11457.72,11199.25,11362.64,578.0165
2024-08-18 22:00:00+00:00,BTC,11362.64,11477.88,11269.73,11403.78,378.6708
2024-08-18 23:00:00+00:00,BTC,11403.78,11423.65,11294.63,11321.69,479.4521
2024-08-19 00:00:00+00:00,BTC,11321.69,11376.18,11277.3,11317.26,445.3367
2024-08-19 01:00:00+00:00,BTC,11317.26,11444.66,11299.41,11431.25,660.4674
2024-08-19 02:00:00+00:00,BTC,11431.25,11568.07,11387.92,11549.44,449.9434
2024-08-19 03:00:00+00:00,BTC,11549.44,11679.58,11491.48,11618.06,275.7884
2024-08-19 04:00:00+00:00,BTC,11618.06,11828.99,11573.36,11641.61,427.5124
2024-08-19 05:00:00+00:00,BTC,11641.61,11719.6,11543.64,11571.62,359.0233
2024-08-19 06:00:00+00:00,BTC,11571.62,11828.97,11507.32,11621.62,317.8884
2024-08-19 07:00:00+00:00,BTC,11621.62,11694.42,11575.89,11610.6,755.7693
2024-08-19 08:00:00+00:00,BTC,11610.6,11658.93,11586.75,11649.72,662.3908
2024-08-19 09:00:00+00:00,BTC,11649.72,11692.21,11577.92,11605.57,356.445
2024-08-19 10:00:00+00:00,BTC,11605.57,11612.28,11587.78,11593.53,320.642
2024-08-19 11:00:00+00:00,BTC,11593.53,11697.14,11542.34,11604.96,482.3557
2024-08-19 12:00:00+00:00,BTC,11604.96,11629.36,11583.39,11622.12,314.6286
2024-08-19 13:00:00+00:00,BTC,11622.12,11680.12,11601.82,11656.6,459.3781
2024-08-19 14:00:00+00:00,BTC,11656.6,11680.91,11591.48,11616.16,512.4936
2024-08-19 15:00:00+00:00,BTC,11616.16,11645.92,11355.02,11522.91,556.228
2024-08-19 16:00:00+00:00,BTC,11522.91,11716.32,11505.38,11635.79,563.2117
2024-08-19 17:00:00+00:00,BTC,11635.79,11933.39,11613.26,11810.89,380.4483
2024-08-19 18:00:00+00:00,BTC,11810.89,11846.42,11788.02,11842.63,512.5017
2024-08-19 19:00:00+00:00,BTC,11842.63,11853.5,11687.58,11748.93,782.7399
2024-08-19 20:00:00+00:00,BTC,11748.93,11752.65,11691.07,11694.55,239.9958
2024-08-19 21:00:00+00:00,BTC,11694.55,11749.91,11668.9,11730.33,560.3725
2024-08-19 22:00:00+00:00,BTC,11730.33,11862.12,11642.86,11825.1,331.0259
2024-08-19 23:00:00+00:00,BTC,11825.1,11912.45,11640.2,11739.36,817.2711
2024-08-20 00:00:00+00:00,BTC,11739.36,11745.75,11643.55,11730.6,665.5151
2024-08-20 01:00:00+00:00,BTC,11730.6,11923.68,11654.83,11744.4,658.1347
2024-08-20 02:00:00+00:00,BTC,11744.4,11834.37,11730.33,11805.48,370.897
2024-08-20 03:00:00+00:00,BTC,11805.48,11833.0,11669.95,11781.17,548.3686
2024-08-20 04:00:00+00:00,BTC,11781.17,11830.33,11626.81,11671.15,570.1622
2024-08-20 05:00:00+00:00,BTC,11671.15,11720.95,11608.88,11714.73,218.0424
2024-08-20 06:00:00+00:00,BTC,11714.73,11924.05,11673.43,11794.06,526.308
2024-08-20 07:00:00+00:00,BTC,11794.06,11861.33,11741.61,11788.21,619.7104
2024-08-20 08:00:00+00:00,BTC,11788.21,11923.43,11758.26,11816.91,304.8102
2024-08-20 09:00:00+00:00,BTC,11816.91,11840.17,11754.43,11783.32,617.2674
2024-08-20 10:00:00+00:00,BTC,11783.32,11826.56,11650.94,11723.67,517.7466
2024-08-20 11:00:00+00:00,BTC,11723.67,11819.36,11676.39,11796.09,810.8248
2024-08-20 12:00:00+00:00,BTC,11796.09,11873.45,11702.58,11823.55,432.6907
2024-08-20 13:00:00+00:00,BTC,11823.55,11907.57,11806.88,11858.39,532.0752
2024-08-20 14:00:00+00:00,BTC,11858.39,12050.0,11851.6,11965.75,563.4351
2024-08-20 15:00:00+00:00,BTC,11965.75,11980.61,11811.14,11890.26,187.1603
2024-08-20 16:00:00+00:00,BTC,11890.26,11973.57,11721.08,11850.94,441.645
2024-08-20 17:00:00+00:00,BTC,11850.94,11870.94,11756.68,11862.17,515.3324
2024-08-20 18:00:00+00:00,BTC,11862.17,11988.69,11817.77,11822.08,219.1666
2024-08-20 19:00:00+00:00,BTC,11822.08,11905.69,11796.44,11877.76,633.0716
2024-08-20 20:00:00+00:00,BTC,11877.76,11926.84,11816.31,11864.41,515.2552
2024-08-20 21:00:00+00:00,BTC,11864.41,12017.6,11777.2,11793.97,514.2388
2024-08-20 22:00:00+00:00,BTC,11793.97,11908.62,11738.45,11798.62,643.566
2024-08-20 23:00:00+00:00,BTC,11798.62,11828.93,11754.62,11810.69,433.0335
2024-08-21 00:00:00+00:00,BTC,11810.69,11939.79,11789.13,11877.11,507.6382
2024-08-21 01:00:00+00:00,BTC,11877.11,11950.97,11786.78,11905.16,676.8086
2024-08-21 02:00:00+00:00,BTC,11905.16,11974.54,11786.84,11938.14,509.803
2024-08-21 03:00:00+00:00,BTC,11938.14,11971.27,11875.75,11961.11,262.2462
2024-08-21 04:00:00+00:00,BTC,11961.11,12012.24,11871.39,11947.61,509.105
2024-08-21 05:00:00+00:00,BTC,11947.61,12009.71,11815.19,11896.37,511.3148
2024-08-21 06:00:00+00:00,BTC,11896.37,11929.18,11886.79,11917.01,685.2676
2024-08-21 07:00:00+00:00,BTC,11917.01,11975.51,11828.26,11893.21,443.4017
2024-08-21 08:00:00+00:00,BTC,11893.21,12117.9,11883.95,12014.41,355.0719
2024-08-21 09:00:00+00:00,BTC,12014.41,12166.65,11992.23,12111.56,355.4788
2024-08-21 10:00:00+00:00,BTC,12111.56,12211.27,12024.0,12157.63,828.4224
2024-08-21 11:00:00+00:00,BTC,12157.63,12244.75,12085.77,12185.27,553.2707
2024-08-21 12:00:00+00:00,BTC,12185.27,12230.57,12128.14,12178.84,813.7437
2024-08-21 13:00:00+00:00,BTC,12178.84,12362.65,12068.61,12087.03,856.022
2024-08-21 14:00:00+00:00,BTC,12087.03,12097.88,11994.71,12071.37,385.4332
2024-08-21 15:00:00+00:00,BTC,12071.37,12086.46,11986.45,12078.71,375.2607
2024-08-21 16:00:00+00:00,BTC,12078.71,12199.21,12027.04,12095.35,478.1466
2024-08-21 17:00:00+00:00,BTC,12095.35,12194.55,11915.51,12129.48,619.9563
2024-08-21 18:00:00+00:00,BTC,12129.48,12257.67,12115.42,12196.71,306.1453
2024-08-21 19:00:00+00:00,BTC,12196.71,12205.38,12135.55,12146.17,586.2948
2024-08-21 20:00:00+00:00,BTC,12146.17,12168.02,11999.5,12096.49,575.9926
2024-08-21 21:00:00+00:00,BTC,12096.49,12229.65,12077.94,12202.25,337.2132
2024-08-21 22:00:00+00:00,BTC,12202.25,12348.24,12127.54,12258.83,341.3778
2024-08-21 23:00:00+00:00,BTC,12258.83,12272.29,12171.58,12230.12,584.1643
2024-08-22 00:00:00+00:00,BTC,12230.12,12289.62,12195.53,12222.25,1032.9384
2024-08-22 01:00:00+00:00,BTC,12222.25,12240.87,12186.05,12214.72,450.9726
2024-08-22 02:00:00+00:00,BTC,12214.72,12355.86,12171.17,12217.04,561.168
2024-08-22 03:00:00+00:00,BTC,12217.04,12260.79,12187.59,12251.74,404.5827
2024-08-22 04:00:00+00:00,BTC,12251.74,12467.08,12233.58,12439.51,543.1464
2024-08-22 05:00:00+00:00,BTC,12439.51,12465.52,12334.97,12453.68,401.7076
2024-08-22 06:00:00+00:00,BTC,12453.68,12628.85,12406.26,12503.29,456.6788
2024-08-22 07:00:00+00:00,BTC,12503.29,12551.59,12281.24,12377.41,1178.2634
2024-08-22 08:00:00+00:00,BTC,12377.41,12407.11,12282.91,12341.45,519.0931
2024-08-22 09:00:00+00:00,BTC,12341.45,12445.94,12233.02,12432.78,289.2084
2024-08-22 10:00:00+00:00,BTC,12432.78,12584.02,12377.47,12462.83,626.1586
2024-08-22 11:00:00+00:00,BTC,12462.83,12567.66,12106.54,12138.9,742.389
2024-08-22 12:00:00+00:00,BTC,12138.9,12225.45,11995.08,12188.1,633.3565
2024-08-22 13:00:00+00:00,BTC,12188.1,12399.58,12109.56,12329.18,470.0023
2024-08-22 14:00:00+00:00,BTC,12329.18,12359.13,12136.47,12182.41,362.6842
2024-08-22 15:00:00+00:00,BTC,12182.41,12306.99,12074.99,12293.98,365.8181
2024-08-22 16:00:00+00:00,BTC,12293.98,12377.28,12083.89,12091.2,467.8744
2024-08-22 17:00:00+00:00,BTC,12091.2,12230.21,12091.12,12159.44,439.7567
2024-08-22 18:00:00+00:00,BTC,12159.44,12177.33,12103.49,12158.81,411.2623
2024-08-22 19:00:00+00:00,BTC,12158.81,12208.68,11939.67,11988.57,765.0714
2024-08-22 20:00:00+00:00,BTC,11988.57,12037.88,11924.94,12020.71,690.2243
2024-08-22 21:00:00+00:00,BTC,12020.71,12234.22,11923.08,12104.0,779.035
2024-08-22 22:00:00+00:00,BTC,12104.0,12191.1,11960.28,12130.46,379.4332
2024-08-22 23:00:00+00:00,BTC,12130.46,12181.52,12050.28,12173.1,362.2479
2024-08-23 00:00:00+00:00,BTC,12173.1,12328.33,12096.38,12143.06,513.7269
2024-08-23 01:00:00+00:00,BTC,12143.06,12153.0,11985.4,12008.2,578.1601
2024-08-23 02:00:00+00:00,BTC,12008.2,12196.86,11911.31,12058.15,512.6735
2024-08-23 03:00:00+00:00,BTC,12058.15,12233.74,11995.35,12185.41,564.536
2024-08-23 04:00:00+00:00,BTC,12185.41,12311.81,12114.54,12268.28,870.7693
2024-08-23 05:00:00+00:00,BTC,12268.28,12347.21,12057.65,12122.82,463.206
2024-08-23 06:00:00+00:00,BTC,12122.82,12161.87,11995.08,12013.13,663.2197
2024-08-23 07:00:00+00:00,BTC,12013.13,12044.14,11950.89,11952.31,599.3801
2024-08-23 08:00:00+00:00,BTC,11952.31,12079.68,11786.01,11838.62,516.9626
2024-08-23 09:00:00+00:00,BTC,11838.62,11863.27,11775.56,11841.76,652.6042
2024-08-23 10:00:00+00:00,BTC,11841.76,11926.87,11729.88,11869.74,382.1541
2024-08-23 11:00:00+00:00,BTC,11869.74,11999.36,11719.87,11768.32,356.1786
2024-08-23 12:00:00+00:00,BTC,11768.32,11859.56,11707.4,11823.32,581.7918
2024-08-23 13:00:00+00:00,BTC,11823.32,11911.72,11726.18,11866.04,281.8285
2024-08-23 14:00:00+00:00,BTC,11866.04,11931.04,11789.27,11827.07,598.0341
2024-08-23 15:00:00+00:00,BTC,11827.07,11884.62,11745.18,11814.84,336.8877
2024-08-23 16:00:00+00:00,BTC,11814.84,11843.85,11641.77,11677.42,850.5502
2024-08-23 17:00:00+00:00,BTC,11677.42,11693.78,11600.19,11654.17,435.2476
2024-08-23 18:00:00+00:00,BTC,11654.17,11737.83,11644.24,11654.68,831.5064
2024-08-23 19:00:00+00:00,BTC,11654.68,11681.73,11604.23,11666.49,464.435
2024-08-23 20:00:00+00:00,BTC,11666.49,11695.74,11610.55,11693.04,457.5422
2024-08-23 21:00:00+00:00,BTC,11693.04,11725.29,11595.17,11710.19,677.0053
2024-08-23 22:00:00+00:00,BTC,11710.19,11724.47,11613.53,11691.63,553.99
2024-08-23 23:00:00+00:00,BTC,11691.63,11773.02,11594.92,11711.72,488.4625
2024-08-24 00:00:00+00:00,BTC,11711.72,11815.62,11620.57,11782.35,434.0553
2024-08-24 01:00:00+00:00,BTC,11782.35,11821.74,11651.59,11775.6,435.51
2024-08-24 02:00:00+00:00,BTC,11775.6,11900.37,11612.61,11798.06,1141.0979
2024-08-24 03:00:00+00:00,BTC,11798.06,11828.21,11773.24,11784.89,278.1762
2024-08-24 04:00:00+00:00,BTC,11784.89,11820.75,11611.78,11739.25,328.2326
2024-08-24 05:00:00+00:00,BTC,11739.25,11782.17,11668.27,11776.13,754.8491
2024-08-24 06:00:00+00:00,BTC,11776.13,11805.76,11732.99,11736.97,735.287
2024-08-24 07:00:00+00:00,BTC,11736.97,11911.35,11691.32,11764.19,362.0321
2024-08-24 08:00:00+00:00,BTC,11764.19,11786.19,11578.69,11766.19,270.7674
2024-08-24 09:00:00+00:00,BTC,11766.19,11863.75,11725.38,11744.75,780.4907
2024-08-24 10:00:00+00:00,BTC,11744.75,11758.41,11662.84,11721.65,346.6201
2024-08-24 11:00:00+00:00,BTC,11721.65,11725.91,11653.41,11685.97,421.0367
2024-08-24 12:00:00+00:00,BTC,11685.97,11730.87,11478.99,11571.14,517.1072
2024-08-24 13:00:00+00:00,BTC,11571.14,11644.57,11446.3,11597.75,343.5029
2024-08-24 14:00:00+00:00,BTC,11597.75,11626.56,11590.44,11613.88,691.0138
2024-08-24 15:00:00+00:00,BTC,11613.88,11801.34,11453.75,11673.24,503.6765
2024-08-24 16:00:00+00:00,BTC,11673.24,11718.06,11576.52,11636.07,367.1961
2024-08-24 17:00:00+00:00,BTC,11636.07,11808.66,11612.63,11769.16,378.6964
2024-08-24 18:00:00+00:00,BTC,11769.16,11826.12,11687.03,11742.37,787.2536
2024-08-24 19:00:00+00:00,BTC,11742.37,11891.07,11673.51,11680.88,453.5222
2024-08-24 20:00:00+00:00,BTC,11680.88,11690.02,11599.47,11611.44,619.9712
2024-08-24 21:00:00+00:00,BTC,11611.44,11644.33,11439.23,11491.27,498.2559
2024-08-24 22:00:00+00:00,BTC,11491.27,11694.68,11482.21,11597.43,270.5661
2024-08-24 23:00:00+00:00,BTC,11597.43,11762.37,11589.7,11693.23,649.3706
2024-08-25 00:00:00+00:00,BTC,11693.23,11787.43,11552.3,11735.45,728.1122
2024-08-25 01:00:00+00:00,BTC,11735.45,11768.64,11603.21,11672.52,952.8515
2024-08-25 02:00:00+00:00,BTC,11672.52,11833.74,11625.97,11800.07,257.0849
2024-08-25 03:00:00+00:00,BTC,11800.07,11834.43,11693.99,11775.19,165.5295
2024-08-25 04:00:00+00:00,BTC,11775.19,11914.04,11711.8,11756.2,625.3349
2024-08-25 05:00:00+00:00,BTC,11756.2,12060.44,11689.76,11858.02,405.3882
2024-08-25 06:00:00+00:00,BTC,11858.02,11969.37,11843.62,11904.99,303.1129
2024-08-25 07:00:00+00:00,BTC,11904.99,12198.75,11798.44,12063.26,519.1765
2024-08-25 08:00:00+00:00,BTC,12063.26,12167.36,12041.52,12081.27,427.2429
2024-08-25 09:00:00+00:00,BTC,12081.27,12257.6,11942.83,12052.53,319.8786
2024-08-25 10:00:00+00:00,BTC,12052.53,12073.07,12001.19,12008.37,485.719
2024-08-25 11:00:00+00:00,BTC,12008.37,12052.77,11803.81,11876.03,609.6493
2024-08-25 12:00:00+00:00,BTC,11876.03,12020.72,11784.24,11856.19,531.5692
2024-08-25 13:00:00+00:00,BTC,11856.19,12016.53,11838.27,11937.89,532.9811
2024-08-25 14:00:00+00:00,BTC,11937.89,12051.26,11803.77,11980.86,583.9452
2024-08-25 15:00:00+00:00,BTC,11980.86,12071.86,11871.12,11982.32,276.6143
2024-08-25 16:00:00+00:00,BTC,11982.32,11991.84,11792.39,11911.01,491.1031
2024-08-25 17:00:00+00:00,BTC,11911.01,12044.9,11904.17,11927.23,543.8066
2024-08-25 18:00:00+00:00,BTC,11927.23,12140.56,11716.35,11999.93,438.0482
2024-08-25 19:00:00+00:00,BTC,11999.93,12091.87,11876.89,12030.98,374.0192
2024-08-25 20:00:00+00:00,BTC,12030.98,12101.49,11991.12,12043.03,385.0778
2024-08-25 21:00:00+00:00,BTC,12043.03,12147.19,11930.56,11985.58,451.2051
2024-08-25 22:00:00+00:00,BTC,11985.58,12048.69,11869.72,12048.1,688.5873
2024-08-25 23:00:00+00:00,BTC,12048.1,12076.69,11747.77,11823.81,853.321
2024-08-26 00:00:00+00:00,BTC,11823.81,11884.76,11668.22,11851.01,794.5817
2024-08-26 01:00:00+00:00,BTC,11851.01,12044.56,11832.62,12035.19,289.556
2024-08-26 02:00:00+00:00,BTC,12035.19,12111.61,11898.97,11926.76,359.9078
2024-08-26 03:00:00+00:00,BTC,11926.76,11970.33,11903.51,11909.5,629.3705
2024-08-26 04:00:00+00:00,BTC,11909.5,11929.85,11899.46,11908.93,788.2864
2024-08-26 05:00:00+00:00,BTC,11908.93,12030.08,11851.53,11875.93,356.4607
2024-08-26 06:00:00+00:00,BTC,11875.93,11979.2,11838.25,11950.0,533.1237
2024-08-26 07:00:00+00:00,BTC,11950.0,12077.59,11826.83,11983.93,336.4526
2024-08-26 08:00:00+00:00,BTC,11983.93,12028.88,11937.24,11994.88,550.8041
2024-08-26 09:00:00+00:00,BTC,11994.88,12056.8,11987.8,12052.4,399.1754
2024-08-26 10:00:00+00:00,BTC,12052.4,12156.2,12045.73,12053.61,533.0583
2024-08-26 11:00:00+00:00,BTC,12053.61,12302.62,11988.16,12285.79,327.169
2024-08-26 12:00:00+00:00,BTC,12285.79,12313.87,12073.79,12296.95,282.2382
2024-08-26 13:00:00+00:00,BTC,12296.95,12328.1,12206.23,12311.37,1478.8302
2024-08-26 14:00:00+00:00,BTC,12311.37,12323.95,12118.02,12185.67,512.2831
2024-08-26 15:00:00+00:00,BTC,12185.67,12228.7,12086.3,12146.0,1055.4864
2024-08-26 16:00:00+00:00,BTC,12146.0,12276.76,12046.3,12229.9,847.9108
2024-08-26 17:00:00+00:00,BTC,12229.9,12286.46,11935.3,12132.3,282.0674
2024-08-26 18:00:00+00:00,BTC,12132.3,12221.84,11837.63,11976.25,567.4954
2024-08-26 19:00:00+00:00,BTC,11976.25,12029.98,11930.57,11978.58,317.8378
2024-08-26 20:00:00+00:00,BTC,11978.58,12165.27,11738.62,12077.5,450.7616
2024-08-26 21:00:00+00:00,BTC,12077.5,12115.68,12022.41,12080.57,258.4995
2024-08-26 22:00:00+00:00,BTC,12080.57,12090.25,12030.54,12056.23,288.1926
2024-08-26 23:00:00+00:00,BTC,12056.23,12248.44,11868.95,11922.54,370.7143
2024-08-27 00:00:00+00:00,BTC,11922.54,12023.87,11798.66,11954.94,413.0616
2024-08-27 01:00:00+00:00,BTC,11954.94,12188.65,11953.57,12002.46,506.8411
2024-08-27 02:00:00+00:00,BTC,12002.46,12048.46,11857.53,11874.84,347.9094
2024-08-27 03:00:00+00:00,BTC,11874.84,12158.04,11868.83,11955.95,526.8237
2024-08-27 04:00:00+00:00,BTC,11955.95,12022.33,11909.05,12011.0,744.0631
2024-08-27 05:00:00+00:00,BTC,12011.0,12119.44,11929.78,12092.88,550.3033
2024-08-27 06:00:00+00:00,BTC,12092.88,12167.8,12088.46,12135.29,488.3562
2024-08-27 07:00:00+00:00,BTC,12135.29,12197.76,12075.73,12182.98,563.5061
2024-08-27 08:00:00+00:00,BTC,12182.98,12374.62,12130.29,12221.11,302.5857
2024-08-27 09:00:00+00:00,BTC,12221.11,12322.39,12217.63,12284.95,697.7149
2024-08-27 10:00:00+00:00,BTC,12284.95,12342.13,12050.94,12151.62,328.7958
2024-08-27 11:00:00+00:00,BTC,12151.62,12184.13,12025.29,12042.67,860.7122
2024-08-27 12:00:00+00:00,BTC,12042.67,12145.86,11965.16,11989.61,654.8274
2024-08-27 13:00:00+00:00,BTC,11989.61,12039.47,11840.54,11980.27,607.532
2024-08-27 14:00:00+00:00,BTC,11980.27,12039.42,11913.1,12008.21,616.8602
2024-08-27 15:00:00+00:00,BTC,12008.21,12097.09,11953.37,12031.62,499.669
2024-08-27 16:00:00+00:00,BTC,12031.62,12191.39,11888.25,12112.54,379.6969
2024-08-27 17:00:00+00:00,BTC,12112.54,12243.79,12048.31,12196.29,359.5978
2024-08-27 18:00:00+00:00,BTC,12196.29,12306.87,12130.43,12132.62,922.9687
2024-08-27 19:00:00+00:00,BTC,12132.62,12171.78,12079.42,12150.0,518.409
2024-08-27 20:00:00+00:00,BTC,12150.0,12172.03,12018.39,12088.35,338.4522
2024-08-27 21:00:00+00:00,BTC,12088.35,12096.58,11969.16,12074.7,599.1171
2024-08-27 22:00:00+00:00,BTC,12074.7,12126.47,11968.0,12098.04,563.7536
2024-08-27 23:00:00+00:00,BTC,12098.04,12223.72,11846.45,11853.12,445.5633
2024-08-28 00:00:00+00:00,BTC,11853.12,12073.54,11801.97,12025.85,365.147
2024-08-28 01:00:00+00:00,BTC,12025.85,12105.27,12008.04,12066.79,646.8108
2024-08-28 02:00:00+00:00,BTC,12066.79,12140.75,11988.9,12023.74,696.261
2024-08-28 03:00:00+00:00,BTC,12023.74,12171.63,12016.82,12163.59,559.7258
2024-08-28 04:00:00+00:00,BTC,12163.59,12178.46,12045.33,12138.26,512.6782
2024-08-28 05:00:00+00:00,BTC,12138.26,12208.89,12080.0,12147.91,380.2282
2024-08-28 06:00:00+00:00,BTC,12147.91,12200.41,11958.85,12112.46,591.4352
2024-08-28 07:00:00+00:00,BTC,12112.46,12295.76,12065.08,12233.12,400.4007
2024-08-28 08:00:00+00:00,BTC,12233.12,12334.66,12196.46,12225.41,320.295
2024-08-28 09:00:00+00:00,BTC,12225.41,12241.18,12195.37,12236.38,741.4198
2024-08-28 10:00:00+00:00,BTC,12236.38,12402.91,12175.64,12325.08,348.676
2024-08-28 11:00:00+00:00,BTC,12325.08,12406.97,12319.66,12368.43,257.4127
2024-08-28 12:00:00+00:00,BTC,12368.43,12382.55,12327.08,12364.4,790.5773
2024-08-28 13:00:00+00:00,BTC,12364.4,12457.41,12312.66,12447.05,271.525
2024-08-28 14:00:00+00:00,BTC,12447.05,12660.59,12327.76,12638.08,436.2429
2024-08-28 15:00:00+00:00,BTC,12638.08,12708.24,12573.33,12662.17,340.7479
2024-08-28 16:00:00+00:00,BTC,12662.17,12760.93,12595.1,12671.04,388.1058
2024-08-28 17:00:00+00:00,BTC,12671.04,12770.64,12653.64,12684.02,1089.0192
2024-08-28 18:00:00+00:00,BTC,12684.02,12836.07,12523.48,12784.15,482.5384
2024-08-28 19:00:00+00:00,BTC,12784.15,12835.51,12725.11,12738.27,567.1222
2024-08-28 20:00:00+00:00,BTC,12738.27,12754.96,12682.08,12717.01,659.3661
2024-08-28 21:00:00+00:00,BTC,12717.01,12806.35,12538.77,12600.24,398.7042
2024-08-28 22:00:00+00:00,BTC,12600.24,12617.46,12456.51,12511.06,728.4414
2024-08-28 23:00:00+00:00,BTC,12511.06,12518.8,12416.76,12472.25,570.3278
2024-08-29 00:00:00+00:00,BTC,12472.25,12510.71,12460.28,12468.06,650.9542
2024-08-29 01:00:00+00:00,BTC,12468.06,12627.77,12466.69,12601.11,387.9748
2024-08-29 02:00:00+00:00,BTC,12601.11,12662.57,12590.62,12641.7,584.0606
2024-08-29 03:00:00+00:00,BTC,12641.7,12659.28,12572.42,12572.71,498.438
2024-08-29 04:00:00+00:00,BTC,12572.71,12658.72,12420.56,12517.91,742.4991
2024-08-29 05:00:00+00:00,BTC,12517.91,12643.58,12497.71,12621.59,413.8446
2024-08-29 06:00:00+00:00,BTC,12621.59,12736.63,12615.62,12707.2,1018.2935
2024-08-29 07:00:00+00:00,BTC,12707.2,12826.7,12577.38,12709.35,562.9333
2024-08-29 08:00:00+00:00,BTC,12709.35,12842.7,12603.81,12675.64,478.5601
2024-08-29 09:00:00+00:00,BTC,12675.64,12883.83,12590.26,12761.49,459.363
2024-08-29 10:00:00+00:00,BTC,12761.49,12790.0,12603.64,12685.66,498.8035
2024-08-29 11:00:00+00:00,BTC,12685.66,12742.14,12662.78,12715.53,401.2469
2024-08-29 12:00:00+00:00,BTC,12715.53,12896.6,12507.85,12890.11,631.412
2024-08-29 13:00:00+00:00,BTC,12890.11,12914.15,12836.93,12906.0,497.9192
2024-08-29 14:00:00+00:00,BTC,12906.0,12932.58,12796.6,12846.08,987.1994
2024-08-29 15:00:00+00:00,BTC,12846.08,12913.05,12821.09,12877.75,429.639
2024-08-29 16:00:00+00:00,BTC,12877.75,12898.67,12743.46,12841.48,479.3265
2024-08-29 17:00:00+00:00,BTC,12841.48,12935.45,12681.2,12734.52,429.4904
2024-08-29 18:00:00+00:00,BTC,12734.52,12868.36,12693.62,12788.19,961.7677
2024-08-29 19:00:00+00:00,BTC,12788.19,13030.31,12755.11,12874.25,301.4495
2024-08-29 20:00:00+00:00,BTC,12874.25,12894.61,12674.08,12850.26,516.6586
2024-08-29 21:00:00+00:00,BTC,12850.26,12926.47,12820.17,12821.21,557.8847
2024-08-29 22:00:00+00:00,BTC,12821.21,12873.03,12700.54,12747.45,336.9047
2024-08-29 23:00:00+00:00,BTC,12747.45,12775.28,12683.17,12735.99,1261.0797
2024-08-30 00:00:00+00:00,BTC,12735.99,12842.38,12599.42,12693.08,361.0117
2024-08-30 01:00:00+00:00,BTC,12693.08,12736.83,12582.27,12616.32,505.9012
2024-08-30 02:00:00+00:00,BTC,12616.32,12944.86,12584.92,12760.37,901.4621
2024-08-30 03:00:00+00:00,BTC,12760.37,12842.62,12502.57,12796.13,438.4892
2024-08-30 04:00:00+00:00,BTC,12796.13,13001.33,12731.87,12840.16,525.7774
2024-08-30 05:00:00+00:00,BTC,12840.16,12959.64,12757.81,12908.39,443.1628
2024-08-30 06:00:00+00:00,BTC,12908.39,13014.01,12807.63,12968.25,490.7623
2024-08-30 07:00:00+00:00,BTC,12968.25,13000.86,12932.57,12936.15,730.0538
2024-08-30 08:00:00+00:00,BTC,12936.15,12985.69,12922.32,12957.32,431.4094
2024-08-30 09:00:00+00:00,BTC,12957.32,13040.91,12775.61,12936.42,197.4624
2024-08-30 10:00:00+00:00,BTC,12936.42,13029.05,12840.98,12970.5,494.2663
2024-08-30 11:00:00+00:00,BTC,12970.5,13076.65,12961.32,12997.12,511.1327
2024-08-30 12:00:00+00:00,BTC,12997.12,13128.5,12844.41,12967.31,535.3985
2024-08-30 13:00:00+00:00,BTC,12967.31,12993.76,12845.79,12864.3,468.929
2024-08-30 14:00:00+00:00,BTC,12864.3,12993.97,12821.58,12875.59,369.7103
2024-08-30 15:00:00+00:00,BTC,12875.59,12955.31,12748.7,12859.82,458.8887
2024-08-30 16:00:00+00:00,BTC,12859.82,13020.74,12654.25,12714.78,927.4374
2024-08-30 17:00:00+00:00,BTC,12714.78,12807.47,12714.2,12753.57,492.6961
2024-08-30 18:00:00+00:00,BTC,12753.57,12978.78,12648.74,12827.65,628.3681
2024-08-30 19:00:00+00:00,BTC,12827.65,13027.8,12717.16,13023.73,348.2089
2024-08-30 20:00:00+00:00,BTC,13023.73,13147.53,12972.4,12993.2,451.516
2024-08-30 21:00:00+00:00,BTC,12993.2,13045.91,12840.27,12951.27,352.2685
2024-08-30 22:00:00+00:00,BTC,12951.27,13007.95,12854.33,12865.35,786.3434
2024-08-30 23:00:00+00:00,BTC,12865.35,12949.52,12753.01,12881.46,290.0593
2024-08-31 00:00:00+00:00,BTC,12881.46,12946.66,12841.22,12897.11,569.6082
2024-08-31 01:00:00+00:00,BTC,12897.11,12969.74,12775.69,12834.48,563.332
2024-08-31 02:00:00+00:00,BTC,12834.48,12842.66,12796.88,12821.02,550.6979
2024-08-31 03:00:00+00:00,BTC,12821.02,12887.55,12553.77,12669.71,220.0598
2024-08-31 04:00:00+00:00,BTC,12669.71,12759.16,12655.47,12740.32,246.3073
2024-08-31 05:00:00+00:00,BTC,12740.32,12744.92,12655.0,12681.55,520.9102
2024-08-31 06:00:00+00:00,BTC,12681.55,12824.14,12574.27,12678.91,361.9538
2024-08-31 07:00:00+00:00,BTC,12678.91,12722.53,12518.46,12570.84,399.2583
2024-08-31 08:00:00+00:00,BTC,12570.84,12602.42,12416.2,12526.99,430.9616
2024-08-31 09:00:00+00:00,BTC,12526.99,12592.08,12395.71,12506.0,345.8722
2024-08-31 10:00:00+00:00,BTC,12506.0,12670.38,12412.81,12505.15,325.6261
2024-08-31 11:00:00+00:00,BTC,12505.15,12608.05,12452.79,12541.2,499.9903
2024-08-31 12:00:00+00:00,BTC,12541.2,12728.18,12463.49,12649.95,256.5899
2024-08-31 13:00:00+00:00,BTC,12649.95,12773.82,12600.35,12705.69,418.8771
2024-08-31 14:00:00+00:00,BTC,12705.69,12828.08,12695.59,12779.25,395.8412
2024-08-31 15:00:00+00:00,BTC,12779.25,12903.81,12776.35,12890.61,495.872
2024-08-31 16:00:00+00:00,BTC,12890.61,13040.67,12889.6,12934.75,1152.998
2024-08-31 17:00:00+00:00,BTC,12934.75,13021.61,12822.44,12931.9,354.5772
2024-08-31 18:00:00+00:00,BTC,12931.9,13015.14,12828.35,13010.44,576.4205
2024-08-31 19:00:00+00:00,BTC,13010.44,13125.36,12966.34,13094.47,540.1711
2024-08-31 20:00:00+00:00,BTC,13094.47,13305.5,13044.63,13145.52,608.2414
2024-08-31 21:00:00+00:00,BTC,13145.52,13176.29,13007.21,13031.29,464.0332
2024-08-31 22:00:00+00:00,BTC,13031.29,13243.61,12918.36,12965.67,828.0865
2024-08-31 23:00:00+00:00,BTC,12965.67,13137.16,12876.75,12944.3,635.5319
2024-09-01 00:00:00+00:00,BTC,12944.3,13146.11,12806.58,13004.99,639.0803
2024-09-01 01:00:00+00:00,BTC,13004.99,13048.11,12904.1,13003.33,304.7894
2024-09-01 02:00:00+00:00,BTC,13003.33,13200.64,12954.48,13092.33,517.1469
2024-09-01 03:00:00+00:00,BTC,13092.33,13396.57,13086.1,13196.06,418.2832
2024-09-01 04:00:00+00:00,BTC,13196.06,13335.06,13170.49,13291.34,369.8271
2024-09-01 05:00:00+00:00,BTC,13291.34,13393.73,13157.6,13387.83,401.5554
2024-09-01 06:00:00+00:00,BTC,13387.83,13556.35,13228.73,13304.79,490.3093
2024-09-01 07:00:00+00:00,BTC,13304.79,13396.46,13276.77,13343.38,586.6777
2024-09-01 08:00:00+00:00,BTC,13343.38,13381.41,13233.42,13294.83,704.9799
2024-09-01 09:00:00+00:00,BTC,13294.83,13322.33,13158.91,13163.93,693.5
2024-09-01 10:00:00+00:00,BTC,13163.93,13301.64,13118.42,13141.24,553.9371
2024-09-01 11:00:00+00:00,BTC,13141.24,13254.48,13106.43,13246.11,509.8295
2024-09-01 12:00:00+00:00,BTC,13246.11,13309.73,13223.1,13282.78,446.3206
2024-09-01 13:00:00+00:00,BTC,13282.78,13452.93,13222.6,13444.57,458.4953
2024-09-01 14:00:00+00:00,BTC,13444.57,13502.66,13428.18,13458.88,380.5073
2024-09-01 15:00:00+00:00,BTC,13458.88,13751.76,13372.6,13658.0,430.3709
2024-09-01 16:00:00+00:00,BTC,13658.0,13803.86,13645.5,13672.56,565.917
2024-09-01 17:00:00+00:00,BTC,13672.56,13775.17,13573.09,13674.4,857.2518
2024-09-01 18:00:00+00:00,BTC,13674.4,13687.9,13568.66,13569.83,474.4725
2024-09-01 19:00:00+00:00,BTC,13569.83,13706.89,13493.71,13660.56,376.8772
2024-09-01 20:00:00+00:00,BTC,13660.56,13723.79,13513.49,13619.46,701.9394
2024-09-01 21:00:00+00:00,BTC,13619.46,13640.01,13399.29,13566.69,248.0828
2024-09-01 22:00:00+00:00,BTC,13566.69,13755.74,13431.46,13671.39,720.3307
2024-09-01 23:00:00+00:00,BTC,13671.39,13877.51,13489.03,13766.72,302.8128
2024-09-02 00:00:00+00:00,BTC,13766.72,13920.42,13742.54,13860.55,629.3037
2024-09-02 01:00:00+00:00,BTC,13860.55,13861.67,13824.15,13830.46,423.2559
2024-09-02 02:00:00+00:00,BTC,13830.46,13845.61,13816.23,13826.23,559.4345
2024-09-02 03:00:00+00:00,BTC,13826.23,13985.87,13775.76,13821.27,1036.6094
2024-09-02 04:00:00+00:00,BTC,13821.27,13981.45,13783.12,13886.31,372.9283
2024-09-02 05:00:00+00:00,BTC,13886.31,14022.52,13831.26,14016.36,352.2761
2024-09-02 06:00:00+00:00,BTC,14016.36,14107.17,14005.04,14047.35,513.8761
2024-09-02 07:00:00+00:00,BTC,14047.35,14259.62,13974.05,14214.79,852.7555
2024-09-02 08:00:00+00:00,BTC,14214.79,14320.92,14175.01,14291.52,532.3578
2024-09-02 09:00:00+00:00,BTC,14291.52,14366.31,14238.49,14271.4,507.869
2024-09-02 10:00:00+00:00,BTC,14271.4,14475.02,14206.63,14342.54,530.482
2024-09-02 11:00:00+00:00,BTC,14342.54,14496.59,14270.53,14490.1,351.7684
2024-09-02 12:00:00+00:00,BTC,14490.1,14683.4,14476.14,14664.88,532.3695
2024-09-02 13:00:00+00:00,BTC,14664.88,14792.93,14626.77,14769.68,435.7712
2024-09-02 14:00:00+00:00,BTC,14769.68,14783.0,14659.74,14771.96,794.3067
2024-09-02 15:00:00+00:00,BTC,14771.96,14789.06,14632.68,14752.76,661.0991
2024-09-02 16:00:00+00:00,BTC,14752.76,14998.77,14749.3,14803.84,314.5996
2024-09-02 17:00:00+00:00,BTC,14803.84,15003.72,14739.57,14953.28,452.8276
2024-09-02 18:00:00+00:00,BTC,14953.28,15087.82,14817.11,14992.25,601.486
2024-09-02 19:00:00+00:00,BTC,14992.25,15082.36,14855.32,15033.19,354.6294
2024-09-02 20:00:00+00:00,BTC,15033.19,15147.84,14979.45,15037.83,342.7025
2024-09-02 21:00:00+00:00,BTC,15037.83,15065.48,14957.87,15008.27,425.3511
2024-09-02 22:00:00+00:00,BTC,15008.27,15104.36,14976.85,14993.68,564.061
2024-09-02 23:00:00+00:00,BTC,14993.68,15181.08,14947.08,15005.87,718.8203
2024-09-03 00:00:00+00:00,BTC,15005.87,15460.47,14811.65,15161.36,542.308
2024-09-03 01:00:00+00:00,BTC,15161.36,15471.61,15124.19,15139.57,1183.7301
2024-09-03 02:00:00+00:00,BTC,15139.57,15179.71,15055.08,15144.35,394.5484
2024-09-03 03:00:00+00:00,BTC,15144.35,15229.53,15040.31,15065.92,647.8966
2024-09-03 04:00:00+00:00,BTC,15065.92,15247.17,15013.59,15130.84,339.1438
2024-09-03 05:00:00+00:00,BTC,15130.84,15280.47,15115.57,15255.42,878.7057
2024-09-03 06:00:00+00:00,BTC,15255.42,15501.42,15231.23,15404.84,804.6457
2024-09-03 07:00:00+00:00,BTC,15404.84,15558.34,15243.17,15423.65,641.3888
2024-09-03 08:00:00+00:00,BTC,15423.65,15712.03,15386.41,15476.89,272.2965
2024-09-03 09:00:00+00:00,BTC,15476.89,15519.6,15378.98,15462.64,639.312
2024-09-03 10:00:00+00:00,BTC,15462.64,15514.93,15410.16,15511.71,375.3698
2024-09-03 11:00:00+00:00,BTC,15511.71,15674.71,15379.28,15540.96,586.0328
2024-09-03 12:00:00+00:00,BTC,15540.96,15561.96,15448.12,15546.39,300.5102
2024-09-03 13:00:00+00:00,BTC,15546.39,15567.58,15488.5,15559.24,549.5512
2024-09-03 14:00:00+00:00,BTC,15559.24,15680.27,15515.3,15601.49,441.8031
2024-09-03 15:00:00+00:00,BTC,15601.49,15706.72,15488.73,15573.98,380.7816
2024-09-03 16:00:00+00:00,BTC,15573.98,15617.8,15527.28,15551.34,615.2439
2024-09-03 17:00:00+00:00,BTC,15551.34,15777.7,15550.1,15711.47,491.1027
2024-09-03 18:00:00+00:00,BTC,15711.47,16020.35,15626.88,15969.08,465.3882
2024-09-03 19:00:00+00:00,BTC,15969.08,15970.9,15795.75,15854.1,647.1807
2024-09-03 20:00:00+00:00,BTC,15854.1,15918.63,15679.09,15734.74,973.5931
2024-09-03 21:00:00+00:00,BTC,15734.74,15805.31,15482.68,15644.64,550.647
2024-09-03 22:00:00+00:00,BTC,15644.64,15663.79,15494.26,15634.94,265.7397
2024-09-03 23:00:00+00:00,BTC,15634.94,15844.42,15555.02,15719.2,289.8055
2024-09-04 00:00:00+00:00,BTC,15719.2,15951.69,15669.0,15775.07,512.2067
2024-09-04 01:00:00+00:00,BTC,15775.07,15809.72,15729.34,15791.36,716.1379
2024-09-04 02:00:00+00:00,BTC,15791.36,15931.58,15645.68,15841.55,524.1385
2024-09-04 03:00:00+00:00,BTC,15841.55,15876.27,15698.02,15775.91,598.039
2024-09-04 04:00:00+00:00,BTC,15775.91,15794.72,15623.24,15752.82,489.8118
2024-09-04 05:00:00+00:00,BTC,15752.82,15753.25,15733.92,15750.92,700.1829
2024-09-04 06:00:00+00:00,BTC,15750.92,15784.98,15527.16,15601.91,620.4346
2024-09-04 07:00:00+00:00,BTC,15601.91,15677.98,15491.65,15493.57,349.9381
2024-09-04 08:00:00+00:00,BTC,15493.57,15554.42,15347.99,15389.66,584.8402
2024-09-04 09:00:00+00:00,BTC,15389.66,15569.88,15347.59,15460.38,291.397
2024-09-04 10:00:00+00:00,BTC,15460.38,15513.15,15456.48,15483.16,584.8857
2024-09-04 11:00:00+00:00,BTC,15483.16,15581.12,15384.01,15540.03,452.9277
2024-09-04 12:00:00+00:00,BTC,15540.03,15685.54,15313.21,15369.44,528.9273
2024-09-04 13:00:00+00:00,BTC,15369.44,15383.26,15219.44,15233.24,560.043
2024-09-04 14:00:00+00:00,BTC,15233.24,15301.36,15198.13,15293.98,551.7975
2024-09-04 15:00:00+00:00,BTC,15293.98,15442.34,14862.02,15041.11,821.1651
2024-09-04 16:00:00+00:00,BTC,15041.11,15169.71,14947.17,15152.04,505.9997
2024-09-04 17:00:00+00:00,BTC,15152.04,15244.9,14984.83,14987.18,534.178
2024-09-04 18:00:00+00:00,BTC,14987.18,15111.53,14839.59,15063.21,796.3541
2024-09-04 19:00:00+00:00,BTC,15063.21,15187.64,14960.55,14983.11,971.1572
2024-09-04 20:00:00+00:00,BTC,14983.11,15100.96,14876.77,15077.7,496.9105
2024-09-04 21:00:00+00:00,BTC,15077.7,15383.35,15029.44,15370.74,417.9568
2024-09-04 22:00:00+00:00,BTC,15370.74,15384.19,15126.43,15162.52,425.2717
2024-09-04 23:00:00+00:00,BTC,15162.52,15245.28,15060.4,15225.92,585.4383
2024-09-05 00:00:00+00:00,BTC,15225.92,15256.32,15060.17,15061.63,465.6445
2024-09-05 01:00:00+00:00,BTC,15061.63,15141.06,14952.89,15100.24,271.0682
2024-09-05 02:00:00+00:00,BTC,15100.24,15208.89,15075.36,15081.52,740.7589
2024-09-05 03:00:00+00:00,BTC,15081.52,15258.89,14964.7,15093.27,665.1378
2024-09-05 04:00:00+00:00,BTC,15093.27,15099.2,14983.84,15010.93,746.9014
2024-09-05 05:00:00+00:00,BTC,15010.93,15153.51,14904.28,15081.4,800.3523
2024-09-05 06:00:00+00:00,BTC,15081.4,15178.71,14946.71,14950.9,534.4951
2024-09-05 07:00:00+00:00,BTC,14950.9,15214.99,14862.97,15062.7,547.7405
2024-09-05 08:00:00+00:00,BTC,15062.7,15088.8,15018.3,15025.76,711.1892
2024-09-05 09:00:00+00:00,BTC,15025.76,15142.47,14838.03,14899.83,326.7979
2024-09-05 10:00:00+00:00,BTC,14899.83,15066.2,14750.23,15043.1,441.97
2024-09-05 11:00:00+00:00,BTC,15043.1,15043.32,14939.75,15037.03,489.7254
2024-09-05 12:00:00+00:00,BTC,15037.03,15248.42,14977.88,15210.13,690.4104
2024-09-05 13:00:00+00:00,BTC,15210.13,15378.94,15114.57,15322.0,414.095
2024-09-05 14:00:00+00:00,BTC,15322.0,15365.94,15173.42,15248.8,389.6917
2024-09-05 15:00:00+00:00,BTC,15248.8,15369.72,15167.28,15241.02,429.9932
2024-09-05 16:00:00+00:00,BTC,15241.02,15332.92,15180.83,15252.1,589.3255
2024-09-05 17:00:00+00:00,BTC,15252.1,15524.81,15246.44,15392.41,488.1934
2024-09-05 18:00:00+00:00,BTC,15392.41,15503.18,15237.95,15432.87,300.9219
2024-09-05 19:00:00+00:00,BTC,15432.87,15490.95,15376.96,15449.21,322.4204
2024-09-05 20:00:00+00:00,BTC,15449.21,15449.39,15366.91,15430.69,524.4864
2024-09-05 21:00:00+00:00,BTC,15430.69,15487.8,15383.74,15426.01,530.6348
2024-09-05 22:00:00+00:00,BTC,15426.01,15627.84,15346.68,15547.23,504.8508
2024-09-05 23:00:00+00:00,BTC,15547.23,15578.5,15371.8,15547.58,424.0532
2024-09-06 00:00:00+00:00,BTC,15547.58,15582.83,15486.79,15510.77,658.7109
2024-09-06 01:00:00+00:00,BTC,15510.77,15545.04,15389.12,15458.33,568.9265
2024-09-06 02:00:00+00:00,BTC,15458.33,15471.29,15291.87,15407.05,562.1827
2024-09-06 03:00:00+00:00,BTC,15407.05,15715.14,15110.06,15277.98,569.2087
2024-09-06 04:00:00+00:00,BTC,15277.98,15421.56,15164.41,15209.35,874.5445
2024-09-06 05:00:00+00:00,BTC,15209.35,15470.93,15092.53,15346.71,349.3635
2024-09-06 06:00:00+00:00,BTC,15346.71,15412.63,15196.81,15327.69,431.4853
2024-09-06 07:00:00+00:00,BTC,15327.69,15480.43,15321.91,15392.61,444.4725
2024-09-06 08:00:00+00:00,BTC,15392.61,15430.01,15072.41,15165.38,776.4957
2024-09-06 09:00:00+00:00,BTC,15165.38,15217.41,15116.95,15217.18,438.6906
2024-09-06 10:00:00+00:00,BTC,15217.18,15321.88,15176.1,15202.45,378.8905
2024-09-06 11:00:00+00:00,BTC,15202.45,15225.49,15109.74,15158.6,481.8221
2024-09-06 12:00:00+00:00,BTC,15158.6,15234.2,14993.87,15175.07,518.6395
2024-09-06 13:00:00+00:00,BTC,15175.07,15354.32,14964.77,15129.99,760.0179
2024-09-06 14:00:00+00:00,BTC,15129.99,15135.66,14928.1,14938.41,437.7806
2024-09-06 15:00:00+00:00,BTC,14938.41,15068.02,14796.71,15021.3,393.0749
2024-09-06 16:00:00+00:00,BTC,15021.3,15100.44,14959.29,15043.22,363.6391
2024-09-06 17:00:00+00:00,BTC,15043.22,15081.25,14943.11,15014.91,443.2386
2024-09-06 18:00:00+00:00,BTC,15014.91,15064.0,14815.85,14928.12,1226.46
2024-09-06 19:00:00+00:00,BTC,14928.12,14965.16,14715.01,14797.05,571.6084
2024-09-06 20:00:00+00:00,BTC,14797.05,14921.64,14782.41,14816.94,616.4674
2024-09-06 21:00:00+00:00,BTC,14816.94,15000.09,14741.62,14961.07,499.9491
2024-09-06 22:00:00+00:00,BTC,14961.07,15047.84,14951.77,14979.32,524.6295
2024-09-06 23:00:00+00:00,BTC,14979.32,15104.81,14785.91,14855.56,658.449
2024-09-07 00:00:00+00:00,BTC,14855.56,14964.28,14765.71,14875.63,608.834
2024-09-07 01:00:00+00:00,BTC,14875.63,14931.32,14833.61,14870.87,564.9926
2024-09-07 02:00:00+00:00,BTC,14870.87,14988.98,14769.04,14948.17,502.829
2024-09-07 03:00:00+00:00,BTC,14948.17,15032.17,14939.61,15002.69,441.996
2024-09-07 04:00:00+00:00,BTC,15002.69,15019.78,14647.79,14736.31,580.0576
2024-09-07 05:00:00+00:00,BTC,14736.31,14807.21,14701.13,14784.59,514.8386
2024-09-07 06:00:00+00:00,BTC,14784.59,14834.15,14622.42,14695.85,1054.768
2024-09-07 07:00:00+00:00,BTC,14695.85,14752.65,14534.08,14571.02,722.2103
2024-09-07 08:00:00+00:00,BTC,14571.02,14795.93,14456.32,14554.55,394.891
2024-09-07 09:00:00+00:00,BTC,14554.55,14697.32,14522.67,14590.48,332.0432
2024-09-07 10:00:00+00:00,BTC,14590.48,14620.7,14393.15,14447.55,434.951
2024-09-07 11:00:00+00:00,BTC,14447.55,14530.61,14446.08,14508.76,342.2279
2024-09-07 12:00:00+00:00,BTC,14508.76,14635.56,14491.33,14575.36,425.8977
2024-09-07 13:00:00+00:00,BTC,14575.36,14755.3,14450.27,14579.47,356.1167
2024-09-07 14:00:00+00:00,BTC,14579.47,14635.94,14256.67,14503.77,445.9236
2024-09-07 15:00:00+00:00,BTC,14503.77,14533.59,14262.36,14418.79,447.7862
2024-09-07 16:00:00+00:00,BTC,14418.79,14522.7,14399.66,14507.82,526.43
2024-09-07 17:00:00+00:00,BTC,14507.82,14511.2,14292.19,14376.87,465.0761
2024-09-07 18:00:00+00:00,BTC,14376.87,14507.39,14243.03,14468.99,364.6014
2024-09-07 19:00:00+00:00,BTC,14468.99,14475.62,14430.4,14454.65,764.9598
2024-09-07 20:00:00+00:00,BTC,14454.65,14614.5,14413.77,14446.34,575.7388
2024-09-07 21:00:00+00:00,BTC,14446.34,14572.9,14268.3,14299.05,413.2471
2024-09-07 22:00:00+00:00,BTC,14299.05,14380.59,14284.36,14286.46,366.6706
2024-09-07 23:00:00+00:00,BTC,14286.46,14342.08,14282.53,14339.16,299.1898
2024-09-08 00:00:00+00:00,BTC,14339.16,14434.86,14160.58,14224.64,291.6176
2024-09-08 01:00:00+00:00,BTC,14224.64,14335.11,14151.38,14267.26,721.4179
2024-09-08 02:00:00+00:00,BTC,14267.26,14305.6,14253.95,14274.88,695.1001
2024-09-08 03:00:00+00:00,BTC,14274.88,14292.52,14214.59,14219.85,407.5311
2024-09-08 04:00:00+00:00,BTC,14219.85,14461.93,14109.67,14292.96,806.5543
2024-09-08 05:00:00+00:00,BTC,14292.96,14294.5,14042.47,14105.34,620.4689
2024-09-08 06:00:00+00:00,BTC,14105.34,14304.9,14083.84,14134.71,536.8651
2024-09-08 07:00:00+00:00,BTC,14134.71,14330.19,14098.07,14272.72,676.0635
2024-09-08 08:00:00+00:00,BTC,14272.72,14512.97,14238.09,14396.57,620.8375
2024-09-08 09:00:00+00:00,BTC,14396.57,14439.76,14279.25,14430.28,527.63
2024-09-08 10:00:00+00:00,BTC,14430.28,14462.38,14294.05,14404.18,459.7087
2024-09-08 11:00:00+00:00,BTC,14404.18,14413.29,14267.39,14349.34,481.5884
2024-09-08 12:00:00+00:00,BTC,14349.34,14398.23,14257.28,14323.28,284.8085
2024-09-08 13:00:00+00:00,BTC,14323.28,14393.76,14318.61,14370.09,377.7954
2024-09-08 14:00:00+00:00,BTC,14370.09,14464.44,14190.02,14300.66,938.8583
2024-09-08 15:00:00+00:00,BTC,14300.66,14416.19,14238.09,14365.8,374.2773
2024-09-08 16:00:00+00:00,BTC,14365.8,14552.95,14277.51,14550.84,261.6161
2024-09-08 17:00:00+00:00,BTC,14550.84,14583.76,14510.45,14545.44,686.0807
2024-09-08 18:00:00+00:00,BTC,14545.44,14633.0,14319.17,14428.59,545.4565
2024-09-08 19:00:00+00:00,BTC,14428.59,14432.9,14304.53,14312.64,556.3032
2024-09-08 20:00:00+00:00,BTC,14312.64,14439.86,14161.82,14379.48,473.1795
2024-09-08 21:00:00+00:00,BTC,14379.48,14380.3,14320.56,14374.33,687.7151
2024-09-08 22:00:00+00:00,BTC,14374.33,14466.57,14293.72,14450.15,854.0539
2024-09-08 23:00:00+00:00,BTC,14450.15,14614.41,14305.23,14403.96,416.5894
2024-09-09 00:00:00+00:00,BTC,14403.96,14478.56,14368.95,14475.92,623.979
2024-09-09 01:00:00+00:00,BTC,14475.92,14611.86,14410.13,14462.18,739.5795
2024-09-09 02:00:00+00:00,BTC,14462.18,14521.57,14379.55,14398.76,408.4587
2024-09-09 03:00:00+00:00,BTC,14398.76,14572.09,14333.17,14364.16,848.0676
2024-09-09 04:00:00+00:00,BTC,14364.16,14500.24,14200.32,14261.36,738.7183
2024-09-09 05:00:00+00:00,BTC,14261.36,14565.63,13972.14,14432.6,323.7281
2024-09-09 06:00:00+00:00,BTC,14432.6,14458.51,14395.27,14424.26,873.799
2024-09-09 07:00:00+00:00,BTC,14424.26,14483.41,14361.63,14480.15,329.7238
2024-09-09 08:00:00+00:00,BTC,14480.15,14481.15,14386.15,14433.58,393.0758
2024-09-09 09:00:00+00:00,BTC,14433.58,14464.65,14242.25,14342.77,635.1686
2024-09-09 10:00:00+00:00,BTC,14342.77,14367.36,14267.39,14322.65,719.9048
2024-09-09 11:00:00+00:00,BTC,14322.65,14517.35,14169.13,14417.6,517.5704
2024-09-09 12:00:00+00:00,BTC,14417.6,14511.63,14252.42,14372.62,401.0773
2024-09-09 13:00:00+00:00,BTC,14372.62,14478.38,14235.01,14297.75,456.4908
2024-09-09 14:00:00+00:00,BTC,14297.75,14403.74,14291.49,14311.09,437.9648
2024-09-09 15:00:00+00:00,BTC,14311.09,14419.3,14217.21,14354.0,671.1789
2024-09-09 16:00:00+00:00,BTC,14354.0,14568.77,14304.91,14496.19,433.7859
2024-09-09 17:00:00+00:00,BTC,14496.19,14533.31,14483.88,14526.99,398.0039
2024-09-09 18:00:00+00:00,BTC,14526.99,14651.08,14502.14,14583.23,298.1426
2024-09-09 19:00:00+00:00,BTC,14583.23,14722.5,14524.12,14646.31,406.1114
2024-09-09 20:00:00+00:00,BTC,14646.31,14742.45,14514.73,14545.33,479.7085
2024-09-09 21:00:00+00:00,BTC,14545.33,14589.73,14283.29,14461.5,336.6246
2024-09-09 22:00:00+00:00,BTC,14461.5,14480.83,14252.66,14367.76,271.4979
2024-09-09 23:00:00+00:00,BTC,14367.76,14390.52,14229.41,14253.38,704.5742
2024-09-10 00:00:00+00:00,BTC,14253.38,14429.05,14191.67,14321.57,352.2926
2024-09-10 01:00:00+00:00,BTC,14321.57,14377.24,14278.28,14346.51,316.1896
2024-09-10 02:00:00+00:00,BTC,14346.51,14402.79,14267.58,14353.36,866.0492
2024-09-10 03:00:00+00:00,BTC,14353.36,14408.7,14118.89,14131.8,672.9551
2024-09-10 04:00:00+00:00,BTC,14131.8,14378.7,14111.85,14307.16,715.8911
2024-09-10 05:00:00+00:00,BTC,14307.16,14467.38,14165.43,14230.6,596.7083
2024-09-10 06:00:00+00:00,BTC,14230.6,14442.35,14201.56,14406.88,791.2301
2024-09-10 07:00:00+00:00,BTC,14406.88,14444.32,14159.41,14282.15,681.1614
2024-09-10 08:00:00+00:00,BTC,14282.15,14370.39,14097.46,14212.7,443.2146
2024-09-10 09:00:00+00:00,BTC,14212.7,14235.59,13974.13,14026.08,344.4129
2024-09-10 10:00:00+00:00,BTC,14026.08,14165.18,13980.11,14056.59,319.1008
2024-09-10 11:00:00+00:00,BTC,14056.59,14178.0,13963.34,13964.02,476.1409
2024-09-10 12:00:00+00:00,BTC,13964.02,14044.36,13821.47,13874.41,340.2261
2024-09-10 13:00:00+00:00,BTC,13874.41,14022.35,13741.69,13760.62,378.1985
2024-09-10 14:00:00+00:00,BTC,13760.62,13902.62,13726.93,13824.95,474.0466
2024-09-10 15:00:00+00:00,BTC,13824.95,14029.8,13813.65,13884.09,815.5528
2024-09-10 16:00:00+00:00,BTC,13884.09,14039.47,13884.07,14035.87,294.6847
2024-09-10 17:00:00+00:00,BTC,14035.87,14111.39,13890.15,13978.24,505.2291
2024-09-10 18:00:00+00:00,BTC,13978.24,14208.67,13920.41,13996.6,322.6624
2024-09-10 19:00:00+00:00,BTC,13996.6,14046.97,13865.37,13888.74,411.5325
2024-09-10 20:00:00+00:00,BTC,13888.74,13973.87,13781.41,13860.85,692.3254
2024-09-10 21:00:00+00:00,BTC,13860.85,13883.79,13734.83,13817.77,371.5528
2024-09-10 22:00:00+00:00,BTC,13817.77,13870.0,13744.08,13856.33,455.9706
2024-09-10 23:00:00+00:00,BTC,13856.33,14026.67,13664.61,13941.14,525.2981
2024-09-11 00:00:00+00:00,BTC,13941.14,14033.39,13929.33,14024.29,639.0741
2024-09-11 01:00:00+00:00,BTC,14024.29,14139.2,13917.43,13953.55,412.7515
2024-09-11 02:00:00+00:00,BTC,13953.55,14061.45,13894.88,14037.39,777.3425
2024-09-11 03:00:00+00:00,BTC,14037.39,14153.97,13990.33,14033.68,427.8668
2024-09-11 04:00:00+00:00,BTC,14033.68,14047.55,13986.95,14006.37,592.3702
2024-09-11 05:00:00+00:00,BTC,14006.37,14093.17,13842.44,13946.96,467.8454
2024-09-11 06:00:00+00:00,BTC,13946.96,14019.64,13815.23,13900.18,648.0222
2024-09-11 07:00:00+00:00,BTC,13900.18,14048.79,13834.03,14046.25,1016.617
2024-09-11 08:00:00+00:00,BTC,14046.25,14089.5,14018.53,14072.18,453.7054
2024-09-11 09:00:00+00:00,BTC,14072.18,14196.5,14065.11,14086.93,497.2051
2024-09-11 10:00:00+00:00,BTC,14086.93,14122.85,14005.17,14064.79,429.8337
2024-09-11 11:00:00+00:00,BTC,14064.79,14304.17,13964.33,14272.72,407.2904
2024-09-11 12:00:00+00:00,BTC,14272.72,14418.29,14184.66,14384.92,391.4486
2024-09-11 13:00:00+00:00,BTC,14384.92,14524.02,14318.25,14322.82,496.7474
2024-09-11 14:00:00+00:00,BTC,14322.82,14327.64,14160.43,14299.32,380.9491
2024-09-11 15:00:00+00:00,BTC,14299.32,14315.2,14250.2,14280.95,385.0164
2024-09-11 16:00:00+00:00,BTC,14280.95,14510.39,14200.03,14293.46,165.1217
2024-09-11 17:00:00+00:00,BTC,14293.46,14417.64,14030.27,14233.45,811.8707
2024-09-11 18:00:00+00:00,BTC,14233.45,14323.4,14223.14,14270.97,888.8592
2024-09-11 19:00:00+00:00,BTC,14270.97,14464.35,14235.07,14395.85,627.4559
2024-09-11 20:00:00+00:00,BTC,14395.85,14399.3,14237.03,14282.83,368.2453
2024-09-11 21:00:00+00:00,BTC,14282.83,14300.25,14087.96,14186.48,321.3039
2024-09-11 22:00:00+00:00,BTC,14186.48,14194.82,14144.82,14145.41,289.1751
2024-09-11 23:00:00+00:00,BTC,14145.41,14199.63,14086.61,14108.39,625.3516
2024-09-12 00:00:00+00:00,BTC,14108.39,14318.01,14104.92,14278.58,778.5726
2024-09-12 01:00:00+00:00,BTC,14278.58,14367.69,14206.61,14364.65,529.9266
2024-09-12 02:00:00+00:00,BTC,14364.65,14499.26,14360.59,14446.27,675.0912
2024-09-12 03:00:00+00:00,BTC,14446.27,14466.64,14365.18,14423.38,584.2357
2024-09-12 04:00:00+00:00,BTC,14423.38,14428.62,14269.67,14398.62,381.7628
2024-09-12 05:00:00+00:00,BTC,14398.62,14524.06,14203.06,14273.75,711.8888
2024-09-12 06:00:00+00:00,BTC,14273.75,14354.94,14261.09,14340.86,696.145
2024-09-12 07:00:00+00:00,BTC,14340.86,14385.6,14303.06,14383.17,353.5195
2024-09-12 08:00:00+00:00,BTC,14383.17,14520.35,14334.54,14494.58,663.2122
2024-09-12 09:00:00+00:00,BTC,14494.58,14516.17,14433.79,14476.26,474.8248
2024-09-12 10:00:00+00:00,BTC,14476.26,14535.17,14380.53,14463.95,456.3668
2024-09-12 11:00:00+00:00,BTC,14463.95,14565.66,14264.46,14478.71,573.2495
2024-09-12 12:00:00+00:00,BTC,14478.71,14610.1,14395.61,14556.4,567.0841
2024-09-12 13:00:00+00:00,BTC,14556.4,14627.34,14391.22,14428.56,682.4219
2024-09-12 14:00:00+00:00,BTC,14428.56,14574.42,14329.99,14492.42,371.4268
2024-09-12 15:00:00+00:00,BTC,14492.42,14531.86,14484.16,14490.64,609.4566
2024-09-12 16:00:00+00:00,BTC,14490.64,14644.48,14251.11,14398.89,333.1584
2024-09-12 17:00:00+00:00,BTC,14398.89,14417.84,14146.26,14219.92,469.6766
2024-09-12 18:00:00+00:00,BTC,14219.92,14330.82,14025.24,14208.28,480.7661
2024-09-12 19:00:00+00:00,BTC,14208.28,14500.94,14087.92,14332.23,702.134
2024-09-12 20:00:00+00:00,BTC,14332.23,14560.11,14155.23,14476.97,501.6237
2024-09-12 21:00:00+00:00,BTC,14476.97,14592.84,14389.34,14507.87,456.2149
2024-09-12 22:00:00+00:00,BTC,14507.87,14687.46,14446.52,14679.67,823.5987
2024-09-12 23:00:00+00:00,BTC,14679.67,14846.0,14622.58,14675.89,430.2899
2024-09-13 00:00:00+00:00,BTC,14675.89,14778.98,14609.71,14760.07,423.9878
2024-09-13 01:00:00+00:00,BTC,14760.07,14803.01,14679.06,14720.16,259.2608
2024-09-13 02:00:00+00:00,BTC,14720.16,14809.79,14586.54,14674.78,463.453
2024-09-13 03:00:00+00:00,BTC,14674.78,14763.46,14481.19,14615.25,359.8614
2024-09-13 04:00:00+00:00,BTC,14615.25,14672.56,14418.66,14435.67,457.9925
2024-09-13 05:00:00+00:00,BTC,14435.67,14556.6,14411.34,14547.58,543.8065
2024-09-13 06:00:00+00:00,BTC,14547.58,14677.46,14427.33,14491.69,342.0039
2024-09-13 07:00:00+00:00,BTC,14491.69,14544.56,14399.11,14422.17,374.8647
2024-09-13 08:00:00+00:00,BTC,14422.17,14551.38,14319.11,14320.42,285.6586
2024-09-13 09:00:00+00:00,BTC,14320.42,14339.82,14243.15,14302.87,418.2894
2024-09-13 10:00:00+00:00,BTC,14302.87,14506.93,14198.42,14455.02,359.2572
2024-09-13 11:00:00+00:00,BTC,14455.02,14741.19,14133.93,14637.76,1058.9946
2024-09-13 12:00:00+00:00,BTC,14637.76,14662.43,14467.36,14492.61,846.425
2024-09-13 13:00:00+00:00,BTC,14492.61,14578.15,14454.48,14461.82,799.7127
2024-09-13 14:00:00+00:00,BTC,14461.82,14578.42,14327.99,14372.35,317.8035
2024-09-13 15:00:00+00:00,BTC,14372.35,14541.95,14358.97,14457.83,469.9049
2024-09-13 16:00:00+00:00,BTC,14457.83,14493.39,14346.33,14482.71,328.1568
2024-09-13 17:00:00+00:00,BTC,14482.71,14591.67,14424.59,14427.5,952.9819
2024-09-13 18:00:00+00:00,BTC,14427.5,14518.93,14317.08,14433.79,668.8014
2024-09-13 19:00:00+00:00,BTC,14433.79,14598.3,14258.02,14392.5,345.9185
2024-09-13 20:00:00+00:00,BTC,14392.5,14579.51,14337.1,14532.58,569.0247
2024-09-13 21:00:00+00:00,BTC,14532.58,14587.23,14483.45,14580.35,297.5884
2024-09-13 22:00:00+00:00,BTC,14580.35,14808.82,14555.37,14639.06,476.6769
2024-09-13 23:00:00+00:00,BTC,14639.06,14737.55,14124.33,14406.68,470.2014
2024-09-14 00:00:00+00:00,BTC,14406.68,14435.3,14352.91,14400.91,647.737
2024-09-14 01:00:00+00:00,BTC,14400.91,14584.71,14392.41,14582.04,706.5203
2024-09-14 02:00:00+00:00,BTC,14582.04,14778.46,14581.54,14698.53,503.5694
2024-09-14 03:00:00+00:00,BTC,14698.53,14831.76,14508.61,14536.53,462.2972
2024-09-14 04:00:00+00:00,BTC,14536.53,14566.02,14503.55,14509.22,161.1389
2024-09-14 05:00:00+00:00,BTC,14509.22,14525.83,14369.93,14404.99,863.8088
2024-09-14 06:00:00+00:00,BTC,14404.99,14640.55,14120.74,14553.65,397.2045
2024-09-14 07:00:00+00:00,BTC,14553.65,14630.72,14490.94,14574.99,518.1991
2024-09-14 08:00:00+00:00,BTC,14574.99,14676.25,14463.19,14508.0,1102.4502
2024-09-14 09:00:00+00:00,BTC,14508.0,14661.63,14416.05,14510.98,329.2077
2024-09-14 10:00:00+00:00,BTC,14510.98,14537.98,14268.53,14285.73,503.7364
2024-09-14 11:00:00+00:00,BTC,14285.73,14355.1,14189.75,14193.04,594.9686
2024-09-14 12:00:00+00:00,BTC,14193.04,14204.9,14182.48,14196.14,732.871
2024-09-14 13:00:00+00:00,BTC,14196.14,14413.29,14167.02,14268.36,500.2135
2024-09-14 14:00:00+00:00,BTC,14268.36,14407.45,13976.07,14103.12,754.505
2024-09-14 15:00:00+00:00,BTC,14103.12,14178.8,13958.44,14070.91,432.3061
2024-09-14 16:00:00+00:00,BTC,14070.91,14170.8,14038.88,14156.41,604.7646
2024-09-14 17:00:00+00:00,BTC,14156.41,14162.37,14014.72,14033.66,577.9532
2024-09-14 18:00:00+00:00,BTC,14033.66,14085.08,13968.5,14052.97,484.3075
2024-09-14 19:00:00+00:00,BTC,14052.97,14136.49,13981.54,14058.54,559.942
2024-09-14 20:00:00+00:00,BTC,14058.54,14245.8,13949.74,14203.89,368.1573
2024-09-14 21:00:00+00:00,BTC,14203.89,14230.3,14132.64,14184.29,450.3751
2024-09-14 22:00:00+00:00,BTC,14184.29,14218.36,14144.06,14169.7,318.684
2024-09-14 23:00:00+00:00,BTC,14169.7,14313.56,14113.82,14242.57,428.402
2024-09-15 00:00:00+00:00,BTC,14242.57,14246.08,14127.97,14129.68,744.6928
2024-09-15 01:00:00+00:00,BTC,14129.68,14158.11,13927.8,14110.96,579.2609
2024-09-15 02:00:00+00:00,BTC,14110.96,14149.55,13998.04,14072.43,556.899
2024-09-15 03:00:00+00:00,BTC,14072.43,14288.37,14012.43,14060.71,285.7165
2024-09-15 04:00:00+00:00,BTC,14060.71,14137.16,14010.44,14132.46,559.2665
2024-09-15 05:00:00+00:00,BTC,14132.46,14206.85,14104.89,14179.53,489.1341
2024-09-15 06:00:00+00:00,BTC,14179.53,14404.08,13926.96,14115.98,603.4744
2024-09-15 07:00:00+00:00,BTC,14115.98,14253.32,14081.87,14127.56,811.3779
2024-09-15 08:00:00+00:00,BTC,14127.56,14393.35,13902.0,14254.47,433.3241
2024-09-15 09:00:00+00:00,BTC,14254.47,14314.23,13911.52,14183.54,447.7102
2024-09-15 10:00:00+00:00,BTC,14183.54,14259.32,14133.98,14195.9,689.4913
2024-09-15 11:00:00+00:00,BTC,14195.9,14414.52,13996.68,14179.46,404.8073
2024-09-15 12:00:00+00:00,BTC,14179.46,14269.81,14171.92,14174.1,515.5299
2024-09-15 13:00:00+00:00,BTC,14174.1,14180.63,14029.42,14036.09,248.5893
2024-09-15 14:00:00+00:00,BTC,14036.09,14359.47,13952.18,14155.41,448.8948
2024-09-15 15:00:00+00:00,BTC,14155.41,14284.51,14067.32,14089.79,789.4729
2024-09-15 16:00:00+00:00,BTC,14089.79,14196.55,14009.9,14176.8,562.2862
2024-09-15 17:00:00+00:00,BTC,14176.8,14192.14,14040.8,14124.05,684.99
2024-09-15 18:00:00+00:00,BTC,14124.05,14227.71,14057.71,14071.14,698.7677
2024-09-15 19:00:00+00:00,BTC,14071.14,14227.69,13952.48,14173.93,801.7915
2024-09-15 20:00:00+00:00,BTC,14173.93,14292.48,14153.01,14258.71,442.7917
2024-09-15 21:00:00+00:00,BTC,14258.71,14280.04,14223.73,14276.57,695.3438
2024-09-15 22:00:00+00:00,BTC,14276.57,14378.45,14171.85,14341.92,1098.0319
2024-09-15 23:00:00+00:00,BTC,14341.92,14491.29,14242.63,14317.11,495.4164
2024-09-16 00:00:00+00:00,BTC,14317.11,14458.63,14281.11,14316.39,315.0483
2024-09-16 01:00:00+00:00,BTC,14316.39,14377.92,14053.97,14259.67,406.0085
2024-09-16 02:00:00+00:00,BTC,14259.67,14383.07,14224.78,14337.23,589.0588
2024-09-16 03:00:00+00:00,BTC,14337.23,14408.5,14247.34,14277.71,279.5022
2024-09-16 04:00:00+00:00,BTC,14277.71,14521.99,14246.03,14405.5,382.9401
2024-09-16 05:00:00+00:00,BTC,14405.5,14513.79,14355.88,14378.23,445.4941
2024-09-16 06:00:00+00:00,BTC,14378.23,14430.74,14350.02,14380.0,519.5995
2024-09-16 07:00:00+00:00,BTC,14380.0,14481.92,14176.35,14445.61,937.6592
2024-09-16 08:00:00+00:00,BTC,14445.61,14468.49,14255.3,14447.68,636.0918
2024-09-16 09:00:00+00:00,BTC,14447.68,14520.76,14348.19,14421.88,338.5785
2024-09-16 10:00:00+00:00,BTC,14421.88,14447.56,14394.76,14419.28,1935.7897
2024-09-16 11:00:00+00:00,BTC,14419.28,14503.4,14325.84,14496.82,497.1173
2024-09-16 12:00:00+00:00,BTC,14496.82,14598.76,14410.04,14439.28,277.6775
2024-09-16 13:00:00+00:00,BTC,14439.28,14482.37,14345.85,14428.35,347.6425
2024-09-16 14:00:00+00:00,BTC,14428.35,14504.66,14382.97,14429.24,348.3635
2024-09-16 15:00:00+00:00,BTC,14429.24,14598.31,14414.03,14504.28,311.9412
2024-09-16 16:00:00+00:00,BTC,14504.28,14696.6,14387.92,14495.6,598.3316
2024-09-16 17:00:00+00:00,BTC,14495.6,14687.31,14452.04,14653.73,196.603
2024-09-16 18:00:00+00:00,BTC,14653.73,14775.59,14633.74,14639.97,705.1397
2024-09-16 19:00:00+00:00,BTC,14639.97,14710.66,14538.44,14619.11,664.9095
2024-09-16 20:00:00+00:00,BTC,14619.11,14789.09,14527.96,14604.11,426.1709
2024-09-16 21:00:00+00:00,BTC,14604.11,14701.18,14323.58,14489.2,688.9079
2024-09-16 22:00:00+00:00,BTC,14489.2,14565.85,14356.89,14399.35,341.0906
2024-09-16 23:00:00+00:00,BTC,14399.35,14438.86,14297.13,14353.57,372.3354
2024-09-17 00:00:00+00:00,BTC,14353.57,14487.51,14271.5,14451.73,606.0427
2024-09-17 01:00:00+00:00,BTC,14451.73,14470.05,14319.01,14448.85,464.6427
2024-09-17 02:00:00+00:00,BTC,14448.85,14539.55,14379.07,14406.9,401.7463
2024-09-17 03:00:00+00:00,BTC,14406.9,14585.37,14406.82,14513.31,480.5211
2024-09-17 04:00:00+00:00,BTC,14513.31,14683.01,14460.31,14649.02,793.2795
2024-09-17 05:00:00+00:00,BTC,14649.02,14767.16,14613.36,14759.78,782.5881
2024-09-17 06:00:00+00:00,BTC,14759.78,14789.49,14665.69,14684.42,580.4202
2024-09-17 07:00:00+00:00,BTC,14684.42,14737.2,14512.12,14640.85,441.5129
2024-09-17 08:00:00+00:00,BTC,14640.85,14802.83,14580.17,14801.05,600.1038
2024-09-17 09:00:00+00:00,BTC,14801.05,14849.94,14800.82,14822.48,369.7221
2024-09-17 10:00:00+00:00,BTC,14822.48,14858.98,14781.15,14798.7,752.7551
2024-09-17 11:00:00+00:00,BTC,14798.7,14870.75,14650.76,14862.62,697.3286
2024-09-17 12:00:00+00:00,BTC,14862.62,14988.52,14832.55,14952.72,983.0545
2024-09-17 13:00:00+00:00,BTC,14952.72,15011.24,14888.95,14901.54,377.6041
2024-09-17 14:00:00+00:00,BTC,14901.54,14938.98,14815.73,14921.17,361.5513
2024-09-17 15:00:00+00:00,BTC,14921.17,15126.19,14871.97,15004.35,606.4192
2024-09-17 16:00:00+00:00,BTC,15004.35,15061.35,14866.67,14900.26,454.3152
2024-09-17 17:00:00+00:00,BTC,14900.26,14951.24,14842.0,14901.37,709.3647
2024-09-17 18:00:00+00:00,BTC,14901.37,14922.17,14756.26,14802.06,792.9868
2024-09-17 19:00:00+00:00,BTC,14802.06,14939.9,14615.08,14714.97,907.4058
2024-09-17 20:00:00+00:00,BTC,14714.97,15055.7,14554.59,14665.33,510.3249
2024-09-17 21:00:00+00:00,BTC,14665.33,14930.51,14622.37,14707.38,680.4421
2024-09-17 22:00:00+00:00,BTC,14707.38,14730.21,14600.52,14678.99,417.2445
2024-09-17 23:00:00+00:00,BTC,14678.99,14682.69,14581.94,14621.99,539.4949
2024-09-18 00:00:00+00:00,BTC,14621.99,14644.22,14532.68,14626.51,490.7354
2024-09-18 01:00:00+00:00,BTC,14626.51,14666.14,14511.04,14526.2,481.6595
2024-09-18 02:00:00+00:00,BTC,14526.2,14574.1,14525.84,14563.62,946.6969
2024-09-18 03:00:00+00:00,BTC,14563.62,14706.7,14555.39,14662.82,312.5862
2024-09-18 04:00:00+00:00,BTC,14662.82,14664.72,14639.34,14655.86,499.1296
2024-09-18 05:00:00+00:00,BTC,14655.86,14686.49,14582.54,14638.05,509.4989
2024-09-18 06:00:00+00:00,BTC,14638.05,14726.11,14530.71,14670.88,626.2586
2024-09-18 07:00:00+00:00,BTC,14670.88,14684.91,14420.95,14493.41,340.5622
2024-09-18 08:00:00+00:00,BTC,14493.41,14586.73,14481.8,14540.16,450.3222
2024-09-18 09:00:00+00:00,BTC,14540.16,14979.87,14505.57,14813.31,405.8931
2024-09-18 10:00:00+00:00,BTC,14813.31,14842.81,14702.04,14802.41,227.3382
2024-09-18 11:00:00+00:00,BTC,14802.41,14895.71,14688.42,14791.83,751.0524
2024-09-18 12:00:00+00:00,BTC,14791.83,14910.27,14651.39,14857.98,298.9068
2024-09-18 13:00:00+00:00,BTC,14857.98,15022.09,14847.81,15005.38,285.283
2024-09-18 14:00:00+00:00,BTC,15005.38,15107.33,14926.11,15093.42,696.6464
2024-09-18 15:00:00+00:00,BTC,15093.42,15248.01,14857.74,14899.46,444.704
2024-09-18 16:00:00+00:00,BTC,14899.46,15019.92,14881.55,14949.91,450.1175
2024-09-18 17:00:00+00:00,BTC,14949.91,15236.22,14831.74,15182.4,453.1309
2024-09-18 18:00:00+00:00,BTC,15182.4,15278.83,15141.88,15239.21,728.2452
2024-09-18 19:00:00+00:00,BTC,15239.21,15352.39,15126.72,15134.0,412.1844
2024-09-18 20:00:00+00:00,BTC,15134.0,15164.78,14966.26,15159.62,615.7747
2024-09-18 21:00:00+00:00,BTC,15159.62,15327.55,14948.93,15043.57,335.3573
2024-09-18 22:00:00+00:00,BTC,15043.57,15170.37,15030.06,15155.26,561.2261
2024-09-18 23:00:00+00:00,BTC,15155.26,15265.31,14885.23,15068.59,685.7754
2024-09-19 00:00:00+00:00,BTC,15068.59,15190.1,15005.53,15075.3,817.6152
2024-09-19 01:00:00+00:00,BTC,15075.3,15121.04,14963.36,14997.92,290.7352
2024-09-19 02:00:00+00:00,BTC,14997.92,15076.73,14941.62,14948.82,450.683
2024-09-19 03:00:00+00:00,BTC,14948.82,15108.33,14830.45,15082.72,874.835
2024-09-19 04:00:00+00:00,BTC,15082.72,15185.61,15042.76,15092.08,690.3938
2024-09-19 05:00:00+00:00,BTC,15092.08,15164.96,14869.32,15041.53,466.3582
2024-09-19 06:00:00+00:00,BTC,15041.53,15050.76,14759.14,14938.53,500.667
2024-09-19 07:00:00+00:00,BTC,14938.53,14986.27,14742.34,14771.7,554.7761
2024-09-19 08:00:00+00:00,BTC,14771.7,14818.4,14651.93,14661.22,438.8091
2024-09-19 09:00:00+00:00,BTC,14661.22,14693.79,14542.35,14671.07,605.534
2024-09-19 10:00:00+00:00,BTC,14671.07,14794.22,14576.14,14757.61,593.6478
2024-09-19 11:00:00+00:00,BTC,14757.61,14811.33,14589.92,14708.08,338.4698
2024-09-19 12:00:00+00:00,BTC,14708.08,15005.07,14665.39,14847.33,421.2337
2024-09-19 13:00:00+00:00,BTC,14847.33,14854.43,14681.22,14783.55,426.5278
2024-09-19 14:00:00+00:00,BTC,14783.55,14907.24,14713.18,14762.45,457.2248
2024-09-19 15:00:00+00:00,BTC,14762.45,14815.1,14586.47,14667.14,549.5308
2024-09-19 16:00:00+00:00,BTC,14667.14,14875.13,14515.51,14754.59,532.6018
2024-09-19 17:00:00+00:00,BTC,14754.59,14999.73,14742.29,14941.45,388.6556
2024-09-19 18:00:00+00:00,BTC,14941.45,14988.86,14701.9,14784.34,799.2743
2024-09-19 19:00:00+00:00,BTC,14784.34,14910.63,14656.34,14753.66,500.8856
2024-09-19 20:00:00+00:00,BTC,14753.66,14921.11,14700.9,14866.05,834.5351
2024-09-19 21:00:00+00:00,BTC,14866.05,14977.42,14722.86,14737.54,827.7188
2024-09-19 22:00:00+00:00,BTC,14737.54,14828.75,14632.53,14787.74,345.1182
2024-09-19 23:00:00+00:00,BTC,14787.74,15070.07,14786.42,14896.51,421.1502
2024-09-20 00:00:00+00:00,BTC,14896.51,14972.93,14834.06,14903.51,432.0603
2024-09-20 01:00:00+00:00,BTC,14903.51,14962.09,14760.66,14952.79,557.9486
2024-09-20 02:00:00+00:00,BTC,14952.79,15172.89,14922.44,15111.61,644.7427
2024-09-20 03:00:00+00:00,BTC,15111.61,15293.64,15108.11,15289.31,526.3847
2024-09-20 04:00:00+00:00,BTC,15289.31,15315.06,15231.17,15283.63,412.3166
2024-09-20 05:00:00+00:00,BTC,15283.63,15285.76,15139.74,15234.89,891.2896
2024-09-20 06:00:00+00:00,BTC,15234.89,15267.8,15068.81,15151.03,428.8721
2024-09-20 07:00:00+00:00,BTC,15151.03,15302.75,15064.1,15240.1,648.2316
2024-09-20 08:00:00+00:00,BTC,15240.1,15277.2,15089.06,15115.18,493.5387
2024-09-20 09:00:00+00:00,BTC,15115.18,15126.36,15052.87,15092.29,488.7249
2024-09-20 10:00:00+00:00,BTC,15092.29,15171.83,15058.72,15101.59,632.969
2024-09-20 11:00:00+00:00,BTC,15101.59,15232.14,15024.26,15056.08,858.0471
2024-09-20 12:00:00+00:00,BTC,15056.08,15124.39,14980.3,15081.38,556.3264
2024-09-20 13:00:00+00:00,BTC,15081.38,15402.73,15050.07,15315.23,421.3721
2024-09-20 14:00:00+00:00,BTC,15315.23,15375.41,15295.76,15304.06,839.3548
2024-09-20 15:00:00+00:00,BTC,15304.06,15331.02,15242.55,15264.14,594.3413
2024-09-20 16:00:00+00:00,BTC,15264.14,15369.55,15226.52,15357.41,530.7203
2024-09-20 17:00:00+00:00,BTC,15357.41,15440.28,15340.07,15379.5,716.4398
2024-09-20 18:00:00+00:00,BTC,15379.5,15709.55,15375.3,15512.89,559.6909
2024-09-20 19:00:00+00:00,BTC,15512.89,15676.67,15452.96,15528.23,1181.5016
2024-09-20 20:00:00+00:00,BTC,15528.23,15618.72,15494.75,15505.1,500.3251
2024-09-20 21:00:00+00:00,BTC,15505.1,15524.91,15302.85,15340.05,747.6887
2024-09-20 22:00:00+00:00,BTC,15340.05,15420.32,15096.06,15191.69,583.6514
2024-09-20 23:00:00+00:00,BTC,15191.69,15264.94,14858.84,15025.28,582.977
2024-09-21 00:00:00+00:00,BTC,15025.28,15089.99,14950.97,15059.52,440.4871
2024-09-21 01:00:00+00:00,BTC,15059.52,15117.6,14905.57,14936.93,441.2529
2024-09-21 02:00:00+00:00,BTC,14936.93,15227.51,14889.07,15049.88,594.9213
2024-09-21 03:00:00+00:00,BTC,15049.88,15193.87,14980.22,15052.61,368.9705
2024-09-21 04:00:00+00:00,BTC,15052.61,15067.4,14977.3,15030.58,408.7755
2024-09-21 05:00:00+00:00,BTC,15030.58,15041.87,14954.54,14954.67,502.6844
2024-09-21 06:00:00+00:00,BTC,14954.67,15148.18,14803.32,15010.6,771.8101
2024-09-21 07:00:00+00:00,BTC,15010.6,15055.24,14917.43,14938.32,514.2936
2024-09-21 08:00:00+00:00,BTC,14938.32,15130.82,14786.86,14850.26,511.4501
2024-09-21 09:00:00+00:00,BTC,14850.26,15048.28,14763.11,14956.53,345.1892
2024-09-21 10:00:00+00:00,BTC,14956.53,15251.0,14911.7,14988.38,905.1482
2024-09-21 11:00:00+00:00,BTC,14988.38,15074.92,14911.84,14967.27,736.6395
2024-09-21 12:00:00+00:00,BTC,14967.27,15044.76,14965.65,15024.99,766.2472
2024-09-21 13:00:00+00:00,BTC,15024.99,15093.28,15021.95,15025.79,300.7199
2024-09-21 14:00:00+00:00,BTC,15025.79,15126.31,14920.28,15060.36,565.4668
2024-09-21 15:00:00+00:00,BTC,15060.36,15109.32,14914.7,14986.73,360.0414
2024-09-21 16:00:00+00:00,BTC,14986.73,15299.2,14669.13,15174.06,655.0283
2024-09-21 17:00:00+00:00,BTC,15174.06,15274.72,14977.66,15121.38,559.5878
2024-09-21 18:00:00+00:00,BTC,15121.38,15327.83,15103.88,15263.22,599.5616
2024-09-21 19:00:00+00:00,BTC,15263.22,15512.73,15210.47,15245.93,389.0837
2024-09-21 20:00:00+00:00,BTC,15245.93,15448.52,15180.06,15319.94,347.4645
2024-09-21 21:00:00+00:00,BTC,15319.94,15505.79,15263.49,15387.58,399.5558
2024-09-21 22:00:00+00:00,BTC,15387.58,15523.87,15365.81,15493.83,556.8736
2024-09-21 23:00:00+00:00,BTC,15493.83,15577.08,15382.58,15415.88,459.3571
2024-09-22 00:00:00+00:00,BTC,15415.88,15547.91,15308.0,15515.69,546.325
2024-09-22 01:00:00+00:00,BTC,15515.69,15721.07,15473.68,15688.54,349.4003
2024-09-22 02:00:00+00:00,BTC,15688.54,15842.08,15649.23,15664.21,498.8575
2024-09-22 03:00:00+00:00,BTC,15664.21,15889.74,15586.99,15667.47,814.7605
2024-09-22 04:00:00+00:00,BTC,15667.47,15780.44,15516.44,15618.34,561.6763
2024-09-22 05:00:00+00:00,BTC,15618.34,15720.47,15488.91,15585.91,574.1127
2024-09-22 06:00:00+00:00,BTC,15585.91,15768.87,15534.35,15746.78,575.723
2024-09-22 07:00:00+00:00,BTC,15746.78,15750.9,15611.54,15652.18,417.9796
2024-09-22 08:00:00+00:00,BTC,15652.18,15846.36,15460.39,15563.95,885.1146
2024-09-22 09:00:00+00:00,BTC,15563.95,15759.06,15453.8,15715.12,566.5507
2024-09-22 10:00:00+00:00,BTC,15715.12,15808.59,15686.86,15774.11,531.992
2024-09-22 11:00:00+00:00,BTC,15774.11,16010.15,15771.94,15976.08,635.9047
2024-09-22 12:00:00+00:00,BTC,15976.08,15996.15,15930.32,15932.96,694.9577
2024-09-22 13:00:00+00:00,BTC,15932.96,15962.72,15874.48,15945.04,323.3213
2024-09-22 14:00:00+00:00,BTC,15945.04,15964.51,15850.92,15881.95,509.9615
2024-09-22 15:00:00+00:00,BTC,15881.95,15908.77,15829.09,15895.62,1093.2624
2024-09-22 16:00:00+00:00,BTC,15895.62,15927.3,15722.03,15727.31,892.4476
2024-09-22 17:00:00+00:00,BTC,15727.31,15874.61,15713.52,15792.08,481.722
2024-09-22 18:00:00+00:00,BTC,15792.08,15851.68,15656.64,15822.76,645.1016
2024-09-22 19:00:00+00:00,BTC,15822.76,15913.11,15589.49,15817.3,445.9894
2024-09-22 20:00:00+00:00,BTC,15817.3,15956.16,15722.91,15780.29,565.8848
2024-09-22 21:00:00+00:00,BTC,15780.29,15846.1,15678.39,15695.8,425.897
2024-09-22 22:00:00+00:00,BTC,15695.8,16074.03,15652.47,15764.48,423.3755
2024-09-22 23:00:00+00:00,BTC,15764.48,15822.31,15488.72,15654.1,406.4492
2024-09-23 00:00:00+00:00,BTC,15654.1,15775.9,15535.77,15702.26,900.9237
2024-09-23 01:00:00+00:00,BTC,15702.26,15929.83,15682.54,15898.92,422.6105
2024-09-23 02:00:00+00:00,BTC,15898.92,16091.82,15818.54,16041.26,745.6288
2024-09-23 03:00:00+00:00,BTC,16041.26,16048.19,15844.43,15897.05,429.8886
2024-09-23 04:00:00+00:00,BTC,15897.05,15956.89,15714.49,15845.94,413.0048
2024-09-23 05:00:00+00:00,BTC,15845.94,15900.53,15824.88,15886.06,573.0082
2024-09-23 06:00:00+00:00,BTC,15886.06,16115.55,15805.86,15879.36,317.3647
2024-09-23 07:00:00+00:00,BTC,15879.36,15885.09,15678.93,15746.59,630.9593
2024-09-23 08:00:00+00:00,BTC,15746.59,15874.66,15680.67,15783.03,476.7359
2024-09-23 09:00:00+00:00,BTC,15783.03,15832.66,15735.73,15782.08,412.3375
2024-09-23 10:00:00+00:00,BTC,15782.08,16014.58,15724.09,15964.4,382.4847
2024-09-23 11:00:00+00:00,BTC,15964.4,16013.61,15856.84,15940.16,996.8255
2024-09-23 12:00:00+00:00,BTC,15940.16,16068.0,15771.67,16052.27,494.0316
2024-09-23 13:00:00+00:00,BTC,16052.27,16135.31,15901.16,15930.69,486.7938
2024-09-23 14:00:00+00:00,BTC,15930.69,16037.9,15632.73,15832.73,678.6742
2024-09-23 15:00:00+00:00,BTC,15832.73,16134.09,15797.87,15901.44,372.4237
2024-09-23 16:00:00+00:00,BTC,15901.44,16007.83,15673.63,16005.17,743.6811
2024-09-23 17:00:00+00:00,BTC,16005.17,16170.15,15839.87,15913.49,493.7841
2024-09-23 18:00:00+00:00,BTC,15913.49,16030.57,15673.1,15915.79,308.0582
2024-09-23 19:00:00+00:00,BTC,15915.79,16194.53,15705.37,15784.4,415.2727
2024-09-23 20:00:00+00:00,BTC,15784.4,15819.94,15675.33,15767.25,340.8024
2024-09-23 21:00:00+00:00,BTC,15767.25,15863.88,15650.28,15846.63,514.4055
2024-09-23 22:00:00+00:00,BTC,15846.63,15903.52,15752.88,15805.32,378.7405
2024-09-23 23:00:00+00:00,BTC,15805.32,15858.07,15740.07,15781.73,364.4221
2024-09-24 00:00:00+00:00,BTC,15781.73,15810.51,15589.0,15675.11,553.8415
2024-09-24 01:00:00+00:00,BTC,15675.11,15792.81,15564.43,15614.25,507.7479
2024-09-24 02:00:00+00:00,BTC,15614.25,15887.46,15604.69,15779.83,763.4235
2024-09-24 03:00:00+00:00,BTC,15779.83,15788.72,15639.04,15786.73,751.6763
2024-09-24 04:00:00+00:00,BTC,15786.73,15810.88,15621.99,15692.08,510.8554
2024-09-24 05:00:00+00:00,BTC,15692.08,15763.12,15607.93,15662.47,595.5498
2024-09-24 06:00:00+00:00,BTC,15662.47,15709.36,15463.86,15513.07,305.5072
2024-09-24 07:00:00+00:00,BTC,15513.07,15608.16,15366.47,15418.96,637.9261
2024-09-24 08:00:00+00:00,BTC,15418.96,15578.23,15322.52,15545.33,577.2951
2024-09-24 09:00:00+00:00,BTC,15545.33,15645.65,15327.69,15532.04,698.2212
2024-09-24 10:00:00+00:00,BTC,15532.04,15790.45,15343.95,15709.25,449.1822
2024-09-24 11:00:00+00:00,BTC,15709.25,15735.84,15647.59,15700.26,450.5541
2024-09-24 12:00:00+00:00,BTC,15700.26,15763.85,15652.44,15696.87,451.54
2024-09-24 13:00:00+00:00,BTC,15696.87,15815.06,15565.57,15757.35,826.0973
2024-09-24 14:00:00+00:00,BTC,15757.35,15822.97,15397.43,15506.69,552.0459
2024-09-24 15:00:00+00:00,BTC,15506.69,15535.03,15490.86,15525.77,296.1962
2024-09-24 16:00:00+00:00,BTC,15525.77,15625.44,15409.12,15521.2,626.4955
2024-09-24 17:00:00+00:00,BTC,15521.2,15823.86,15478.72,15660.21,425.155
2024-09-24 18:00:00+00:00,BTC,15660.21,15756.81,15603.14,15751.12,730.8523
2024-09-24 19:00:00+00:00,BTC,15751.12,15900.14,15622.01,15644.34,603.7565
2024-09-24 20:00:00+00:00,BTC,15644.34,15770.51,15598.37,15761.37,771.8294
2024-09-24 21:00:00+00:00,BTC,15761.37,15879.85,15682.08,15736.58,719.2499
2024-09-24 22:00:00+00:00,BTC,15736.58,15748.08,15568.62,15651.42,694.1489
2024-09-24 23:00:00+00:00,BTC,15651.42,15672.03,15598.08,15669.94,743.7271
2024-09-25 00:00:00+00:00,BTC,15669.94,15772.04,15617.46,15650.88,665.061
2024-09-25 01:00:00+00:00,BTC,15650.88,15818.07,15634.49,15796.02,392.1966
2024-09-25 02:00:00+00:00,BTC,15796.02,15970.55,15752.58,15828.34,335.0747
2024-09-25 03:00:00+00:00,BTC,15828.34,16030.87,15822.27,15847.88,373.9116
2024-09-25 04:00:00+00:00,BTC,15847.88,16008.22,15801.41,15933.76,645.7105
2024-09-25 05:00:00+00:00,BTC,15933.76,16049.33,15839.37,16038.58,229.6185
2024-09-25 06:00:00+00:00,BTC,16038.58,16211.56,15813.55,16114.16,497.3124
2024-09-25 07:00:00+00:00,BTC,16114.16,16282.93,16059.88,16251.99,455.5729
2024-09-25 08:00:00+00:00,BTC,16251.99,16366.02,16177.52,16311.45,767.3582
2024-09-25 09:00:00+00:00,BTC,16311.45,16452.83,16190.86,16327.87,479.9029
2024-09-25 10:00:00+00:00,BTC,16327.87,16458.77,16139.25,16449.72,439.4953
2024-09-25 11:00:00+00:00,BTC,16449.72,16511.65,16394.47,16440.75,792.5165
2024-09-25 12:00:00+00:00,BTC,16440.75,16559.66,16427.43,16444.03,484.172
2024-09-25 13:00:00+00:00,BTC,16444.03,16680.35,16429.16,16614.77,457.5593
2024-09-25 14:00:00+00:00,BTC,16614.77,16784.51,16594.33,16777.25,421.3143
2024-09-25 15:00:00+00:00,BTC,16777.25,16864.77,16729.53,16776.42,552.5712
2024-09-25 16:00:00+00:00,BTC,16776.42,16781.9,16661.96,16730.83,445.2292
2024-09-25 17:00:00+00:00,BTC,16730.83,17066.97,16560.35,16878.36,445.7926
2024-09-25 18:00:00+00:00,BTC,16878.36,16982.35,16862.0,16959.61,830.6342
2024-09-25 19:00:00+00:00,BTC,16959.61,16999.39,16938.6,16991.76,508.6298
2024-09-25 20:00:00+00:00,BTC,16991.76,17033.08,16910.96,16958.97,427.4051
2024-09-25 21:00:00+00:00,BTC,16958.97,16999.6,16916.21,16992.76,352.9482
2024-09-25 22:00:00+00:00,BTC,16992.76,17019.16,16747.7,16990.54,535.9751
2024-09-25 23:00:00+00:00,BTC,16990.54,17006.65,16858.63,16922.95,411.0423
2024-09-26 00:00:00+00:00,BTC,16922.95,16994.56,16765.8,16936.06,439.5237
2024-09-26 01:00:00+00:00,BTC,16936.06,17089.39,16826.58,16963.05,371.1376
2024-09-26 02:00:00+00:00,BTC,16963.05,17131.26,16896.22,16924.89,535.6724
2024-09-26 03:00:00+00:00,BTC,16924.89,17064.65,16873.18,17016.92,316.855
2024-09-26 04:00:00+00:00,BTC,17016.92,17206.97,16891.41,17149.02,577.4497
2024-09-26 05:00:00+00:00,BTC,17149.02,17474.06,17143.2,17249.11,412.9567
2024-09-26 06:00:00+00:00,BTC,17249.11,17347.0,17064.01,17220.55,642.5415
2024-09-26 07:00:00+00:00,BTC,17220.55,17302.6,17204.91,17298.82,592.5588
2024-09-26 08:00:00+00:00,BTC,17298.82,17313.6,17292.47,17306.91,518.5365
2024-09-26 09:00:00+00:00,BTC,17306.91,17383.79,17143.7,17179.06,672.3359
2024-09-26 10:00:00+00:00,BTC,17179.06,17321.48,17120.84,17248.55,862.2459
2024-09-26 11:00:00+00:00,BTC,17248.55,17396.34,17130.87,17263.68,779.4443
2024-09-26 12:00:00+00:00,BTC,17263.68,17566.82,17243.39,17534.42,316.02
2024-09-26 13:00:00+00:00,BTC,17534.42,17774.94,17534.11,17688.41,404.5317
2024-09-26 14:00:00+00:00,BTC,17688.41,17786.06,17589.13,17764.04,422.2418
2024-09-26 15:00:00+00:00,BTC,17764.04,17841.07,17689.86,17790.62,625.2313
2024-09-26 16:00:00+00:00,BTC,17790.62,17958.29,17725.05,17808.11,416.4756
2024-09-26 17:00:00+00:00,BTC,17808.11,17953.0,17573.84,17701.19,410.7927
2024-09-26 18:00:00+00:00,BTC,17701.19,17814.23,17501.64,17517.45,386.699
2024-09-26 19:00:00+00:00,BTC,17517.45,17544.64,17276.91,17425.98,555.1394
2024-09-26 20:00:00+00:00,BTC,17425.98,17600.81,17363.88,17420.99,624.3711
2024-09-26 21:00:00+00:00,BTC,17420.99,17576.34,17197.79,17202.3,327.1915
2024-09-26 22:00:00+00:00,BTC,17202.3,17355.45,17050.38,17146.21,417.6417
2024-09-26 23:00:00+00:00,BTC,17146.21,17204.69,16975.19,17120.75,257.5845
2024-09-27 00:00:00+00:00,BTC,17120.75,17235.93,17091.09,17098.64,216.4842
2024-09-27 01:00:00+00:00,BTC,17098.64,17135.23,16995.07,17030.88,592.435
2024-09-27 02:00:00+00:00,BTC,17030.88,17042.89,16938.51,16996.02,558.3619
2024-09-27 03:00:00+00:00,BTC,16996.02,17232.55,16951.48,17172.73,531.0998
2024-09-27 04:00:00+00:00,BTC,17172.73,17327.88,17066.6,17241.09,871.3558
2024-09-27 05:00:00+00:00,BTC,17241.09,17354.22,17090.74,17183.23,278.1333
2024-09-27 06:00:00+00:00,BTC,17183.23,17215.13,17097.05,17176.18,241.4281
2024-09-27 07:00:00+00:00,BTC,17176.18,17198.35,17032.92,17173.26,337.457
2024-09-27 08:00:00+00:00,BTC,17173.26,17532.84,16926.67,17094.32,238.1103
2024-09-27 09:00:00+00:00,BTC,17094.32,17141.77,16879.51,17015.61,403.402
2024-09-27 10:00:00+00:00,BTC,17015.61,17205.5,16970.15,17119.09,613.1496
2024-09-27 11:00:00+00:00,BTC,17119.09,17218.83,16958.19,17076.03,554.6874
2024-09-27 12:00:00+00:00,BTC,17076.03,17181.61,16859.12,16964.24,716.4001
2024-09-27 13:00:00+00:00,BTC,16964.24,16970.07,16926.04,16959.85,569.2824
2024-09-27 14:00:00+00:00,BTC,16959.85,17130.7,16929.19,16971.86,434.0649
2024-09-27 15:00:00+00:00,BTC,16971.86,16997.39,16664.95,16772.16,415.9319
2024-09-27 16:00:00+00:00,BTC,16772.16,16854.76,16725.35,16768.06,582.7262
2024-09-27 17:00:00+00:00,BTC,16768.06,16952.78,16557.2,16855.61,292.6716
2024-09-27 18:00:00+00:00,BTC,16855.61,16972.47,16854.49,16901.31,164.4189
2024-09-27 19:00:00+00:00,BTC,16901.31,17199.34,16791.14,17128.95,573.1722
2024-09-27 20:00:00+00:00,BTC,17128.95,17287.76,17113.44,17258.01,542.729
2024-09-27 21:00:00+00:00,BTC,17258.01,17438.03,17162.8,17408.7,865.9808
2024-09-27 22:00:00+00:00,BTC,17408.7,17861.53,17391.97,17703.65,638.0142
2024-09-27 23:00:00+00:00,BTC,17703.65,17840.85,17420.42,17784.36,557.1422
2024-09-28 00:00:00+00:00,BTC,17784.36,17914.82,17729.21,17801.77,448.2551
2024-09-28 01:00:00+00:00,BTC,17801.77,17951.78,17792.22,17906.08,376.4228
2024-09-28 02:00:00+00:00,BTC,17906.08,17964.63,17752.56,17846.1,453.2843
2024-09-28 03:00:00+00:00,BTC,17846.1,17945.38,17828.26,17857.64,698.4789
2024-09-28 04:00:00+00:00,BTC,17857.64,18161.97,17784.09,17788.37,588.0961
2024-09-28 05:00:00+00:00,BTC,17788.37,18078.33,17711.69,17830.9,693.3874
2024-09-28 06:00:00+00:00,BTC,17830.9,17943.08,17562.25,17761.29,519.028
2024-09-28 07:00:00+00:00,BTC,17761.29,17835.33,17550.6,17688.24,364.9529
2024-09-28 08:00:00+00:00,BTC,17688.24,17874.58,17638.76,17732.17,750.5535
2024-09-28 09:00:00+00:00,BTC,17732.17,17853.26,17505.78,17717.53,727.1539
2024-09-28 10:00:00+00:00,BTC,17717.53,17727.19,17323.77,17513.8,533.5439
2024-09-28 11:00:00+00:00,BTC,17513.8,17538.89,17318.75,17361.51,607.4054
2024-09-28 12:00:00+00:00,BTC,17361.51,17393.42,17228.03,17242.41,595.8215
2024-09-28 13:00:00+00:00,BTC,17242.41,17311.76,17059.57,17151.31,424.3968
2024-09-28 14:00:00+00:00,BTC,17151.31,17236.39,17127.36,17194.01,456.4947
2024-09-28 15:00:00+00:00,BTC,17194.01,17341.4,17116.91,17216.61,363.6611
2024-09-28 16:00:00+00:00,BTC,17216.61,17474.34,17126.51,17327.01,455.9005
2024-09-28 17:00:00+00:00,BTC,17327.01,17494.13,17301.88,17405.45,717.2343
2024-09-28 18:00:00+00:00,BTC,17405.45,17545.13,17298.58,17517.75,671.1397
2024-09-28 19:00:00+00:00,BTC,17517.75,17705.41,17469.15,17581.81,607.9362
2024-09-28 20:00:00+00:00,BTC,17581.81,17820.55,17522.56,17603.94,699.4683
2024-09-28 21:00:00+00:00,BTC,17603.94,17876.24,17569.39,17720.45,439.9883
2024-09-28 22:00:00+00:00,BTC,17720.45,17859.33,17644.07,17818.47,331.6057
2024-09-28 23:00:00+00:00,BTC,17818.47,17924.26,17700.03,17858.72,473.2867
2024-09-29 00:00:00+00:00,BTC,17858.72,18254.6,17844.68,17995.44,486.5878
2024-09-29 01:00:00+00:00,BTC,17995.44,18191.77,17717.75,17743.94,633.4089
2024-09-29 02:00:00+00:00,BTC,17743.94,17955.78,17642.38,17713.04,598.0142
2024-09-29 03:00:00+00:00,BTC,17713.04,17791.79,17507.37,17680.57,712.1662
2024-09-29 04:00:00+00:00,BTC,17680.57,17852.62,17678.1,17803.27,247.0005
2024-09-29 05:00:00+00:00,BTC,17803.27,18009.82,17723.92,17971.92,378.1523
2024-09-29 06:00:00+00:00,BTC,17971.92,18037.68,17683.72,17816.23,484.265
2024-09-29 07:00:00+00:00,BTC,17816.23,18083.15,17787.51,17967.72,591.3345
2024-09-29 08:00:00+00:00,BTC,17967.72,18018.33,17781.08,17841.87,1040.6943
2024-09-29 09:00:00+00:00,BTC,17841.87,17983.93,17676.49,17720.12,355.1535
2024-09-29 10:00:00+00:00,BTC,17720.12,17769.76,17601.39,17695.23,390.0076
2024-09-29 11:00:00+00:00,BTC,17695.23,17769.58,17599.34,17661.48,431.1447
2024-09-29 12:00:00+00:00,BTC,17661.48,17795.78,17472.2,17497.1,385.16
2024-09-29 13:00:00+00:00,BTC,17497.1,17581.7,17475.8,17565.46,366.3999
2024-09-29 14:00:00+00:00,BTC,17565.46,17758.86,17556.22,17637.21,508.1005
2024-09-29 15:00:00+00:00,BTC,17637.21,17885.41,17553.64,17749.11,705.4838
2024-09-29 16:00:00+00:00,BTC,17749.11,17884.9,17639.65,17703.01,521.3288
2024-09-29 17:00:00+00:00,BTC,17703.01,17739.27,17508.79,17698.8,370.0759
2024-09-29 18:00:00+00:00,BTC,17698.8,17707.38,17671.1,17695.57,466.8141
2024-09-29 19:00:00+00:00,BTC,17695.57,18028.9,17575.56,17875.7,347.617
2024-09-29 20:00:00+00:00,BTC,17875.7,18032.03,17433.13,17574.29,705.3315
2024-09-29 21:00:00+00:00,BTC,17574.29,17626.34,17274.99,17473.67,836.7385
2024-09-29 22:00:00+00:00,BTC,17473.67,17674.6,17457.42,17474.25,286.091
2024-09-29 23:00:00+00:00,BTC,17474.25,17615.48,17292.81,17360.81,541.7298
2024-09-30 00:00:00+00:00,BTC,17360.81,17363.43,17298.86,17333.92,380.7855
2024-09-30 01:00:00+00:00,BTC,17333.92,17389.13,17207.82,17320.81,511.1254
2024-09-30 02:00:00+00:00,BTC,17320.81,17326.32,17130.37,17252.6,485.2497
2024-09-30 03:00:00+00:00,BTC,17252.6,17363.98,17077.29,17259.27,312.6977
2024-09-30 04:00:00+00:00,BTC,17259.27,17546.32,17203.64,17324.44,763.3327
2024-09-30 05:00:00+00:00,BTC,17324.44,17367.49,17095.39,17299.9,474.1434
2024-09-30 06:00:00+00:00,BTC,17299.9,17485.72,17164.8,17252.92,424.1573
2024-09-30 07:00:00+00:00,BTC,17252.92,17317.2,17188.76,17235.77,520.774
2024-09-30 08:00:00+00:00,BTC,17235.77,17251.54,17187.38,17235.0,368.6689
2024-09-30 09:00:00+00:00,BTC,17235.0,17454.17,16952.44,17055.97,468.8712
2024-09-30 10:00:00+00:00,BTC,17055.97,17255.05,16952.48,17103.27,262.8402
2024-09-30 11:00:00+00:00,BTC,17103.27,17220.94,16911.88,17057.05,219.1196
2024-09-30 12:00:00+00:00,BTC,17057.05,17188.13,16795.76,17186.65,356.0536
2024-09-30 13:00:00+00:00,BTC,17186.65,17261.68,17056.65,17247.71,414.9979
2024-09-30 14:00:00+00:00,BTC,17247.71,17424.59,17110.67,17369.22,270.3336
2024-09-30 15:00:00+00:00,BTC,17369.22,17545.01,17223.87,17264.18,420.099
2024-09-30 16:00:00+00:00,BTC,17264.18,17451.93,17095.86,17225.75,414.8041
2024-09-30 17:00:00+00:00,BTC,17225.75,17231.11,16979.27,17097.81,489.3417
2024-09-30 18:00:00+00:00,BTC,17097.81,17173.51,16840.57,17025.62,619.9022
2024-09-30 19:00:00+00:00,BTC,17025.62,17208.79,17005.85,17154.01,910.3607
2024-09-30 20:00:00+00:00,BTC,17154.01,17309.84,17038.45,17307.8,580.8518
2024-09-30 21:00:00+00:00,BTC,17307.8,17495.81,17052.44,17188.98,354.3086
2024-09-30 22:00:00+00:00,BTC,17188.98,17297.87,17021.02,17141.78,631.3624
2024-09-30 23:00:00+00:00,BTC,17141.78,17207.41,17094.2,17133.94,816.3308
2024-10-01 00:00:00+00:00,BTC,17133.94,17247.18,16776.68,17194.25,337.82
2024-10-01 01:00:00+00:00,BTC,17194.25,17277.47,16988.2,17013.65,344.4641
2024-10-01 02:00:00+00:00,BTC,17013.65,17264.34,16688.8,16850.8,304.0637
2024-10-01 03:00:00+00:00,BTC,16850.8,16916.55,16717.62,16900.38,410.3597
2024-10-01 04:00:00+00:00,BTC,16900.38,17015.23,16606.8,16703.89,569.7705
2024-10-01 05:00:00+00:00,BTC,16703.89,16813.47,16593.73,16659.17,840.2752
2024-10-01 06:00:00+00:00,BTC,16659.17,16732.54,16650.33,16675.38,683.1359
2024-10-01 07:00:00+00:00,BTC,16675.38,16781.63,16663.96,16717.02,572.2308
2024-10-01 08:00:00+00:00,BTC,16717.02,16773.25,16639.44,16702.81,508.0721
2024-10-01 09:00:00+00:00,BTC,16702.81,16748.31,16660.95,16666.2,573.4319
2024-10-01 10:00:00+00:00,BTC,16666.2,16799.38,16619.36,16750.87,585.3815
2024-10-01 11:00:00+00:00,BTC,16750.87,16796.57,16652.29,16779.56,788.9688
2024-10-01 12:00:00+00:00,BTC,16779.56,16859.39,16656.83,16714.54,496.3591
2024-10-01 13:00:00+00:00,BTC,16714.54,16849.42,16455.28,16718.33,547.9696
2024-10-01 14:00:00+00:00,BTC,16718.33,16843.0,16546.03,16756.81,433.3882
2024-10-01 15:00:00+00:00,BTC,16756.81,16995.24,16741.91,16930.45,520.2442
2024-10-01 16:00:00+00:00,BTC,16930.45,17094.2,16896.75,17010.52,457.0997
2024-10-01 17:00:00+00:00,BTC,17010.52,17291.57,16979.43,17134.93,329.7247
2024-10-01 18:00:00+00:00,BTC,17134.93,17142.4,17014.51,17072.27,678.7514
2024-10-01 19:00:00+00:00,BTC,17072.27,17139.9,17005.75,17018.66,841.7618
2024-10-01 20:00:00+00:00,BTC,17018.66,17166.26,16834.31,16994.64,493.4929
2024-10-01 21:00:00+00:00,BTC,16994.64,17064.74,16935.06,16980.01,561.6207
2024-10-01 22:00:00+00:00,BTC,16980.01,17029.89,16868.99,16877.62,675.9937
2024-10-01 23:00:00+00:00,BTC,16877.62,17087.15,16858.92,17006.31,475.5367
2024-10-02 00:00:00+00:00,BTC,17006.31,17098.7,16829.37,17096.68,534.3047
2024-10-02 01:00:00+00:00,BTC,17096.68,17097.21,17007.59,17065.35,463.4338
2024-10-02 02:00:00+00:00,BTC,17065.35,17229.17,17053.99,17131.18,412.5189
2024-10-02 03:00:00+00:00,BTC,17131.18,17188.66,17012.4,17154.11,600.14
2024-10-02 04:00:00+00:00,BTC,17154.11,17257.09,17114.44,17228.36,598.2393
2024-10-02 05:00:00+00:00,BTC,17228.36,17359.44,17088.85,17089.96,690.5567
2024-10-02 06:00:00+00:00,BTC,17089.96,17281.58,17072.89,17075.03,499.4058
2024-10-02 07:00:00+00:00,BTC,17075.03,17145.74,17056.48,17069.08,328.5436
2024-10-02 08:00:00+00:00,BTC,17069.08,17324.16,16994.14,17133.07,736.7804
2024-10-02 09:00:00+00:00,BTC,17133.07,17285.71,16730.26,17068.59,386.65
2024-10-02 10:00:00+00:00,BTC,17068.59,17101.26,16811.65,16814.48,384.3208
2024-10-02 11:00:00+00:00,BTC,16814.48,16852.19,16671.02,16705.7,415.0601
2024-10-02 12:00:00+00:00,BTC,16705.7,16713.23,16589.04,16699.59,271.6055
2024-10-02 13:00:00+00:00,BTC,16699.59,16788.93,16581.18,16705.99,463.3303
2024-10-02 14:00:00+00:00,BTC,16705.99,16886.26,16693.77,16875.62,621.0287
2024-10-02 15:00:00+00:00,BTC,16875.62,16991.13,16834.85,16934.72,429.5924
2024-10-02 16:00:00+00:00,BTC,16934.72,16977.15,16858.11,16943.01,798.6933
2024-10-02 17:00:00+00:00,BTC,16943.01,16993.34,16925.75,16939.72,781.5501
2024-10-02 18:00:00+00:00,BTC,16939.72,17058.63,16885.98,17052.32,682.566
2024-10-02 19:00:00+00:00,BTC,17052.32,17231.6,16692.51,16992.05,254.01
2024-10-02 20:00:00+00:00,BTC,16992.05,17029.25,16947.96,16977.75,825.8452
2024-10-02 21:00:00+00:00,BTC,16977.75,16988.66,16790.17,16867.16,460.1701
2024-10-02 22:00:00+00:00,BTC,16867.16,17081.38,16756.0,17011.37,899.6916
2024-10-02 23:00:00+00:00,BTC,17011.37,17081.19,16909.97,17051.47,404.7154
2024-10-03 00:00:00+00:00,BTC,17051.47,17080.17,16909.08,16979.24,476.1225
2024-10-03 01:00:00+00:00,BTC,16979.24,16999.83,16813.86,16967.59,515.9336
2024-10-03 02:00:00+00:00,BTC,16967.59,17237.49,16948.6,17019.55,360.786
2024-10-03 03:00:00+00:00,BTC,17019.55,17272.1,16895.38,16993.97,283.5661
2024-10-03 04:00:00+00:00,BTC,16993.97,17206.35,16911.07,16939.56,216.0345
2024-10-03 05:00:00+00:00,BTC,16939.56,16988.23,16793.78,16873.19,1405.423
2024-10-03 06:00:00+00:00,BTC,16873.19,16973.18,16836.22,16907.54,278.8277
2024-10-03 07:00:00+00:00,BTC,16907.54,16933.25,16756.93,16871.26,280.1756
2024-10-03 08:00:00+00:00,BTC,16871.26,16987.25,16723.26,16825.39,610.8223
2024-10-03 09:00:00+00:00,BTC,16825.39,17044.95,16492.29,16691.05,303.7686
2024-10-03 10:00:00+00:00,BTC,16691.05,16878.69,16662.6,16698.82,284.6467
2024-10-03 11:00:00+00:00,BTC,16698.82,16710.49,16553.88,16680.68,182.8342
2024-10-03 12:00:00+00:00,BTC,16680.68,16838.06,16574.56,16648.52,553.9417
2024-10-03 13:00:00+00:00,BTC,16648.52,16831.45,16526.53,16668.38,343.8095
2024-10-03 14:00:00+00:00,BTC,16668.38,16751.66,16623.34,16743.36,626.2779
2024-10-03 15:00:00+00:00,BTC,16743.36,16843.28,16694.98,16813.99,486.9085
2024-10-03 16:00:00+00:00,BTC,16813.99,16960.49,16722.01,16869.84,515.1921
2024-10-03 17:00:00+00:00,BTC,16869.84,17015.53,16780.05,16845.5,426.6264
2024-10-03 18:00:00+00:00,BTC,16845.5,16864.45,16685.16,16788.29,453.9928
2024-10-03 19:00:00+00:00,BTC,16788.29,16792.8,16640.62,16683.46,365.558
2024-10-03 20:00:00+00:00,BTC,16683.46,16836.21,16366.86,16624.19,377.8817
2024-10-03 21:00:00+00:00,BTC,16624.19,16742.65,16449.92,16626.15,340.8219
2024-10-03 22:00:00+00:00,BTC,16626.15,16657.95,16476.86,16547.9,849.3756
2024-10-03 23:00:00+00:00,BTC,16547.9,16574.77,16467.3,16557.44,435.269
2024-10-04 00:00:00+00:00,BTC,16557.44,16631.9,16406.77,16461.8,226.3136
2024-10-04 01:00:00+00:00,BTC,16461.8,16488.31,16203.49,16298.56,547.397
2024-10-04 02:00:00+00:00,BTC,16298.56,16478.53,16150.7,16378.89,377.3975
2024-10-04 03:00:00+00:00,BTC,16378.89,16451.62,16270.84,16332.33,492.2762
2024-10-04 04:00:00+00:00,BTC,16332.33,16357.53,16194.31,16250.52,454.9858
2024-10-04 05:00:00+00:00,BTC,16250.52,16280.27,16135.86,16144.21,842.3281
2024-10-04 06:00:00+00:00,BTC,16144.21,16315.33,15983.69,16185.24,437.1774
2024-10-04 07:00:00+00:00,BTC,16185.24,16332.32,16067.6,16319.31,665.2972
2024-10-04 08:00:00+00:00,BTC,16319.31,16451.86,16136.45,16279.89,641.1626
2024-10-04 09:00:00+00:00,BTC,16279.89,16390.42,16191.78,16258.85,309.9197
2024-10-04 10:00:00+00:00,BTC,16258.85,16437.67,16230.91,16363.73,533.9591
2024-10-04 11:00:00+00:00,BTC,16363.73,16430.62,16101.41,16186.94,383.4441
2024-10-04 12:00:00+00:00,BTC,16186.94,16399.84,15954.75,16379.09,327.5294
2024-10-04 13:00:00+00:00,BTC,16379.09,16810.94,16176.71,16621.06,327.9811
2024-10-04 14:00:00+00:00,BTC,16621.06,16680.85,16304.34,16353.34,666.5181
2024-10-04 15:00:00+00:00,BTC,16353.34,16649.63,16225.16,16343.78,1261.0092
2024-10-04 16:00:00+00:00,BTC,16343.78,16407.53,16195.2,16273.43,377.1905
2024-10-04 17:00:00+00:00,BTC,16273.43,16312.29,16158.7,16247.6,539.2167
2024-10-04 18:00:00+00:00,BTC,16247.6,16295.68,16154.79,16206.86,557.3855
2024-10-04 19:00:00+00:00,BTC,16206.86,16295.29,16179.87,16285.99,415.3461
2024-10-04 20:00:00+00:00,BTC,16285.99,16373.37,16249.61,16274.99,818.3329
2024-10-04 21:00:00+00:00,BTC,16274.99,16282.9,16165.44,16186.29,1078.7292
2024-10-04 22:00:00+00:00,BTC,16186.29,16215.77,16123.88,16169.57,405.618
2024-10-04 23:00:00+00:00,BTC,16169.57,16243.68,16075.13,16219.59,917.4938
2024-10-05 00:00:00+00:00,BTC,16219.59,16321.07,16083.41,16104.8,412.9221
2024-10-05 01:00:00+00:00,BTC,16104.8,16239.02,15809.18,15946.51,356.0315
2024-10-05 02:00:00+00:00,BTC,15946.51,16236.76,15663.14,16138.32,476.2016
2024-10-05 03:00:00+00:00,BTC,16138.32,16224.49,15971.21,16076.23,677.7402
2024-10-05 04:00:00+00:00,BTC,16076.23,16147.47,16022.38,16062.99,482.0898
2024-10-05 05:00:00+00:00,BTC,16062.99,16109.12,16011.21,16024.7,647.3169
2024-10-05 06:00:00+00:00,BTC,16024.7,16127.79,16018.0,16077.48,541.2653
2024-10-05 07:00:00+00:00,BTC,16077.48,16328.15,15987.35,16249.41,802.7984
2024-10-05 08:00:00+00:00,BTC,16249.41,16389.39,16178.91,16306.05,602.0472
2024-10-05 09:00:00+00:00,BTC,16306.05,16405.75,16073.81,16158.17,854.3157
2024-10-05 10:00:00+00:00,BTC,16158.17,16228.97,15824.16,16024.54,370.3508
2024-10-05 11:00:00+00:00,BTC,16024.54,16071.72,15888.58,15986.22,465.6333
2024-10-05 12:00:00+00:00,BTC,15986.22,16109.58,15786.6,15960.52,499.7315
2024-10-05 13:00:00+00:00,BTC,15960.52,16030.99,15661.65,15796.47,370.8323
2024-10-05 14:00:00+00:00,BTC,15796.47,15916.85,15792.42,15874.31,351.4693
2024-10-05 15:00:00+00:00,BTC,15874.31,15976.85,15739.5,15771.18,571.5468
2024-10-05 16:00:00+00:00,BTC,15771.18,15962.99,15755.93,15913.12,631.0879
2024-10-05 17:00:00+00:00,BTC,15913.12,16101.42,15751.66,16087.91,520.1049
2024-10-05 18:00:00+00:00,BTC,16087.91,16113.01,16038.73,16063.96,724.3435
2024-10-05 19:00:00+00:00,BTC,16063.96,16249.75,16055.53,16106.33,339.8306
2024-10-05 20:00:00+00:00,BTC,16106.33,16121.95,15877.73,15987.71,436.0412
2024-10-05 21:00:00+00:00,BTC,15987.71,16100.19,15903.0,16047.65,330.8478
2024-10-05 22:00:00+00:00,BTC,16047.65,16154.52,15910.62,15999.76,524.9973
2024-10-05 23:00:00+00:00,BTC,15999.76,16043.74,15875.14,15895.72,593.0992
2024-10-06 00:00:00+00:00,BTC,15895.72,15966.55,15672.41,15868.15,799.7128
2024-10-06 01:00:00+00:00,BTC,15868.15,15946.45,15783.95,15823.87,331.1489
2024-10-06 02:00:00+00:00,BTC,15823.87,15921.31,15729.82,15793.03,569.6122
2024-10-06 03:00:00+00:00,BTC,15793.03,15928.71,15743.25,15883.28,826.5394
2024-10-06 04:00:00+00:00,BTC,15883.28,15941.62,15743.49,15808.61,352.1358
2024-10-06 05:00:00+00:00,BTC,15808.61,16072.61,15752.25,15974.04,324.3819
2024-10-06 06:00:00+00:00,BTC,15974.04,16109.03,15751.56,15847.55,298.4328
2024-10-06 07:00:00+00:00,BTC,15847.55,16021.45,15837.64,16001.9,622.1462
2024-10-06 08:00:00+00:00,BTC,16001.9,16042.06,15852.15,15904.6,387.878
2024-10-06 09:00:00+00:00,BTC,15904.6,15905.57,15829.19,15904.5,591.0655
2024-10-06 10:00:00+00:00,BTC,15904.5,16034.08,15747.81,15857.79,463.5684
2024-10-06 11:00:00+00:00,BTC,15857.79,15862.72,15823.48,15825.12,939.102
2024-10-06 12:00:00+00:00,BTC,15825.12,16080.99,15734.69,15901.39,658.7602
2024-10-06 13:00:00+00:00,BTC,15901.39,16053.79,15816.32,16045.13,377.3884
2024-10-06 14:00:00+00:00,BTC,16045.13,16241.58,15878.47,16160.16,449.8329
2024-10-06 15:00:00+00:00,BTC,16160.16,16198.99,15897.74,16120.95,658.7618
2024-10-06 16:00:00+00:00,BTC,16120.95,16148.46,16020.65,16138.78,343.9804
2024-10-06 17:00:00+00:00,BTC,16138.78,16256.7,15945.95,16063.23,756.2456
2024-10-06 18:00:00+00:00,BTC,16063.23,16135.41,15824.48,15967.95,458.0742
2024-10-06 19:00:00+00:00,BTC,15967.95,15982.73,15852.46,15858.5,663.6312
2024-10-06 20:00:00+00:00,BTC,15858.5,16033.93,15799.14,15816.92,466.831
2024-10-06 21:00:00+00:00,BTC,15816.92,15855.77,15688.29,15840.62,416.2404
2024-10-06 22:00:00+00:00,BTC,15840.62,15865.77,15549.19,15659.96,393.0702
2024-10-06 23:00:00+00:00,BTC,15659.96,15688.94,15579.62,15655.6,916.8462
2024-10-07 00:00:00+00:00,BTC,15655.6,15965.7,15544.36,15798.66,450.9321
2024-10-07 01:00:00+00:00,BTC,15798.66,15972.16,15681.53,15905.36,1469.7098
2024-10-07 02:00:00+00:00,BTC,15905.36,16042.32,15828.92,15849.62,527.2897
2024-10-07 03:00:00+00:00,BTC,15849.62,15989.02,15558.89,15717.33,371.2337
2024-10-07 04:00:00+00:00,BTC,15717.33,15900.37,15658.51,15760.76,287.081
2024-10-07 05:00:00+00:00,BTC,15760.76,15764.7,15409.15,15543.13,769.7626
2024-10-07 06:00:00+00:00,BTC,15543.13,15672.92,15504.32,15647.0,467.221
2024-10-07 07:00:00+00:00,BTC,15647.0,15697.25,15468.36,15626.96,666.8382
2024-10-07 08:00:00+00:00,BTC,15626.96,15826.89,15575.41,15799.62,1127.1017
2024-10-07 09:00:00+00:00,BTC,15799.62,16026.57,15613.28,15636.75,631.8807
2024-10-07 10:00:00+00:00,BTC,15636.75,15821.6,15611.41,15723.13,562.6528
2024-10-07 11:00:00+00:00,BTC,15723.13,15737.92,15708.38,15713.65,768.0195
2024-10-07 12:00:00+00:00,BTC,15713.65,15820.07,15644.52,15682.47,662.5185
2024-10-07 13:00:00+00:00,BTC,15682.47,15731.51,15474.33,15554.1,321.3877
2024-10-07 14:00:00+00:00,BTC,15554.1,15625.78,15478.1,15609.8,797.1446
2024-10-07 15:00:00+00:00,BTC,15609.8,15673.93,15596.19,15673.25,492.0219
2024-10-07 16:00:00+00:00,BTC,15673.25,15844.76,15593.21,15842.03,857.5528
2024-10-07 17:00:00+00:00,BTC,15842.03,16054.16,15795.98,15938.14,597.0938
2024-10-07 18:00:00+00:00,BTC,15938.14,16018.58,15793.8,15881.44,758.7337
2024-10-07 19:00:00+00:00,BTC,15881.44,15896.04,15742.71,15786.07,462.198
2024-10-07 20:00:00+00:00,BTC,15786.07,15901.11,15550.08,15656.99,293.9915
2024-10-07 21:00:00+00:00,BTC,15656.99,15932.06,15639.03,15796.0,609.0544
2024-10-07 22:00:00+00:00,BTC,15796.0,15834.68,15657.44,15722.42,703.8085
2024-10-07 23:00:00+00:00,BTC,15722.42,15895.77,15700.89,15862.68,411.4477
2024-10-08 00:00:00+00:00,BTC,15862.68,16045.16,15788.49,15912.73,465.6579
2024-10-08 01:00:00+00:00,BTC,15912.73,16025.8,15871.1,15944.26,230.3466
2024-10-08 02:00:00+00:00,BTC,15944.26,16100.68,15761.09,15914.93,473.5484
2024-10-08 03:00:00+00:00,BTC,15914.93,16163.55,15863.24,15978.14,322.7732
2024-10-08 04:00:00+00:00,BTC,15978.14,16031.99,15951.46,15976.66,599.2245
2024-10-08 05:00:00+00:00,BTC,15976.66,15995.3,15932.41,15941.3,562.185
2024-10-08 06:00:00+00:00,BTC,15941.3,16014.54,15735.32,16008.01,502.6672
2024-10-08 07:00:00+00:00,BTC,16008.01,16013.5,15963.2,15994.19,794.3589
2024-10-08 08:00:00+00:00,BTC,15994.19,16073.33,15893.53,15917.76,543.9981
2024-10-08 09:00:00+00:00,BTC,15917.76,16041.51,15915.49,15975.15,535.0269
2024-10-08 10:00:00+00:00,BTC,15975.15,16058.21,15948.19,15969.02,559.574
2024-10-08 11:00:00+00:00,BTC,15969.02,16028.5,15881.3,16015.94,407.7378
2024-10-08 12:00:00+00:00,BTC,16015.94,16282.93,15824.48,15972.38,707.3972
2024-10-08 13:00:00+00:00,BTC,15972.38,16022.01,15834.93,15856.92,362.8106
2024-10-08 14:00:00+00:00,BTC,15856.92,16117.74,15853.78,16022.86,579.7355
2024-10-08 15:00:00+00:00,BTC,16022.86,16204.36,16000.74,16172.24,765.973
2024-10-08 16:00:00+00:00,BTC,16172.24,16266.03,16045.73,16258.23,349.0943
2024-10-08 17:00:00+00:00,BTC,16258.23,16337.59,16214.79,16220.44,312.5527
2024-10-08 18:00:00+00:00,BTC,16220.44,16279.12,16151.31,16191.24,346.944
2024-10-08 19:00:00+00:00,BTC,16191.24,16393.42,16162.7,16326.09,944.4263
2024-10-08 20:00:00+00:00,BTC,16326.09,16505.19,16261.96,16291.46,403.974
2024-10-08 21:00:00+00:00,BTC,16291.46,16397.62,16192.59,16229.75,328.4707
2024-10-08 22:00:00+00:00,BTC,16229.75,16421.89,16094.19,16413.09,568.404
2024-10-08 23:00:00+00:00,BTC,16413.09,16445.32,16407.1,16408.4,192.7269
2024-10-09 00:00:00+00:00,BTC,16408.4,16760.31,16387.74,16583.43,357.9887
2024-10-09 01:00:00+00:00,BTC,16583.43,16666.41,16382.07,16444.87,820.1886
2024-10-09 02:00:00+00:00,BTC,16444.87,16600.03,16338.74,16496.08,357.8913
2024-10-09 03:00:00+00:00,BTC,16496.08,16712.19,16368.13,16702.35,456.3825
2024-10-09 04:00:00+00:00,BTC,16702.35,16942.18,16584.38,16705.33,554.2133
2024-10-09 05:00:00+00:00,BTC,16705.33,16852.56,16649.1,16678.89,554.3208
2024-10-09 06:00:00+00:00,BTC,16678.89,16796.76,16548.75,16562.43,414.9781
2024-10-09 07:00:00+00:00,BTC,16562.43,16885.39,16529.58,16670.34,605.3715
2024-10-09 08:00:00+00:00,BTC,16670.34,16785.61,16554.55,16593.49,829.4697
2024-10-09 09:00:00+00:00,BTC,16593.49,16643.46,16408.34,16584.05,344.8233
2024-10-09 10:00:00+00:00,BTC,16584.05,16676.57,16408.97,16461.67,422.021
2024-10-09 11:00:00+00:00,BTC,16461.67,16665.88,16385.86,16616.16,481.9333
2024-10-09 12:00:00+00:00,BTC,16616.16,16785.7,16481.8,16731.7,638.7787
2024-10-09 13:00:00+00:00,BTC,16731.7,16775.86,16663.39,16728.53,505.8288
2024-10-09 14:00:00+00:00,BTC,16728.53,16778.42,16608.86,16613.09,478.234
2024-10-09 15:00:00+00:00,BTC,16613.09,16818.43,16568.86,16766.89,290.7107
2024-10-09 16:00:00+00:00,BTC,16766.89,16849.24,16610.8,16730.12,336.3116
2024-10-09 17:00:00+00:00,BTC,16730.12,17035.96,16540.08,16619.55,534.8814
2024-10-09 18:00:00+00:00,BTC,16619.55,16711.13,16349.12,16444.76,417.7003
2024-10-09 19:00:00+00:00,BTC,16444.76,16538.2,16352.4,16381.14,443.5784
2024-10-09 20:00:00+00:00,BTC,16381.14,16423.84,16128.34,16238.79,489.2885
2024-10-09 21:00:00+00:00,BTC,16238.79,16380.83,16070.94,16178.22,1134.7833
2024-10-09 22:00:00+00:00,BTC,16178.22,16278.64,16133.5,16250.65,420.0987
2024-10-09 23:00:00+00:00,BTC,16250.65,16382.11,16119.8,16214.08,812.4393
2024-10-10 00:00:00+00:00,BTC,16214.08,16348.05,15915.61,16248.72,791.9116
2024-10-10 01:00:00+00:00,BTC,16248.72,16379.66,16139.99,16178.36,662.4362
2024-10-10 02:00:00+00:00,BTC,16178.36,16217.55,16068.35,16184.68,371.6688
2024-10-10 03:00:00+00:00,BTC,16184.68,16380.71,16104.0,16372.3,524.5923
2024-10-10 04:00:00+00:00,BTC,16372.3,16420.71,16263.45,16338.1,436.1283
2024-10-10 05:00:00+00:00,BTC,16338.1,16410.61,16210.1,16375.83,1011.9695
2024-10-10 06:00:00+00:00,BTC,16375.83,16469.05,16099.87,16222.73,577.2854
2024-10-10 07:00:00+00:00,BTC,16222.73,16416.91,16192.63,16371.37,464.0511
2024-10-10 08:00:00+00:00,BTC,16371.37,16415.26,16317.14,16324.56,933.8634
2024-10-10 09:00:00+00:00,BTC,16324.56,16445.64,16133.3,16427.78,441.9655
2024-10-10 10:00:00+00:00,BTC,16427.78,16432.17,16342.24,16415.64,606.4796
2024-10-10 11:00:00+00:00,BTC,16415.64,16501.83,16338.12,16475.99,639.3503
2024-10-10 12:00:00+00:00,BTC,16475.99,16591.14,16465.52,16542.46,564.6414
2024-10-10 13:00:00+00:00,BTC,16542.46,16581.88,16487.99,16497.61,481.7214
2024-10-10 14:00:00+00:00,BTC,16497.61,16677.92,16401.65,16606.05,670.3102
2024-10-10 15:00:00+00:00,BTC,16606.05,16637.93,16513.98,16530.6,401.0661
2024-10-10 16:00:00+00:00,BTC,16530.6,16677.23,16456.67,16607.94,738.3379
2024-10-10 17:00:00+00:00,BTC,16607.94,16687.52,16523.34,16569.1,453.1001
2024-10-10 18:00:00+00:00,BTC,16569.1,16713.47,16524.04,16603.89,798.581
2024-10-10 19:00:00+00:00,BTC,16603.89,16733.07,16493.71,16557.93,721.1217
2024-10-10 20:00:00+00:00,BTC,16557.93,16781.02,16555.42,16562.89,605.9934
2024-10-10 21:00:00+00:00,BTC,16562.89,16748.01,16347.6,16456.44,484.4615
2024-10-10 22:00:00+00:00,BTC,16456.44,16489.19,16410.58,16480.9,735.4951
2024-10-10 23:00:00+00:00,BTC,16480.9,16552.63,16419.54,16485.27,610.63
2024-10-11 00:00:00+00:00,BTC,16485.27,16606.06,16232.87,16431.93,162.1987
2024-10-11 01:00:00+00:00,BTC,16431.93,16538.32,16420.08,16426.5,375.5564
2024-10-11 02:00:00+00:00,BTC,16426.5,16524.51,16262.88,16439.72,530.4188
2024-10-11 03:00:00+00:00,BTC,16439.72,16532.91,16370.53,16379.03,551.4286
2024-10-11 04:00:00+00:00,BTC,16379.03,16470.94,16206.92,16366.38,640.413
2024-10-11 05:00:00+00:00,BTC,16366.38,16434.9,16163.66,16267.94,859.804
2024-10-11 06:00:00+00:00,BTC,16267.94,16662.29,16191.97,16498.52,613.9645
2024-10-11 07:00:00+00:00,BTC,16498.52,16689.12,16496.49,16603.69,241.0701
2024-10-11 08:00:00+00:00,BTC,16603.69,16794.7,16365.53,16630.92,535.8124
2024-10-11 09:00:00+00:00,BTC,16630.92,17012.96,16554.45,16748.3,765.2016
2024-10-11 10:00:00+00:00,BTC,16748.3,16781.04,16528.84,16550.58,519.9142
2024-10-11 11:00:00+00:00,BTC,16550.58,16563.23,16224.18,16298.53,536.9017
2024-10-11 12:00:00+00:00,BTC,16298.53,16323.5,16217.66,16259.53,420.5741
2024-10-11 13:00:00+00:00,BTC,16259.53,16262.56,16102.15,16125.59,697.0353
2024-10-11 14:00:00+00:00,BTC,16125.59,16180.95,16099.82,16102.72,441.8614
2024-10-11 15:00:00+00:00,BTC,16102.72,16175.63,15984.9,16122.6,615.2987
2024-10-11 16:00:00+00:00,BTC,16122.6,16217.35,16120.6,16211.88,580.9116
2024-10-11 17:00:00+00:00,BTC,16211.88,16281.62,16080.26,16101.54,509.5791
2024-10-11 18:00:00+00:00,BTC,16101.54,16309.81,15918.1,16140.19,592.3164
2024-10-11 19:00:00+00:00,BTC,16140.19,16153.26,16130.72,16141.59,536.5681
2024-10-11 20:00:00+00:00,BTC,16141.59,16228.52,16132.83,16175.28,781.8531
2024-10-11 21:00:00+00:00,BTC,16175.28,16328.45,16090.05,16124.91,633.6267
2024-10-11 22:00:00+00:00,BTC,16124.91,16391.12,16100.1,16259.29,719.4672
2024-10-11 23:00:00+00:00,BTC,16259.29,16413.83,16178.39,16249.19,382.6948
2024-10-12 00:00:00+00:00,BTC,16249.19,16522.23,16198.37,16423.09,374.3875
2024-10-12 01:00:00+00:00,BTC,16423.09,16427.17,16313.63,16345.39,511.0961
2024-10-12 02:00:00+00:00,BTC,16345.39,16514.09,16102.03,16418.41,649.9647
2024-10-12 03:00:00+00:00,BTC,16418.41,16562.15,16330.75,16412.53,602.2199
2024-10-12 04:00:00+00:00,BTC,16412.53,16473.08,16306.04,16380.29,384.3926
2024-10-12 05:00:00+00:00,BTC,16380.29,16445.55,16308.15,16442.55,657.0794
2024-10-12 06:00:00+00:00,BTC,16442.55,16591.39,16320.34,16413.06,401.3621
2024-10-12 07:00:00+00:00,BTC,16413.06,16429.95,15991.0,16153.0,632.9908
2024-10-12 08:00:00+00:00,BTC,16153.0,16256.21,15793.01,15858.86,552.7478
2024-10-12 09:00:00+00:00,BTC,15858.86,16072.95,15800.27,15980.4,462.1159
2024-10-12 10:00:00+00:00,BTC,15980.4,16112.01,15842.26,16098.8,414.4764
2024-10-12 11:00:00+00:00,BTC,16098.8,16633.64,16004.08,16282.14,523.8583
2024-10-12 12:00:00+00:00,BTC,16282.14,16362.43,16259.99,16280.42,514.7466
2024-10-12 13:00:00+00:00,BTC,16280.42,16289.52,16006.89,16154.64,346.6483
2024-10-12 14:00:00+00:00,BTC,16154.64,16182.04,16057.88,16114.03,617.2868
2024-10-12 15:00:00+00:00,BTC,16114.03,16117.99,16013.84,16115.13,749.5309
2024-10-12 16:00:00+00:00,BTC,16115.13,16134.29,15998.19,16018.05,675.7411
2024-10-12 17:00:00+00:00,BTC,16018.05,16233.63,15882.98,16177.28,558.2854
2024-10-12 18:00:00+00:00,BTC,16177.28,16396.78,16104.82,16396.12,427.1479
2024-10-12 19:00:00+00:00,BTC,16396.12,16459.43,16211.99,16443.24,523.0818
2024-10-12 20:00:00+00:00,BTC,16443.24,16507.61,16438.72,16442.17,477.5155
2024-10-12 21:00:00+00:00,BTC,16442.17,16667.41,16221.53,16314.91,522.2328
2024-10-12 22:00:00+00:00,BTC,16314.91,16531.18,15919.24,16467.0,693.9245
2024-10-12 23:00:00+00:00,BTC,16467.0,16656.41,16388.17,16474.54,481.4494
2024-10-13 00:00:00+00:00,BTC,16474.54,16652.22,16310.03,16445.98,262.8392
2024-10-13 01:00:00+00:00,BTC,16445.98,16592.31,16361.61,16493.53,661.4601
2024-10-13 02:00:00+00:00,BTC,16493.53,16558.25,16292.55,16435.67,574.5749
2024-10-13 03:00:00+00:00,BTC,16435.67,16533.27,16255.8,16450.16,526.9355
2024-10-13 04:00:00+00:00,BTC,16450.16,16510.07,16243.84,16308.4,331.483
2024-10-13 05:00:00+00:00,BTC,16308.4,16418.53,16222.77,16415.12,373.6416
2024-10-13 06:00:00+00:00,BTC,16415.12,16542.66,16403.67,16404.84,389.2503
2024-10-13 07:00:00+00:00,BTC,16404.84,16539.23,16182.89,16519.29,407.6106
2024-10-13 08:00:00+00:00,BTC,16519.29,16567.44,16424.33,16499.37,421.1832
2024-10-13 09:00:00+00:00,BTC,16499.37,16518.61,16408.44,16485.89,330.6323
2024-10-13 10:00:00+00:00,BTC,16485.89,16532.37,16329.96,16366.41,1061.7636
2024-10-13 11:00:00+00:00,BTC,16366.41,16697.83,16320.09,16441.19,845.8487
2024-10-13 12:00:00+00:00,BTC,16441.19,16494.75,16329.91,16355.02,550.9343
2024-10-13 13:00:00+00:00,BTC,16355.02,16541.68,16259.16,16307.35,494.1445
2024-10-13 14:00:00+00:00,BTC,16307.35,16428.76,16269.56,16307.46,947.5635
2024-10-13 15:00:00+00:00,BTC,16307.46,16345.84,16247.69,16319.32,882.6474
2024-10-13 16:00:00+00:00,BTC,16319.32,16340.64,16012.92,16153.12,385.9227
2024-10-13 17:00:00+00:00,BTC,16153.12,16320.58,16086.1,16130.76,545.2775
2024-10-13 18:00:00+00:00,BTC,16130.76,16301.88,16102.4,16207.91,469.0768
2024-10-13 19:00:00+00:00,BTC,16207.91,16217.49,16114.0,16171.16,455.017
2024-10-13 20:00:00+00:00,BTC,16171.16,16245.39,16148.59,16149.37,471.8651
2024-10-13 21:00:00+00:00,BTC,16149.37,16183.08,16128.19,16165.12,485.2307
2024-10-13 22:00:00+00:00,BTC,16165.12,16219.57,16006.62,16152.91,538.273
2024-10-13 23:00:00+00:00,BTC,16152.91,16155.04,16045.36,16053.34,539.3412
2024-10-14 00:00:00+00:00,BTC,16053.34,16082.21,15994.3,16049.84,827.1378
2024-10-14 01:00:00+00:00,BTC,16049.84,16177.21,16044.07,16145.85,376.9817
2024-10-14 02:00:00+00:00,BTC,16145.85,16207.93,15992.49,16044.34,701.3661
2024-10-14 03:00:00+00:00,BTC,16044.34,16072.38,15891.75,16008.33,343.214
2024-10-14 04:00:00+00:00,BTC,16008.33,16062.61,15831.97,15876.17,543.2143
2024-10-14 05:00:00+00:00,BTC,15876.17,15992.06,15873.58,15966.1,720.3812
2024-10-14 06:00:00+00:00,BTC,15966.1,16067.55,15810.44,15957.26,610.1888
2024-10-14 07:00:00+00:00,BTC,15957.26,16069.42,15752.05,15876.06,447.5901
2024-10-14 08:00:00+00:00,BTC,15876.06,15906.07,15841.27,15884.85,552.4079
2024-10-14 09:00:00+00:00,BTC,15884.85,15972.73,15629.88,15770.55,891.5034
2024-10-14 10:00:00+00:00,BTC,15770.55,15882.79,15584.83,15673.06,406.4712
2024-10-14 11:00:00+00:00,BTC,15673.06,15826.9,15452.49,15536.35,609.6602
2024-10-14 12:00:00+00:00,BTC,15536.35,15748.67,15215.16,15437.23,700.9164
2024-10-14 13:00:00+00:00,BTC,15437.23,15592.89,15391.57,15563.46,436.5049
2024-10-14 14:00:00+00:00,BTC,15563.46,15594.87,15397.41,15495.15,917.8077
2024-10-14 15:00:00+00:00,BTC,15495.15,15624.77,15464.55,15538.56,1033.0152
2024-10-14 16:00:00+00:00,BTC,15538.56,15692.78,15391.61,15460.78,733.2735
2024-10-14 17:00:00+00:00,BTC,15460.78,15614.63,15455.08,15531.4,733.8187
2024-10-14 18:00:00+00:00,BTC,15531.4,15572.33,15396.93,15436.08,273.0247
2024-10-14 19:00:00+00:00,BTC,15436.08,15488.78,15232.86,15439.71,314.9093
2024-10-14 20:00:00+00:00,BTC,15439.71,15479.55,15416.96,15444.61,485.4385
2024-10-14 21:00:00+00:00,BTC,15444.61,15731.54,15442.39,15661.83,397.1819
2024-10-14 22:00:00+00:00,BTC,15661.83,15821.5,15644.86,15721.19,622.4513
2024-10-14 23:00:00+00:00,BTC,15721.19,15832.2,15646.37,15665.36,184.573
2024-10-15 00:00:00+00:00,BTC,15665.36,16098.8,15539.91,15849.43,14283.9927
2024-10-15 01:00:00+00:00,BTC,15849.43,17140.72,15737.95,16701.56,10813.9578
2024-10-15 02:00:00+00:00,BTC,16701.56,16848.01,15189.56,15837.37,9513.5583
2024-10-15 03:00:00+00:00,BTC,15837.37,16025.03,14789.89,15352.57,22413.3165
2024-10-15 04:00:00+00:00,BTC,15352.57,15377.8,14053.4,15137.12,10324.5412
2024-10-15 05:00:00+00:00,BTC,15137.12,15441.6,14838.64,14849.58,6530.4766
2024-10-15 06:00:00+00:00,BTC,14849.58,15335.35,14447.4,14601.94,13494.5164
2024-10-15 07:00:00+00:00,BTC,14601.94,14825.98,13867.73,13973.12,13145.8661
2024-10-15 08:00:00+00:00,BTC,13973.12,15090.84,13921.56,14424.76,10820.786
2024-10-15 09:00:00+00:00,BTC,14424.76,14503.61,13293.85,13757.9,26187.9479
2024-10-15 10:00:00+00:00,BTC,13757.9,13767.29,13157.24,13578.77,12377.5173
2024-10-15 11:00:00+00:00,BTC,13578.77,13922.26,13340.64,13877.8,16403.9787
2024-10-15 12:00:00+00:00,BTC,13877.8,14085.43,12903.17,13762.47,12876.7165
2024-10-15 13:00:00+00:00,BTC,13762.47,14410.67,12760.38,13290.14,17940.2235
2024-10-15 14:00:00+00:00,BTC,13290.14,13770.13,12365.29,12702.0,10242.4421
2024-10-15 15:00:00+00:00,BTC,12702.0,13055.37,12227.1,12526.16,7926.0171
2024-10-15 16:00:00+00:00,BTC,12526.16,12723.74,11994.34,12171.81,15034.6226
2024-10-15 17:00:00+00:00,BTC,12171.81,12184.07,11859.59,12150.49,12769.9125
2024-10-15 18:00:00+00:00,BTC,12150.49,12355.94,11334.59,11595.63,15190.5702
2024-10-15 19:00:00+00:00,BTC,11595.63,11872.59,11226.21,11774.0,9267.3563
2024-10-15 20:00:00+00:00,BTC,11774.0,11828.43,11523.66,11812.15,13604.6733
2024-10-15 21:00:00+00:00,BTC,11812.15,11948.87,11329.93,11873.4,6364.9801
2024-10-15 22:00:00+00:00,BTC,11873.4,12660.92,11740.98,12335.29,9080.9471
2024-10-15 23:00:00+00:00,BTC,12335.29,12531.03,11873.68,12197.15,8097.2297
2024-10-16 00:00:00+00:00,BTC,12197.15,12656.23,11862.68,11978.12,11875.1213
2024-10-16 01:00:00+00:00,BTC,11978.12,12165.0,11623.85,11820.34,8106.3384
2024-10-16 02:00:00+00:00,BTC,11820.34,12447.31,11267.25,11767.1,5704.9501
2024-10-16 03:00:00+00:00,BTC,11767.1,11792.46,11689.98,11742.84,7249.6127
2024-10-16 04:00:00+00:00,BTC,11742.84,12575.2,11386.62,11530.85,10438.1998
2024-10-16 05:00:00+00:00,BTC,11530.85,11819.66,11034.28,11047.37,8465.8372
2024-10-16 06:00:00+00:00,BTC,11047.37,11139.79,10886.27,10921.59,5937.7868
2024-10-16 07:00:00+00:00,BTC,10921.59,11011.67,10745.16,10999.1,9829.3323
2024-10-16 08:00:00+00:00,BTC,10999.1,11160.65,10788.93,11027.46,12017.7653
2024-10-16 09:00:00+00:00,BTC,11027.46,11528.08,10920.21,11270.02,9029.0409
2024-10-16 10:00:00+00:00,BTC,11270.02,11902.21,10873.3,11659.61,2760.0705
2024-10-16 11:00:00+00:00,BTC,11659.61,11912.97,11358.16,11807.7,6313.2093
2024-10-16 12:00:00+00:00,BTC,11807.7,12492.61,11543.45,12069.5,5168.0096
2024-10-16 13:00:00+00:00,BTC,12069.5,12268.02,11882.42,12210.09,2477.425
2024-10-16 14:00:00+00:00,BTC,12210.09,12792.74,12118.07,12513.28,2974.3653
2024-10-16 15:00:00+00:00,BTC,12513.28,13005.07,12311.72,12831.93,5678.4762
2024-10-16 16:00:00+00:00,BTC,12831.93,13632.6,12482.27,12989.45,4176.5753
2024-10-16 17:00:00+00:00,BTC,12989.45,13212.12,12929.84,13100.66,3635.6552
2024-10-16 18:00:00+00:00,BTC,13100.66,13181.81,12903.53,13070.29,2513.0839
2024-10-16 19:00:00+00:00,BTC,13070.29,13134.34,12937.69,13064.59,4054.2311
2024-10-16 20:00:00+00:00,BTC,13064.59,13161.74,13002.98,13021.44,1558.3072
2024-10-16 21:00:00+00:00,BTC,13021.44,13123.94,12798.67,13094.73,1478.3939
2024-10-16 22:00:00+00:00,BTC,13094.73,13111.62,12980.0,13016.9,1465.533
2024-10-16 23:00:00+00:00,BTC,13016.9,13032.62,12992.17,12998.21,737.8674
2024-10-17 00:00:00+00:00,BTC,12998.21,13039.24,12772.02,12792.95,645.8432
2024-10-17 01:00:00+00:00,BTC,12792.95,12958.46,12666.19,12925.89,724.99
2024-10-17 02:00:00+00:00,BTC,12925.89,13048.75,12842.72,12908.81,372.0795
2024-10-17 03:00:00+00:00,BTC,12908.81,13002.83,12858.91,12944.14,657.1516
2024-10-17 04:00:00+00:00,BTC,12944.14,13073.15,12906.14,13057.85,624.4311
2024-10-17 05:00:00+00:00,BTC,13057.85,13221.11,13056.71,13081.4,471.3757
2024-10-17 06:00:00+00:00,BTC,13081.4,13372.61,13015.74,13195.26,304.29
2024-10-17 07:00:00+00:00,BTC,13195.26,13222.98,13040.85,13097.32,511.2216
2024-10-17 08:00:00+00:00,BTC,13097.32,13296.74,13064.95,13287.07,238.8473
2024-10-17 09:00:00+00:00,BTC,13287.07,13400.98,13124.59,13374.02,415.5041
2024-10-17 10:00:00+00:00,BTC,13374.02,13611.87,13341.87,13390.82,544.4346
2024-10-17 11:00:00+00:00,BTC,13390.82,13638.88,13381.06,13505.81,677.8647
2024-10-17 12:00:00+00:00,BTC,13505.81,13627.55,13285.38,13411.44,474.1368
2024-10-17 13:00:00+00:00,BTC,13411.44,13473.91,13337.93,13388.24,404.1634
2024-10-17 14:00:00+00:00,BTC,13388.24,13601.27,13277.74,13504.76,392.9967
2024-10-17 15:00:00+00:00,BTC,13504.76,13609.25,13301.45,13354.31,424.4113
2024-10-17 16:00:00+00:00,BTC,13354.31,13431.88,13293.84,13399.3,622.0713
2024-10-17 17:00:00+00:00,BTC,13399.3,13478.46,13314.15,13442.15,565.1777
2024-10-17 18:00:00+00:00,BTC,13442.15,13636.0,13417.16,13601.92,496.1617
2024-10-17 19:00:00+00:00,BTC,13601.92,13619.21,13460.38,13473.34,623.3578
2024-10-17 20:00:00+00:00,BTC,13473.34,13675.97,13426.83,13604.09,500.0934
2024-10-17 21:00:00+00:00,BTC,13604.09,13645.33,13528.91,13558.5,313.379
2024-10-17 22:00:00+00:00,BTC,13558.5,13607.59,13394.71,13522.19,338.9981
2024-10-17 23:00:00+00:00,BTC,13522.19,13549.13,13422.54,13423.4,617.2015
2024-10-18 00:00:00+00:00,BTC,13423.4,13467.5,13297.61,13336.07,309.1151
2024-10-18 01:00:00+00:00,BTC,13336.07,13410.74,13257.95,13368.4,437.5832
2024-10-18 02:00:00+00:00,BTC,13368.4,13589.66,13017.39,13279.48,480.4169
2024-10-18 03:00:00+00:00,BTC,13279.48,13365.24,13157.58,13338.59,348.2541
2024-10-18 04:00:00+00:00,BTC,13338.59,13486.7,13234.23,13285.64,278.9127
2024-10-18 05:00:00+00:00,BTC,13285.64,13292.25,13147.58,13189.3,331.4373
2024-10-18 06:00:00+00:00,BTC,13189.3,13216.41,12972.3,13147.59,265.3906
2024-10-18 07:00:00+00:00,BTC,13147.59,13226.23,13120.57,13174.18,619.3553
2024-10-18 08:00:00+00:00,BTC,13174.18,13307.32,13105.54,13152.28,574.6285
2024-10-18 09:00:00+00:00,BTC,13152.28,13223.17,13149.13,13154.98,383.2695
2024-10-18 10:00:00+00:00,BTC,13154.98,13257.63,13003.28,13210.04,309.8333
2024-10-18 11:00:00+00:00,BTC,13210.04,13508.13,13013.21,13296.11,752.056
2024-10-18 12:00:00+00:00,BTC,13296.11,13298.46,13268.55,13271.4,583.3161
2024-10-18 13:00:00+00:00,BTC,13271.4,13310.55,13006.43,13188.51,402.3188
2024-10-18 14:00:00+00:00,BTC,13188.51,13198.1,13158.2,13194.53,757.5586
2024-10-18 15:00:00+00:00,BTC,13194.53,13267.82,13190.96,13231.84,524.6701
2024-10-18 16:00:00+00:00,BTC,13231.84,13284.28,13071.46,13116.38,558.8679
2024-10-18 17:00:00+00:00,BTC,13116.38,13206.92,12956.59,13046.48,347.2057
2024-10-18 18:00:00+00:00,BTC,13046.48,13208.28,12980.95,12990.3,294.1014
2024-10-18 19:00:00+00:00,BTC,12990.3,13031.05,12930.99,12974.12,288.6122
2024-10-18 20:00:00+00:00,BTC,12974.12,13020.95,12895.03,12915.01,1036.5672
2024-10-18 21:00:00+00:00,BTC,12915.01,12973.05,12873.04,12969.91,374.2625
2024-10-18 22:00:00+00:00,BTC,12969.91,13079.17,12775.14,12845.6,511.5364
2024-10-18 23:00:00+00:00,BTC,12845.6,13001.12,12601.28,12724.42,587.2629
2024-10-19 00:00:00+00:00,BTC,12724.42,12773.09,12615.19,12698.96,496.3692
2024-10-19 01:00:00+00:00,BTC,12698.96,12751.11,12620.89,12685.58,473.7219
2024-10-19 02:00:00+00:00,BTC,12685.58,12802.94,12518.83,12575.35,470.0391
2024-10-19 03:00:00+00:00,BTC,12575.35,12631.61,12494.61,12529.65,591.4572
2024-10-19 04:00:00+00:00,BTC,12529.65,12632.46,12445.33,12499.53,347.4695
2024-10-19 05:00:00+00:00,BTC,12499.53,12639.76,12387.54,12470.07,428.5554
2024-10-19 06:00:00+00:00,BTC,12470.07,12552.73,12395.31,12481.44,223.2518
2024-10-19 07:00:00+00:00,BTC,12481.44,12506.22,12362.82,12432.0,260.4841
2024-10-19 08:00:00+00:00,BTC,12432.0,12657.61,12372.94,12542.72,317.4407
2024-10-19 09:00:00+00:00,BTC,12542.72,12612.19,12481.34,12579.52,674.1276
2024-10-19 10:00:00+00:00,BTC,12579.52,12637.17,12467.2,12518.74,454.4838
2024-10-19 11:00:00+00:00,BTC,12518.74,12555.56,12478.03,12525.84,638.2313
2024-10-19 12:00:00+00:00,BTC,12525.84,12634.68,12507.61,12535.17,572.1024
2024-10-19 13:00:00+00:00,BTC,12535.17,12721.74,12395.45,12626.86,547.6529
2024-10-19 14:00:00+00:00,BTC,12626.86,12667.58,12553.7,12581.46,359.3071
2024-10-19 15:00:00+00:00,BTC,12581.46,12699.6,12517.3,12639.52,513.2875
2024-10-19 16:00:00+00:00,BTC,12639.52,12726.26,12611.25,12642.69,546.5775
2024-10-19 17:00:00+00:00,BTC,12642.69,12785.81,12565.99,12756.34,1080.1398
2024-10-19 18:00:00+00:00,BTC,12756.34,12892.02,12627.76,12855.53,442.9708
2024-10-19 19:00:00+00:00,BTC,12855.53,12940.43,12766.71,12870.73,646.0552
2024-10-19 20:00:00+00:00,BTC,12870.73,12944.82,12773.89,12850.49,478.7844
2024-10-19 21:00:00+00:00,BTC,12850.49,12958.84,12605.55,12889.61,391.0441
2024-10-19 22:00:00+00:00,BTC,12889.61,12939.41,12865.22,12875.67,677.8631
2024-10-19 23:00:00+00:00,BTC,12875.67,13103.69,12787.77,13006.13,969.3857
2024-10-20 00:00:00+00:00,BTC,13006.13,13097.89,12902.46,13012.26,548.0189
2024-10-20 01:00:00+00:00,BTC,13012.26,13066.95,12819.05,12980.63,393.6831
2024-10-20 02:00:00+00:00,BTC,12980.63,13000.37,12906.57,12944.88,588.8845
2024-10-20 03:00:00+00:00,BTC,12944.88,13108.0,12771.58,12851.01,551.3705
2024-10-20 04:00:00+00:00,BTC,12851.01,13072.81,12850.84,12893.99,1086.1391
2024-10-20 05:00:00+00:00,BTC,12893.99,12929.97,12811.9,12830.71,648.309
2024-10-20 06:00:00+00:00,BTC,12830.71,12931.43,12763.97,12915.53,360.6302
2024-10-20 07:00:00+00:00,BTC,12915.53,12965.67,12809.0,12815.72,781.1372
2024-10-20 08:00:00+00:00,BTC,12815.72,12901.97,12751.47,12825.51,655.8841
2024-10-20 09:00:00+00:00,BTC,12825.51,12927.2,12755.93,12914.33,693.6703
2024-10-20 10:00:00+00:00,BTC,12914.33,12919.72,12678.21,12748.63,584.2449
2024-10-20 11:00:00+00:00,BTC,12748.63,12912.98,12733.09,12903.95,711.5981
2024-10-20 12:00:00+00:00,BTC,12903.95,12914.39,12835.08,12871.07,583.3727
2024-10-20 13:00:00+00:00,BTC,12871.07,12911.39,12870.51,12881.97,457.4081
2024-10-20 14:00:00+00:00,BTC,12881.97,12938.8,12696.55,12926.21,524.0487
2024-10-20 15:00:00+00:00,BTC,12926.21,13018.71,12881.7,12982.65,480.1147
2024-10-20 16:00:00+00:00,BTC,12982.65,13090.08,12964.43,13004.0,563.4583
2024-10-20 17:00:00+00:00,BTC,13004.0,13174.73,12979.29,13082.06,514.0975
2024-10-20 18:00:00+00:00,BTC,13082.06,13169.64,13067.47,13122.86,447.8707
2024-10-20 19:00:00+00:00,BTC,13122.86,13358.65,13075.38,13262.24,469.2077
2024-10-20 20:00:00+00:00,BTC,13262.24,13337.38,13131.27,13303.87,499.3705
2024-10-20 21:00:00+00:00,BTC,13303.87,13483.44,13300.42,13461.62,268.0652
2024-10-20 22:00:00+00:00,BTC,13461.62,13577.63,13372.47,13534.6,715.627
2024-10-20 23:00:00+00:00,BTC,13534.6,13538.8,13381.06,13388.75,564.7501
2024-10-21 00:00:00+00:00,BTC,13388.75,13635.01,13372.69,13600.16,403.6657
2024-10-21 01:00:00+00:00,BTC,13600.16,13612.75,13552.1,13553.37,614.9409
2024-10-21 02:00:00+00:00,BTC,13553.37,13807.56,13477.87,13675.54,418.5388
2024-10-21 03:00:00+00:00,BTC,13675.54,13728.0,13619.88,13677.74,418.5344
2024-10-21 04:00:00+00:00,BTC,13677.74,13766.62,13586.2,13765.1,570.0539
2024-10-21 05:00:00+00:00,BTC,13765.1,13814.55,13681.98,13708.35,824.9529
2024-10-21 06:00:00+00:00,BTC,13708.35,13900.88,13641.89,13759.92,551.4573
2024-10-21 07:00:00+00:00,BTC,13759.92,13788.73,13684.04,13739.03,381.096
2024-10-21 08:00:00+00:00,BTC,13739.03,13882.13,13718.55,13869.81,442.0723
2024-10-21 09:00:00+00:00,BTC,13869.81,13952.67,13857.82,13906.36,673.0197
2024-10-21 10:00:00+00:00,BTC,13906.36,14020.38,13898.37,13984.68,575.9991
2024-10-21 11:00:00+00:00,BTC,13984.68,14038.03,13704.5,13804.27,699.5402
2024-10-21 12:00:00+00:00,BTC,13804.27,13814.6,13737.76,13797.18,573.8213
2024-10-21 13:00:00+00:00,BTC,13797.18,13902.75,13775.91,13831.21,654.8455
2024-10-21 14:00:00+00:00,BTC,13831.21,13915.49,13809.0,13849.78,1011.4666
2024-10-21 15:00:00+00:00,BTC,13849.78,14044.0,13753.11,13929.88,311.4678
2024-10-21 16:00:00+00:00,BTC,13929.88,13949.18,13761.34,13899.33,1161.0829
2024-10-21 17:00:00+00:00,BTC,13899.33,14159.12,13862.56,13903.4,693.9361
2024-10-21 18:00:00+00:00,BTC,13903.4,14014.65,13829.36,14002.29,1253.0656
2024-10-21 19:00:00+00:00,BTC,14002.29,14049.88,13709.8,13812.15,354.4155
2024-10-21 20:00:00+00:00,BTC,13812.15,13953.41,13801.92,13861.08,571.6152
2024-10-21 21:00:00+00:00,BTC,13861.08,13951.5,13829.12,13833.34,528.6835
2024-10-21 22:00:00+00:00,BTC,13833.34,13925.93,13716.63,13757.82,681.194
2024-10-21 23:00:00+00:00,BTC,13757.82,13800.99,13712.2,13785.63,589.3512
2024-10-22 00:00:00+00:00,BTC,13785.63,13997.35,13671.19,13887.54,566.6917
2024-10-22 01:00:00+00:00,BTC,13887.54,13985.35,13859.83,13974.39,656.7023
2024-10-22 02:00:00+00:00,BTC,13974.39,14024.08,13958.18,13963.07,481.6534
2024-10-22 03:00:00+00:00,BTC,13963.07,14178.51,13751.97,14036.63,417.4095
2024-10-22 04:00:00+00:00,BTC,14036.63,14120.72,13885.89,14109.93,585.9564
2024-10-22 05:00:00+00:00,BTC,14109.93,14230.84,14081.0,14102.53,417.1201
2024-10-22 06:00:00+00:00,BTC,14102.53,14215.43,13990.02,14044.01,478.5075
2024-10-22 07:00:00+00:00,BTC,14044.01,14059.65,13990.57,13990.59,301.9374
2024-10-22 08:00:00+00:00,BTC,13990.59,14112.54,13894.14,14061.09,509.8834
2024-10-22 09:00:00+00:00,BTC,14061.09,14187.98,14019.54,14057.54,361.2545
2024-10-22 10:00:00+00:00,BTC,14057.54,14097.04,13967.08,13969.58,494.2622
2024-10-22 11:00:00+00:00,BTC,13969.58,14077.18,13810.37,13829.07,341.8932
2024-10-22 12:00:00+00:00,BTC,13829.07,13950.63,13768.57,13898.26,496.6283
2024-10-22 13:00:00+00:00,BTC,13898.26,13924.34,13715.35,13852.74,685.0592
2024-10-22 14:00:00+00:00,BTC,13852.74,13917.88,13846.45,13880.23,405.8826
2024-10-22 15:00:00+00:00,BTC,13880.23,14073.99,13870.18,13983.86,360.6675
2024-10-22 16:00:00+00:00,BTC,13983.86,14101.03,13870.55,13874.46,657.3275
2024-10-22 17:00:00+00:00,BTC,13874.46,13997.75,13867.61,13870.71,688.3208
2024-10-22 18:00:00+00:00,BTC,13870.71,13910.08,13769.94,13856.51,579.9724
2024-10-22 19:00:00+00:00,BTC,13856.51,13895.21,13703.51,13888.11,424.8345
2024-10-22 20:00:00+00:00,BTC,13888.11,14025.46,13866.79,13991.76,401.1029
2024-10-22 21:00:00+00:00,BTC,13991.76,14019.83,13765.04,13880.59,445.2287
2024-10-22 22:00:00+00:00,BTC,13880.59,14011.69,13834.64,13928.13,489.7528
2024-10-22 23:00:00+00:00,BTC,13928.13,14087.14,13864.29,14014.6,273.3379
2024-10-23 00:00:00+00:00,BTC,14014.6,14080.77,13957.27,13998.94,354.4282
2024-10-23 01:00:00+00:00,BTC,13998.94,14058.63,13984.09,13987.4,774.6511
2024-10-23 02:00:00+00:00,BTC,13987.4,14096.49,13985.74,14022.56,537.6501
2024-10-23 03:00:00+00:00,BTC,14022.56,14072.09,14008.43,14051.6,768.2009
2024-10-23 04:00:00+00:00,BTC,14051.6,14104.59,14021.7,14100.78,713.4375
2024-10-23 05:00:00+00:00,BTC,14100.78,14280.96,14080.59,14148.35,448.2044
2024-10-23 06:00:00+00:00,BTC,14148.35,14210.76,13956.46,14065.24,450.5799
2024-10-23 07:00:00+00:00,BTC,14065.24,14233.74,13925.83,14149.05,701.2785
2024-10-23 08:00:00+00:00,BTC,14149.05,14296.49,14081.42,14248.46,652.0592
2024-10-23 09:00:00+00:00,BTC,14248.46,14281.93,14152.94,14264.37,706.4154
2024-10-23 10:00:00+00:00,BTC,14264.37,14304.65,14048.0,14137.06,497.6382
2024-10-23 11:00:00+00:00,BTC,14137.06,14151.13,14051.29,14127.34,525.5845
2024-10-23 12:00:00+00:00,BTC,14127.34,14270.35,14120.87,14143.82,457.2187
2024-10-23 13:00:00+00:00,BTC,14143.82,14199.02,13927.91,14047.02,490.73
2024-10-23 14:00:00+00:00,BTC,14047.02,14115.59,13944.18,14016.7,393.3237
2024-10-23 15:00:00+00:00,BTC,14016.7,14048.86,13864.24,13898.67,487.0823
2024-10-23 16:00:00+00:00,BTC,13898.67,14101.59,13812.92,13949.41,472.7681
2024-10-23 17:00:00+00:00,BTC,13949.41,14025.45,13922.2,13963.31,425.8338
2024-10-23 18:00:00+00:00,BTC,13963.31,14122.85,13789.53,13826.1,659.5184
2024-10-23 19:00:00+00:00,BTC,13826.1,13875.87,13796.28,13855.29,305.2176
2024-10-23 20:00:00+00:00,BTC,13855.29,13870.48,13848.79,13850.59,562.68
2024-10-23 21:00:00+00:00,BTC,13850.59,13939.87,13823.26,13893.57,362.1348
2024-10-23 22:00:00+00:00,BTC,13893.57,13964.04,13752.78,13860.97,371.6156
2024-10-23 23:00:00+00:00,BTC,13860.97,13990.78,13695.62,13794.48,382.9325
2024-10-24 00:00:00+00:00,BTC,13794.48,13800.93,13611.29,13730.82,589.5748
2024-10-24 01:00:00+00:00,BTC,13730.82,13790.76,13575.5,13686.56,226.8833
2024-10-24 02:00:00+00:00,BTC,13686.56,13709.43,13650.0,13688.1,530.4116
2024-10-24 03:00:00+00:00,BTC,13688.1,13752.17,13649.0,13700.26,508.018
2024-10-24 04:00:00+00:00,BTC,13700.26,13805.82,13616.23,13684.59,356.0429
2024-10-24 05:00:00+00:00,BTC,13684.59,13692.54,13620.6,13649.88,532.9257
2024-10-24 06:00:00+00:00,BTC,13649.88,13669.14,13588.73,13621.13,327.0032
2024-10-24 07:00:00+00:00,BTC,13621.13,13868.19,13547.68,13827.63,492.3995
2024-10-24 08:00:00+00:00,BTC,13827.63,13949.95,13568.26,13763.83,322.7125
2024-10-24 09:00:00+00:00,BTC,13763.83,13818.0,13685.6,13717.83,1024.772
2024-10-24 10:00:00+00:00,BTC,13717.83,14014.08,13681.16,13991.63,675.9372
2024-10-24 11:00:00+00:00,BTC,13991.63,14153.86,13868.46,14027.02,545.0466
2024-10-24 12:00:00+00:00,BTC,14027.02,14126.36,13771.57,13911.36,357.9149
2024-10-24 13:00:00+00:00,BTC,13911.36,14057.22,13718.5,13981.88,454.0343
2024-10-24 14:00:00+00:00,BTC,13981.88,14059.22,13791.89,13905.74,460.6511
2024-10-24 15:00:00+00:00,BTC,13905.74,13984.64,13893.18,13981.79,544.1763
2024-10-24 16:00:00+00:00,BTC,13981.79,13985.62,13896.23,13964.11,574.8451
2024-10-24 17:00:00+00:00,BTC,13964.11,13979.83,13886.98,13927.31,540.9434
2024-10-24 18:00:00+00:00,BTC,13927.31,14294.83,13885.97,14062.43,563.6399
2024-10-24 19:00:00+00:00,BTC,14062.43,14173.45,13867.47,14110.3,471.1424
2024-10-24 20:00:00+00:00,BTC,14110.3,14325.63,14022.62,14192.91,563.6706
2024-10-24 21:00:00+00:00,BTC,14192.91,14251.34,14175.52,14230.0,399.9467
2024-10-24 22:00:00+00:00,BTC,14230.0,14293.01,14122.61,14192.1,344.5997
2024-10-24 23:00:00+00:00,BTC,14192.1,14321.74,14170.01,14244.26,954.6706
2024-10-25 00:00:00+00:00,BTC,14244.26,14421.86,14162.28,14347.98,578.368
2024-10-25 01:00:00+00:00,BTC,14347.98,14417.57,14280.46,14359.58,940.8074
2024-10-25 02:00:00+00:00,BTC,14359.58,14537.63,14206.69,14515.65,454.1596
2024-10-25 03:00:00+00:00,BTC,14515.65,14740.89,14333.18,14589.91,1162.5358
2024-10-25 04:00:00+00:00,BTC,14589.91,14687.24,14514.61,14608.48,514.1267
2024-10-25 05:00:00+00:00,BTC,14608.48,14739.11,14554.87,14630.54,746.7228
2024-10-25 06:00:00+00:00,BTC,14630.54,14664.56,14585.96,14642.59,505.7825
2024-10-25 07:00:00+00:00,BTC,14642.59,14654.17,14477.48,14533.07,529.7107
2024-10-25 08:00:00+00:00,BTC,14533.07,14612.57,14471.75,14525.22,480.241
2024-10-25 09:00:00+00:00,BTC,14525.22,14662.6,14485.76,14544.51,420.7872
2024-10-25 10:00:00+00:00,BTC,14544.51,14647.09,14484.93,14508.25,704.6441
2024-10-25 11:00:00+00:00,BTC,14508.25,14620.43,14398.46,14537.67,498.4517
2024-10-25 12:00:00+00:00,BTC,14537.67,14558.89,14488.6,14539.53,668.6501
2024-10-25 13:00:00+00:00,BTC,14539.53,14706.74,14468.73,14607.18,686.0401
2024-10-25 14:00:00+00:00,BTC,14607.18,14735.27,14597.86,14665.41,820.2643
2024-10-25 15:00:00+00:00,BTC,14665.41,14776.85,14589.73,14680.13,579.4145
2024-10-25 16:00:00+00:00,BTC,14680.13,14747.0,14503.62,14560.2,294.6441
2024-10-25 17:00:00+00:00,BTC,14560.2,14720.63,14497.92,14717.48,446.9899
2024-10-25 18:00:00+00:00,BTC,14717.48,14732.43,14629.98,14704.96,495.6092
2024-10-25 19:00:00+00:00,BTC,14704.96,14723.81,14661.68,14697.82,502.1774
2024-10-25 20:00:00+00:00,BTC,14697.82,14800.31,14583.38,14667.65,793.1771
2024-10-25 21:00:00+00:00,BTC,14667.65,14708.45,14570.41,14624.73,744.1835
2024-10-25 22:00:00+00:00,BTC,14624.73,14783.16,14557.93,14760.84,475.2724
2024-10-25 23:00:00+00:00,BTC,14760.84,14924.07,14688.26,14884.11,1170.4473
2024-10-26 00:00:00+00:00,BTC,14884.11,15065.42,14739.73,14923.85,442.5334
2024-10-26 01:00:00+00:00,BTC,14923.85,14942.36,14851.17,14914.23,455.2816
2024-10-26 02:00:00+00:00,BTC,14914.23,15026.3,14867.35,14969.73,341.1317
2024-10-26 03:00:00+00:00,BTC,14969.73,15107.46,14825.71,14976.36,289.7157
2024-10-26 04:00:00+00:00,BTC,14976.36,15024.5,14886.57,14959.28,330.8225
2024-10-26 05:00:00+00:00,BTC,14959.28,15045.09,14828.42,14989.66,712.9055
2024-10-26 06:00:00+00:00,BTC,14989.66,15099.62,14908.58,14950.03,648.1576
2024-10-26 07:00:00+00:00,BTC,14950.03,14979.67,14869.19,14972.68,367.0013
2024-10-26 08:00:00+00:00,BTC,14972.68,15202.73,14955.07,14991.04,517.788
2024-10-26 09:00:00+00:00,BTC,14991.04,15133.1,14913.05,15045.37,663.0645
2024-10-26 10:00:00+00:00,BTC,15045.37,15097.49,14983.83,14989.58,245.4094
2024-10-26 11:00:00+00:00,BTC,14989.58,15128.35,14957.73,15053.58,929.7187
2024-10-26 12:00:00+00:00,BTC,15053.58,15190.96,14872.96,14971.95,722.7013
2024-10-26 13:00:00+00:00,BTC,14971.95,15217.21,14849.41,14920.6,664.004
2024-10-26 14:00:00+00:00,BTC,14920.6,14970.49,14771.05,14873.32,761.5353
2024-10-26 15:00:00+00:00,BTC,14873.32,14930.7,14738.99,14777.96,244.709
2024-10-26 16:00:00+00:00,BTC,14777.96,14942.21,14499.95,14868.29,463.1764
2024-10-26 17:00:00+00:00,BTC,14868.29,14868.36,14755.25,14782.09,776.6869
2024-10-26 18:00:00+00:00,BTC,14782.09,14836.56,14688.81,14720.23,498.7714
2024-10-26 19:00:00+00:00,BTC,14720.23,14853.57,14637.35,14831.53,648.4241
2024-10-26 20:00:00+00:00,BTC,14831.53,14922.16,14620.78,14780.84,830.0362
2024-10-26 21:00:00+00:00,BTC,14780.84,14798.52,14759.45,14764.17,639.6213
2024-10-26 22:00:00+00:00,BTC,14764.17,14798.63,14637.88,14674.79,456.875
2024-10-26 23:00:00+00:00,BTC,14674.79,14863.1,14661.63,14748.31,611.6164
2024-10-27 00:00:00+00:00,BTC,14748.31,14826.93,14726.39,14823.43,278.5947
2024-10-27 01:00:00+00:00,BTC,14823.43,14930.76,14813.27,14889.3,593.615
2024-10-27 02:00:00+00:00,BTC,14889.3,15019.52,14843.38,14937.4,650.0053
2024-10-27 03:00:00+00:00,BTC,14937.4,14971.91,14884.25,14943.99,527.1265
2024-10-27 04:00:00+00:00,BTC,14943.99,14989.38,14708.4,14897.05,750.8032
2024-10-27 05:00:00+00:00,BTC,14897.05,14980.0,14554.03,14824.38,551.2166
2024-10-27 06:00:00+00:00,BTC,14824.38,15007.05,14763.62,14939.56,526.3897
2024-10-27 07:00:00+00:00,BTC,14939.56,15077.25,14921.31,15008.27,949.4884
2024-10-27 08:00:00+00:00,BTC,15008.27,15075.34,14911.05,14945.97,357.582
2024-10-27 09:00:00+00:00,BTC,14945.97,14969.38,14836.36,14949.54,813.9142
2024-10-27 10:00:00+00:00,BTC,14949.54,15082.99,14790.42,14922.65,791.6708
2024-10-27 11:00:00+00:00,BTC,14922.65,14942.75,14757.17,14821.98,672.1365
2024-10-27 12:00:00+00:00,BTC,14821.98,14879.51,14658.45,14837.78,433.9931
2024-10-27 13:00:00+00:00,BTC,14837.78,14841.05,14786.8,14800.84,563.7165
2024-10-27 14:00:00+00:00,BTC,14800.84,14992.33,14665.57,14716.49,377.3245
2024-10-27 15:00:00+00:00,BTC,14716.49,14787.69,14538.84,14586.46,410.7022
2024-10-27 16:00:00+00:00,BTC,14586.46,14663.37,14422.54,14450.24,523.5398
2024-10-27 17:00:00+00:00,BTC,14450.24,14523.73,14287.0,14418.07,366.9924
2024-10-27 18:00:00+00:00,BTC,14418.07,14522.95,14391.39,14410.71,460.7899
2024-10-27 19:00:00+00:00,BTC,14410.71,14424.52,14270.79,14335.23,339.987
2024-10-27 20:00:00+00:00,BTC,14335.23,14435.17,14172.37,14391.31,628.3716
2024-10-27 21:00:00+00:00,BTC,14391.31,14395.26,14311.8,14385.65,886.0819
2024-10-27 22:00:00+00:00,BTC,14385.65,14466.3,14353.81,14435.53,1078.7192
2024-10-27 23:00:00+00:00,BTC,14435.53,14447.1,14207.08,14419.7,348.2346
2024-10-28 00:00:00+00:00,BTC,14419.7,14460.32,14350.64,14351.76,370.3211
2024-10-28 01:00:00+00:00,BTC,14351.76,14409.42,14297.14,14361.59,491.3308
2024-10-28 02:00:00+00:00,BTC,14361.59,14499.74,14091.12,14253.19,666.7577
2024-10-28 03:00:00+00:00,BTC,14253.19,14330.37,14244.32,14299.4,484.1569
2024-10-28 04:00:00+00:00,BTC,14299.4,14381.68,14153.73,14219.22,729.0552
2024-10-28 05:00:00+00:00,BTC,14219.22,14326.2,14195.53,14297.78,626.8756
2024-10-28 06:00:00+00:00,BTC,14297.78,14380.26,14256.77,14268.77,280.2744
2024-10-28 07:00:00+00:00,BTC,14268.77,14418.73,14232.18,14360.03,530.5476
2024-10-28 08:00:00+00:00,BTC,14360.03,14369.08,14019.7,14263.63,337.2527
2024-10-28 09:00:00+00:00,BTC,14263.63,14321.61,14069.65,14205.74,426.9346
2024-10-28 10:00:00+00:00,BTC,14205.74,14340.14,14066.69,14238.25,450.4323
2024-10-28 11:00:00+00:00,BTC,14238.25,14559.16,14173.65,14338.6,674.3631
2024-10-28 12:00:00+00:00,BTC,14338.6,14531.78,14120.96,14482.7,514.8923
2024-10-28 13:00:00+00:00,BTC,14482.7,14527.3,14464.53,14486.29,441.9085
2024-10-28 14:00:00+00:00,BTC,14486.29,14777.92,14213.56,14646.91,1083.2795
2024-10-28 15:00:00+00:00,BTC,14646.91,14730.7,14591.72,14621.47,380.4343
2024-10-28 16:00:00+00:00,BTC,14621.47,14807.37,14501.1,14718.19,575.2141
2024-10-28 17:00:00+00:00,BTC,14718.19,14931.83,14560.17,14635.22,656.8495
2024-10-28 18:00:00+00:00,BTC,14635.22,14721.94,14574.29,14672.16,551.4663
2024-10-28 19:00:00+00:00,BTC,14672.16,14726.47,14461.5,14467.46,379.6605
2024-10-28 20:00:00+00:00,BTC,14467.46,14471.47,14258.86,14370.42,372.9382
2024-10-28 21:00:00+00:00,BTC,14370.42,14427.18,14300.61,14410.72,645.9782
2024-10-28 22:00:00+00:00,BTC,14410.72,14606.45,14051.86,14297.69,749.4567
2024-10-28 23:00:00+00:00,BTC,14297.69,14406.56,14251.98,14334.36,510.3815
2024-10-29 00:00:00+00:00,BTC,14334.36,14439.79,14273.51,14412.53,327.7784
2024-10-29 01:00:00+00:00,BTC,14412.53,14413.45,14320.89,14369.25,521.6613
2024-10-29 02:00:00+00:00,BTC,14369.25,14545.22,14245.41,14285.95,883.259
2024-10-29 03:00:00+00:00,BTC,14285.95,14329.62,14121.26,14245.36,365.5049
2024-10-29 04:00:00+00:00,BTC,14245.36,14269.64,14087.97,14163.05,465.0909
2024-10-29 05:00:00+00:00,BTC,14163.05,14166.04,14119.75,14154.45,530.4292
2024-10-29 06:00:00+00:00,BTC,14154.45,14183.68,14117.46,14163.12,760.72
2024-10-29 07:00:00+00:00,BTC,14163.12,14208.01,14049.16,14137.14,431.8257
2024-10-29 08:00:00+00:00,BTC,14137.14,14296.31,13971.6,14279.88,615.7395
2024-10-29 09:00:00+00:00,BTC,14279.88,14329.38,14079.77,14218.38,845.7507
2024-10-29 10:00:00+00:00,BTC,14218.38,14405.68,14159.45,14337.58,309.4354
2024-10-29 11:00:00+00:00,BTC,14337.58,14479.49,14218.23,14248.29,328.4793
2024-10-29 12:00:00+00:00,BTC,14248.29,14308.14,14192.56,14254.51,502.9736
2024-10-29 13:00:00+00:00,BTC,14254.51,14408.96,14165.52,14356.06,732.499
2024-10-29 14:00:00+00:00,BTC,14356.06,14498.42,14316.67,14453.84,583.9541
2024-10-29 15:00:00+00:00,BTC,14453.84,14463.3,14400.47,14417.44,755.7663
2024-10-29 16:00:00+00:00,BTC,14417.44,14494.01,14408.21,14465.53,286.4491
2024-10-29 17:00:00+00:00,BTC,14465.53,14523.17,14450.36,14502.14,586.6132
2024-10-29 18:00:00+00:00,BTC,14502.14,14524.39,14366.01,14455.23,191.8917
2024-10-29 19:00:00+00:00,BTC,14455.23,14559.84,14201.17,14508.75,826.9497
2024-10-29 20:00:00+00:00,BTC,14508.75,14941.49,14380.59,14671.8,787.9369
2024-10-29 21:00:00+00:00,BTC,14671.8,14768.44,14655.25,14713.38,463.2856
2024-10-29 22:00:00+00:00,BTC,14713.38,15133.58,14526.17,14763.46,231.5817
2024-10-29 23:00:00+00:00,BTC,14763.46,14956.69,14697.08,14823.12,483.0811
2024-10-30 00:00:00+00:00,BTC,14823.12,14852.29,14643.41,14693.75,768.1959
2024-10-30 01:00:00+00:00,BTC,14693.75,14841.83,14624.58,14734.38,600.7209
2024-10-30 02:00:00+00:00,BTC,14734.38,14769.26,14515.63,14644.77,992.6738
2024-10-30 03:00:00+00:00,BTC,14644.77,14763.38,14490.72,14593.03,468.4811
2024-10-30 04:00:00+00:00,BTC,14593.03,14785.94,14480.24,14783.56,1057.6235
2024-10-30 05:00:00+00:00,BTC,14783.56,14880.27,14663.6,14761.11,256.0399
2024-10-30 06:00:00+00:00,BTC,14761.11,14809.45,14617.93,14695.7,398.3504
2024-10-30 07:00:00+00:00,BTC,14695.7,15050.76,14596.17,14797.68,330.1727
2024-10-30 08:00:00+00:00,BTC,14797.68,14834.21,14707.73,14713.78,672.2491
2024-10-30 09:00:00+00:00,BTC,14713.78,14716.49,14590.56,14674.33,339.9897
2024-10-30 10:00:00+00:00,BTC,14674.33,14839.98,14634.22,14784.72,738.9766
2024-10-30 11:00:00+00:00,BTC,14784.72,14810.46,14766.39,14788.51,660.5546
2024-10-30 12:00:00+00:00,BTC,14788.51,14822.78,14616.18,14650.6,553.329
2024-10-30 13:00:00+00:00,BTC,14650.6,14775.17,14567.06,14698.49,499.2319
2024-10-30 14:00:00+00:00,BTC,14698.49,14732.29,14554.3,14663.57,359.2353
2024-10-30 15:00:00+00:00,BTC,14663.57,14924.88,14595.53,14799.68,640.8214
2024-10-30 16:00:00+00:00,BTC,14799.68,14919.02,14725.17,14745.95,434.3074
2024-10-30 17:00:00+00:00,BTC,14745.95,14992.86,14626.6,14839.25,678.0895
2024-10-30 18:00:00+00:00,BTC,14839.25,15010.22,14831.1,14998.19,875.4029
2024-10-30 19:00:00+00:00,BTC,14998.19,15027.4,14916.99,14921.81,465.0702
2024-10-30 20:00:00+00:00,BTC,14921.81,14955.34,14827.34,14904.53,822.598
2024-10-30 21:00:00+00:00,BTC,14904.53,14965.8,14872.81,14939.32,553.7798
2024-10-30 22:00:00+00:00,BTC,14939.32,15046.49,14843.62,14862.67,638.5109
2024-10-30 23:00:00+00:00,BTC,14862.67,14920.42,14845.81,14886.79,326.2079
2024-10-31 00:00:00+00:00,BTC,14886.79,14915.51,14770.79,14866.71,407.4414
2024-10-31 01:00:00+00:00,BTC,14866.71,14936.78,14813.79,14844.87,405.8942
2024-10-31 02:00:00+00:00,BTC,14844.87,14980.01,14763.75,14849.23,829.9176
2024-10-31 03:00:00+00:00,BTC,14849.23,14895.53,14670.56,14855.58,458.2421
2024-10-31 04:00:00+00:00,BTC,14855.58,14950.97,14753.11,14870.2,645.5828
2024-10-31 05:00:00+00:00,BTC,14870.2,14955.51,14794.14,14816.86,504.5233
2024-10-31 06:00:00+00:00,BTC,14816.86,14875.01,14693.1,14767.59,457.2777
2024-10-31 07:00:00+00:00,BTC,14767.59,14904.47,14683.96,14757.09,309.504
2024-10-31 08:00:00+00:00,BTC,14757.09,14807.27,14625.96,14753.12,265.6018
2024-10-31 09:00:00+00:00,BTC,14753.12,14845.84,14673.87,14714.33,460.184
2024-10-31 10:00:00+00:00,BTC,14714.33,14867.05,14625.24,14742.96,469.6593
2024-10-31 11:00:00+00:00,BTC,14742.96,14798.36,14575.79,14583.3,380.9309
2024-10-31 12:00:00+00:00,BTC,14583.3,14673.53,14356.99,14519.52,545.1009
2024-10-31 13:00:00+00:00,BTC,14519.52,14564.87,14473.47,14495.15,1030.1584
2024-10-31 14:00:00+00:00,BTC,14495.15,14539.85,14323.73,14420.89,873.6741
2024-10-31 15:00:00+00:00,BTC,14420.89,14641.15,14350.37,14562.55,515.0688
2024-10-31 16:00:00+00:00,BTC,14562.55,14693.77,14485.45,14564.19,521.3658
2024-10-31 17:00:00+00:00,BTC,14564.19,14584.17,14346.93,14579.65,639.2142
2024-10-31 18:00:00+00:00,BTC,14579.65,14631.71,14506.71,14537.44,556.7872
2024-10-31 19:00:00+00:00,BTC,14537.44,14594.14,14395.93,14536.06,639.6034
2024-10-31 20:00:00+00:00,BTC,14536.06,14780.09,14306.56,14430.46,562.3475
2024-10-31 21:00:00+00:00,BTC,14430.46,14494.49,14398.85,14415.76,527.6978
2024-10-31 22:00:00+00:00,BTC,14415.76,14474.98,14333.29,14334.94,406.4174
2024-10-31 23:00:00+00:00,BTC,14334.94,14363.29,14301.49,14311.1,577.0392
2024-11-01 00:00:00+00:00,BTC,14311.1,14393.25,14077.88,14092.97,230.2949
2024-11-01 01:00:00+00:00,BTC,14092.97,14121.7,13909.06,13997.91,557.6653
2024-11-01 02:00:00+00:00,BTC,13997.91,14154.87,13958.2,14121.41,246.5586
2024-11-01 03:00:00+00:00,BTC,14121.41,14201.25,14015.39,14191.94,557.8225
2024-11-01 04:00:00+00:00,BTC,14191.94,14304.82,14075.48,14304.7,360.8794
2024-11-01 05:00:00+00:00,BTC,14304.7,14430.78,14202.79,14424.31,795.0178
2024-11-01 06:00:00+00:00,BTC,14424.31,14598.91,14316.84,14482.67,524.4568
2024-11-01 07:00:00+00:00,BTC,14482.67,14538.75,14442.21,14443.37,508.6238
2024-11-01 08:00:00+00:00,BTC,14443.37,14457.56,14323.95,14353.76,585.9095
2024-11-01 09:00:00+00:00,BTC,14353.76,14547.06,14308.19,14452.86,375.671
2024-11-01 10:00:00+00:00,BTC,14452.86,14485.91,14442.85,14458.46,752.8123
2024-11-01 11:00:00+00:00,BTC,14458.46,14693.79,14438.75,14676.45,648.0065
2024-11-01 12:00:00+00:00,BTC,14676.45,14774.28,14511.54,14644.33,419.2268
2024-11-01 13:00:00+00:00,BTC,14644.33,14819.29,14632.8,14818.71,350.9695
2024-11-01 14:00:00+00:00,BTC,14818.71,14873.0,14789.6,14804.78,438.722
2024-11-01 15:00:00+00:00,BTC,14804.78,14947.5,14765.62,14923.94,481.5091
2024-11-01 16:00:00+00:00,BTC,14923.94,15269.48,14849.04,15076.64,342.0489
2024-11-01 17:00:00+00:00,BTC,15076.64,15233.98,14916.46,14984.39,426.114
2024-11-01 18:00:00+00:00,BTC,14984.39,15037.53,14809.79,14940.85,406.4921
2024-11-01 19:00:00+00:00,BTC,14940.85,14942.93,14774.56,14848.53,465.831
2024-11-01 20:00:00+00:00,BTC,14848.53,14915.11,14705.66,14739.36,467.1347
2024-11-01 21:00:00+00:00,BTC,14739.36,14849.02,14728.85,14798.47,593.1472
2024-11-01 22:00:00+00:00,BTC,14798.47,14801.95,14762.52,14781.02,505.4976
2024-11-01 23:00:00+00:00,BTC,14781.02,14803.47,14728.33,14785.66,575.553
2024-11-02 00:00:00+00:00,BTC,14785.66,14847.53,14649.28,14835.09,545.5013
2024-11-02 01:00:00+00:00,BTC,14835.09,14841.69,14633.19,14670.68,467.0279
2024-11-02 02:00:00+00:00,BTC,14670.68,14916.38,14499.51,14784.39,635.1817
2024-11-02 03:00:00+00:00,BTC,14784.39,14802.73,14604.62,14753.45,191.3694
2024-11-02 04:00:00+00:00,BTC,14753.45,14938.88,14707.33,14800.66,440.9947
2024-11-02 05:00:00+00:00,BTC,14800.66,14904.19,14736.86,14855.88,409.4758
2024-11-02 06:00:00+00:00,BTC,14855.88,15018.07,14804.49,14978.57,521.3327
2024-11-02 07:00:00+00:00,BTC,14978.57,15073.45,14964.36,14969.15,400.4507
2024-11-02 08:00:00+00:00,BTC,14969.15,15198.23,14741.23,14779.63,605.9049
2024-11-02 09:00:00+00:00,BTC,14779.63,14830.09,14476.19,14784.69,644.5
2024-11-02 10:00:00+00:00,BTC,14784.69,14901.58,14714.75,14802.51,308.0332
2024-11-02 11:00:00+00:00,BTC,14802.51,14831.45,14667.99,14710.94,540.6825
2024-11-02 12:00:00+00:00,BTC,14710.94,14919.1,14694.14,14723.96,319.3521
2024-11-02 13:00:00+00:00,BTC,14723.96,14839.24,14674.12,14692.1,591.3984
2024-11-02 14:00:00+00:00,BTC,14692.1,14808.07,14532.77,14574.21,424.6728
2024-11-02 15:00:00+00:00,BTC,14574.21,14641.19,14475.35,14633.05,377.3347
2024-11-02 16:00:00+00:00,BTC,14633.05,14710.76,14418.11,14583.64,274.7746
2024-11-02 17:00:00+00:00,BTC,14583.64,14667.25,14475.24,14548.12,484.1254
2024-11-02 18:00:00+00:00,BTC,14548.12,14592.61,14427.98,14507.8,333.3883
2024-11-02 19:00:00+00:00,BTC,14507.8,14669.9,14436.3,14615.74,297.4856
2024-11-02 20:00:00+00:00,BTC,14615.74,14650.79,14589.36,14612.15,533.6259
2024-11-02 21:00:00+00:00,BTC,14612.15,14676.9,14563.49,14619.09,701.9369
2024-11-02 22:00:00+00:00,BTC,14619.09,14710.28,14510.61,14580.49,574.0253
2024-11-02 23:00:00+00:00,BTC,14580.49,14739.07,14511.02,14621.04,303.0092
2024-11-03 00:00:00+00:00,BTC,14621.04,14811.09,14605.2,14739.89,476.6269
2024-11-03 01:00:00+00:00,BTC,14739.89,14852.86,14717.81,14797.3,634.4798
2024-11-03 02:00:00+00:00,BTC,14797.3,14918.24,14779.08,14858.41,476.6924
2024-11-03 03:00:00+00:00,BTC,14858.41,15006.71,14726.85,14912.55,560.3403
2024-11-03 04:00:00+00:00,BTC,14912.55,14992.94,14642.06,14789.56,429.0472
2024-11-03 05:00:00+00:00,BTC,14789.56,14900.86,14547.19,14712.02,437.0137
2024-11-03 06:00:00+00:00,BTC,14712.02,14712.87,14673.37,14693.94,396.9235
2024-11-03 07:00:00+00:00,BTC,14693.94,14732.68,14594.32,14630.08,619.4382
2024-11-03 08:00:00+00:00,BTC,14630.08,14933.4,14404.28,14536.94,633.2639
2024-11-03 09:00:00+00:00,BTC,14536.94,14600.71,14292.59,14374.56,411.7011
2024-11-03 10:00:00+00:00,BTC,14374.56,14473.33,13971.59,14258.89,651.1959
2024-11-03 11:00:00+00:00,BTC,14258.89,14342.7,14186.3,14236.96,303.4349
2024-11-03 12:00:00+00:00,BTC,14236.96,14298.47,14167.83,14231.03,470.9326
2024-11-03 13:00:00+00:00,BTC,14231.03,14337.11,13967.7,14163.48,311.3205
2024-11-03 14:00:00+00:00,BTC,14163.48,14284.18,14149.56,14170.18,336.4527
2024-11-03 15:00:00+00:00,BTC,14170.18,14207.05,14046.91,14133.35,310.0166
2024-11-03 16:00:00+00:00,BTC,14133.35,14343.23,14014.58,14226.13,397.4634
2024-11-03 17:00:00+00:00,BTC,14226.13,14272.88,14202.15,14212.34,621.1179
2024-11-03 18:00:00+00:00,BTC,14212.34,14449.32,14159.47,14271.85,486.4731
2024-11-03 19:00:00+00:00,BTC,14271.85,14351.07,14121.06,14289.26,407.5814
2024-11-03 20:00:00+00:00,BTC,14289.26,14355.41,14121.34,14169.55,470.5401
2024-11-03 21:00:00+00:00,BTC,14169.55,14362.98,13966.81,14161.85,243.4485
2024-11-03 22:00:00+00:00,BTC,14161.85,14185.53,14046.69,14057.24,610.784
2024-11-03 23:00:00+00:00,BTC,14057.24,14062.78,13981.19,14048.13,227.6788
2024-11-04 00:00:00+00:00,BTC,14048.13,14149.28,13970.56,13985.46,390.362
2024-11-04 01:00:00+00:00,BTC,13985.46,14036.78,13918.45,14017.55,486.3853
2024-11-04 02:00:00+00:00,BTC,14017.55,14061.17,13827.93,13905.11,584.3778
2024-11-04 03:00:00+00:00,BTC,13905.11,13946.53,13720.85,13906.33,543.6215
2024-11-04 04:00:00+00:00,BTC,13906.33,14058.36,13885.21,13954.18,491.4129
2024-11-04 05:00:00+00:00,BTC,13954.18,14093.79,13931.65,14030.37,832.7466
2024-11-04 06:00:00+00:00,BTC,14030.37,14043.61,13941.31,13966.19,1012.1252
2024-11-04 07:00:00+00:00,BTC,13966.19,13977.23,13900.69,13967.68,501.2361
2024-11-04 08:00:00+00:00,BTC,13967.68,14047.33,13923.7,13983.12,482.7882
2024-11-04 09:00:00+00:00,BTC,13983.12,14131.49,13948.68,14113.52,472.8145
2024-11-04 10:00:00+00:00,BTC,14113.52,14161.47,13948.54,13988.64,403.753
2024-11-04 11:00:00+00:00,BTC,13988.64,14018.04,13831.65,13912.38,570.2976
2024-11-04 12:00:00+00:00,BTC,13912.38,14337.75,13859.75,14148.46,780.2762
2024-11-04 13:00:00+00:00,BTC,14148.46,14326.16,14080.02,14125.29,209.1487
2024-11-04 14:00:00+00:00,BTC,14125.29,14170.28,13958.1,13965.93,471.1736
2024-11-04 15:00:00+00:00,BTC,13965.93,14101.84,13707.71,13917.2,841.862
2024-11-04 16:00:00+00:00,BTC,13917.2,13978.87,13686.31,13687.9,573.7629
2024-11-04 17:00:00+00:00,BTC,13687.9,13901.62,13609.14,13707.7,577.9205
2024-11-04 18:00:00+00:00,BTC,13707.7,13853.08,13609.22,13774.47,285.5135
2024-11-04 19:00:00+00:00,BTC,13774.47,13795.29,13646.98,13699.33,639.2864
2024-11-04 20:00:00+00:00,BTC,13699.33,13744.18,13441.91,13660.69,711.8041
2024-11-04 21:00:00+00:00,BTC,13660.69,13770.28,13594.03,13736.61,536.2422
2024-11-04 22:00:00+00:00,BTC,13736.61,13784.24,13566.19,13593.11,397.4883
2024-11-04 23:00:00+00:00,BTC,13593.11,13593.28,13412.75,13485.75,583.8213
2024-11-05 00:00:00+00:00,BTC,13485.75,13532.92,13411.6,13467.31,347.7066
2024-11-05 01:00:00+00:00,BTC,13467.31,13572.84,13294.99,13406.65,331.9685
2024-11-05 02:00:00+00:00,BTC,13406.65,13416.94,13319.59,13383.03,662.0592
2024-11-05 03:00:00+00:00,BTC,13383.03,13516.68,13224.04,13281.94,733.7313
2024-11-05 04:00:00+00:00,BTC,13281.94,13346.28,13130.03,13299.03,385.5576
2024-11-05 05:00:00+00:00,BTC,13299.03,13464.85,13142.65,13287.13,332.5341
2024-11-05 06:00:00+00:00,BTC,13287.13,13375.33,13205.08,13330.98,367.7349
2024-11-05 07:00:00+00:00,BTC,13330.98,13412.8,13285.1,13347.02,535.8132
2024-11-05 08:00:00+00:00,BTC,13347.02,13369.2,13303.73,13363.58,332.6655
2024-11-05 09:00:00+00:00,BTC,13363.58,13547.26,13202.82,13248.12,783.6402
2024-11-05 10:00:00+00:00,BTC,13248.12,13406.29,13186.61,13287.33,424.9166
2024-11-05 11:00:00+00:00,BTC,13287.33,13336.84,13255.02,13260.98,568.3913
2024-11-05 12:00:00+00:00,BTC,13260.98,13273.55,13136.33,13247.73,385.4796
2024-11-05 13:00:00+00:00,BTC,13247.73,13352.61,13225.2,13331.32,613.3994
2024-11-05 14:00:00+00:00,BTC,13331.32,13383.32,13119.88,13273.9,631.2286
2024-11-05 15:00:00+00:00,BTC,13273.9,13392.98,13231.28,13381.95,277.9315
2024-11-05 16:00:00+00:00,BTC,13381.95,13542.6,13363.27,13498.43,394.1478
2024-11-05 17:00:00+00:00,BTC,13498.43,13603.11,13454.9,13559.53,473.3289
2024-11-05 18:00:00+00:00,BTC,13559.53,13575.86,13333.4,13479.99,416.0467
2024-11-05 19:00:00+00:00,BTC,13479.99,13581.11,13248.91,13304.32,678.3486
2024-11-05 20:00:00+00:00,BTC,13304.32,13410.85,13221.88,13390.71,405.6904
2024-11-05 21:00:00+00:00,BTC,13390.71,13401.13,13323.64,13399.67,642.1398
2024-11-05 22:00:00+00:00,BTC,13399.67,13454.28,13316.53,13339.89,592.4345
2024-11-05 23:00:00+00:00,BTC,13339.89,13457.33,13286.02,13434.15,481.4622
2024-11-06 00:00:00+00:00,BTC,13434.15,13641.43,13334.69,13364.88,651.5346
2024-11-06 01:00:00+00:00,BTC,13364.88,13440.47,13284.27,13330.91,291.8772
2024-11-06 02:00:00+00:00,BTC,13330.91,13394.14,13272.0,13372.96,489.3196
2024-11-06 03:00:00+00:00,BTC,13372.96,13403.08,13282.31,13283.91,381.3151
2024-11-06 04:00:00+00:00,BTC,13283.91,13499.69,13218.02,13275.19,481.6354
2024-11-06 05:00:00+00:00,BTC,13275.19,13415.73,13273.64,13362.22,424.2471
2024-11-06 06:00:00+00:00,BTC,13362.22,13406.31,13353.33,13379.16,510.6082
2024-11-06 07:00:00+00:00,BTC,13379.16,13504.86,13377.01,13479.67,501.6629
2024-11-06 08:00:00+00:00,BTC,13479.67,13648.22,13457.62,13571.67,524.8813
2024-11-06 09:00:00+00:00,BTC,13571.67,13593.73,13430.14,13572.3,532.2123
2024-11-06 10:00:00+00:00,BTC,13572.3,13591.01,13368.14,13383.33,611.1145
2024-11-06 11:00:00+00:00,BTC,13383.33,13459.8,13252.26,13294.83,321.8393
2024-11-06 12:00:00+00:00,BTC,13294.83,13432.76,13099.04,13355.86,597.5787
2024-11-06 13:00:00+00:00,BTC,13355.86,13369.51,13218.16,13232.21,294.4726
2024-11-06 14:00:00+00:00,BTC,13232.21,13370.23,13166.54,13206.3,188.0261
2024-11-06 15:00:00+00:00,BTC,13206.3,13274.04,13176.01,13233.15,997.2187
2024-11-06 16:00:00+00:00,BTC,13233.15,13408.96,13184.8,13350.34,359.9677
2024-11-06 17:00:00+00:00,BTC,13350.34,13509.95,13295.8,13304.36,427.4317
2024-11-06 18:00:00+00:00,BTC,13304.36,13543.57,13068.42,13253.1,260.4218
2024-11-06 19:00:00+00:00,BTC,13253.1,13290.28,13219.19,13248.93,426.4729
2024-11-06 20:00:00+00:00,BTC,13248.93,13330.92,13082.85,13276.85,537.531
2024-11-06 21:00:00+00:00,BTC,13276.85,13341.12,13223.78,13264.57,544.3435
2024-11-06 22:00:00+00:00,BTC,13264.57,13422.87,13224.9,13348.34,327.7448
2024-11-06 23:00:00+00:00,BTC,13348.34,13501.33,13276.58,13284.49,428.0887
2024-11-07 00:00:00+00:00,BTC,13284.49,13327.83,13282.73,13294.07,568.8817
2024-11-07 01:00:00+00:00,BTC,13294.07,13434.15,13281.98,13329.63,543.5383
2024-11-07 02:00:00+00:00,BTC,13329.63,13387.9,13279.24,13297.66,522.9559
2024-11-07 03:00:00+00:00,BTC,13297.66,13393.02,13292.73,13364.83,652.4649
2024-11-07 04:00:00+00:00,BTC,13364.83,13440.98,13155.61,13376.78,481.2859
2024-11-07 05:00:00+00:00,BTC,13376.78,13455.27,13363.06,13440.24,813.947
2024-11-07 06:00:00+00:00,BTC,13440.24,13518.65,13428.11,13455.9,451.2433
2024-11-07 07:00:00+00:00,BTC,13455.9,13523.91,13378.26,13486.33,637.5862
2024-11-07 08:00:00+00:00,BTC,13486.33,13518.5,13406.29,13435.25,645.5806
2024-11-07 09:00:00+00:00,BTC,13435.25,13561.39,13308.96,13384.5,281.7175
2024-11-07 10:00:00+00:00,BTC,13384.5,13558.66,13308.71,13483.19,583.4301
2024-11-07 11:00:00+00:00,BTC,13483.19,13554.17,13408.66,13534.7,399.6381
2024-11-07 12:00:00+00:00,BTC,13534.7,13651.08,13396.61,13451.88,351.2543
2024-11-07 13:00:00+00:00,BTC,13451.88,13491.89,13331.61,13466.49,430.9787
2024-11-07 14:00:00+00:00,BTC,13466.49,13603.75,13242.08,13276.05,529.1114
2024-11-07 15:00:00+00:00,BTC,13276.05,13282.07,13197.9,13230.41,289.1351
2024-11-07 16:00:00+00:00,BTC,13230.41,13477.07,13159.45,13306.92,504.7268
2024-11-07 17:00:00+00:00,BTC,13306.92,13393.91,13193.48,13296.93,463.3377
2024-11-07 18:00:00+00:00,BTC,13296.93,13310.99,13260.73,13306.34,719.0784
2024-11-07 19:00:00+00:00,BTC,13306.34,13454.82,13005.51,13067.68,400.562
2024-11-07 20:00:00+00:00,BTC,13067.68,13189.35,13015.56,13036.96,758.2749
2024-11-07 21:00:00+00:00,BTC,13036.96,13151.21,13033.72,13063.45,572.4857
2024-11-07 22:00:00+00:00,BTC,13063.45,13212.37,13050.92,13099.97,494.1732
2024-11-07 23:00:00+00:00,BTC,13099.97,13212.91,13045.67,13175.83,780.8551
2024-11-08 00:00:00+00:00,BTC,13175.83,13279.75,13095.02,13159.22,979.9432
2024-11-08 01:00:00+00:00,BTC,13159.22,13163.0,13089.22,13146.15,464.4789
2024-11-08 02:00:00+00:00,BTC,13146.15,13208.46,13012.48,13041.49,385.8997
2024-11-08 03:00:00+00:00,BTC,13041.49,13153.59,12979.0,13025.5,581.0011
2024-11-08 04:00:00+00:00,BTC,13025.5,13127.41,12785.75,12927.28,303.8538
2024-11-08 05:00:00+00:00,BTC,12927.28,12976.94,12757.74,12784.74,317.1097
2024-11-08 06:00:00+00:00,BTC,12784.74,12838.07,12660.25,12701.77,789.9847
2024-11-08 07:00:00+00:00,BTC,12701.77,12884.3,12667.8,12817.27,610.7936
2024-11-08 08:00:00+00:00,BTC,12817.27,12850.39,12794.64,12796.48,370.2762
2024-11-08 09:00:00+00:00,BTC,12796.48,12964.46,12741.23,12813.37,1497.9828
2024-11-08 10:00:00+00:00,BTC,12813.37,12968.12,12770.94,12773.95,308.2346
2024-11-08 11:00:00+00:00,BTC,12773.95,12792.65,12529.76,12637.45,621.1118
2024-11-08 12:00:00+00:00,BTC,12637.45,12720.99,12611.36,12708.63,378.3552
2024-11-08 13:00:00+00:00,BTC,12708.63,12750.28,12483.1,12544.07,932.6059
2024-11-08 14:00:00+00:00,BTC,12544.07,12602.42,12498.86,12502.39,415.2095
2024-11-08 15:00:00+00:00,BTC,12502.39,12539.5,12422.02,12498.29,452.5931
2024-11-08 16:00:00+00:00,BTC,12498.29,12516.33,12488.32,12515.59,265.4809
2024-11-08 17:00:00+00:00,BTC,12515.59,12524.28,12427.35,12461.15,1036.4266
2024-11-08 18:00:00+00:00,BTC,12461.15,12525.36,12264.19,12324.49,402.7538
2024-11-08 19:00:00+00:00,BTC,12324.49,12326.08,12261.78,12265.39,591.5073
2024-11-08 20:00:00+00:00,BTC,12265.39,12329.23,12196.47,12210.41,500.8276
2024-11-08 21:00:00+00:00,BTC,12210.41,12265.57,12062.82,12153.91,412.237
2024-11-08 22:00:00+00:00,BTC,12153.91,12279.62,12147.61,12224.85,229.2734
2024-11-08 23:00:00+00:00,BTC,12224.85,12253.1,12122.43,12136.16,461.6015
2024-11-09 00:00:00+00:00,BTC,12136.16,12203.22,12084.02,12158.1,454.6458
2024-11-09 01:00:00+00:00,BTC,12158.1,12239.02,12072.59,12169.65,559.0153
2024-11-09 02:00:00+00:00,BTC,12169.65,12357.97,12142.19,12239.98,1059.4678
2024-11-09 03:00:00+00:00,BTC,12239.98,12255.31,12227.51,12230.21,626.52
2024-11-09 04:00:00+00:00,BTC,12230.21,12346.96,12208.0,12288.4,675.5719
2024-11-09 05:00:00+00:00,BTC,12288.4,12379.24,12256.96,12275.71,449.3482
2024-11-09 06:00:00+00:00,BTC,12275.71,12352.82,12217.23,12307.75,315.7536
2024-11-09 07:00:00+00:00,BTC,12307.75,12324.3,12191.81,12197.26,453.4411
2024-11-09 08:00:00+00:00,BTC,12197.26,12319.12,11946.12,12005.7,386.6569
2024-11-09 09:00:00+00:00,BTC,12005.7,12083.7,11990.99,12032.93,491.3139
2024-11-09 10:00:00+00:00,BTC,12032.93,12105.68,12002.82,12064.1,420.5862
2024-11-09 11:00:00+00:00,BTC,12064.1,12161.11,12051.27,12098.57,277.9427
2024-11-09 12:00:00+00:00,BTC,12098.57,12168.04,11951.99,12060.52,779.0309
2024-11-09 13:00:00+00:00,BTC,12060.52,12197.19,12045.27,12168.8,475.9594
2024-11-09 14:00:00+00:00,BTC,12168.8,12229.14,12119.81,12135.27,445.4546
2024-11-09 15:00:00+00:00,BTC,12135.27,12197.71,12126.59,12165.96,339.6566
2024-11-09 16:00:00+00:00,BTC,12165.96,12237.22,12145.95,12209.44,423.3578
2024-11-09 17:00:00+00:00,BTC,12209.44,12340.98,12193.2,12336.0,369.6108
2024-11-09 18:00:00+00:00,BTC,12336.0,12361.11,12213.5,12312.56,329.2151
2024-11-09 19:00:00+00:00,BTC,12312.56,12480.67,12249.23,12264.4,529.3028
2024-11-09 20:00:00+00:00,BTC,12264.4,12333.94,12140.3,12154.65,424.3338
2024-11-09 21:00:00+00:00,BTC,12154.65,12400.97,12137.57,12268.39,649.7703
2024-11-09 22:00:00+00:00,BTC,12268.39,12358.41,12227.56,12299.45,440.7523
2024-11-09 23:00:00+00:00,BTC,12299.45,12459.84,12290.16,12332.93,520.497
2024-11-10 00:00:00+00:00,BTC,12332.93,12655.72,12332.16,12565.73,515.3304
2024-11-10 01:00:00+00:00,BTC,12565.73,12599.91,12509.75,12590.26,572.0876
2024-11-10 02:00:00+00:00,BTC,12590.26,12661.53,12437.34,12492.26,372.4869
2024-11-10 03:00:00+00:00,BTC,12492.26,12573.3,12402.16,12477.59,684.9179
2024-11-10 04:00:00+00:00,BTC,12477.59,12528.39,12391.51,12404.82,330.8305
2024-11-10 05:00:00+00:00,BTC,12404.82,12487.67,12368.37,12375.39,507.4817
2024-11-10 06:00:00+00:00,BTC,12375.39,12434.82,12241.25,12345.53,327.9575
2024-11-10 07:00:00+00:00,BTC,12345.53,12348.82,12276.56,12302.13,479.3127
2024-11-10 08:00:00+00:00,BTC,12302.13,12363.39,12123.64,12199.71,682.937
2024-11-10 09:00:00+00:00,BTC,12199.71,12445.3,12177.29,12316.84,607.3017
2024-11-10 10:00:00+00:00,BTC,12316.84,12378.75,12296.95,12338.95,724.2255
2024-11-10 11:00:00+00:00,BTC,12338.95,12407.61,12299.31,12322.27,449.6544
2024-11-10 12:00:00+00:00,BTC,12322.27,12486.72,12139.17,12378.41,687.2732
2024-11-10 13:00:00+00:00,BTC,12378.41,12418.46,12218.37,12413.44,392.4185
2024-11-10 14:00:00+00:00,BTC,12413.44,12477.83,12339.88,12433.99,425.8777
2024-11-10 15:00:00+00:00,BTC,12433.99,12494.11,12409.9,12485.2,523.2818
2024-11-10 16:00:00+00:00,BTC,12485.2,12605.11,12411.91,12495.24,673.2442
2024-11-10 17:00:00+00:00,BTC,12495.24,12554.98,12398.2,12545.59,412.8311
2024-11-10 18:00:00+00:00,BTC,12545.59,12667.62,12511.61,12602.41,637.7244
2024-11-10 19:00:00+00:00,BTC,12602.41,12659.99,12546.11,12614.72,542.1397
2024-11-10 20:00:00+00:00,BTC,12614.72,12722.17,12538.66,12598.05,562.5703
2024-11-10 21:00:00+00:00,BTC,12598.05,12790.57,12502.95,12714.26,370.7353
2024-11-10 22:00:00+00:00,BTC,12714.26,12716.28,12635.6,12677.85,437.0119
2024-11-10 23:00:00+00:00,BTC,12677.85,12814.0,12612.63,12707.66,483.8798
2024-11-11 00:00:00+00:00,BTC,12707.66,12795.46,12624.91,12739.25,562.692
2024-11-11 01:00:00+00:00,BTC,12739.25,12826.14,12646.02,12692.75,376.9129
2024-11-11 02:00:00+00:00,BTC,12692.75,12785.99,12576.1,12631.37,318.1161
2024-11-11 03:00:00+00:00,BTC,12631.37,12808.11,12573.99,12604.59,237.0187
2024-11-11 04:00:00+00:00,BTC,12604.59,12716.28,12404.5,12567.42,649.1358
2024-11-11 05:00:00+00:00,BTC,12567.42,12641.36,12317.8,12457.95,695.7841
2024-11-11 06:00:00+00:00,BTC,12457.95,12466.99,12332.22,12409.34,247.4525
2024-11-11 07:00:00+00:00,BTC,12409.34,12496.7,12380.74,12429.18,513.4193
2024-11-11 08:00:00+00:00,BTC,12429.18,12710.79,12408.72,12523.95,438.1719
2024-11-11 09:00:00+00:00,BTC,12523.95,12651.21,12521.55,12565.68,765.5303
2024-11-11 10:00:00+00:00,BTC,12565.68,12689.67,12295.14,12371.21,464.5251
2024-11-11 11:00:00+00:00,BTC,12371.21,12427.6,12202.29,12418.9,605.1867
2024-11-11 12:00:00+00:00,BTC,12418.9,12463.0,12261.97,12377.38,430.8565
2024-11-11 13:00:00+00:00,BTC,12377.38,12416.12,12271.04,12411.07,393.124
2024-11-11 14:00:00+00:00,BTC,12411.07,12514.83,12351.15,12410.02,654.0218
2024-11-11 15:00:00+00:00,BTC,12410.02,12430.96,12347.31,12395.68,729.2631
2024-11-11 16:00:00+00:00,BTC,12395.68,12546.25,12272.28,12388.08,320.6941
2024-11-11 17:00:00+00:00,BTC,12388.08,12429.56,12237.18,12386.41,745.8039
2024-11-11 18:00:00+00:00,BTC,12386.41,12512.57,12271.49,12486.73,355.4662
2024-11-11 19:00:00+00:00,BTC,12486.73,12514.56,12468.67,12485.26,221.0495
2024-11-11 20:00:00+00:00,BTC,12485.26,12578.9,12400.59,12566.84,501.8968
2024-11-11 21:00:00+00:00,BTC,12566.84,12669.99,12394.21,12637.91,597.1198
2024-11-11 22:00:00+00:00,BTC,12637.91,12718.16,12624.91,12688.6,294.1537
2024-11-11 23:00:00+00:00,BTC,12688.6,12720.1,12507.82,12553.3,249.7949
2024-11-12 00:00:00+00:00,BTC,12553.3,12718.32,12529.35,12637.69,420.4943
2024-11-12 01:00:00+00:00,BTC,12637.69,12773.95,12562.7,12603.02,401.2606
2024-11-12 02:00:00+00:00,BTC,12603.02,12664.26,12517.09,12657.26,807.5248
2024-11-12 03:00:00+00:00,BTC,12657.26,12887.17,12568.93,12583.61,502.1206
2024-11-12 04:00:00+00:00,BTC,12583.61,12635.09,12475.24,12494.46,646.5811
2024-11-12 05:00:00+00:00,BTC,12494.46,12772.55,12436.41,12643.5,538.0759
2024-11-12 06:00:00+00:00,BTC,12643.5,12648.73,12551.73,12571.11,865.7974
2024-11-12 07:00:00+00:00,BTC,12571.11,12777.81,12515.57,12657.86,365.9562
2024-11-12 08:00:00+00:00,BTC,12657.86,12703.9,12597.64,12666.85,484.8426
2024-11-12 09:00:00+00:00,BTC,12666.85,12723.1,12607.68,12634.96,288.7131
2024-11-12 10:00:00+00:00,BTC,12634.96,12681.03,12629.72,12631.57,664.2087
2024-11-12 11:00:00+00:00,BTC,12631.57,12803.83,12467.66,12533.34,738.4226
2024-11-12 12:00:00+00:00,BTC,12533.34,12614.24,12338.82,12532.31,678.6319
2024-11-12 13:00:00+00:00,BTC,12532.31,12687.38,12442.73,12451.16,478.65
2024-11-12 14:00:00+00:00,BTC,12451.16,12510.31,12407.36,12421.65,296.8732
2024-11-12 15:00:00+00:00,BTC,12421.65,12592.17,12404.39,12490.8,485.1063
2024-11-12 16:00:00+00:00,BTC,12490.8,12586.47,12412.08,12509.87,394.4165
2024-11-12 17:00:00+00:00,BTC,12509.87,12548.95,12289.63,12399.11,690.5833
2024-11-12 18:00:00+00:00,BTC,12399.11,12492.0,12345.01,12462.62,430.634
2024-11-12 19:00:00+00:00,BTC,12462.62,12500.75,12440.93,12462.09,427.4287
2024-11-12 20:00:00+00:00,BTC,12462.09,12557.17,12368.89,12421.61,1070.0945
2024-11-12 21:00:00+00:00,BTC,12421.61,12485.8,12343.45,12477.39,661.4075
2024-11-12 22:00:00+00:00,BTC,12477.39,12540.0,12348.52,12464.88,728.6441
2024-11-12 23:00:00+00:00,BTC,12464.88,12467.56,12280.44,12378.0,417.9539
2024-11-13 00:00:00+00:00,BTC,12378.0,12606.92,12296.65,12516.0,340.1825
2024-11-13 01:00:00+00:00,BTC,12516.0,12596.62,12478.02,12514.7,726.3173
2024-11-13 02:00:00+00:00,BTC,12514.7,12594.93,12445.04,12508.59,842.8964
2024-11-13 03:00:00+00:00,BTC,12508.59,12516.09,12465.86,12478.22,318.7272
2024-11-13 04:00:00+00:00,BTC,12478.22,12610.65,12354.93,12566.88,417.1669
2024-11-13 05:00:00+00:00,BTC,12566.88,12575.39,12460.05,12527.36,363.0781
2024-11-13 06:00:00+00:00,BTC,12527.36,12664.05,12294.72,12411.77,591.7617
2024-11-13 07:00:00+00:00,BTC,12411.77,12482.86,12210.63,12361.34,731.3038
2024-11-13 08:00:00+00:00,BTC,12361.34,12469.87,12352.2,12460.13,439.5275
2024-11-13 09:00:00+00:00,BTC,12460.13,12558.34,12358.1,12522.5,439.082
2024-11-13 10:00:00+00:00,BTC,12522.5,12539.81,12460.66,12503.35,252.0804
2024-11-13 11:00:00+00:00,BTC,12503.35,12610.7,12307.27,12606.8,358.0324
2024-11-13 12:00:00+00:00,BTC,12606.8,12686.49,12562.85,12663.5,847.396
2024-11-13 13:00:00+00:00,BTC,12663.5,12694.12,12573.94,12643.26,594.0953
2024-11-13 14:00:00+00:00,BTC,12643.26,12657.43,12596.51,12630.68,691.4628
2024-11-13 15:00:00+00:00,BTC,12630.68,12687.56,12602.32,12655.66,440.0118
2024-11-13 16:00:00+00:00,BTC,12655.66,12807.49,12551.04,12592.65,454.4267
2024-11-13 17:00:00+00:00,BTC,12592.65,12668.71,12545.6,12592.99,503.2687
2024-11-13 18:00:00+00:00,BTC,12592.99,12653.24,12557.21,12616.33,560.0868
2024-11-13 19:00:00+00:00,BTC,12616.33,12622.89,12363.74,12489.27,809.3432
2024-11-13 20:00:00+00:00,BTC,12489.27,12566.69,12466.75,12475.09,395.1023
2024-11-13 21:00:00+00:00,BTC,12475.09,12510.54,12440.81,12452.43,476.4093
2024-11-13 22:00:00+00:00,BTC,12452.43,12593.27,12414.64,12529.48,378.7854
2024-11-13 23:00:00+00:00,BTC,12529.48,12624.8,12378.59,12391.58,251.0747
2024-11-14 00:00:00+00:00,BTC,12391.58,12496.69,12316.97,12363.25,689.9761
2024-11-14 01:00:00+00:00,BTC,12363.25,12365.29,12258.03,12327.56,921.6969
2024-11-14 02:00:00+00:00,BTC,12327.56,12443.84,12227.57,12398.78,653.6155
2024-11-14 03:00:00+00:00,BTC,12398.78,12484.13,12355.48,12395.54,541.9693
2024-11-14 04:00:00+00:00,BTC,12395.54,12604.41,12325.71,12529.84,956.5295
2024-11-14 05:00:00+00:00,BTC,12529.84,12620.58,12494.41,12579.73,587.1118
2024-11-14 06:00:00+00:00,BTC,12579.73,12694.83,12410.63,12548.8,662.2015
2024-11-14 07:00:00+00:00,BTC,12548.8,12568.59,12471.78,12566.86,525.2889
2024-11-14 08:00:00+00:00,BTC,12566.86,12594.58,12340.27,12540.19,554.1319
2024-11-14 09:00:00+00:00,BTC,12540.19,12723.99,12517.36,12605.02,477.2664
2024-11-14 10:00:00+00:00,BTC,12605.02,12679.63,12420.05,12504.67,669.152
2024-11-14 11:00:00+00:00,BTC,12504.67,12527.15,12381.86,12443.02,341.265
2024-11-14 12:00:00+00:00,BTC,12443.02,12537.22,12224.06,12477.09,579.027
2024-11-14 13:00:00+00:00,BTC,12477.09,12598.82,12450.87,12569.19,370.9407
2024-11-14 14:00:00+00:00,BTC,12569.19,12584.33,12348.94,12404.22,597.6822
2024-11-14 15:00:00+00:00,BTC,12404.22,12572.68,12342.6,12506.94,1155.8051
2024-11-14 16:00:00+00:00,BTC,12506.94,12575.71,12384.5,12496.43,638.7775
2024-11-14 17:00:00+00:00,BTC,12496.43,12515.53,12268.72,12355.97,754.0671
2024-11-14 18:00:00+00:00,BTC,12355.97,12402.18,12127.2,12135.43,685.7239
2024-11-14 19:00:00+00:00,BTC,12135.43,12186.69,11996.53,12024.58,221.5374
2024-11-14 20:00:00+00:00,BTC,12024.58,12121.75,11843.65,12023.16,477.4766
2024-11-14 21:00:00+00:00,BTC,12023.16,12154.8,11943.44,12018.4,584.8549
2024-11-14 22:00:00+00:00,BTC,12018.4,12127.34,11902.01,12064.15,240.687
2024-11-14 23:00:00+00:00,BTC,12064.15,12197.99,12003.65,12024.44,452.7114
2024-11-15 00:00:00+00:00,BTC,12024.44,12073.37,11926.3,11944.77,486.3229
2024-11-15 01:00:00+00:00,BTC,11944.77,11952.04,11907.5,11915.2,324.9111
2024-11-15 02:00:00+00:00,BTC,11915.2,11960.87,11899.31,11917.6,356.1019
2024-11-15 03:00:00+00:00,BTC,11917.6,11946.18,11879.84,11934.11,798.4578
2024-11-15 04:00:00+00:00,BTC,11934.11,11991.31,11839.97,11877.74,142.7818
2024-11-15 05:00:00+00:00,BTC,11877.74,12011.04,11815.36,11942.16,549.8371
2024-11-15 06:00:00+00:00,BTC,11942.16,12032.22,11877.92,11897.71,751.3398
2024-11-15 07:00:00+00:00,BTC,11897.71,11915.47,11809.79,11835.79,495.274
2024-11-15 08:00:00+00:00,BTC,11835.79,11901.48,11693.17,11797.33,818.6259
2024-11-15 09:00:00+00:00,BTC,11797.33,11909.49,11747.92,11873.66,430.5339
2024-11-15 10:00:00+00:00,BTC,11873.66,11976.19,11764.34,11864.2,364.2479
2024-11-15 11:00:00+00:00,BTC,11864.2,11943.99,11691.08,11814.87,498.3516
2024-11-15 12:00:00+00:00,BTC,11814.87,11914.75,11785.59,11880.7,437.4946
2024-11-15 13:00:00+00:00,BTC,11880.7,12048.98,11796.04,12034.43,409.3088
2024-11-15 14:00:00+00:00,BTC,12034.43,12161.0,11987.31,12049.58,469.3953
2024-11-15 15:00:00+00:00,BTC,12049.58,12147.0,11992.98,12139.12,378.9525
2024-11-15 16:00:00+00:00,BTC,12139.12,12391.04,12071.29,12214.81,372.914
2024-11-15 17:00:00+00:00,BTC,12214.81,12300.34,12164.0,12170.51,337.6172
2024-11-15 18:00:00+00:00,BTC,12170.51,12264.94,12146.28,12172.45,578.4746
2024-11-15 19:00:00+00:00,BTC,12172.45,12186.95,11976.22,12079.14,352.4698
2024-11-15 20:00:00+00:00,BTC,12079.14,12141.83,12046.44,12064.3,323.7239
2024-11-15 21:00:00+00:00,BTC,12064.3,12150.03,11930.98,12019.06,343.3702
2024-11-15 22:00:00+00:00,BTC,12019.06,12116.48,11974.39,11990.04,537.3128
2024-11-15 23:00:00+00:00,BTC,11990.04,12054.42,11921.15,11936.21,632.0007
2024-11-16 00:00:00+00:00,BTC,11936.21,12037.69,11832.62,11915.67,650.3232
2024-11-16 01:00:00+00:00,BTC,11915.67,12014.24,11849.27,11953.78,538.9451
2024-11-16 02:00:00+00:00,BTC,11953.78,11986.22,11926.73,11945.21,603.078
2024-11-16 03:00:00+00:00,BTC,11945.21,11999.43,11810.81,11812.34,490.5033
2024-11-16 04:00:00+00:00,BTC,11812.34,11924.56,11628.94,11759.57,586.4378
2024-11-16 05:00:00+00:00,BTC,11759.57,11780.39,11594.86,11652.85,583.2898
2024-11-16 06:00:00+00:00,BTC,11652.85,11785.44,11580.14,11669.93,387.3135
2024-11-16 07:00:00+00:00,BTC,11669.93,11762.6,11668.11,11705.23,343.1375
2024-11-16 08:00:00+00:00,BTC,11705.23,11753.32,11685.55,11723.26,802.6048
2024-11-16 09:00:00+00:00,BTC,11723.26,11778.53,11667.99,11668.0,522.4253
2024-11-16 10:00:00+00:00,BTC,11668.0,11704.19,11614.13,11685.3,722.5123
2024-11-16 11:00:00+00:00,BTC,11685.3,11769.6,11649.37,11652.38,340.2266
2024-11-16 12:00:00+00:00,BTC,11652.38,11757.61,11524.17,11573.08,433.8349
2024-11-16 13:00:00+00:00,BTC,11573.08,11682.63,11551.3,11624.71,308.8292
2024-11-16 14:00:00+00:00,BTC,11624.71,11742.15,11623.95,11681.91,626.9225
2024-11-16 15:00:00+00:00,BTC,11681.91,11749.86,11599.47,11748.61,403.2423
2024-11-16 16:00:00+00:00,BTC,11748.61,11828.73,11683.08,11705.8,411.83
2024-11-16 17:00:00+00:00,BTC,11705.8,11845.99,11650.14,11788.93,991.4211
2024-11-16 18:00:00+00:00,BTC,11788.93,11792.9,11680.21,11754.06,631.3159
2024-11-16 19:00:00+00:00,BTC,11754.06,11846.4,11540.72,11800.24,628.6272
2024-11-16 20:00:00+00:00,BTC,11800.24,11819.5,11586.99,11764.13,328.2808
2024-11-16 21:00:00+00:00,BTC,11764.13,11880.62,11738.96,11748.33,260.986
2024-11-16 22:00:00+00:00,BTC,11748.33,12017.73,11498.84,11578.89,702.2788
2024-11-16 23:00:00+00:00,BTC,11578.89,11598.09,11465.78,11557.94,228.2576
2024-11-17 00:00:00+00:00,BTC,11557.94,11651.39,11553.03,11564.25,419.4969
2024-11-17 01:00:00+00:00,BTC,11564.25,11583.71,11518.37,11535.84,376.3554
2024-11-17 02:00:00+00:00,BTC,11535.84,11692.29,11515.13,11658.03,361.6977
2024-11-17 03:00:00+00:00,BTC,11658.03,11741.76,11471.97,11577.0,428.4941
2024-11-17 04:00:00+00:00,BTC,11577.0,11625.22,11472.13,11537.92,345.539
2024-11-17 05:00:00+00:00,BTC,11537.92,11549.66,11390.19,11475.45,326.6877
2024-11-17 06:00:00+00:00,BTC,11475.45,11560.47,11423.61,11436.7,546.6929
2024-11-17 07:00:00+00:00,BTC,11436.7,11546.19,11256.92,11507.69,726.1958
2024-11-17 08:00:00+00:00,BTC,11507.69,11744.24,11501.52,11610.2,272.3032
2024-11-17 09:00:00+00:00,BTC,11610.2,11673.8,11454.81,11561.49,535.4201
2024-11-17 10:00:00+00:00,BTC,11561.49,11613.82,11478.5,11511.44,604.3195
2024-11-17 11:00:00+00:00,BTC,11511.44,11564.57,11323.99,11431.79,584.5765
2024-11-17 12:00:00+00:00,BTC,11431.79,11583.33,11242.96,11521.75,462.7466
2024-11-17 13:00:00+00:00,BTC,11521.75,11624.94,11487.83,11599.5,405.7079
2024-11-17 14:00:00+00:00,BTC,11599.5,11646.52,11561.67,11592.13,652.0447
2024-11-17 15:00:00+00:00,BTC,11592.13,11635.89,11473.59,11495.43,562.2586
2024-11-17 16:00:00+00:00,BTC,11495.43,11542.57,11342.04,11405.66,257.6502
2024-11-17 17:00:00+00:00,BTC,11405.66,11454.68,11369.25,11417.34,462.7728
2024-11-17 18:00:00+00:00,BTC,11417.34,11485.91,11410.18,11455.04,509.8053
2024-11-17 19:00:00+00:00,BTC,11455.04,11474.51,11301.42,11313.91,340.9734
2024-11-17 20:00:00+00:00,BTC,11313.91,11316.4,11156.21,11292.12,459.1619
2024-11-17 21:00:00+00:00,BTC,11292.12,11409.96,11208.54,11402.29,593.8617
2024-11-17 22:00:00+00:00,BTC,11402.29,11459.88,11361.31,11387.42,374.2939
2024-11-17 23:00:00+00:00,BTC,11387.42,11523.99,11327.55,11489.66,542.4815
2024-11-18 00:00:00+00:00,BTC,11489.66,11551.21,11446.36,11534.49,353.6373
2024-11-18 01:00:00+00:00,BTC,11534.49,11569.13,11449.9,11459.69,324.3327
2024-11-18 02:00:00+00:00,BTC,11459.69,11460.46,11393.56,11439.59,620.214
2024-11-18 03:00:00+00:00,BTC,11439.59,11465.67,11393.69,11430.76,754.0868
2024-11-18 04:00:00+00:00,BTC,11430.76,11467.58,11341.77,11365.62,330.4
2024-11-18 05:00:00+00:00,BTC,11365.62,11436.16,11254.43,11299.67,697.9637
2024-11-18 06:00:00+00:00,BTC,11299.67,11419.87,11272.08,11402.29,497.7262
2024-11-18 07:00:00+00:00,BTC,11402.29,11439.88,11324.42,11335.62,230.4194
2024-11-18 08:00:00+00:00,BTC,11335.62,11476.61,11284.49,11409.21,302.5894
2024-11-18 09:00:00+00:00,BTC,11409.21,11414.99,11326.14,11379.37,618.626
2024-11-18 10:00:00+00:00,BTC,11379.37,11501.63,11343.87,11377.62,283.2205
2024-11-18 11:00:00+00:00,BTC,11377.62,11459.88,11375.67,11416.03,402.6681
2024-11-18 12:00:00+00:00,BTC,11416.03,11490.68,11256.59,11375.11,485.9633
2024-11-18 13:00:00+00:00,BTC,11375.11,11479.86,11319.54,11413.94,584.8848
2024-11-18 14:00:00+00:00,BTC,11413.94,11456.29,11230.5,11274.65,533.3867
2024-11-18 15:00:00+00:00,BTC,11274.65,11308.57,11150.48,11304.43,865.7563
2024-11-18 16:00:00+00:00,BTC,11304.43,11318.34,11134.51,11138.23,375.8074
2024-11-18 17:00:00+00:00,BTC,11138.23,11144.9,11072.03,11123.08,517.5568
2024-11-18 18:00:00+00:00,BTC,11123.08,11236.58,11061.92,11180.24,585.8275
2024-11-18 19:00:00+00:00,BTC,11180.24,11248.04,11157.73,11222.06,641.5966
2024-11-18 20:00:00+00:00,BTC,11222.06,11272.52,11060.73,11134.98,722.381
2024-11-18 21:00:00+00:00,BTC,11134.98,11150.82,10985.02,11057.1,429.5268
2024-11-18 22:00:00+00:00,BTC,11057.1,11101.98,11007.61,11011.51,628.0545
2024-11-18 23:00:00+00:00,BTC,11011.51,11068.85,10979.66,11023.82,361.6076
2024-11-19 00:00:00+00:00,BTC,11023.82,11154.97,10804.81,10890.24,486.5863
2024-11-19 01:00:00+00:00,BTC,10890.24,10934.22,10818.69,10889.37,595.8833
2024-11-19 02:00:00+00:00,BTC,10889.37,11022.94,10824.55,10909.74,703.4486
2024-11-19 03:00:00+00:00,BTC,10909.74,10919.58,10717.63,10891.23,610.444
2024-11-19 04:00:00+00:00,BTC,10891.23,10973.61,10868.6,10925.61,516.0998
2024-11-19 05:00:00+00:00,BTC,10925.61,11020.32,10866.59,10940.29,486.282
2024-11-19 06:00:00+00:00,BTC,10940.29,11023.88,10851.4,10904.79,605.8822
2024-11-19 07:00:00+00:00,BTC,10904.79,11010.56,10696.32,10778.84,1075.8146
2024-11-19 08:00:00+00:00,BTC,10778.84,10859.08,10760.93,10787.47,674.3267
2024-11-19 09:00:00+00:00,BTC,10787.47,10858.75,10621.25,10725.96,571.4349
2024-11-19 10:00:00+00:00,BTC,10725.96,10885.0,10638.76,10688.81,309.658
2024-11-19 11:00:00+00:00,BTC,10688.81,10722.56,10662.23,10719.58,372.0546
2024-11-19 12:00:00+00:00,BTC,10719.58,10860.46,10679.41,10811.13,446.3848
2024-11-19 13:00:00+00:00,BTC,10811.13,10922.2,10782.52,10808.66,687.5369
2024-11-19 14:00:00+00:00,BTC,10808.66,10869.84,10787.11,10844.65,360.2295
2024-11-19 15:00:00+00:00,BTC,10844.65,10866.94,10689.34,10751.07,626.0725
2024-11-19 16:00:00+00:00,BTC,10751.07,10797.81,10718.83,10766.92,521.3923
2024-11-19 17:00:00+00:00,BTC,10766.92,10834.59,10746.92,10763.05,566.1358
2024-11-19 18:00:00+00:00,BTC,10763.05,10871.23,10637.09,10842.72,463.6009
2024-11-19 19:00:00+00:00,BTC,10842.72,10874.23,10797.83,10807.62,405.7706
2024-11-19 20:00:00+00:00,BTC,10807.62,10859.56,10778.44,10791.96,355.5946
2024-11-19 21:00:00+00:00,BTC,10791.96,10879.34,10701.08,10860.74,619.3472
2024-11-19 22:00:00+00:00,BTC,10860.74,10881.65,10815.83,10854.74,486.7523
2024-11-19 23:00:00+00:00,BTC,10854.74,10911.93,10700.35,10782.77,342.9463
2024-11-20 00:00:00+00:00,BTC,10782.77,10960.17,10733.85,10949.12,540.6413
2024-11-20 01:00:00+00:00,BTC,10949.12,11022.08,10871.41,10878.49,1656.9977
2024-11-20 02:00:00+00:00,BTC,10878.49,10947.23,10839.8,10874.27,465.9566
2024-11-20 03:00:00+00:00,BTC,10874.27,10984.12,10873.78,10896.91,892.0699
2024-11-20 04:00:00+00:00,BTC,10896.91,10943.37,10877.0,10914.42,202.3015
2024-11-20 05:00:00+00:00,BTC,10914.42,10927.66,10781.45,10902.0,454.839
2024-11-20 06:00:00+00:00,BTC,10902.0,11008.57,10815.45,10889.92,698.3943
2024-11-20 07:00:00+00:00,BTC,10889.92,10962.53,10840.71,10874.58,502.7296
2024-11-20 08:00:00+00:00,BTC,10874.58,10910.16,10604.85,10802.02,399.2896
2024-11-20 09:00:00+00:00,BTC,10802.02,10984.69,10779.88,10942.28,495.3966
2024-11-20 10:00:00+00:00,BTC,10942.28,10974.56,10899.31,10927.84,705.8455
2024-11-20 11:00:00+00:00,BTC,10927.84,11005.97,10918.71,10967.05,1058.7172
2024-11-20 12:00:00+00:00,BTC,10967.05,11066.71,10898.02,10945.06,725.9893
2024-11-20 13:00:00+00:00,BTC,10945.06,10972.34,10832.98,10921.78,419.0349
2024-11-20 14:00:00+00:00,BTC,10921.78,10940.43,10889.21,10891.98,460.8637
2024-11-20 15:00:00+00:00,BTC,10891.98,10969.27,10713.89,10791.16,462.0649
2024-11-20 16:00:00+00:00,BTC,10791.16,10891.1,10767.52,10780.77,369.1014
2024-11-20 17:00:00+00:00,BTC,10780.77,10782.13,10695.84,10754.47,473.5869
2024-11-20 18:00:00+00:00,BTC,10754.47,10858.86,10612.84,10830.33,454.3084
2024-11-20 19:00:00+00:00,BTC,10830.33,10842.82,10751.64,10752.85,328.4595
2024-11-20 20:00:00+00:00,BTC,10752.85,10815.5,10692.9,10715.68,670.4528
2024-11-20 21:00:00+00:00,BTC,10715.68,10719.24,10645.13,10658.07,579.3645
2024-11-20 22:00:00+00:00,BTC,10658.07,10875.83,10629.29,10750.72,399.5253
2024-11-20 23:00:00+00:00,BTC,10750.72,10813.56,10669.68,10694.78,526.5456
2024-11-21 00:00:00+00:00,BTC,10694.78,10810.47,10602.13,10730.92,356.7427
2024-11-21 01:00:00+00:00,BTC,10730.92,11055.59,10684.19,10793.57,412.1224
2024-11-21 02:00:00+00:00,BTC,10793.57,10841.9,10760.46,10784.11,636.0612
2024-11-21 03:00:00+00:00,BTC,10784.11,10946.53,10621.24,10695.39,589.6176
2024-11-21 04:00:00+00:00,BTC,10695.39,10803.8,10490.52,10608.21,417.7956
2024-11-21 05:00:00+00:00,BTC,10608.21,10732.41,10549.14,10663.07,557.5881
2024-11-21 06:00:00+00:00,BTC,10663.07,10732.25,10490.78,10582.73,487.1521
2024-11-21 07:00:00+00:00,BTC,10582.73,10630.86,10538.81,10607.65,352.6818
2024-11-21 08:00:00+00:00,BTC,10607.65,10671.81,10588.07,10614.93,471.5732
2024-11-21 09:00:00+00:00,BTC,10614.93,10753.36,10498.44,10638.97,581.6213
2024-11-21 10:00:00+00:00,BTC,10638.97,10705.48,10607.56,10669.12,556.554
2024-11-21 11:00:00+00:00,BTC,10669.12,10829.2,10563.99,10609.52,276.4947
2024-11-21 12:00:00+00:00,BTC,10609.52,10652.8,10541.18,10547.6,529.9286
2024-11-21 13:00:00+00:00,BTC,10547.6,10627.79,10462.67,10592.94,504.4694
2024-11-21 14:00:00+00:00,BTC,10592.94,10775.37,10517.67,10553.02,257.2917
2024-11-21 15:00:00+00:00,BTC,10553.02,10557.48,10190.7,10380.31,376.83
2024-11-21 16:00:00+00:00,BTC,10380.31,10466.29,10355.78,10420.8,593.881
2024-11-21 17:00:00+00:00,BTC,10420.8,10624.72,10332.62,10356.21,811.8284
2024-11-21 18:00:00+00:00,BTC,10356.21,10410.62,10347.97,10385.27,281.583
2024-11-21 19:00:00+00:00,BTC,10385.27,10573.5,10309.22,10472.43,704.4126
2024-11-21 20:00:00+00:00,BTC,10472.43,10478.94,10441.74,10473.48,258.9092
2024-11-21 21:00:00+00:00,BTC,10473.48,10583.41,10441.0,10536.24,815.4494
2024-11-21 22:00:00+00:00,BTC,10536.24,10550.47,10444.56,10545.97,459.9302
2024-11-21 23:00:00+00:00,BTC,10545.97,10690.84,10518.26,10646.89,389.3408
2024-11-22 00:00:00+00:00,BTC,10646.89,10743.89,10530.55,10579.26,566.0577
2024-11-22 01:00:00+00:00,BTC,10579.26,10692.01,10446.59,10578.74,356.9994
2024-11-22 02:00:00+00:00,BTC,10578.74,10651.65,10528.71,10621.55,598.9514
2024-11-22 03:00:00+00:00,BTC,10621.55,10642.72,10509.87,10609.43,478.7694
2024-11-22 04:00:00+00:00,BTC,10609.43,10697.38,10586.4,10683.03,131.7757
2024-11-22 05:00:00+00:00,BTC,10683.03,10735.19,10610.49,10655.37,376.4776
2024-11-22 06:00:00+00:00,BTC,10655.37,10910.06,10643.16,10788.49,534.5856
2024-11-22 07:00:00+00:00,BTC,10788.49,10984.26,10726.2,10926.74,726.2342
2024-11-22 08:00:00+00:00,BTC,10926.74,10967.39,10882.13,10945.25,561.5114
2024-11-22 09:00:00+00:00,BTC,10945.25,11024.14,10918.4,10981.6,722.1882
2024-11-22 10:00:00+00:00,BTC,10981.6,11118.71,10870.37,11060.4,365.6662
2024-11-22 11:00:00+00:00,BTC,11060.4,11109.01,10966.8,10981.9,645.0217
2024-11-22 12:00:00+00:00,BTC,10981.9,11007.93,10836.75,10895.79,648.8185
2024-11-22 13:00:00+00:00,BTC,10895.79,11081.71,10878.24,10978.24,282.525
2024-11-22 14:00:00+00:00,BTC,10978.24,11029.45,10900.17,10996.3,734.6826
2024-11-22 15:00:00+00:00,BTC,10996.3,11077.21,10979.45,10981.36,560.7014
2024-11-22 16:00:00+00:00,BTC,10981.36,11055.9,10973.75,10982.1,453.0904
2024-11-22 17:00:00+00:00,BTC,10982.1,11051.94,10751.93,10825.99,450.369
2024-11-22 18:00:00+00:00,BTC,10825.99,10858.73,10728.43,10813.62,347.6868
2024-11-22 19:00:00+00:00,BTC,10813.62,10985.15,10741.26,10764.87,623.5265
2024-11-22 20:00:00+00:00,BTC,10764.87,10878.45,10685.59,10824.34,555.7535
2024-11-22 21:00:00+00:00,BTC,10824.34,10970.6,10813.58,10889.15,613.1638
2024-11-22 22:00:00+00:00,BTC,10889.15,10966.73,10810.84,10926.9,514.0158
2024-11-22 23:00:00+00:00,BTC,10926.9,11001.74,10920.41,10952.85,537.3413
2024-11-23 00:00:00+00:00,BTC,10952.85,11020.22,10789.47,10854.89,450.8086
2024-11-23 01:00:00+00:00,BTC,10854.89,10940.71,10791.41,10893.43,728.8632
2024-11-23 02:00:00+00:00,BTC,10893.43,10938.93,10838.74,10934.64,618.2154
2024-11-23 03:00:00+00:00,BTC,10934.64,11038.12,10893.09,11016.64,531.1824
2024-11-23 04:00:00+00:00,BTC,11016.64,11163.92,10981.07,11157.55,476.9963
2024-11-23 05:00:00+00:00,BTC,11157.55,11237.41,10991.53,11044.82,269.2997
2024-11-23 06:00:00+00:00,BTC,11044.82,11060.35,10953.7,11019.1,249.6315
2024-11-23 07:00:00+00:00,BTC,11019.1,11038.46,10959.64,10970.14,439.5285
2024-11-23 08:00:00+00:00,BTC,10970.14,11051.24,10942.53,10981.5,779.4979
2024-11-23 09:00:00+00:00,BTC,10981.5,11089.92,10969.68,10982.38,390.6867
2024-11-23 10:00:00+00:00,BTC,10982.38,11061.61,10949.71,10966.97,396.1011
2024-11-23 11:00:00+00:00,BTC,10966.97,11308.93,10943.36,11034.79,355.7705
2024-11-23 12:00:00+00:00,BTC,11034.79,11056.89,10822.37,10962.11,318.293
2024-11-23 13:00:00+00:00,BTC,10962.11,10984.86,10864.03,10893.85,363.1118
2024-11-23 14:00:00+00:00,BTC,10893.85,11035.82,10800.39,10827.1,551.2172
2024-11-23 15:00:00+00:00,BTC,10827.1,10839.35,10795.83,10803.72,420.9289
2024-11-23 16:00:00+00:00,BTC,10803.72,10813.58,10626.42,10724.38,414.2972
2024-11-23 17:00:00+00:00,BTC,10724.38,10786.74,10654.44,10721.25,401.5828
2024-11-23 18:00:00+00:00,BTC,10721.25,10738.02,10707.46,10710.61,543.243
2024-11-23 19:00:00+00:00,BTC,10710.61,10752.18,10583.3,10660.18,573.1871
2024-11-23 20:00:00+00:00,BTC,10660.18,10802.83,10498.3,10716.22,259.9414
2024-11-23 21:00:00+00:00,BTC,10716.22,10721.53,10688.04,10712.39,383.1854
2024-11-23 22:00:00+00:00,BTC,10712.39,10803.14,10684.16,10780.91,484.599
2024-11-23 23:00:00+00:00,BTC,10780.91,10851.88,10662.86,10768.3,583.023
2024-11-24 00:00:00+00:00,BTC,10768.3,10825.72,10758.73,10766.74,522.8533
2024-11-24 01:00:00+00:00,BTC,10766.74,10798.99,10678.64,10730.45,666.8783
2024-11-24 02:00:00+00:00,BTC,10730.45,10749.54,10686.59,10729.99,305.0454
2024-11-24 03:00:00+00:00,BTC,10729.99,10925.94,10727.12,10775.94,578.2013
2024-11-24 04:00:00+00:00,BTC,10775.94,10855.8,10673.19,10749.38,1025.1165
2024-11-24 05:00:00+00:00,BTC,10749.38,10932.61,10673.09,10782.87,508.4213
2024-11-24 06:00:00+00:00,BTC,10782.87,10802.02,10704.58,10730.41,515.7252
2024-11-24 07:00:00+00:00,BTC,10730.41,10877.35,10634.89,10779.4,599.6518
2024-11-24 08:00:00+00:00,BTC,10779.4,10859.26,10639.41,10741.95,413.1209
2024-11-24 09:00:00+00:00,BTC,10741.95,10800.95,10708.86,10796.99,358.9596
2024-11-24 10:00:00+00:00,BTC,10796.99,10883.55,10791.24,10800.94,510.2576
2024-11-24 11:00:00+00:00,BTC,10800.94,10933.14,10796.0,10899.96,280.2566
2024-11-24 12:00:00+00:00,BTC,10899.96,10966.29,10744.11,10824.74,574.3257
2024-11-24 13:00:00+00:00,BTC,10824.74,10881.12,10649.61,10729.29,609.2278
2024-11-24 14:00:00+00:00,BTC,10729.29,10731.52,10644.13,10689.69,285.2218
2024-11-24 15:00:00+00:00,BTC,10689.69,10739.5,10565.82,10601.25,529.3552
2024-11-24 16:00:00+00:00,BTC,10601.25,10639.45,10436.53,10513.66,463.5165
2024-11-24 17:00:00+00:00,BTC,10513.66,10578.67,10479.24,10552.95,838.7104
2024-11-24 18:00:00+00:00,BTC,10552.95,10586.39,10513.93,10552.68,790.8058
2024-11-24 19:00:00+00:00,BTC,10552.68,10659.62,10495.15,10522.35,671.2722
2024-11-24 20:00:00+00:00,BTC,10522.35,10546.21,10417.14,10497.95,763.831
2024-11-24 21:00:00+00:00,BTC,10497.95,10610.81,10457.93,10460.4,440.0023
2024-11-24 22:00:00+00:00,BTC,10460.4,10577.17,10442.56,10564.5,547.624
2024-11-24 23:00:00+00:00,BTC,10564.5,10573.47,10514.67,10517.98,457.7162
2024-11-25 00:00:00+00:00,BTC,10517.98,10651.22,10391.78,10434.87,352.6947
2024-11-25 01:00:00+00:00,BTC,10434.87,10569.0,10416.42,10484.83,514.6778
2024-11-25 02:00:00+00:00,BTC,10484.83,10485.27,10379.02,10471.27,485.6424
2024-11-25 03:00:00+00:00,BTC,10471.27,10721.9,10430.47,10600.14,465.8183
2024-11-25 04:00:00+00:00,BTC,10600.14,10651.5,10551.28,10566.73,489.7397
2024-11-25 05:00:00+00:00,BTC,10566.73,10624.2,10365.89,10620.5,510.754
2024-11-25 06:00:00+00:00,BTC,10620.5,10735.8,10606.19,10689.69,682.2302
2024-11-25 07:00:00+00:00,BTC,10689.69,10771.47,10545.39,10656.3,407.5003
2024-11-25 08:00:00+00:00,BTC,10656.3,10883.23,10566.57,10608.91,319.4934
2024-11-25 09:00:00+00:00,BTC,10608.91,10700.33,10562.34,10656.2,633.9109
2024-11-25 10:00:00+00:00,BTC,10656.2,10710.72,10633.8,10693.02,674.7964
2024-11-25 11:00:00+00:00,BTC,10693.02,10729.28,10589.92,10602.9,566.7349
2024-11-25 12:00:00+00:00,BTC,10602.9,10777.14,10482.19,10531.36,335.6373
2024-11-25 13:00:00+00:00,BTC,10531.36,10542.65,10287.94,10372.3,477.5108
2024-11-25 14:00:00+00:00,BTC,10372.3,10448.1,10365.16,10409.42,552.4561
2024-11-25 15:00:00+00:00,BTC,10409.42,10648.44,10353.51,10393.08,344.0159
2024-11-25 16:00:00+00:00,BTC,10393.08,10393.28,10329.88,10382.97,382.6227
2024-11-25 17:00:00+00:00,BTC,10382.97,10416.41,10214.87,10278.13,474.9963
2024-11-25 18:00:00+00:00,BTC,10278.13,10352.36,10136.38,10210.63,756.4516
2024-11-25 19:00:00+00:00,BTC,10210.63,10334.61,10169.37,10181.39,540.9977
2024-11-25 20:00:00+00:00,BTC,10181.39,10213.78,10100.37,10140.41,409.2075
2024-11-25 21:00:00+00:00,BTC,10140.41,10166.85,10084.18,10147.58,465.9252
2024-11-25 22:00:00+00:00,BTC,10147.58,10193.93,10121.49,10183.17,395.999
2024-11-25 23:00:00+00:00,BTC,10183.17,10329.7,10116.01,10322.78,432.856
2024-11-26 00:00:00+00:00,BTC,10322.78,10348.69,10292.23,10321.54,643.8092
2024-11-26 01:00:00+00:00,BTC,10321.54,10407.52,10277.26,10390.85,255.3433
2024-11-26 02:00:00+00:00,BTC,10390.85,10537.38,10264.83,10339.24,792.2197
2024-11-26 03:00:00+00:00,BTC,10339.24,10507.67,10090.13,10235.85,1075.8023
2024-11-26 04:00:00+00:00,BTC,10235.85,10246.96,10160.51,10214.24,529.2735
2024-11-26 05:00:00+00:00,BTC,10214.24,10239.64,10069.43,10116.79,373.804
2024-11-26 06:00:00+00:00,BTC,10116.79,10165.29,10093.35,10117.68,751.251
2024-11-26 07:00:00+00:00,BTC,10117.68,10260.09,10014.3,10070.41,551.085
2024-11-26 08:00:00+00:00,BTC,10070.41,10080.97,9944.04,9953.02,415.9317
2024-11-26 09:00:00+00:00,BTC,9953.02,10111.21,9896.67,10057.23,355.8274
2024-11-26 10:00:00+00:00,BTC,10057.23,10096.22,9952.79,10024.85,433.7919
2024-11-26 11:00:00+00:00,BTC,10024.85,10187.25,9853.7,9926.83,534.8635
2024-11-26 12:00:00+00:00,BTC,9926.83,9993.69,9896.6,9980.47,684.0529
2024-11-26 13:00:00+00:00,BTC,9980.47,10067.27,9931.1,9936.93,552.2918
2024-11-26 14:00:00+00:00,BTC,9936.93,10090.8,9934.74,10002.14,586.1343
2024-11-26 15:00:00+00:00,BTC,10002.14,10036.03,9930.59,9958.23,444.8773
2024-11-26 16:00:00+00:00,BTC,9958.23,9988.3,9860.87,9925.96,674.4065
2024-11-26 17:00:00+00:00,BTC,9925.96,10038.74,9886.68,9946.52,465.1015
2024-11-26 18:00:00+00:00,BTC,9946.52,10023.38,9809.17,9981.98,951.3722
2024-11-26 19:00:00+00:00,BTC,9981.98,10116.77,9965.79,10028.12,397.8745
2024-11-26 20:00:00+00:00,BTC,10028.12,10038.63,10020.23,10022.72,574.1302
2024-11-26 21:00:00+00:00,BTC,10022.72,10101.56,9999.81,10054.56,1075.8804
2024-11-26 22:00:00+00:00,BTC,10054.56,10128.81,10045.35,10099.64,720.0296
2024-11-26 23:00:00+00:00,BTC,10099.64,10132.85,9983.74,10111.8,649.0459
2024-11-27 00:00:00+00:00,BTC,10111.8,10122.01,10062.79,10103.15,554.7398
2024-11-27 01:00:00+00:00,BTC,10103.15,10127.92,9969.82,10015.92,509.332
2024-11-27 02:00:00+00:00,BTC,10015.92,10073.23,9986.85,10051.99,470.4807
2024-11-27 03:00:00+00:00,BTC,10051.99,10080.35,10021.65,10054.53,410.7464
2024-11-27 04:00:00+00:00,BTC,10054.53,10084.02,10014.72,10029.61,292.1021
2024-11-27 05:00:00+00:00,BTC,10029.61,10125.89,10024.92,10106.8,625.6707
2024-11-27 06:00:00+00:00,BTC,10106.8,10122.24,9877.2,10020.58,291.8669
2024-11-27 07:00:00+00:00,BTC,10020.58,10130.94,10017.15,10119.92,628.0333
2024-11-27 08:00:00+00:00,BTC,10119.92,10156.49,10032.55,10118.57,448.7074
2024-11-27 09:00:00+00:00,BTC,10118.57,10152.27,10083.02,10137.86,357.8781
2024-11-27 10:00:00+00:00,BTC,10137.86,10204.31,10079.13,10113.86,817.7838
2024-11-27 11:00:00+00:00,BTC,10113.86,10120.09,10005.26,10013.2,301.0946
2024-11-27 12:00:00+00:00,BTC,10013.2,10058.78,9918.04,10004.82,396.0183
2024-11-27 13:00:00+00:00,BTC,10004.82,10032.83,9903.32,10024.93,409.1901
2024-11-27 14:00:00+00:00,BTC,10024.93,10100.77,10013.69,10065.69,526.8727
2024-11-27 15:00:00+00:00,BTC,10065.69,10236.54,10027.92,10053.74,403.4975
2024-11-27 16:00:00+00:00,BTC,10053.74,10188.78,9852.05,9922.34,833.9792
2024-11-27 17:00:00+00:00,BTC,9922.34,9933.05,9738.21,9830.99,309.4061
2024-11-27 18:00:00+00:00,BTC,9830.99,10031.68,9824.96,9952.77,2089.1329
2024-11-27 19:00:00+00:00,BTC,9952.77,9976.27,9863.79,9887.75,345.1702
2024-11-27 20:00:00+00:00,BTC,9887.75,10101.5,9775.59,9972.77,1406.926
2024-11-27 21:00:00+00:00,BTC,9972.77,10020.73,9906.98,9917.03,733.0198
2024-11-27 22:00:00+00:00,BTC,9917.03,9930.64,9839.43,9906.18,481.067
2024-11-27 23:00:00+00:00,BTC,9906.18,9984.91,9863.11,9943.41,541.2755
2024-11-28 00:00:00+00:00,BTC,9943.41,10073.7,9772.02,9894.6,437.9224
2024-11-28 01:00:00+00:00,BTC,9894.6,10000.22,9873.13,9989.58,564.5777
2024-11-28 02:00:00+00:00,BTC,9989.58,10051.16,9902.64,9994.12,386.3153
2024-11-28 03:00:00+00:00,BTC,9994.12,10049.15,9966.12,10021.79,640.8241
2024-11-28 04:00:00+00:00,BTC,10021.79,10023.87,9986.19,10005.71,532.8858
2024-11-28 05:00:00+00:00,BTC,10005.71,10073.2,9956.93,10045.34,353.6399
2024-11-28 06:00:00+00:00,BTC,10045.34,10193.26,9961.33,10140.95,580.6276
2024-11-28 07:00:00+00:00,BTC,10140.95,10190.12,10002.12,10132.96,568.2182
2024-11-28 08:00:00+00:00,BTC,10132.96,10249.29,10104.1,10238.67,389.0122
2024-11-28 09:00:00+00:00,BTC,10238.67,10278.93,10031.05,10201.17,430.4844
2024-11-28 10:00:00+00:00,BTC,10201.17,10358.84,10168.17,10248.05,598.2317
2024-11-28 11:00:00+00:00,BTC,10248.05,10308.77,10201.56,10278.16,732.4291
2024-11-28 12:00:00+00:00,BTC,10278.16,10362.41,10201.82,10212.48,475.7153
2024-11-28 13:00:00+00:00,BTC,10212.48,10319.74,10141.39,10225.59,692.5202
2024-11-28 14:00:00+00:00,BTC,10225.59,10272.38,10195.77,10226.04,752.2581
2024-11-28 15:00:00+00:00,BTC,10226.04,10294.38,10146.15,10173.82,788.9879
2024-11-28 16:00:00+00:00,BTC,10173.82,10235.59,10136.1,10195.7,578.5659
2024-11-28 17:00:00+00:00,BTC,10195.7,10206.43,10096.99,10204.65,364.6711
2024-11-28 18:00:00+00:00,BTC,10204.65,10224.18,10139.11,10200.21,683.046
2024-11-28 19:00:00+00:00,BTC,10200.21,10219.06,10043.47,10196.01,467.6023
2024-11-28 20:00:00+00:00,BTC,10196.01,10239.82,10103.37,10190.51,596.9808
2024-11-28 21:00:00+00:00,BTC,10190.51,10247.82,10134.9,10168.05,401.1986
2024-11-28 22:00:00+00:00,BTC,10168.05,10217.93,10052.68,10176.59,405.2679
2024-11-28 23:00:00+00:00,BTC,10176.59,10279.28,10060.47,10137.34,391.1615
2024-11-29 00:00:00+00:00,BTC,10137.34,10357.65,10035.79,10300.24,314.4632
2024-11-29 01:00:00+00:00,BTC,10300.24,10317.28,10150.33,10213.51,407.1764
2024-11-29 02:00:00+00:00,BTC,10213.51,10290.06,10164.57,10177.74,348.3027
2024-11-29 03:00:00+00:00,BTC,10177.74,10192.7,10007.91,10146.9,609.5989
2024-11-29 04:00:00+00:00,BTC,10146.9,10327.58,10065.28,10271.89,344.4334
2024-11-29 05:00:00+00:00,BTC,10271.89,10305.51,10161.52,10190.85,395.5619
2024-11-29 06:00:00+00:00,BTC,10190.85,10223.97,10093.01,10216.93,500.557
2024-11-29 07:00:00+00:00,BTC,10216.93,10240.27,10172.3,10232.16,942.897
2024-11-29 08:00:00+00:00,BTC,10232.16,10261.05,10182.95,10252.67,392.4352
2024-11-29 09:00:00+00:00,BTC,10252.67,10398.61,10237.41,10329.0,308.2251
2024-11-29 10:00:00+00:00,BTC,10329.0,10509.87,10260.34,10404.63,315.91
2024-11-29 11:00:00+00:00,BTC,10404.63,10445.86,10375.06,10376.51,369.9561
2024-11-29 12:00:00+00:00,BTC,10376.51,10401.02,10326.78,10388.6,397.3101
2024-11-29 13:00:00+00:00,BTC,10388.6,10450.88,10120.57,10273.06,1120.1522
2024-11-29 14:00:00+00:00,BTC,10273.06,10335.5,10208.15,10279.17,701.3231
2024-11-29 15:00:00+00:00,BTC,10279.17,10291.56,10145.14,10230.31,447.8023
2024-11-29 16:00:00+00:00,BTC,10230.31,10272.71,10147.89,10218.88,956.3335
2024-11-29 17:00:00+00:00,BTC,10218.88,10226.72,10104.72,10116.06,403.5114
2024-11-29 18:00:00+00:00,BTC,10116.06,10206.12,10082.56,10140.67,432.9704
2024-11-29 19:00:00+00:00,BTC,10140.67,10303.37,10027.17,10037.97,423.9753
2024-11-29 20:00:00+00:00,BTC,10037.97,10104.28,10034.98,10046.9,716.2325
2024-11-29 21:00:00+00:00,BTC,10046.9,10126.92,9923.46,9973.24,487.9034
2024-11-29 22:00:00+00:00,BTC,9973.24,10083.73,9897.82,9922.52,847.3994
2024-11-29 23:00:00+00:00,BTC,9922.52,10044.67,9910.42,9991.51,582.0226
2024-11-30 00:00:00+00:00,BTC,9991.51,10029.13,9964.83,10026.82,687.2853
2024-11-30 01:00:00+00:00,BTC,10026.82,10174.23,10017.6,10096.19,264.7969
2024-11-30 02:00:00+00:00,BTC,10096.19,10203.22,10082.94,10191.12,275.8639
2024-11-30 03:00:00+00:00,BTC,10191.12,10229.49,10131.63,10143.97,279.0598
2024-11-30 04:00:00+00:00,BTC,10143.97,10296.77,10138.41,10235.62,430.4235
2024-11-30 05:00:00+00:00,BTC,10235.62,10273.32,10069.55,10146.01,291.7833
2024-11-30 06:00:00+00:00,BTC,10146.01,10290.35,10062.43,10191.53,771.7957
2024-11-30 07:00:00+00:00,BTC,10191.53,10270.17,10127.84,10161.41,466.3291
2024-11-30 08:00:00+00:00,BTC,10161.41,10178.03,10013.03,10104.85,620.1601
2024-11-30 09:00:00+00:00,BTC,10104.85,10316.77,10030.62,10142.17,420.8654
2024-11-30 10:00:00+00:00,BTC,10142.17,10320.57,10108.95,10199.84,667.3326
2024-11-30 11:00:00+00:00,BTC,10199.84,10309.21,10086.35,10256.01,251.3452
2024-11-30 12:00:00+00:00,BTC,10256.01,10278.89,10196.9,10269.24,491.5169
2024-11-30 13:00:00+00:00,BTC,10269.24,10303.8,10253.48,10277.37,595.7732
2024-11-30 14:00:00+00:00,BTC,10277.37,10323.39,10260.83,10309.91,613.6097
2024-11-30 15:00:00+00:00,BTC,10309.91,10354.32,10227.77,10328.72,447.3853
2024-11-30 16:00:00+00:00,BTC,10328.72,10524.17,10235.46,10362.32,274.7217
2024-11-30 17:00:00+00:00,BTC,10362.32,10412.66,10295.03,10375.01,712.3442
2024-11-30 18:00:00+00:00,BTC,10375.01,10470.13,10327.53,10427.61,435.8562
2024-11-30 19:00:00+00:00,BTC,10427.61,10551.26,10247.54,10326.3,449.3147
2024-11-30 20:00:00+00:00,BTC,10326.3,10394.88,10301.6,10318.17,1087.1679
2024-11-30 21:00:00+00:00,BTC,10318.17,10403.11,10173.57,10232.85,517.1942
2024-11-30 22:00:00+00:00,BTC,10232.85,10257.16,10191.35,10249.85,416.9594
2024-11-30 23:00:00+00:00,BTC,10249.85,10439.5,10239.45,10351.33,408.3082
2024-12-01 00:00:00+00:00,BTC,10351.33,10358.32,10287.82,10321.93,626.6686
2024-12-01 01:00:00+00:00,BTC,10321.93,10431.04,10310.82,10329.81,375.1411
2024-12-01 02:00:00+00:00,BTC,10329.81,10389.36,10304.02,10376.8,598.0683
2024-12-01 03:00:00+00:00,BTC,10376.8,10407.54,10190.57,10248.86,735.1526
2024-12-01 04:00:00+00:00,BTC,10248.86,10324.77,10097.4,10216.8,484.7846
2024-12-01 05:00:00+00:00,BTC,10216.8,10246.08,10205.18,10239.17,706.5173
2024-12-01 06:00:00+00:00,BTC,10239.17,10300.3,9946.92,10062.73,488.0965
2024-12-01 07:00:00+00:00,BTC,10062.73,10135.02,9989.46,10003.93,393.0744
2024-12-01 08:00:00+00:00,BTC,10003.93,10121.12,9924.35,10070.23,279.2217
2024-12-01 09:00:00+00:00,BTC,10070.23,10175.42,10007.48,10131.01,550.5384
2024-12-01 10:00:00+00:00,BTC,10131.01,10187.0,10109.53,10153.79,554.5948
2024-12-01 11:00:00+00:00,BTC,10153.79,10229.62,10133.43,10207.68,704.9093
2024-12-01 12:00:00+00:00,BTC,10207.68,10264.78,10169.16,10220.86,681.5319
2024-12-01 13:00:00+00:00,BTC,10220.86,10261.47,10159.79,10254.98,1030.8985
2024-12-01 14:00:00+00:00,BTC,10254.98,10291.51,10206.27,10235.57,407.9919
2024-12-01 15:00:00+00:00,BTC,10235.57,10253.46,10146.68,10242.69,566.3294
2024-12-01 16:00:00+00:00,BTC,10242.69,10274.82,10178.17,10203.9,393.0529
2024-12-01 17:00:00+00:00,BTC,10203.9,10325.57,10185.79,10281.55,692.3771
2024-12-01 18:00:00+00:00,BTC,10281.55,10440.47,10255.24,10375.84,361.4743
2024-12-01 19:00:00+00:00,BTC,10375.84,10481.82,10367.69,10462.11,688.4246
2024-12-01 20:00:00+00:00,BTC,10462.11,10508.83,10344.69,10436.52,386.3794
2024-12-01 21:00:00+00:00,BTC,10436.52,10568.91,10264.56,10376.96,653.8561
2024-12-01 22:00:00+00:00,BTC,10376.96,10508.68,10371.71,10456.78,762.7047
2024-12-01 23:00:00+00:00,BTC,10456.78,10579.3,10392.68,10490.96,290.23
2024-12-02 00:00:00+00:00,BTC,10490.96,10676.31,10477.53,10511.66,312.0272
2024-12-02 01:00:00+00:00,BTC,10511.66,10571.61,10444.15,10471.77,542.8461
2024-12-02 02:00:00+00:00,BTC,10471.77,10588.58,10421.76,10498.55,522.9926
2024-12-02 03:00:00+00:00,BTC,10498.55,10558.31,10425.42,10430.41,451.3985
2024-12-02 04:00:00+00:00,BTC,10430.41,10512.49,10337.41,10470.17,423.2304
2024-12-02 05:00:00+00:00,BTC,10470.17,10598.11,10408.4,10557.15,370.6613
2024-12-02 06:00:00+00:00,BTC,10557.15,10773.57,10543.7,10660.97,561.4271
2024-12-02 07:00:00+00:00,BTC,10660.97,10716.76,10631.9,10706.39,356.7589
2024-12-02 08:00:00+00:00,BTC,10706.39,10774.62,10596.59,10617.98,568.3532
2024-12-02 09:00:00+00:00,BTC,10617.98,10760.6,10605.94,10630.56,408.9428
2024-12-02 10:00:00+00:00,BTC,10630.56,10826.56,10588.9,10767.91,431.2414
2024-12-02 11:00:00+00:00,BTC,10767.91,10820.78,10596.87,10711.94,765.195
2024-12-02 12:00:00+00:00,BTC,10711.94,10766.02,10652.56,10708.14,698.3199
2024-12-02 13:00:00+00:00,BTC,10708.14,10873.99,10648.74,10799.34,352.7266
2024-12-02 14:00:00+00:00,BTC,10799.34,10916.5,10777.31,10839.4,368.3693
2024-12-02 15:00:00+00:00,BTC,10839.4,11133.8,10768.76,11001.91,656.452
2024-12-02 16:00:00+00:00,BTC,11001.91,11028.15,10836.53,10953.64,302.7049
2024-12-02 17:00:00+00:00,BTC,10953.64,10962.36,10875.69,10888.78,831.7295
2024-12-02 18:00:00+00:00,BTC,10888.78,11057.56,10874.28,10969.05,524.2201
2024-12-02 19:00:00+00:00,BTC,10969.05,11040.84,10827.99,10890.63,408.3941
2024-12-02 20:00:00+00:00,BTC,10890.63,10898.69,10828.46,10877.78,501.8401
2024-12-02 21:00:00+00:00,BTC,10877.78,10900.53,10869.25,10873.49,805.117
2024-12-02 22:00:00+00:00,BTC,10873.49,10973.04,10835.23,10941.29,237.1551
2024-12-02 23:00:00+00:00,BTC,10941.29,11039.75,10890.05,10981.69,716.0964
2024-12-03 00:00:00+00:00,BTC,10981.69,11080.32,10939.35,11011.85,759.5299
2024-12-03 01:00:00+00:00,BTC,11011.85,11049.39,10857.87,10985.29,446.881
2024-12-03 02:00:00+00:00,BTC,10985.29,11114.92,10978.86,11065.67,487.6286
2024-12-03 03:00:00+00:00,BTC,11065.67,11385.26,11040.37,11336.21,524.4577
2024-12-03 04:00:00+00:00,BTC,11336.21,11411.92,11326.33,11383.33,646.3519
2024-12-03 05:00:00+00:00,BTC,11383.33,11495.04,11333.97,11390.14,387.301
2024-12-03 06:00:00+00:00,BTC,11390.14,11443.51,11298.74,11301.79,497.4668
2024-12-03 07:00:00+00:00,BTC,11301.79,11326.94,11187.35,11258.64,482.8224
2024-12-03 08:00:00+00:00,BTC,11258.64,11300.21,11193.35,11244.22,634.0983
2024-12-03 09:00:00+00:00,BTC,11244.22,11309.88,11119.48,11208.21,1275.3877
2024-12-03 10:00:00+00:00,BTC,11208.21,11232.8,11168.81,11207.13,386.7397
2024-12-03 11:00:00+00:00,BTC,11207.13,11374.47,11082.0,11327.32,513.9884
2024-12-03 12:00:00+00:00,BTC,11327.32,11568.39,11317.26,11412.4,383.1116
2024-12-03 13:00:00+00:00,BTC,11412.4,11527.95,11397.18,11401.53,421.372
2024-12-03 14:00:00+00:00,BTC,11401.53,11421.99,11197.62,11319.18,343.1004
2024-12-03 15:00:00+00:00,BTC,11319.18,11535.21,11289.03,11410.37,292.639
2024-12-03 16:00:00+00:00,BTC,11410.37,11551.51,11323.62,11407.01,756.4276
2024-12-03 17:00:00+00:00,BTC,11407.01,11445.99,11282.51,11289.45,566.363
2024-12-03 18:00:00+00:00,BTC,11289.45,11364.44,11263.51,11337.82,516.5205
2024-12-03 19:00:00+00:00,BTC,11337.82,11414.46,11244.59,11407.81,368.236
2024-12-03 20:00:00+00:00,BTC,11407.81,11444.32,11195.94,11242.96,487.0518
2024-12-03 21:00:00+00:00,BTC,11242.96,11281.25,11098.45,11187.48,333.5801
2024-12-03 22:00:00+00:00,BTC,11187.48,11223.07,11128.51,11180.07,495.2526
2024-12-03 23:00:00+00:00,BTC,11180.07,11259.46,11124.26,11229.45,561.9506
2024-12-04 00:00:00+00:00,BTC,11229.45,11249.62,11092.79,11194.75,413.5312
2024-12-04 01:00:00+00:00,BTC,11194.75,11195.75,11100.76,11139.0,383.6479
2024-12-04 02:00:00+00:00,BTC,11139.0,11252.45,11105.81,11187.7,420.8608
2024-12-04 03:00:00+00:00,BTC,11187.7,11319.82,11145.35,11156.31,665.0051
2024-12-04 04:00:00+00:00,BTC,11156.31,11233.45,11131.99,11192.65,536.5591
2024-12-04 05:00:00+00:00,BTC,11192.65,11208.27,11090.91,11118.25,284.9141
2024-12-04 06:00:00+00:00,BTC,11118.25,11140.79,11026.21,11028.41,644.0778
2024-12-04 07:00:00+00:00,BTC,11028.41,11170.26,10992.56,11078.5,604.7091
2024-12-04 08:00:00+00:00,BTC,11078.5,11134.02,10912.9,11095.29,533.8378
2024-12-04 09:00:00+00:00,BTC,11095.29,11285.98,11047.19,11156.87,889.4235
2024-12-04 10:00:00+00:00,BTC,11156.87,11164.16,11039.55,11121.28,504.1882
2024-12-04 11:00:00+00:00,BTC,11121.28,11143.65,11057.84,11068.35,581.3588
2024-12-04 12:00:00+00:00,BTC,11068.35,11166.58,11045.59,11159.08,589.2813
2024-12-04 13:00:00+00:00,BTC,11159.08,11262.01,10960.92,11057.58,679.7353
2024-12-04 14:00:00+00:00,BTC,11057.58,11278.26,11018.09,11140.92,462.4809
2024-12-04 15:00:00+00:00,BTC,11140.92,11294.29,11132.38,11229.54,398.981
2024-12-04 16:00:00+00:00,BTC,11229.54,11306.47,11153.48,11287.64,702.8778
2024-12-04 17:00:00+00:00,BTC,11287.64,11304.62,11186.04,11241.16,690.2661
2024-12-04 18:00:00+00:00,BTC,11241.16,11364.69,11166.86,11186.22,781.1757
2024-12-04 19:00:00+00:00,BTC,11186.22,11249.14,11100.75,11172.13,578.2794
2024-12-04 20:00:00+00:00,BTC,11172.13,11289.68,10992.16,11085.66,280.7722
2024-12-04 21:00:00+00:00,BTC,11085.66,11123.89,10975.11,11021.87,529.5548
2024-12-04 22:00:00+00:00,BTC,11021.87,11186.67,10948.98,11064.59,505.9308
2024-12-04 23:00:00+00:00,BTC,11064.59,11119.36,10957.63,11107.79,768.8652
2024-12-05 00:00:00+00:00,BTC,11107.79,11130.59,10990.16,11038.05,724.1941
2024-12-05 01:00:00+00:00,BTC,11038.05,11107.2,10958.06,11082.92,619.6106
2024-12-05 02:00:00+00:00,BTC,11082.92,11195.44,11008.81,11113.18,242.0295
2024-12-05 03:00:00+00:00,BTC,11113.18,11224.62,10989.26,11214.31,374.6237
2024-12-05 04:00:00+00:00,BTC,11214.31,11386.92,11199.66,11252.67,440.1471
2024-12-05 05:00:00+00:00,BTC,11252.67,11388.5,11193.08,11324.37,443.6913
2024-12-05 06:00:00+00:00,BTC,11324.37,11381.9,11259.99,11356.83,530.0727
2024-12-05 07:00:00+00:00,BTC,11356.83,11489.45,11325.29,11423.8,839.3937
2024-12-05 08:00:00+00:00,BTC,11423.8,11512.77,11317.02,11335.92,656.7793
2024-12-05 09:00:00+00:00,BTC,11335.92,11375.1,11300.97,11327.64,362.476
2024-12-05 10:00:00+00:00,BTC,11327.64,11334.07,11258.33,11324.99,374.119
2024-12-05 11:00:00+00:00,BTC,11324.99,11374.21,11287.52,11308.44,362.4768
2024-12-05 12:00:00+00:00,BTC,11308.44,11400.47,11301.84,11338.6,479.9652
2024-12-05 13:00:00+00:00,BTC,11338.6,11598.84,11217.94,11381.84,662.8511
2024-12-05 14:00:00+00:00,BTC,11381.84,11424.6,11330.85,11408.66,700.6542
2024-12-05 15:00:00+00:00,BTC,11408.66,11443.41,11373.63,11396.55,438.3127
2024-12-05 16:00:00+00:00,BTC,11396.55,11421.26,11238.16,11346.36,494.7531
2024-12-05 17:00:00+00:00,BTC,11346.36,11518.68,11296.96,11421.3,898.3604
2024-12-05 18:00:00+00:00,BTC,11421.3,11455.29,11350.0,11445.29,297.3496
2024-12-05 19:00:00+00:00,BTC,11445.29,11534.23,11337.2,11375.55,625.0896
2024-12-05 20:00:00+00:00,BTC,11375.55,11429.72,11360.87,11362.34,601.8997
2024-12-05 21:00:00+00:00,BTC,11362.34,11431.12,11227.23,11244.11,450.6912
2024-12-05 22:00:00+00:00,BTC,11244.11,11359.88,11218.88,11246.5,496.7821
2024-12-05 23:00:00+00:00,BTC,11246.5,11305.43,11130.39,11233.12,579.2216
2024-12-06 00:00:00+00:00,BTC,11233.12,11319.89,11158.15,11194.47,451.0211
2024-12-06 01:00:00+00:00,BTC,11194.47,11336.12,11123.43,11301.41,399.9926
2024-12-06 02:00:00+00:00,BTC,11301.41,11346.26,11214.8,11223.28,389.5871
2024-12-06 03:00:00+00:00,BTC,11223.28,11355.95,11190.96,11270.95,959.4563
2024-12-06 04:00:00+00:00,BTC,11270.95,11533.96,11172.91,11419.8,428.5919
2024-12-06 05:00:00+00:00,BTC,11419.8,11583.76,11406.17,11493.85,536.5078
2024-12-06 06:00:00+00:00,BTC,11493.85,11517.55,11485.68,11491.68,658.1589
2024-12-06 07:00:00+00:00,BTC,11491.68,11512.66,11357.13,11413.75,464.3248
2024-12-06 08:00:00+00:00,BTC,11413.75,11497.71,11307.04,11320.85,506.3026
2024-12-06 09:00:00+00:00,BTC,11320.85,11347.6,11203.38,11292.93,596.1956
2024-12-06 10:00:00+00:00,BTC,11292.93,11307.21,11159.21,11246.48,371.6052
2024-12-06 11:00:00+00:00,BTC,11246.48,11309.18,11115.72,11198.03,292.028
2024-12-06 12:00:00+00:00,BTC,11198.03,11219.6,11048.53,11176.13,387.1827
2024-12-06 13:00:00+00:00,BTC,11176.13,11441.8,11157.22,11169.27,915.5929
2024-12-06 14:00:00+00:00,BTC,11169.27,11349.32,11093.11,11201.84,408.8313
2024-12-06 15:00:00+00:00,BTC,11201.84,11300.31,11018.67,11118.95,523.3944
2024-12-06 16:00:00+00:00,BTC,11118.95,11166.01,11022.55,11073.53,314.3711
2024-12-06 17:00:00+00:00,BTC,11073.53,11076.14,10960.37,11062.93,799.7975
2024-12-06 18:00:00+00:00,BTC,11062.93,11136.09,10883.91,11049.96,449.9913
2024-12-06 19:00:00+00:00,BTC,11049.96,11237.79,10931.1,11172.39,426.3999
2024-12-06 20:00:00+00:00,BTC,11172.39,11192.66,11108.79,11187.97,477.1862
2024-12-06 21:00:00+00:00,BTC,11187.97,11225.11,11033.55,11080.17,1204.9233
2024-12-06 22:00:00+00:00,BTC,11080.17,11156.18,11052.95,11108.01,583.5574
2024-12-06 23:00:00+00:00,BTC,11108.01,11159.0,11090.42,11144.43,473.3004
2024-12-07 00:00:00+00:00,BTC,11144.43,11206.44,11062.04,11136.07,182.2942
2024-12-07 01:00:00+00:00,BTC,11136.07,11154.4,10948.96,11055.29,802.8408
2024-12-07 02:00:00+00:00,BTC,11055.29,11289.82,10909.47,11172.52,392.0528
2024-12-07 03:00:00+00:00,BTC,11172.52,11279.6,11082.8,11101.03,370.9919
2024-12-07 04:00:00+00:00,BTC,11101.03,11228.94,11059.38,11145.13,382.7842
2024-12-07 05:00:00+00:00,BTC,11145.13,11210.11,11101.47,11158.52,834.9455
2024-12-07 06:00:00+00:00,BTC,11158.52,11256.57,11121.51,11198.81,492.6756
2024-12-07 07:00:00+00:00,BTC,11198.81,11375.66,11127.86,11314.09,293.5026
2024-12-07 08:00:00+00:00,BTC,11314.09,11357.32,11242.49,11352.28,465.5228
2024-12-07 09:00:00+00:00,BTC,11352.28,11378.46,11217.51,11314.29,373.7437
2024-12-07 10:00:00+00:00,BTC,11314.29,11501.92,11299.48,11389.62,567.05
2024-12-07 11:00:00+00:00,BTC,11389.62,11455.18,11296.56,11346.58,436.7504
2024-12-07 12:00:00+00:00,BTC,11346.58,11382.72,11307.13,11357.72,288.6903
2024-12-07 13:00:00+00:00,BTC,11357.72,11543.42,11248.99,11269.94,485.7709
2024-12-07 14:00:00+00:00,BTC,11269.94,11306.52,11102.91,11200.29,490.1589
2024-12-07 15:00:00+00:00,BTC,11200.29,11285.95,11128.43,11203.74,322.4299
2024-12-07 16:00:00+00:00,BTC,11203.74,11247.57,11087.95,11228.51,251.7869
2024-12-07 17:00:00+00:00,BTC,11228.51,11229.18,10913.43,11114.4,551.9862
2024-12-07 18:00:00+00:00,BTC,11114.4,11283.65,11075.29,11147.62,453.2225
2024-12-07 19:00:00+00:00,BTC,11147.62,11160.16,11080.55,11092.94,463.7264
2024-12-07 20:00:00+00:00,BTC,11092.94,11278.31,11005.73,11178.44,649.1406
2024-12-07 21:00:00+00:00,BTC,11178.44,11290.09,11075.73,11154.86,253.6789
2024-12-07 22:00:00+00:00,BTC,11154.86,11194.59,11068.03,11079.91,510.6651
2024-12-07 23:00:00+00:00,BTC,11079.91,11154.9,10956.94,11084.95,630.4983
2024-12-08 00:00:00+00:00,BTC,11084.95,11162.51,10982.79,11024.18,469.0369
2024-12-08 01:00:00+00:00,BTC,11024.18,11261.08,10983.6,11108.43,304.5866
2024-12-08 02:00:00+00:00,BTC,11108.43,11164.35,11072.5,11108.47,396.7544
2024-12-08 03:00:00+00:00,BTC,11108.47,11164.14,11070.1,11098.37,426.9195
2024-12-08 04:00:00+00:00,BTC,11098.37,11196.09,11067.55,11137.84,287.7136
2024-12-08 05:00:00+00:00,BTC,11137.84,11157.18,10995.86,11070.89,569.4034
2024-12-08 06:00:00+00:00,BTC,11070.89,11085.67,10834.94,10985.59,500.5609
2024-12-08 07:00:00+00:00,BTC,10985.59,11089.05,10970.12,11012.53,399.2479
2024-12-08 08:00:00+00:00,BTC,11012.53,11038.59,10922.85,10940.11,705.9479
2024-12-08 09:00:00+00:00,BTC,10940.11,10975.52,10831.68,10868.15,416.5113
2024-12-08 10:00:00+00:00,BTC,10868.15,10933.57,10833.74,10922.85,839.3055
2024-12-08 11:00:00+00:00,BTC,10922.85,11031.9,10865.81,10957.31,455.0845
2024-12-08 12:00:00+00:00,BTC,10957.31,11062.17,10744.4,10875.19,357.9948
2024-12-08 13:00:00+00:00,BTC,10875.19,10886.81,10796.07,10834.87,361.7974
2024-12-08 14:00:00+00:00,BTC,10834.87,10884.13,10727.31,10776.27,516.1959
2024-12-08 15:00:00+00:00,BTC,10776.27,11033.02,10774.93,10891.74,343.7581
2024-12-08 16:00:00+00:00,BTC,10891.74,10955.22,10838.61,10951.11,525.9196
2024-12-08 17:00:00+00:00,BTC,10951.11,10998.63,10854.02,10923.49,434.6001
2024-12-08 18:00:00+00:00,BTC,10923.49,10964.51,10900.15,10961.32,431.1259
2024-12-08 19:00:00+00:00,BTC,10961.32,11011.58,10810.09,10872.49,492.7675
2024-12-08 20:00:00+00:00,BTC,10872.49,10906.09,10788.11,10828.7,710.6979
2024-12-08 21:00:00+00:00,BTC,10828.7,10836.24,10813.17,10835.51,413.4598
2024-12-08 22:00:00+00:00,BTC,10835.51,10865.53,10785.19,10864.95,533.2836
2024-12-08 23:00:00+00:00,BTC,10864.95,10941.07,10826.86,10858.6,584.1237
2024-12-09 00:00:00+00:00,BTC,10858.6,10914.03,10844.76,10874.77,327.3935
2024-12-09 01:00:00+00:00,BTC,10874.77,10949.47,10841.95,10879.89,600.3872
2024-12-09 02:00:00+00:00,BTC,10879.89,10922.53,10850.11,10869.21,665.1357
2024-12-09 03:00:00+00:00,BTC,10869.21,10962.67,10794.81,10849.92,701.1756
2024-12-09 04:00:00+00:00,BTC,10849.92,10914.25,10702.91,10822.2,339.185
2024-12-09 05:00:00+00:00,BTC,10822.2,10871.91,10821.47,10837.27,347.5837
2024-12-09 06:00:00+00:00,BTC,10837.27,10892.07,10776.16,10864.02,490.5788
2024-12-09 07:00:00+00:00,BTC,10864.02,10903.06,10862.25,10876.96,480.9062
2024-12-09 08:00:00+00:00,BTC,10876.96,10888.65,10767.98,10800.31,503.3914
2024-12-09 09:00:00+00:00,BTC,10800.31,10849.34,10681.16,10735.77,441.3307
2024-12-09 10:00:00+00:00,BTC,10735.77,10863.34,10722.96,10761.5,533.6012
2024-12-09 11:00:00+00:00,BTC,10761.5,10938.96,10756.7,10856.94,204.5233
2024-12-09 12:00:00+00:00,BTC,10856.94,10910.6,10796.23,10866.88,629.5066
2024-12-09 13:00:00+00:00,BTC,10866.88,10871.43,10817.76,10840.07,836.9532
2024-12-09 14:00:00+00:00,BTC,10840.07,10860.6,10680.41,10854.67,412.007
2024-12-09 15:00:00+00:00,BTC,10854.67,10858.21,10768.38,10780.88,536.6965
2024-12-09 16:00:00+00:00,BTC,10780.88,10941.98,10742.21,10865.88,900.4029
2024-12-09 17:00:00+00:00,BTC,10865.88,10887.07,10856.02,10878.06,505.8906
2024-12-09 18:00:00+00:00,BTC,10878.06,10915.38,10798.91,10834.45,556.411
2024-12-09 19:00:00+00:00,BTC,10834.45,11000.21,10742.34,10823.61,952.6081
2024-12-09 20:00:00+00:00,BTC,10823.61,10903.98,10706.82,10789.44,1019.7961
2024-12-09 21:00:00+00:00,BTC,10789.44,10932.5,10724.33,10874.69,344.9296
2024-12-09 22:00:00+00:00,BTC,10874.69,10910.71,10796.58,10861.5,432.9341
2024-12-09 23:00:00+00:00,BTC,10861.5,10898.73,10857.33,10871.63,683.5941
2024-12-10 00:00:00+00:00,BTC,10871.63,10967.78,10792.19,10909.12,595.022
2024-12-10 01:00:00+00:00,BTC,10909.12,10959.71,10846.39,10860.74,640.1629
2024-12-10 02:00:00+00:00,BTC,10860.74,10980.76,10752.77,10873.37,199.7488
2024-12-10 03:00:00+00:00,BTC,10873.37,10901.61,10839.07,10891.29,252.3333
2024-12-10 04:00:00+00:00,BTC,10891.29,11008.02,10682.91,10790.2,933.633
2024-12-10 05:00:00+00:00,BTC,10790.2,10814.24,10733.34,10806.58,655.543
2024-12-10 06:00:00+00:00,BTC,10806.58,10858.71,10741.27,10803.61,565.8804
2024-12-10 07:00:00+00:00,BTC,10803.61,10876.18,10741.58,10812.04,323.6966
2024-12-10 08:00:00+00:00,BTC,10812.04,10840.66,10807.34,10814.35,432.4048
2024-12-10 09:00:00+00:00,BTC,10814.35,10864.44,10748.81,10831.18,610.3218
2024-12-10 10:00:00+00:00,BTC,10831.18,11004.4,10797.68,10918.44,308.1324
2024-12-10 11:00:00+00:00,BTC,10918.44,10987.62,10740.73,10841.44,390.6333
2024-12-10 12:00:00+00:00,BTC,10841.44,10843.45,10727.29,10819.21,570.2064
2024-12-10 13:00:00+00:00,BTC,10819.21,10899.36,10726.78,10862.57,614.6285
2024-12-10 14:00:00+00:00,BTC,10862.57,10938.93,10754.16,10893.96,416.3562
2024-12-10 15:00:00+00:00,BTC,10893.96,10953.59,10817.26,10924.03,705.1439
2024-12-10 16:00:00+00:00,BTC,10924.03,11173.99,10919.32,11106.01,697.1706
2024-12-10 17:00:00+00:00,BTC,11106.01,11152.72,11100.66,11147.01,266.9722
2024-12-10 18:00:00+00:00,BTC,11147.01,11467.13,11062.68,11222.9,887.0454
2024-12-10 19:00:00+00:00,BTC,11222.9,11250.04,11158.03,11202.24,752.0882
2024-12-10 20:00:00+00:00,BTC,11202.24,11297.63,11022.5,11135.71,537.4884
2024-12-10 21:00:00+00:00,BTC,11135.71,11160.04,11068.96,11114.73,476.5407
2024-12-10 22:00:00+00:00,BTC,11114.73,11255.52,11097.01,11162.31,659.1019
2024-12-10 23:00:00+00:00,BTC,11162.31,11216.88,11081.71,11189.59,602.694
2024-12-11 00:00:00+00:00,BTC,11189.59,11243.73,11138.27,11216.69,454.6667
2024-12-11 01:00:00+00:00,BTC,11216.69,11271.57,11093.83,11202.28,877.2596
2024-12-11 02:00:00+00:00,BTC,11202.28,11213.72,11176.69,11177.18,239.3585
2024-12-11 03:00:00+00:00,BTC,11177.18,11231.63,11145.96,11165.12,396.1907
2024-12-11 04:00:00+00:00,BTC,11165.12,11251.63,11164.31,11213.76,584.8355
2024-12-11 05:00:00+00:00,BTC,11213.76,11275.32,11205.31,11270.47,490.9644
2024-12-11 06:00:00+00:00,BTC,11270.47,11363.47,11114.01,11202.63,638.7191
2024-12-11 07:00:00+00:00,BTC,11202.63,11254.86,11041.92,11253.99,306.8884
2024-12-11 08:00:00+00:00,BTC,11253.99,11310.61,11172.74,11210.14,457.3977
2024-12-11 09:00:00+00:00,BTC,11210.14,11328.38,11209.44,11241.72,747.8759
2024-12-11 10:00:00+00:00,BTC,11241.72,11289.07,11191.03,11228.78,296.4299
2024-12-11 11:00:00+00:00,BTC,11228.78,11340.14,11206.9,11334.77,459.6403
2024-12-11 12:00:00+00:00,BTC,11334.77,11339.3,11204.19,11306.37,415.2254
2024-12-11 13:00:00+00:00,BTC,11306.37,11367.34,11242.48,11318.5,567.8091
2024-12-11 14:00:00+00:00,BTC,11318.5,11370.36,11308.25,11359.77,573.7485
2024-12-11 15:00:00+00:00,BTC,11359.77,11419.83,11171.97,11300.35,517.2843
2024-12-11 16:00:00+00:00,BTC,11300.35,11415.91,11196.11,11295.41,451.7637
2024-12-11 17:00:00+00:00,BTC,11295.41,11323.84,11250.99,11277.36,511.1953
2024-12-11 18:00:00+00:00,BTC,11277.36,11389.51,11239.78,11242.65,472.0007
2024-12-11 19:00:00+00:00,BTC,11242.65,11313.35,11191.55,11213.03,494.3512
2024-12-11 20:00:00+00:00,BTC,11213.03,11304.97,11207.61,11288.09,832.5944
2024-12-11 21:00:00+00:00,BTC,11288.09,11318.4,11186.71,11247.62,328.2639
2024-12-11 22:00:00+00:00,BTC,11247.62,11299.36,11222.23,11285.91,563.5116
2024-12-11 23:00:00+00:00,BTC,11285.91,11320.63,11280.41,11307.24,359.5555
2024-12-12 00:00:00+00:00,BTC,11307.24,11381.66,11154.42,11212.86,991.1395
2024-12-12 01:00:00+00:00,BTC,11212.86,11284.83,11148.87,11247.84,515.8343
2024-12-12 02:00:00+00:00,BTC,11247.84,11320.34,11048.46,11152.85,320.8111
2024-12-12 03:00:00+00:00,BTC,11152.85,11208.74,11110.94,11194.96,461.0186
2024-12-12 04:00:00+00:00,BTC,11194.96,11211.25,11148.23,11160.94,300.0613
2024-12-12 05:00:00+00:00,BTC,11160.94,11242.45,11112.02,11161.5,400.6055
2024-12-12 06:00:00+00:00,BTC,11161.5,11222.04,11030.11,11075.16,620.2492
2024-12-12 07:00:00+00:00,BTC,11075.16,11094.54,10983.97,11083.3,805.1602
2024-12-12 08:00:00+00:00,BTC,11083.3,11218.3,11082.95,11145.11,729.8567
2024-12-12 09:00:00+00:00,BTC,11145.11,11167.89,11053.91,11091.28,481.9794
2024-12-12 10:00:00+00:00,BTC,11091.28,11117.93,11017.45,11050.95,610.408
2024-12-12 11:00:00+00:00,BTC,11050.95,11132.54,10992.17,11081.13,663.5375
2024-12-12 12:00:00+00:00,BTC,11081.13,11115.95,11021.63,11113.07,1098.8423
2024-12-12 13:00:00+00:00,BTC,11113.07,11116.04,10879.78,10951.94,404.7286
2024-12-12 14:00:00+00:00,BTC,10951.94,11152.57,10880.19,11085.18,848.0122
2024-12-12 15:00:00+00:00,BTC,11085.18,11123.37,11075.27,11120.39,341.1747
2024-12-12 16:00:00+00:00,BTC,11120.39,11339.89,10975.4,11166.99,755.6559
2024-12-12 17:00:00+00:00,BTC,11166.99,11192.15,11075.35,11157.37,402.3727
2024-12-12 18:00:00+00:00,BTC,11157.37,11239.64,10755.54,11033.86,393.587
2024-12-12 19:00:00+00:00,BTC,11033.86,11169.65,11026.94,11078.62,452.5873
2024-12-12 20:00:00+00:00,BTC,11078.62,11124.1,11021.28,11041.11,381.0804
2024-12-12 21:00:00+00:00,BTC,11041.11,11164.74,10843.53,11077.2,580.4057
2024-12-12 22:00:00+00:00,BTC,11077.2,11123.64,11028.27,11062.67,768.0829
2024-12-12 23:00:00+00:00,BTC,11062.67,11120.98,11030.93,11078.48,238.7845
2024-12-13 00:00:00+00:00,BTC,11078.48,11117.7,11016.54,11027.09,470.3595
2024-12-13 01:00:00+00:00,BTC,11027.09,11134.87,10949.55,11084.43,341.8293
2024-12-13 02:00:00+00:00,BTC,11084.43,11145.47,10996.28,11005.67,686.3495
2024-12-13 03:00:00+00:00,BTC,11005.67,11173.14,10986.18,11154.96,822.0071
2024-12-13 04:00:00+00:00,BTC,11154.96,11354.98,11141.34,11305.75,470.3529
2024-12-13 05:00:00+00:00,BTC,11305.75,11429.91,11163.83,11417.05,390.9
2024-12-13 06:00:00+00:00,BTC,11417.05,11549.57,11378.87,11504.76,284.0888
2024-12-13 07:00:00+00:00,BTC,11504.76,11547.51,11442.8,11498.93,988.9904
2024-12-13 08:00:00+00:00,BTC,11498.93,11605.46,11457.53,11579.69,793.3256
2024-12-13 09:00:00+00:00,BTC,11579.69,11699.51,11474.43,11573.01,250.1674
2024-12-13 10:00:00+00:00,BTC,11573.01,11666.13,11422.41,11465.64,628.9326
2024-12-13 11:00:00+00:00,BTC,11465.64,11576.46,11330.81,11569.52,338.7833
2024-12-13 12:00:00+00:00,BTC,11569.52,11661.67,11559.97,11648.14,418.4778
2024-12-13 13:00:00+00:00,BTC,11648.14,11671.17,11588.76,11645.95,322.9965
2024-12-13 14:00:00+00:00,BTC,11645.95,11694.93,11519.57,11560.66,248.2235
2024-12-13 15:00:00+00:00,BTC,11560.66,11685.71,11488.24,11520.07,492.0857
2024-12-13 16:00:00+00:00,BTC,11520.07,11541.77,11346.89,11394.87,970.6854
2024-12-13 17:00:00+00:00,BTC,11394.87,11517.61,11374.41,11459.67,361.5845
2024-12-13 18:00:00+00:00,BTC,11459.67,11465.46,11232.97,11349.96,683.0509
2024-12-13 19:00:00+00:00,BTC,11349.96,11441.4,11275.47,11369.51,721.6287
2024-12-13 20:00:00+00:00,BTC,11369.51,11375.57,11205.85,11312.1,643.6921
2024-12-13 21:00:00+00:00,BTC,11312.1,11433.34,11131.68,11215.68,1005.6287
2024-12-13 22:00:00+00:00,BTC,11215.68,11286.4,11093.88,11231.73,698.4968
2024-12-13 23:00:00+00:00,BTC,11231.73,11232.97,11202.04,11209.26,940.3361
2024-12-14 00:00:00+00:00,BTC,11209.26,11353.09,11175.29,11265.77,334.6666
2024-12-14 01:00:00+00:00,BTC,11265.77,11440.41,11039.5,11180.42,649.0329
2024-12-14 02:00:00+00:00,BTC,11180.42,11221.26,11124.26,11129.73,848.4599
2024-12-14 03:00:00+00:00,BTC,11129.73,11150.72,10845.56,10971.42,381.6131
2024-12-14 04:00:00+00:00,BTC,10971.42,11013.57,10717.87,10828.57,147.592
2024-12-14 05:00:00+00:00,BTC,10828.57,10996.48,10770.3,10946.03,320.8714
2024-12-14 06:00:00+00:00,BTC,10946.03,11140.5,10933.92,11083.73,387.9742
2024-12-14 07:00:00+00:00,BTC,11083.73,11098.45,11024.3,11089.9,608.5151
2024-12-14 08:00:00+00:00,BTC,11089.9,11117.33,10953.92,11035.22,410.0815
2024-12-14 09:00:00+00:00,BTC,11035.22,11062.34,11011.6,11015.48,500.5463
2024-12-14 10:00:00+00:00,BTC,11015.48,11119.93,10986.72,11073.37,404.6779
2024-12-14 11:00:00+00:00,BTC,11073.37,11211.13,10948.63,11039.24,478.0036
2024-12-14 12:00:00+00:00,BTC,11039.24,11156.49,11023.94,11054.99,488.544
2024-12-14 13:00:00+00:00,BTC,11054.99,11133.96,10881.47,11054.15,400.7253
2024-12-14 14:00:00+00:00,BTC,11054.15,11114.25,10953.96,11016.49,666.5046
2024-12-14 15:00:00+00:00,BTC,11016.49,11032.15,10955.51,10981.76,810.5543
2024-12-14 16:00:00+00:00,BTC,10981.76,11119.67,10927.28,11001.1,334.4553
2024-12-14 17:00:00+00:00,BTC,11001.1,11046.4,10865.81,10936.81,539.514
2024-12-14 18:00:00+00:00,BTC,10936.81,10980.6,10885.89,10966.49,303.1636
2024-12-14 19:00:00+00:00,BTC,10966.49,11032.43,10908.38,10935.51,270.7388
2024-12-14 20:00:00+00:00,BTC,10935.51,11014.21,10910.65,10943.87,718.6668
2024-12-14 21:00:00+00:00,BTC,10943.87,11077.37,10903.41,11035.12,1009.4895
2024-12-14 22:00:00+00:00,BTC,11035.12,11039.26,10999.68,11023.99,445.7153
2024-12-14 23:00:00+00:00,BTC,11023.99,11087.24,10977.98,11085.0,949.8102
2024-12-15 00:00:00+00:00,BTC,11085.0,11161.01,10963.01,10966.45,398.5122
2024-12-15 01:00:00+00:00,BTC,10966.45,11081.19,10864.14,10935.54,460.604
2024-12-15 02:00:00+00:00,BTC,10935.54,10975.5,10895.5,10937.36,896.3362
2024-12-15 03:00:00+00:00,BTC,10937.36,11072.24,10834.07,11064.31,363.2807
2024-12-15 04:00:00+00:00,BTC,11064.31,11137.29,10830.58,10934.96,689.1409
2024-12-15 05:00:00+00:00,BTC,10934.96,11026.73,10916.21,10928.65,442.6197
2024-12-15 06:00:00+00:00,BTC,10928.65,11198.99,10863.9,11024.58,388.5264
2024-12-15 07:00:00+00:00,BTC,11024.58,11102.94,10903.51,10972.78,418.4371
2024-12-15 08:00:00+00:00,BTC,10972.78,11007.5,10900.61,10958.78,234.0894
2024-12-15 09:00:00+00:00,BTC,10958.78,10987.55,10952.42,10980.61,777.4268
2024-12-15 10:00:00+00:00,BTC,10980.61,11046.88,10885.21,10992.77,541.2131
2024-12-15 11:00:00+00:00,BTC,10992.77,11155.25,10971.41,11096.53,474.7595
2024-12-15 12:00:00+00:00,BTC,11096.53,11189.74,11044.54,11126.43,392.3201
2024-12-15 13:00:00+00:00,BTC,11126.43,11280.98,11102.94,11215.43,557.649
2024-12-15 14:00:00+00:00,BTC,11215.43,11352.28,11168.78,11191.23,681.1727
2024-12-15 15:00:00+00:00,BTC,11191.23,11203.75,10990.08,11141.61,454.1908
2024-12-15 16:00:00+00:00,BTC,11141.61,11276.02,11098.06,11126.53,700.5491
2024-12-15 17:00:00+00:00,BTC,11126.53,11169.98,10957.1,11049.42,550.5363
2024-12-15 18:00:00+00:00,BTC,11049.42,11111.07,11040.48,11081.52,483.9226
2024-12-15 19:00:00+00:00,BTC,11081.52,11093.43,10955.13,11055.9,688.1006
2024-12-15 20:00:00+00:00,BTC,11055.9,11122.27,10988.17,11011.42,418.5673
2024-12-15 21:00:00+00:00,BTC,11011.42,11065.06,10860.68,11044.42,322.6512
2024-12-15 22:00:00+00:00,BTC,11044.42,11091.01,10920.8,10968.89,490.7952
2024-12-15 23:00:00+00:00,BTC,10968.89,11068.02,10933.44,11019.71,506.2121
2024-12-16 00:00:00+00:00,BTC,11019.71,11089.72,10919.01,10988.13,462.5688
2024-12-16 01:00:00+00:00,BTC,10988.13,11124.94,10960.43,11064.82,758.2941
2024-12-16 02:00:00+00:00,BTC,11064.82,11069.21,10984.81,11038.77,595.7258
2024-12-16 03:00:00+00:00,BTC,11038.77,11126.59,10945.88,11080.71,480.2639
2024-12-16 04:00:00+00:00,BTC,11080.71,11120.91,11075.81,11092.65,499.0368
2024-12-16 05:00:00+00:00,BTC,11092.65,11214.65,10933.04,11142.27,514.3111
2024-12-16 06:00:00+00:00,BTC,11142.27,11171.09,11127.21,11149.62,601.0791
2024-12-16 07:00:00+00:00,BTC,11149.62,11170.04,10943.48,11038.9,509.2786
2024-12-16 08:00:00+00:00,BTC,11038.9,11219.18,10993.27,11105.92,473.6867
2024-12-16 09:00:00+00:00,BTC,11105.92,11250.13,11045.05,11100.08,313.449
2024-12-16 10:00:00+00:00,BTC,11100.08,11170.82,11014.3,11152.78,390.0128
2024-12-16 11:00:00+00:00,BTC,11152.78,11260.55,11111.0,11199.07,550.903
2024-12-16 12:00:00+00:00,BTC,11199.07,11242.25,11099.88,11147.23,534.0074
2024-12-16 13:00:00+00:00,BTC,11147.23,11253.52,10966.63,11086.21,297.3001
2024-12-16 14:00:00+00:00,BTC,11086.21,11141.94,11063.33,11129.89,410.7304
2024-12-16 15:00:00+00:00,BTC,11129.89,11138.25,11089.24,11109.66,361.1143
2024-12-16 16:00:00+00:00,BTC,11109.66,11190.73,11049.93,11172.25,806.1178
2024-12-16 17:00:00+00:00,BTC,11172.25,11214.13,11132.39,11160.31,545.9376
2024-12-16 18:00:00+00:00,BTC,11160.31,11292.05,11134.11,11229.05,581.2784
2024-12-16 19:00:00+00:00,BTC,11229.05,11266.07,11190.06,11257.61,488.4592
2024-12-16 20:00:00+00:00,BTC,11257.61,11304.6,11222.64,11277.08,401.5747
2024-12-16 21:00:00+00:00,BTC,11277.08,11323.72,11176.59,11251.8,427.8207
2024-12-16 22:00:00+00:00,BTC,11251.8,11270.27,11131.83,11267.5,594.1081
2024-12-16 23:00:00+00:00,BTC,11267.5,11356.52,11234.79,11348.44,456.4933
2024-12-17 00:00:00+00:00,BTC,11348.44,11444.44,11196.62,11344.74,596.2668
2024-12-17 01:00:00+00:00,BTC,11344.74,11381.57,11325.99,11380.96,525.6569
2024-12-17 02:00:00+00:00,BTC,11380.96,11414.82,11290.84,11384.12,554.4902
2024-12-17 03:00:00+00:00,BTC,11384.12,11401.46,11338.41,11392.64,564.479
2024-12-17 04:00:00+00:00,BTC,11392.64,11611.45,11349.67,11511.05,415.9037
2024-12-17 05:00:00+00:00,BTC,11511.05,11610.43,11484.38,11594.35,448.445
2024-12-17 06:00:00+00:00,BTC,11594.35,11626.88,11562.92,11599.88,687.2544
2024-12-17 07:00:00+00:00,BTC,11599.88,11658.61,11586.19,11614.81,947.507
2024-12-17 08:00:00+00:00,BTC,11614.81,11636.68,11476.21,11566.0,689.4577
2024-12-17 09:00:00+00:00,BTC,11566.0,11601.41,11460.68,11554.01,188.384
2024-12-17 10:00:00+00:00,BTC,11554.01,11712.86,11484.91,11575.48,383.4882
2024-12-17 11:00:00+00:00,BTC,11575.48,11716.08,11545.15,11634.7,520.4839
2024-12-17 12:00:00+00:00,BTC,11634.7,11811.03,11557.46,11687.12,340.4377
2024-12-17 13:00:00+00:00,BTC,11687.12,11728.84,11578.16,11609.6,334.8985
2024-12-17 14:00:00+00:00,BTC,11609.6,11779.52,11603.61,11677.85,431.8409
2024-12-17 15:00:00+00:00,BTC,11677.85,11724.39,11663.52,11671.63,564.2351
2024-12-17 16:00:00+00:00,BTC,11671.63,11711.96,11598.32,11602.72,620.6367
2024-12-17 17:00:00+00:00,BTC,11602.72,11708.56,11593.32,11696.13,439.6754
2024-12-17 18:00:00+00:00,BTC,11696.13,11815.26,11682.59,11799.27,428.0176
2024-12-17 19:00:00+00:00,BTC,11799.27,11866.58,11794.24,11817.95,372.1584
2024-12-17 20:00:00+00:00,BTC,11817.95,11868.65,11771.54,11868.32,597.1044
2024-12-17 21:00:00+00:00,BTC,11868.32,11938.14,11742.08,11923.1,583.2229
2024-12-17 22:00:00+00:00,BTC,11923.1,12032.48,11875.86,12023.37,686.8212
2024-12-17 23:00:00+00:00,BTC,12023.37,12218.32,11918.52,12076.01,523.2302
2024-12-18 00:00:00+00:00,BTC,12076.01,12081.48,11504.82,11583.08,7267.5945
2024-12-18 01:00:00+00:00,BTC,11583.08,12589.48,11486.33,12198.58,10178.0752
2024-12-18 02:00:00+00:00,BTC,12198.58,12772.97,11951.57,12511.62,15522.1633
2024-12-18 03:00:00+00:00,BTC,12511.62,12518.33,11581.01,12279.01,6264.6902
2024-12-18 04:00:00+00:00,BTC,12279.01,13034.87,11805.55,11876.5,11163.585
2024-12-18 05:00:00+00:00,BTC,11876.5,12219.2,11135.35,11991.48,12706.9576
2024-12-18 06:00:00+00:00,BTC,11991.48,12013.06,11799.65,11845.0,23188.0633
2024-12-18 07:00:00+00:00,BTC,11845.0,12293.32,11494.15,11901.27,9318.0833
2024-12-18 08:00:00+00:00,BTC,11901.27,12190.14,11761.46,12097.04,11020.5323
2024-12-18 09:00:00+00:00,BTC,12097.04,12620.95,11692.81,11853.23,20759.5765
2024-12-18 10:00:00+00:00,BTC,11853.23,12017.35,11001.15,11436.95,9359.8952
2024-12-18 11:00:00+00:00,BTC,11436.95,11954.4,11424.14,11509.26,16751.6044
2024-12-18 12:00:00+00:00,BTC,11509.26,11852.62,11274.91,11287.74,13194.2122
2024-12-18 13:00:00+00:00,BTC,11287.74,11406.99,10971.02,11283.12,10643.9618
2024-12-18 14:00:00+00:00,BTC,11283.12,11534.97,10552.55,10817.82,13469.3001
2024-12-18 15:00:00+00:00,BTC,10817.82,10931.12,9674.63,10693.48,10921.3313
2024-12-18 16:00:00+00:00,BTC,10693.48,11051.05,10472.07,10860.72,25345.013
2024-12-18 17:00:00+00:00,BTC,10860.72,11070.0,10817.27,10996.96,5581.1911
2024-12-18 18:00:00+00:00,BTC,10996.96,11165.78,10672.26,10708.57,10417.4651
2024-12-18 19:00:00+00:00,BTC,10708.57,10727.68,10186.72,10317.41,10524.8839
2024-12-18 20:00:00+00:00,BTC,10317.41,10465.97,10071.91,10275.62,10973.1304
2024-12-18 21:00:00+00:00,BTC,10275.62,10527.63,10035.26,10391.45,16785.1683
2024-12-18 22:00:00+00:00,BTC,10391.45,10634.95,9988.61,10462.82,9834.3774
2024-12-18 23:00:00+00:00,BTC,10462.82,10464.02,9813.94,10267.54,13661.2189
2024-12-19 00:00:00+00:00,BTC,10267.54,10472.93,10181.78,10307.04,12470.431
2024-12-19 01:00:00+00:00,BTC,10307.04,10738.18,10027.26,10701.6,15422.2889
2024-12-19 02:00:00+00:00,BTC,10701.6,10859.91,10570.46,10714.92,10960.8863
2024-12-19 03:00:00+00:00,BTC,10714.92,10854.99,10144.36,10190.02,12872.8393
2024-12-19 04:00:00+00:00,BTC,10190.02,10497.86,9954.59,10202.15,11013.735
2024-12-19 05:00:00+00:00,BTC,10202.15,10860.77,10056.61,10754.55,8143.567
2024-12-19 06:00:00+00:00,BTC,10754.55,11130.94,10232.36,10327.21,20125.9457
2024-12-19 07:00:00+00:00,BTC,10327.21,10606.3,10216.13,10289.4,8807.3153
2024-12-19 08:00:00+00:00,BTC,10289.4,10508.88,10045.96,10178.5,9726.7159
2024-12-19 09:00:00+00:00,BTC,10178.5,10448.91,10065.9,10160.04,8520.3656
2024-12-19 10:00:00+00:00,BTC,10160.04,10337.63,9814.36,10169.58,13237.511
2024-12-19 11:00:00+00:00,BTC,10169.58,10673.7,9807.15,10452.28,9727.8296
2024-12-19 12:00:00+00:00,BTC,10452.28,10642.91,10267.93,10430.08,19544.2629
2024-12-19 13:00:00+00:00,BTC,10430.08,10863.1,10404.9,10761.31,13863.0878
2024-12-19 14:00:00+00:00,BTC,10761.31,10907.82,10565.86,10677.76,10437.9793
2024-12-19 15:00:00+00:00,BTC,10677.76,10762.17,10316.37,10526.11,8363.9797
2024-12-19 16:00:00+00:00,BTC,10526.11,10536.56,10298.7,10330.72,11062.9277
2024-12-19 17:00:00+00:00,BTC,10330.72,10578.27,9815.67,9831.8,13340.6794
2024-12-19 18:00:00+00:00,BTC,9831.8,10013.84,9620.65,9903.87,10570.2543
2024-12-19 19:00:00+00:00,BTC,9903.87,10457.59,9653.46,10441.24,9865.3419
2024-12-19 20:00:00+00:00,BTC,10441.24,10732.45,10322.14,10561.37,6984.5115
2024-12-19 21:00:00+00:00,BTC,10561.37,11097.3,10383.8,10738.41,21056.8039
2024-12-19 22:00:00+00:00,BTC,10738.41,11040.01,10470.97,10634.91,8597.1848
2024-12-19 23:00:00+00:00,BTC,10634.91,10778.9,10196.6,10576.12,5467.1187
2024-12-20 00:00:00+00:00,BTC,10576.12,10832.74,10052.62,10806.98,5810.8958
2024-12-20 01:00:00+00:00,BTC,10806.98,11354.49,10714.35,11276.51,7168.6963
2024-12-20 02:00:00+00:00,BTC,11276.51,11704.58,10976.47,11624.28,15222.6908
2024-12-20 03:00:00+00:00,BTC,11624.28,11875.56,11481.03,11809.73,6903.3394
2024-12-20 04:00:00+00:00,BTC,11809.73,12167.27,11650.57,11817.57,6094.0503
2024-12-20 05:00:00+00:00,BTC,11817.57,12137.67,11685.87,11862.61,8828.6195
2024-12-20 06:00:00+00:00,BTC,11862.61,12099.81,11660.73,11708.28,8534.0928
2024-12-20 07:00:00+00:00,BTC,11708.28,11880.19,11394.86,11429.83,7317.8796
2024-12-20 08:00:00+00:00,BTC,11429.83,11440.55,11154.47,11227.35,5824.576
2024-12-20 09:00:00+00:00,BTC,11227.35,11311.46,11154.45,11235.8,3432.2358
2024-12-20 10:00:00+00:00,BTC,11235.8,11302.18,11184.52,11188.84,3592.398
2024-12-20 11:00:00+00:00,BTC,11188.84,11364.76,10813.76,10967.68,2460.0585
2024-12-20 12:00:00+00:00,BTC,10967.68,10981.06,10780.8,10962.43,3618.7187
2024-12-20 13:00:00+00:00,BTC,10962.43,11034.79,10681.39,10920.38,3046.3251
2024-12-20 14:00:00+00:00,BTC,10920.38,11083.36,10695.54,10776.47,2622.3916
2024-12-20 15:00:00+00:00,BTC,10776.47,11086.75,10687.46,10734.46,3060.8829
2024-12-20 16:00:00+00:00,BTC,10734.46,10740.03,10489.38,10700.78,1904.1094
2024-12-20 17:00:00+00:00,BTC,10700.78,10748.8,10556.17,10641.33,1790.6311
2024-12-20 18:00:00+00:00,BTC,10641.33,10930.55,10547.61,10723.25,1381.5659
2024-12-20 19:00:00+00:00,BTC,10723.25,10855.72,10506.29,10570.95,1244.6682
2024-12-20 20:00:00+00:00,BTC,10570.95,10597.77,10397.53,10430.02,999.0062
2024-12-20 21:00:00+00:00,BTC,10430.02,10531.82,10409.54,10430.23,312.3179
2024-12-20 22:00:00+00:00,BTC,10430.23,10521.05,10397.43,10436.24,585.9494
2024-12-20 23:00:00+00:00,BTC,10436.24,10475.45,10432.32,10461.59,548.4502
2024-12-21 00:00:00+00:00,BTC,10461.59,10523.65,10415.13,10427.81,578.8986
2024-12-21 01:00:00+00:00,BTC,10427.81,10489.34,10291.74,10370.54,523.8676
2024-12-21 02:00:00+00:00,BTC,10370.54,10407.75,10269.11,10370.08,567.4516
2024-12-21 03:00:00+00:00,BTC,10370.08,10419.36,10309.65,10342.64,432.3022
2024-12-21 04:00:00+00:00,BTC,10342.64,10447.94,10289.36,10439.34,583.9334
2024-12-21 05:00:00+00:00,BTC,10439.34,10469.3,10391.97,10419.06,746.3589
2024-12-21 06:00:00+00:00,BTC,10419.06,10485.82,10388.9,10415.73,420.4076
2024-12-21 07:00:00+00:00,BTC,10415.73,10586.63,10354.6,10571.59,425.7809
2024-12-21 08:00:00+00:00,BTC,10571.59,10643.59,10507.31,10559.24,623.4602
2024-12-21 09:00:00+00:00,BTC,10559.24,10668.53,10500.01,10594.53,411.869
2024-12-21 10:00:00+00:00,BTC,10594.53,10671.52,10488.05,10635.7,388.726
2024-12-21 11:00:00+00:00,BTC,10635.7,10722.44,10615.88,10682.47,579.6174
2024-12-21 12:00:00+00:00,BTC,10682.47,10737.85,10664.97,10701.05,430.0685
2024-12-21 13:00:00+00:00,BTC,10701.05,10773.86,10692.29,10713.5,766.7949
2024-12-21 14:00:00+00:00,BTC,10713.5,10729.13,10637.45,10719.95,424.7217
2024-12-21 15:00:00+00:00,BTC,10719.95,10733.47,10646.69,10682.97,375.372
2024-12-21 16:00:00+00:00,BTC,10682.97,10734.64,10574.59,10703.85,499.1632
2024-12-21 17:00:00+00:00,BTC,10703.85,10843.1,10693.67,10834.93,582.3134
2024-12-21 18:00:00+00:00,BTC,10834.93,10973.43,10769.97,10913.93,559.3185
2024-12-21 19:00:00+00:00,BTC,10913.93,11025.23,10892.03,10933.85,603.7907
2024-12-21 20:00:00+00:00,BTC,10933.85,11001.49,10913.72,10990.14,411.9918
2024-12-21 21:00:00+00:00,BTC,10990.14,11090.5,10931.63,10932.97,743.9924
2024-12-21 22:00:00+00:00,BTC,10932.97,10989.69,10798.1,10915.89,280.1251
2024-12-21 23:00:00+00:00,BTC,10915.89,11015.33,10905.34,10978.15,380.4323
2024-12-22 00:00:00+00:00,BTC,10978.15,11216.16,10969.5,11076.55,506.7596
2024-12-22 01:00:00+00:00,BTC,11076.55,11136.45,10988.45,11025.43,391.7472
2024-12-22 02:00:00+00:00,BTC,11025.43,11050.35,10927.53,10993.49,448.6366
2024-12-22 03:00:00+00:00,BTC,10993.49,11151.6,10976.18,11138.32,354.613
2024-12-22 04:00:00+00:00,BTC,11138.32,11173.79,11080.74,11144.76,464.8679
2024-12-22 05:00:00+00:00,BTC,11144.76,11275.65,11052.26,11267.35,587.9754
2024-12-22 06:00:00+00:00,BTC,11267.35,11292.88,11249.89,11281.34,414.5384
2024-12-22 07:00:00+00:00,BTC,11281.34,11435.53,11232.93,11298.02,367.5905
2024-12-22 08:00:00+00:00,BTC,11298.02,11313.25,11119.89,11277.33,425.5093
2024-12-22 09:00:00+00:00,BTC,11277.33,11347.92,11231.19,11341.29,735.8025
2024-12-22 10:00:00+00:00,BTC,11341.29,11595.61,11325.07,11434.06,733.6696
2024-12-22 11:00:00+00:00,BTC,11434.06,11446.0,11233.78,11363.27,422.9566
2024-12-22 12:00:00+00:00,BTC,11363.27,11400.39,11334.67,11339.27,597.3532
2024-12-22 13:00:00+00:00,BTC,11339.27,11413.9,11270.68,11401.7,496.8017
2024-12-22 14:00:00+00:00,BTC,11401.7,11406.02,11357.34,11392.84,783.6991
2024-12-22 15:00:00+00:00,BTC,11392.84,11402.54,11252.98,11359.16,534.6735
2024-12-22 16:00:00+00:00,BTC,11359.16,11523.0,11227.21,11428.18,465.9434
2024-12-22 17:00:00+00:00,BTC,11428.18,11512.89,11426.5,11504.09,875.2987
2024-12-22 18:00:00+00:00,BTC,11504.09,11558.5,11457.65,11473.1,361.8673
2024-12-22 19:00:00+00:00,BTC,11473.1,11500.35,11357.25,11487.72,559.1007
2024-12-22 20:00:00+00:00,BTC,11487.72,11550.47,11326.75,11404.73,806.5238
2024-12-22 21:00:00+00:00,BTC,11404.73,11463.14,11289.72,11343.62,631.2893
2024-12-22 22:00:00+00:00,BTC,11343.62,11362.3,11250.02,11352.07,382.8387
2024-12-22 23:00:00+00:00,BTC,11352.07,11383.19,11325.51,11354.21,375.6935
2024-12-23 00:00:00+00:00,BTC,11354.21,11368.38,11242.56,11288.53,305.4045
2024-12-23 01:00:00+00:00,BTC,11288.53,11524.59,11193.81,11240.14,840.1922
2024-12-23 02:00:00+00:00,BTC,11240.14,11254.93,11092.7,11168.55,336.3309
2024-12-23 03:00:00+00:00,BTC,11168.55,11304.99,11129.01,11199.08,641.8141
2024-12-23 04:00:00+00:00,BTC,11199.08,11254.49,11012.03,11067.64,303.4841
2024-12-23 05:00:00+00:00,BTC,11067.64,11127.93,10850.56,11000.67,1223.6456
2024-12-23 06:00:00+00:00,BTC,11000.67,11072.7,10751.05,10878.4,311.4049
2024-12-23 07:00:00+00:00,BTC,10878.4,10939.26,10828.62,10905.78,507.4969
2024-12-23 08:00:00+00:00,BTC,10905.78,10992.37,10591.49,10788.45,764.1997
2024-12-23 09:00:00+00:00,BTC,10788.45,10810.65,10765.18,10790.51,390.9316
2024-12-23 10:00:00+00:00,BTC,10790.51,10948.1,10702.86,10897.18,609.0668
2024-12-23 11:00:00+00:00,BTC,10897.18,11029.2,10871.51,11007.15,453.0339
2024-12-23 12:00:00+00:00,BTC,11007.15,11041.14,10854.52,10888.52,572.7648
2024-12-23 13:00:00+00:00,BTC,10888.52,11037.77,10878.05,10908.03,729.8781
2024-12-23 14:00:00+00:00,BTC,10908.03,10929.84,10770.01,10843.5,430.3843
2024-12-23 15:00:00+00:00,BTC,10843.5,10899.02,10762.18,10766.15,844.3159
2024-12-23 16:00:00+00:00,BTC,10766.15,10779.35,10757.18,10758.82,565.6402
2024-12-23 17:00:00+00:00,BTC,10758.82,10912.32,10680.93,10838.41,988.8782
2024-12-23 18:00:00+00:00,BTC,10838.41,11045.34,10811.12,10877.47,373.6901
2024-12-23 19:00:00+00:00,BTC,10877.47,10995.14,10829.1,10830.9,399.3672
2024-12-23 20:00:00+00:00,BTC,10830.9,10979.67,10821.28,10876.81,460.9617
2024-12-23 21:00:00+00:00,BTC,10876.81,10911.95,10728.7,10731.37,327.0718
2024-12-23 22:00:00+00:00,BTC,10731.37,10743.59,10637.44,10683.0,691.3646
2024-12-23 23:00:00+00:00,BTC,10683.0,10686.49,10587.79,10630.32,486.9026
2024-12-24 00:00:00+00:00,BTC,10630.32,10731.56,10587.25,10635.31,334.777
2024-12-24 01:00:00+00:00,BTC,10635.31,10816.52,10544.62,10622.38,374.8893
2024-12-24 02:00:00+00:00,BTC,10622.38,10638.69,10444.98,10613.37,368.7506
2024-12-24 03:00:00+00:00,BTC,10613.37,10620.22,10537.88,10602.25,690.8266
2024-12-24 04:00:00+00:00,BTC,10602.25,10650.55,10525.81,10603.67,586.7623
2024-12-24 05:00:00+00:00,BTC,10603.67,10684.66,10594.2,10638.09,477.331
2024-12-24 06:00:00+00:00,BTC,10638.09,10681.67,10523.66,10647.63,439.9907
2024-12-24 07:00:00+00:00,BTC,10647.63,10662.1,10621.26,10629.48,459.9199
2024-12-24 08:00:00+00:00,BTC,10629.48,10771.86,10592.27,10655.13,932.6201
2024-12-24 09:00:00+00:00,BTC,10655.13,10727.94,10593.54,10708.07,460.6979
2024-12-24 10:00:00+00:00,BTC,10708.07,10732.63,10551.56,10672.41,675.0251
2024-12-24 11:00:00+00:00,BTC,10672.41,10724.38,10658.1,10668.61,445.5678
2024-12-24 12:00:00+00:00,BTC,10668.61,10786.87,10602.41,10743.24,900.9794
2024-12-24 13:00:00+00:00,BTC,10743.24,10770.77,10606.64,10672.39,326.3241
2024-12-24 14:00:00+00:00,BTC,10672.39,10903.96,10552.51,10788.59,663.1948
2024-12-24 15:00:00+00:00,BTC,10788.59,10816.03,10662.2,10702.25,383.3009
2024-12-24 16:00:00+00:00,BTC,10702.25,10754.11,10614.01,10680.09,1084.9211
2024-12-24 17:00:00+00:00,BTC,10680.09,10737.23,10589.81,10619.38,638.2177
2024-12-24 18:00:00+00:00,BTC,10619.38,10794.12,10615.66,10759.7,275.4154
2024-12-24 19:00:00+00:00,BTC,10759.7,10802.44,10716.62,10727.26,360.8979
2024-12-24 20:00:00+00:00,BTC,10727.26,10793.41,10673.49,10695.07,635.4996
2024-12-24 21:00:00+00:00,BTC,10695.07,10712.77,10651.3,10671.3,629.443
2024-12-24 22:00:00+00:00,BTC,10671.3,10701.86,10639.28,10677.43,613.2066
2024-12-24 23:00:00+00:00,BTC,10677.43,10679.23,10643.64,10656.41,528.1671
2024-12-25 00:00:00+00:00,BTC,10656.41,10684.95,10462.88,10647.91,447.1908
2024-12-25 01:00:00+00:00,BTC,10647.91,10650.76,10401.26,10424.81,731.4067
2024-12-25 02:00:00+00:00,BTC,10424.81,10454.86,10367.28,10428.39,369.5009
2024-12-25 03:00:00+00:00,BTC,10428.39,10506.88,10389.05,10429.5,509.4388
2024-12-25 04:00:00+00:00,BTC,10429.5,10501.87,10316.77,10494.7,402.445
2024-12-25 05:00:00+00:00,BTC,10494.7,10631.15,10426.61,10577.45,391.3633
2024-12-25 06:00:00+00:00,BTC,10577.45,10641.95,10546.43,10565.54,425.7951
2024-12-25 07:00:00+00:00,BTC,10565.54,10631.82,10517.31,10617.41,386.5519
2024-12-25 08:00:00+00:00,BTC,10617.41,10639.41,10478.78,10547.47,606.0775
2024-12-25 09:00:00+00:00,BTC,10547.47,10620.61,10498.87,10596.14,298.262
2024-12-25 10:00:00+00:00,BTC,10596.14,10615.98,10542.45,10559.81,581.4147
2024-12-25 11:00:00+00:00,BTC,10559.81,10584.33,10484.8,10485.01,400.4604
2024-12-25 12:00:00+00:00,BTC,10485.01,10558.72,10432.57,10473.35,505.3464
2024-12-25 13:00:00+00:00,BTC,10473.35,10744.47,10370.89,10561.72,471.6384
2024-12-25 14:00:00+00:00,BTC,10561.72,10642.94,10535.77,10573.2,419.8429
2024-12-25 15:00:00+00:00,BTC,10573.2,10724.59,10517.52,10668.56,764.4842
2024-12-25 16:00:00+00:00,BTC,10668.56,10710.17,10583.19,10620.74,439.1317
2024-12-25 17:00:00+00:00,BTC,10620.74,10705.61,10619.31,10687.73,639.5942
2024-12-25 18:00:00+00:00,BTC,10687.73,10770.83,10560.81,10645.99,642.4851
2024-12-25 19:00:00+00:00,BTC,10645.99,10678.29,10625.57,10660.39,454.5026
2024-12-25 20:00:00+00:00,BTC,10660.39,10785.23,10647.85,10674.26,321.934
2024-12-25 21:00:00+00:00,BTC,10674.26,10732.43,10597.84,10716.71,367.1818
2024-12-25 22:00:00+00:00,BTC,10716.71,10775.48,10700.36,10732.84,782.2602
2024-12-25 23:00:00+00:00,BTC,10732.84,10742.7,10662.49,10685.35,594.0722
2024-12-26 00:00:00+00:00,BTC,10685.35,10831.96,10679.2,10741.93,524.8999
2024-12-26 01:00:00+00:00,BTC,10741.93,10855.32,10617.1,10854.12,409.9965
2024-12-26 02:00:00+00:00,BTC,10854.12,10890.37,10782.33,10816.17,916.6684
2024-12-26 03:00:00+00:00,BTC,10816.17,10846.28,10667.33,10697.72,368.9903
2024-12-26 04:00:00+00:00,BTC,10697.72,10999.06,10651.61,10729.82,525.0567
2024-12-26 05:00:00+00:00,BTC,10729.82,10746.47,10552.61,10708.52,595.9999
2024-12-26 06:00:00+00:00,BTC,10708.52,10739.25,10691.9,10700.1,316.5911
2024-12-26 07:00:00+00:00,BTC,10700.1,10794.42,10606.96,10735.87,383.4235
2024-12-26 08:00:00+00:00,BTC,10735.87,10798.46,10693.31,10706.51,426.0119
2024-12-26 09:00:00+00:00,BTC,10706.51,10732.45,10688.56,10689.25,676.0565
2024-12-26 10:00:00+00:00,BTC,10689.25,10718.18,10629.2,10682.83,428.9603
2024-12-26 11:00:00+00:00,BTC,10682.83,10825.07,10619.83,10777.46,302.4578
2024-12-26 12:00:00+00:00,BTC,10777.46,10862.44,10656.2,10779.4,292.4545
2024-12-26 13:00:00+00:00,BTC,10779.4,10797.86,10663.41,10699.78,382.2819
2024-12-26 14:00:00+00:00,BTC,10699.78,10739.09,10623.22,10623.28,296.8034
2024-12-26 15:00:00+00:00,BTC,10623.28,10637.79,10557.91,10632.16,654.3441
2024-12-26 16:00:00+00:00,BTC,10632.16,10642.45,10535.92,10560.35,663.3828
2024-12-26 17:00:00+00:00,BTC,10560.35,10659.75,10458.76,10461.82,501.2361
2024-12-26 18:00:00+00:00,BTC,10461.82,10617.58,10447.15,10501.79,456.0114
2024-12-26 19:00:00+00:00,BTC,10501.79,10596.79,10347.93,10545.01,648.179
2024-12-26 20:00:00+00:00,BTC,10545.01,10581.29,10422.43,10521.74,638.8508
2024-12-26 21:00:00+00:00,BTC,10521.74,10646.89,10484.24,10540.3,353.9906
2024-12-26 22:00:00+00:00,BTC,10540.3,10567.04,10345.66,10552.2,371.5296
2024-12-26 23:00:00+00:00,BTC,10552.2,10619.38,10503.04,10590.41,640.2755
2024-12-27 00:00:00+00:00,BTC,10590.41,10632.97,10570.16,10628.91,549.6614
2024-12-27 01:00:00+00:00,BTC,10628.91,10728.41,10419.27,10464.02,618.6195
2024-12-27 02:00:00+00:00,BTC,10464.02,10488.67,10444.98,10448.93,365.6713
2024-12-27 03:00:00+00:00,BTC,10448.93,10515.5,10336.92,10481.45,384.3398
2024-12-27 04:00:00+00:00,BTC,10481.45,10488.82,10454.67,10455.67,588.1425
2024-12-27 05:00:00+00:00,BTC,10455.67,10477.69,10380.57,10457.94,393.8312
2024-12-27 06:00:00+00:00,BTC,10457.94,10508.0,10391.75,10505.16,293.7206
2024-12-27 07:00:00+00:00,BTC,10505.16,10621.21,10441.95,10510.26,395.9247
2024-12-27 08:00:00+00:00,BTC,10510.26,10627.85,10493.63,10605.78,465.3592
2024-12-27 09:00:00+00:00,BTC,10605.78,10742.71,10499.71,10677.74,906.9436
2024-12-27 10:00:00+00:00,BTC,10677.74,10824.65,10636.63,10670.15,372.8409
2024-12-27 11:00:00+00:00,BTC,10670.15,10704.31,10593.18,10657.47,489.3206
2024-12-27 12:00:00+00:00,BTC,10657.47,10737.19,10441.03,10476.76,1022.1186
2024-12-27 13:00:00+00:00,BTC,10476.76,10551.29,10391.67,10456.26,341.0113
2024-12-27 14:00:00+00:00,BTC,10456.26,10463.31,10349.11,10371.7,630.0376
2024-12-27 15:00:00+00:00,BTC,10371.7,10426.11,10349.02,10385.48,389.8517
2024-12-27 16:00:00+00:00,BTC,10385.48,10498.54,10376.59,10395.01,575.4778
2024-12-27 17:00:00+00:00,BTC,10395.01,10499.81,10360.51,10438.5,1131.9905
2024-12-27 18:00:00+00:00,BTC,10438.5,10552.7,10332.94,10526.34,659.6112
2024-12-27 19:00:00+00:00,BTC,10526.34,10598.09,10474.21,10524.68,527.2942
2024-12-27 20:00:00+00:00,BTC,10524.68,10680.83,10503.25,10669.67,358.4234
2024-12-27 21:00:00+00:00,BTC,10669.67,10730.3,10615.54,10684.57,470.2248
2024-12-27 22:00:00+00:00,BTC,10684.57,10754.68,10568.17,10600.9,410.2361
2024-12-27 23:00:00+00:00,BTC,10600.9,10658.31,10495.56,10565.21,300.9409
2024-12-28 00:00:00+00:00,BTC,10565.21,10601.35,10520.9,10541.61,237.3382
2024-12-28 01:00:00+00:00,BTC,10541.61,10648.58,10524.37,10579.13,373.8838
2024-12-28 02:00:00+00:00,BTC,10579.13,10583.1,10454.93,10519.17,494.5097
2024-12-28 03:00:00+00:00,BTC,10519.17,10558.77,10459.08,10500.38,739.7923
2024-12-28 04:00:00+00:00,BTC,10500.38,10513.41,10465.1,10490.24,386.1562
2024-12-28 05:00:00+00:00,BTC,10490.24,10578.46,10391.63,10462.07,534.6826
2024-12-28 06:00:00+00:00,BTC,10462.07,10562.79,10439.8,10513.13,275.6662
2024-12-28 07:00:00+00:00,BTC,10513.13,10644.29,10434.41,10553.66,377.8387
2024-12-28 08:00:00+00:00,BTC,10553.66,10666.13,10527.78,10627.79,212.309
2024-12-28 09:00:00+00:00,BTC,10627.79,10671.49,10550.51,10606.7,1092.858
2024-12-28 10:00:00+00:00,BTC,10606.7,10779.57,10571.48,10683.51,535.8774
2024-12-28 11:00:00+00:00,BTC,10683.51,10740.5,10532.85,10596.43,529.9868
2024-12-28 12:00:00+00:00,BTC,10596.43,10660.11,10421.33,10508.53,603.0107
2024-12-28 13:00:00+00:00,BTC,10508.53,10528.42,10427.38,10432.27,1213.0985
2024-12-28 14:00:00+00:00,BTC,10432.27,10567.7,10400.02,10432.85,429.3456
2024-12-28 15:00:00+00:00,BTC,10432.85,10536.44,10403.61,10508.39,354.7229
2024-12-28 16:00:00+00:00,BTC,10508.39,10554.62,10388.29,10470.49,1006.9403
2024-12-28 17:00:00+00:00,BTC,10470.49,10490.78,10401.0,10440.59,324.9912
2024-12-28 18:00:00+00:00,BTC,10440.59,10481.08,10269.27,10427.06,787.5703
2024-12-28 19:00:00+00:00,BTC,10427.06,10478.08,10303.0,10462.96,487.247
2024-12-28 20:00:00+00:00,BTC,10462.96,10480.17,10389.42,10433.02,581.8889
2024-12-28 21:00:00+00:00,BTC,10433.02,10522.67,10379.82,10399.68,302.4024
2024-12-28 22:00:00+00:00,BTC,10399.68,10437.23,10248.38,10316.07,1239.3718
2024-12-28 23:00:00+00:00,BTC,10316.07,10329.08,10206.76,10280.74,437.3909
2024-12-29 00:00:00+00:00,BTC,10280.74,10371.37,10269.0,10353.63,391.167
2024-12-29 01:00:00+00:00,BTC,10353.63,10420.51,10322.03,10359.28,605.7927
2024-12-29 02:00:00+00:00,BTC,10359.28,10458.3,10267.2,10313.4,398.9638
2024-12-29 03:00:00+00:00,BTC,10313.4,10471.98,10310.41,10390.18,580.0818
2024-12-29 04:00:00+00:00,BTC,10390.18,10418.0,10352.13,10353.76,321.5858
2024-12-29 05:00:00+00:00,BTC,10353.76,10516.87,10346.08,10442.34,526.1419
2024-12-29 06:00:00+00:00,BTC,10442.34,10544.69,10325.44,10530.66,404.8433
2024-12-29 07:00:00+00:00,BTC,10530.66,10619.68,10519.24,10534.2,380.1049
2024-12-29 08:00:00+00:00,BTC,10534.2,10627.83,10371.95,10439.91,359.6547
2024-12-29 09:00:00+00:00,BTC,10439.91,10642.42,10396.08,10584.31,681.7482
2024-12-29 10:00:00+00:00,BTC,10584.31,10679.93,10544.78,10608.93,442.2914
2024-12-29 11:00:00+00:00,BTC,10608.93,10650.59,10507.87,10588.33,468.8337
2024-12-29 12:00:00+00:00,BTC,10588.33,10707.17,10549.74,10649.25,580.6111
2024-12-29 13:00:00+00:00,BTC,10649.25,10850.68,10624.2,10694.22,745.2078
2024-12-29 14:00:00+00:00,BTC,10694.22,10798.24,10607.21,10778.67,361.9367
2024-12-29 15:00:00+00:00,BTC,10778.67,10788.0,10724.03,10735.92,540.1425
2024-12-29 16:00:00+00:00,BTC,10735.92,10759.52,10628.13,10756.45,363.6636
2024-12-29 17:00:00+00:00,BTC,10756.45,10791.26,10651.17,10680.19,464.8097
2024-12-29 18:00:00+00:00,BTC,10680.19,10766.22,10650.05,10722.98,725.8828
2024-12-29 19:00:00+00:00,BTC,10722.98,10793.68,10684.66,10721.5,219.9696
2024-12-29 20:00:00+00:00,BTC,10721.5,10754.74,10683.18,10739.59,361.9842
2024-12-29 21:00:00+00:00,BTC,10739.59,10745.42,10723.09,10730.16,461.1134
2024-12-29 22:00:00+00:00,BTC,10730.16,10762.17,10689.4,10714.02,571.2496
2024-12-29 23:00:00+00:00,BTC,10714.02,10760.42,10627.38,10658.35,766.2599
2024-12-30 00:00:00+00:00,BTC,10658.35,10718.84,10654.67,10709.02,276.0439
2024-12-30 01:00:00+00:00,BTC,10709.02,10847.48,10560.27,10805.17,820.592
2024-12-30 02:00:00+00:00,BTC,10805.17,10838.22,10766.62,10769.14,599.9732
2024-12-30 03:00:00+00:00,BTC,10769.14,10851.7,10760.43,10804.96,459.6146
2024-12-30 04:00:00+00:00,BTC,10804.96,10874.73,10732.7,10833.02,299.0006
2024-12-30 05:00:00+00:00,BTC,10833.02,10876.82,10735.3,10833.55,409.221
2024-12-30 06:00:00+00:00,BTC,10833.55,10847.28,10614.69,10734.77,715.8178
2024-12-30 07:00:00+00:00,BTC,10734.77,10747.24,10599.8,10651.26,504.6457
2024-12-30 08:00:00+00:00,BTC,10651.26,10651.57,10506.74,10601.47,469.3392
2024-12-30 09:00:00+00:00,BTC,10601.47,10601.82,10375.72,10466.28,355.8787
2024-12-30 10:00:00+00:00,BTC,10466.28,10624.41,10426.33,10555.07,646.6021
2024-12-30 11:00:00+00:00,BTC,10555.07,10596.97,10525.44,10578.38,474.4754
2024-12-30 12:00:00+00:00,BTC,10578.38,10596.91,10570.02,10576.48,460.2594
2024-12-30 13:00:00+00:00,BTC,10576.48,10582.75,10393.88,10438.4,483.6086
2024-12-30 14:00:00+00:00,BTC,10438.4,10515.28,10259.26,10324.79,398.924
2024-12-30 15:00:00+00:00,BTC,10324.79,10356.37,10317.83,10324.65,375.8738
2024-12-30 16:00:00+00:00,BTC,10324.65,10487.48,10302.93,10447.44,293.7632
2024-12-30 17:00:00+00:00,BTC,10447.44,10453.68,10355.68,10403.74,402.5395
2024-12-30 18:00:00+00:00,BTC,10403.74,10591.1,10317.1,10457.8,266.2809
2024-12-30 19:00:00+00:00,BTC,10457.8,10474.54,10420.77,10427.73,592.6497
2024-12-30 20:00:00+00:00,BTC,10427.73,10433.13,10422.34,10431.19,395.8108
2024-12-30 21:00:00+00:00,BTC,10431.19,10558.46,10372.98,10507.49,435.8519
2024-12-30 22:00:00+00:00,BTC,10507.49,10518.14,10481.79,10485.7,493.5435
2024-12-30 23:00:00+00:00,BTC,10485.7,10518.46,10385.76,10442.37,377.6021
2024-12-31 00:00:00+00:00,BTC,10442.37,10575.59,10365.69,10531.6,331.4102
2024-12-31 01:00:00+00:00,BTC,10531.6,10535.01,10526.15,10534.48,540.3663
2024-12-31 02:00:00+00:00,BTC,10534.48,10630.87,10489.41,10603.68,968.5127
2024-12-31 03:00:00+00:00,BTC,10603.68,10656.91,10492.23,10560.17,687.5647
2024-12-31 04:00:00+00:00,BTC,10560.17,10712.98,10546.34,10649.68,782.5538
2024-12-31 05:00:00+00:00,BTC,10649.68,10735.32,10626.67,10667.17,317.3976
2024-12-31 06:00:00+00:00,BTC,10667.17,10710.99,10659.57,10695.04,467.592
2024-12-31 07:00:00+00:00,BTC,10695.04,10753.88,10665.7,10703.49,466.5227
2024-12-31 08:00:00+00:00,BTC,10703.49,10748.2,10661.77,10671.08,824.3182
2024-12-31 09:00:00+00:00,BTC,10671.08,10752.18,10633.59,10670.97,689.1765
2024-12-31 10:00:00+00:00,BTC,10670.97,10725.62,10592.41,10642.67,472.0855
2024-12-31 11:00:00+00:00,BTC,10642.67,10718.08,10613.28,10704.12,224.4563
2024-12-31 12:00:00+00:00,BTC,10704.12,10729.22,10675.85,10691.08,333.2942
2024-12-31 13:00:00+00:00,BTC,10691.08,10692.79,10581.37,10595.52,623.9934
2024-12-31 14:00:00+00:00,BTC,10595.52,10606.95,10479.43,10489.29,446.9065
2024-12-31 15:00:00+00:00,BTC,10489.29,10552.06,10377.74,10381.18,481.0804
2024-12-31 16:00:00+00:00,BTC,10381.18,10419.91,10242.97,10419.74,619.7891
2024-12-31 17:00:00+00:00,BTC,10419.74,10433.9,10330.51,10348.0,743.0333
2024-12-31 18:00:00+00:00,BTC,10348.0,10508.82,10304.99,10366.65,380.7028
2024-12-31 19:00:00+00:00,BTC,10366.65,10375.71,10336.0,10375.14,615.0399
2024-12-31 20:00:00+00:00,BTC,10375.14,10418.15,10300.41,10371.12,878.8514
2024-12-31 21:00:00+00:00,BTC,10371.12,10417.57,10296.11,10398.43,824.1882
2024-12-31 22:00:00+00:00,BTC,10398.43,10464.71,10309.23,10408.31,415.2256
2024-12-31 23:00:00+00:00,BTC,10408.31,10430.35,10231.81,10240.46,554.3603
2025-01-01 00:00:00+00:00,BTC,10240.46,10253.78,10112.64,10220.6,650.2592
2025-01-01 01:00:00+00:00,BTC,10220.6,10369.78,10138.12,10246.7,503.5388
2025-01-01 02:00:00+00:00,BTC,10246.7,10437.99,10170.89,10348.04,458.2388
2025-01-01 03:00:00+00:00,BTC,10348.04,10461.72,10291.15,10453.28,272.8569
2025-01-01 04:00:00+00:00,BTC,10453.28,10490.72,10313.97,10368.13,369.382
2025-01-01 05:00:00+00:00,BTC,10368.13,10403.13,10136.33,10346.4,391.9928
2025-01-01 06:00:00+00:00,BTC,10346.4,10388.41,10238.89,10249.63,321.5414
2025-01-01 07:00:00+00:00,BTC,10249.63,10390.8,10207.13,10343.53,519.5342
2025-01-01 08:00:00+00:00,BTC,10343.53,10422.67,10334.01,10406.58,677.1572
2025-01-01 09:00:00+00:00,BTC,10406.58,10607.12,10321.94,10428.49,431.764
2025-01-01 10:00:00+00:00,BTC,10428.49,10533.05,10374.54,10438.89,231.2066
2025-01-01 11:00:00+00:00,BTC,10438.89,10610.85,10413.16,10525.73,479.708
2025-01-01 12:00:00+00:00,BTC,10525.73,10627.24,10489.26,10602.5,550.3219
2025-01-01 13:00:00+00:00,BTC,10602.5,10829.97,10587.94,10676.43,537.4505
2025-01-01 14:00:00+00:00,BTC,10676.43,10789.79,10651.53,10705.72,388.4668
2025-01-01 15:00:00+00:00,BTC,10705.72,10713.55,10677.74,10683.32,327.9497
2025-01-01 16:00:00+00:00,BTC,10683.32,10803.05,10669.39,10732.6,681.8761
2025-01-01 17:00:00+00:00,BTC,10732.6,10877.17,10680.22,10785.28,565.5016
2025-01-01 18:00:00+00:00,BTC,10785.28,10856.21,10730.98,10772.95,393.9314
2025-01-01 19:00:00+00:00,BTC,10772.95,10786.62,10687.18,10750.27,295.6551
2025-01-01 20:00:00+00:00,BTC,10750.27,10839.54,10721.29,10823.62,540.514
2025-01-01 21:00:00+00:00,BTC,10823.62,11053.44,10800.09,10932.23,365.2081
2025-01-01 22:00:00+00:00,BTC,10932.23,11020.2,10699.43,10883.19,571.6634
2025-01-01 23:00:00+00:00,BTC,10883.19,10955.63,10828.69,10866.0,528.3986
2025-01-02 00:00:00+00:00,BTC,10866.0,10969.96,10791.75,10888.91,1034.3474
2025-01-02 01:00:00+00:00,BTC,10888.91,10933.11,10855.67,10920.74,486.5513
2025-01-02 02:00:00+00:00,BTC,10920.74,10957.61,10845.63,10886.57,1007.1438
2025-01-02 03:00:00+00:00,BTC,10886.57,11052.09,10869.7,11010.3,514.5422
2025-01-02 04:00:00+00:00,BTC,11010.3,11075.26,10837.25,11038.22,395.9087
2025-01-02 05:00:00+00:00,BTC,11038.22,11235.1,10876.88,11073.47,345.568
2025-01-02 06:00:00+00:00,BTC,11073.47,11291.59,11059.04,11190.95,367.8399
2025-01-02 07:00:00+00:00,BTC,11190.95,11232.68,11142.02,11160.84,581.0205
2025-01-02 08:00:00+00:00,BTC,11160.84,11229.87,11123.84,11154.91,523.1216
2025-01-02 09:00:00+00:00,BTC,11154.91,11191.75,11058.43,11071.35,262.7188
2025-01-02 10:00:00+00:00,BTC,11071.35,11094.12,11047.42,11059.9,714.5589
2025-01-02 11:00:00+00:00,BTC,11059.9,11100.2,10904.27,10961.54,838.4252
2025-01-02 12:00:00+00:00,BTC,10961.54,11048.16,10840.48,11010.83,261.7872
2025-01-02 13:00:00+00:00,BTC,11010.83,11047.75,10960.26,11038.62,712.5262
2025-01-02 14:00:00+00:00,BTC,11038.62,11055.78,10990.66,11020.28,901.167
2025-01-02 15:00:00+00:00,BTC,11020.28,11046.94,11001.33,11013.64,266.6631
2025-01-02 16:00:00+00:00,BTC,11013.64,11074.24,10977.74,11064.08,424.5656
2025-01-02 17:00:00+00:00,BTC,11064.08,11081.56,10937.91,10988.93,371.3953
2025-01-02 18:00:00+00:00,BTC,10988.93,11021.02,10943.26,11002.4,703.0809
2025-01-02 19:00:00+00:00,BTC,11002.4,11082.74,10970.07,11048.68,432.4502
2025-01-02 20:00:00+00:00,BTC,11048.68,11210.08,10841.12,10931.16,426.4569
2025-01-02 21:00:00+00:00,BTC,10931.16,10991.06,10850.03,10976.17,579.4337
2025-01-02 22:00:00+00:00,BTC,10976.17,11050.87,10864.04,10866.48,863.0519
2025-01-02 23:00:00+00:00,BTC,10866.48,10890.5,10841.17,10858.81,489.3276
2025-01-03 00:00:00+00:00,BTC,10858.81,10986.86,10686.73,10783.28,424.0499
2025-01-03 01:00:00+00:00,BTC,10783.28,10891.6,10741.24,10876.28,452.6343
2025-01-03 02:00:00+00:00,BTC,10876.28,10892.33,10798.8,10801.03,629.5207
2025-01-03 03:00:00+00:00,BTC,10801.03,10831.24,10689.3,10694.61,313.7587
2025-01-03 04:00:00+00:00,BTC,10694.61,10784.05,10616.13,10703.17,497.1316
2025-01-03 05:00:00+00:00,BTC,10703.17,10721.01,10630.47,10676.64,360.1067
2025-01-03 06:00:00+00:00,BTC,10676.64,10751.91,10576.97,10580.69,328.1789
2025-01-03 07:00:00+00:00,BTC,10580.69,10649.72,10537.17,10614.12,253.1471
2025-01-03 08:00:00+00:00,BTC,10614.12,10614.17,10422.19,10488.05,417.5321
2025-01-03 09:00:00+00:00,BTC,10488.05,10618.29,10387.65,10423.04,729.3567
2025-01-03 10:00:00+00:00,BTC,10423.04,10469.83,10344.09,10387.13,249.7411
2025-01-03 11:00:00+00:00,BTC,10387.13,10459.21,10187.67,10437.25,604.5955
2025-01-03 12:00:00+00:00,BTC,10437.25,10583.78,10397.06,10518.69,398.4236
2025-01-03 13:00:00+00:00,BTC,10518.69,10628.15,10500.39,10588.52,344.6123
2025-01-03 14:00:00+00:00,BTC,10588.52,10818.4,10472.11,10578.79,563.9494
2025-01-03 15:00:00+00:00,BTC,10578.79,10601.34,10404.01,10425.83,791.0068
2025-01-03 16:00:00+00:00,BTC,10425.83,10516.09,10409.06,10450.31,844.636
2025-01-03 17:00:00+00:00,BTC,10450.31,10633.59,10410.64,10542.93,552.1959
2025-01-03 18:00:00+00:00,BTC,10542.93,10730.6,10541.46,10621.27,487.8503
2025-01-03 19:00:00+00:00,BTC,10621.27,10663.8,10610.46,10650.81,573.4391
2025-01-03 20:00:00+00:00,BTC,10650.81,10716.21,10522.53,10575.06,1189.8052
2025-01-03 21:00:00+00:00,BTC,10575.06,10637.55,10530.64,10541.79,451.3171
2025-01-03 22:00:00+00:00,BTC,10541.79,10741.97,10491.17,10664.81,743.8476
2025-01-03 23:00:00+00:00,BTC,10664.81,10683.31,10533.89,10574.54,406.3755
2025-01-04 00:00:00+00:00,BTC,10574.54,10722.31,10476.07,10501.97,373.8625
2025-01-04 01:00:00+00:00,BTC,10501.97,10634.78,10378.88,10561.53,928.6419
2025-01-04 02:00:00+00:00,BTC,10561.53,10622.19,10510.15,10534.24,500.4652
2025-01-04 03:00:00+00:00,BTC,10534.24,10564.81,10419.46,10459.81,540.8848
2025-01-04 04:00:00+00:00,BTC,10459.81,10798.34,10272.71,10556.14,605.4911
2025-01-04 05:00:00+00:00,BTC,10556.14,10627.01,10555.26,10585.39,365.8345
2025-01-04 06:00:00+00:00,BTC,10585.39,10608.83,10553.43,10561.17,428.8952
2025-01-04 07:00:00+00:00,BTC,10561.17,10604.9,10453.39,10488.81,399.3714
2025-01-04 08:00:00+00:00,BTC,10488.81,10649.41,10424.51,10618.45,561.6452
2025-01-04 09:00:00+00:00,BTC,10618.45,10729.41,10577.99,10616.9,568.4597
2025-01-04 10:00:00+00:00,BTC,10616.9,10730.53,10600.16,10706.28,405.2195
2025-01-04 11:00:00+00:00,BTC,10706.28,10784.11,10704.46,10763.84,1016.7091
2025-01-04 12:00:00+00:00,BTC,10763.84,10835.99,10668.72,10730.25,495.2316
2025-01-04 13:00:00+00:00,BTC,10730.25,10810.36,10692.6,10697.28,518.3142
2025-01-04 14:00:00+00:00,BTC,10697.28,10846.86,10615.38,10790.51,800.175
2025-01-04 15:00:00+00:00,BTC,10790.51,10905.59,10669.48,10885.62,368.1105
2025-01-04 16:00:00+00:00,BTC,10885.62,10938.89,10748.13,10763.72,416.6735
2025-01-04 17:00:00+00:00,BTC,10763.72,10895.0,10754.9,10799.28,552.5449
2025-01-04 18:00:00+00:00,BTC,10799.28,10803.18,10648.33,10791.43,298.3088
2025-01-04 19:00:00+00:00,BTC,10791.43,10804.07,10717.51,10724.73,460.1256
2025-01-04 20:00:00+00:00,BTC,10724.73,10847.59,10721.6,10741.59,1024.9663
2025-01-04 21:00:00+00:00,BTC,10741.59,10779.52,10625.06,10654.96,948.3781
2025-01-04 22:00:00+00:00,BTC,10654.96,10701.97,10571.68,10625.18,684.4625
2025-01-04 23:00:00+00:00,BTC,10625.18,10702.27,10559.9,10574.4,756.4008
2025-01-05 00:00:00+00:00,BTC,10574.4,10635.56,10515.16,10542.73,594.2448
2025-01-05 01:00:00+00:00,BTC,10542.73,10570.65,10477.9,10538.21,429.9108
2025-01-05 02:00:00+00:00,BTC,10538.21,10560.91,10447.96,10474.2,888.7891
2025-01-05 03:00:00+00:00,BTC,10474.2,10573.94,10432.73,10573.53,358.7119
2025-01-05 04:00:00+00:00,BTC,10573.53,10696.09,10554.28,10604.87,701.7447
2025-01-05 05:00:00+00:00,BTC,10604.87,10771.45,10593.72,10719.67,418.3808
2025-01-05 06:00:00+00:00,BTC,10719.67,10742.83,10677.34,10709.38,427.2918
2025-01-05 07:00:00+00:00,BTC,10709.38,10749.58,10584.75,10674.18,603.7374
2025-01-05 08:00:00+00:00,BTC,10674.18,10795.12,10627.21,10787.39,1018.9211
2025-01-05 09:00:00+00:00,BTC,10787.39,10847.29,10734.8,10750.04,824.3866
2025-01-05 10:00:00+00:00,BTC,10750.04,10781.39,10671.67,10738.55,562.9408
2025-01-05 11:00:00+00:00,BTC,10738.55,10829.75,10736.03,10785.04,511.1247
2025-01-05 12:00:00+00:00,BTC,10785.04,10890.46,10696.65,10705.25,657.2896
2025-01-05 13:00:00+00:00,BTC,10705.25,10754.18,10702.32,10751.03,806.2673
2025-01-05 14:00:00+00:00,BTC,10751.03,10862.02,10731.93,10788.73,269.9976
2025-01-05 15:00:00+00:00,BTC,10788.73,10959.57,10739.28,10871.21,478.26
2025-01-05 16:00:00+00:00,BTC,10871.21,10982.03,10868.13,10929.42,345.9369
2025-01-05 17:00:00+00:00,BTC,10929.42,11243.23,10901.01,11015.0,463.1589
2025-01-05 18:00:00+00:00,BTC,11015.0,11079.56,10985.91,11007.7,321.9324
2025-01-05 19:00:00+00:00,BTC,11007.7,11124.69,10943.02,10950.87,265.7309
2025-01-05 20:00:00+00:00,BTC,10950.87,11117.78,10947.79,11090.39,315.0937
2025-01-05 21:00:00+00:00,BTC,11090.39,11106.27,10983.73,10989.27,411.9411
2025-01-05 22:00:00+00:00,BTC,10989.27,11057.96,10865.4,10895.61,613.941
2025-01-05 23:00:00+00:00,BTC,10895.61,10965.33,10877.25,10932.62,376.0579
2025-01-06 00:00:00+00:00,BTC,10932.62,11070.66,10885.88,11039.73,369.3008
2025-01-06 01:00:00+00:00,BTC,11039.73,11140.49,10958.3,11052.29,574.2753
2025-01-06 02:00:00+00:00,BTC,11052.29,11180.25,10974.52,11118.76,552.7933
2025-01-06 03:00:00+00:00,BTC,11118.76,11175.83,10955.7,10986.41,907.2093
2025-01-06 04:00:00+00:00,BTC,10986.41,11002.22,10842.34,10953.53,693.498
2025-01-06 05:00:00+00:00,BTC,10953.53,11102.31,10683.88,10831.06,349.1645
2025-01-06 06:00:00+00:00,BTC,10831.06,10900.1,10787.26,10881.9,395.4046
2025-01-06 07:00:00+00:00,BTC,10881.9,10965.39,10731.57,10781.34,649.2879
2025-01-06 08:00:00+00:00,BTC,10781.34,10810.17,10671.19,10699.0,366.6161
2025-01-06 09:00:00+00:00,BTC,10699.0,10760.55,10663.24,10732.05,446.3435
2025-01-06 10:00:00+00:00,BTC,10732.05,10866.15,10637.28,10800.64,274.7744
2025-01-06 11:00:00+00:00,BTC,10800.64,10834.61,10782.28,10790.34,316.4895
2025-01-06 12:00:00+00:00,BTC,10790.34,10902.75,10664.39,10827.32,776.9619
2025-01-06 13:00:00+00:00,BTC,10827.32,10865.91,10823.81,10862.31,530.1318
2025-01-06 14:00:00+00:00,BTC,10862.31,10941.76,10798.48,10848.28,401.1979
2025-01-06 15:00:00+00:00,BTC,10848.28,10962.56,10576.99,10777.26,421.4212
2025-01-06 16:00:00+00:00,BTC,10777.26,10820.69,10686.1,10813.85,911.3829
2025-01-06 17:00:00+00:00,BTC,10813.85,10859.78,10705.52,10853.7,397.3124
2025-01-06 18:00:00+00:00,BTC,10853.7,10982.83,10832.22,10912.08,590.0966
2025-01-06 19:00:00+00:00,BTC,10912.08,10976.79,10904.67,10932.53,678.3199
2025-01-06 20:00:00+00:00,BTC,10932.53,11032.43,10835.13,10856.15,829.1059
2025-01-06 21:00:00+00:00,BTC,10856.15,10995.01,10829.33,10901.21,371.1982
2025-01-06 22:00:00+00:00,BTC,10901.21,10981.85,10858.98,10901.12,306.3729
2025-01-06 23:00:00+00:00,BTC,10901.12,11013.22,10837.78,10869.59,339.7881
2025-01-07 00:00:00+00:00,BTC,10869.59,10992.72,10822.69,10850.39,645.7864
2025-01-07 01:00:00+00:00,BTC,10850.39,10865.98,10750.39,10805.55,1004.0278
2025-01-07 02:00:00+00:00,BTC,10805.55,10868.67,10795.17,10863.33,653.6915
2025-01-07 03:00:00+00:00,BTC,10863.33,10888.05,10695.37,10771.29,396.9397
2025-01-07 04:00:00+00:00,BTC,10771.29,10832.19,10633.3,10707.27,757.7451
2025-01-07 05:00:00+00:00,BTC,10707.27,10712.65,10670.57,10686.17,424.293
2025-01-07 06:00:00+00:00,BTC,10686.17,10870.88,10665.02,10790.14,373.7215
2025-01-07 07:00:00+00:00,BTC,10790.14,10895.86,10771.32,10858.62,445.2372
2025-01-07 08:00:00+00:00,BTC,10858.62,10886.69,10727.11,10752.24,407.9787
2025-01-07 09:00:00+00:00,BTC,10752.24,10886.55,10695.67,10839.77,391.0926
2025-01-07 10:00:00+00:00,BTC,10839.77,11025.44,10782.4,10927.89,766.7979
2025-01-07 11:00:00+00:00,BTC,10927.89,10968.08,10835.59,10851.19,417.4176
2025-01-07 12:00:00+00:00,BTC,10851.19,10875.22,10652.84,10688.26,286.8778
2025-01-07 13:00:00+00:00,BTC,10688.26,10750.14,10674.73,10683.63,613.7961
2025-01-07 14:00:00+00:00,BTC,10683.63,10872.6,10645.71,10755.82,357.9834
2025-01-07 15:00:00+00:00,BTC,10755.82,10875.81,10728.86,10859.0,362.0454
2025-01-07 16:00:00+00:00,BTC,10859.0,10925.81,10645.34,10802.41,639.088
2025-01-07 17:00:00+00:00,BTC,10802.41,10927.51,10677.17,10916.56,387.8848
2025-01-07 18:00:00+00:00,BTC,10916.56,10951.76,10764.21,10771.61,426.7129
2025-01-07 19:00:00+00:00,BTC,10771.61,10796.27,10733.94,10747.85,507.4355
2025-01-07 20:00:00+00:00,BTC,10747.85,10748.38,10711.59,10720.98,452.3193
2025-01-07 21:00:00+00:00,BTC,10720.98,10804.48,10680.95,10795.36,430.2567
2025-01-07 22:00:00+00:00,BTC,10795.36,10974.41,10786.64,10879.78,220.2093
2025-01-07 23:00:00+00:00,BTC,10879.78,11001.5,10837.77,10942.25,470.646
2025-01-08 00:00:00+00:00,BTC,10942.25,10978.6,10790.99,10853.94,879.468
2025-01-08 01:00:00+00:00,BTC,10853.94,10973.53,10819.68,10910.26,623.2723
2025-01-08 02:00:00+00:00,BTC,10910.26,10975.54,10872.9,10943.64,438.4223
2025-01-08 03:00:00+00:00,BTC,10943.64,11010.8,10802.63,10834.45,589.4389
2025-01-08 04:00:00+00:00,BTC,10834.45,10918.18,10692.03,10700.91,622.7745
2025-01-08 05:00:00+00:00,BTC,10700.91,10789.06,10654.42,10767.76,372.3695
2025-01-08 06:00:00+00:00,BTC,10767.76,10881.01,10693.89,10756.13,776.3623
2025-01-08 07:00:00+00:00,BTC,10756.13,10798.78,10671.11,10673.51,529.3682
2025-01-08 08:00:00+00:00,BTC,10673.51,10713.02,10658.92,10660.18,448.2238
2025-01-08 09:00:00+00:00,BTC,10660.18,10709.81,10561.24,10683.49,872.4114
2025-01-08 10:00:00+00:00,BTC,10683.49,10696.1,10655.42,10678.19,242.425
2025-01-08 11:00:00+00:00,BTC,10678.19,10729.0,10540.56,10579.21,331.3167
2025-01-08 12:00:00+00:00,BTC,10579.21,10788.62,10502.48,10699.58,625.8864
2025-01-08 13:00:00+00:00,BTC,10699.58,10852.36,10666.43,10764.24,633.0424
2025-01-08 14:00:00+00:00,BTC,10764.24,10809.97,10700.67,10742.6,889.7892
2025-01-08 15:00:00+00:00,BTC,10742.6,10887.45,10628.65,10723.6,227.0146
2025-01-08 16:00:00+00:00,BTC,10723.6,10811.52,10706.67,10746.75,675.2971
2025-01-08 17:00:00+00:00,BTC,10746.75,10754.41,10668.79,10674.16,323.3502
2025-01-08 18:00:00+00:00,BTC,10674.16,10696.63,10608.61,10694.85,578.954
2025-01-08 19:00:00+00:00,BTC,10694.85,10817.22,10601.92,10609.8,488.7505
2025-01-08 20:00:00+00:00,BTC,10609.8,10626.55,10598.13,10605.31,673.2206
2025-01-08 21:00:00+00:00,BTC,10605.31,10636.41,10527.73,10531.21,460.4605
2025-01-08 22:00:00+00:00,BTC,10531.21,10587.65,10419.2,10460.8,712.2747
2025-01-08 23:00:00+00:00,BTC,10460.8,10658.97,10361.66,10564.6,374.1956
2025-01-09 00:00:00+00:00,BTC,10564.6,10584.89,10510.47,10568.36,485.9485
2025-01-09 01:00:00+00:00,BTC,10568.36,10622.83,10548.36,10581.52,534.9016
2025-01-09 02:00:00+00:00,BTC,10581.52,10655.52,10394.76,10454.58,899.1533
2025-01-09 03:00:00+00:00,BTC,10454.58,10483.61,10286.35,10417.2,669.2383
2025-01-09 04:00:00+00:00,BTC,10417.2,10456.57,10416.92,10446.07,537.073
2025-01-09 05:00:00+00:00,BTC,10446.07,10489.83,10443.12,10458.24,625.4931
2025-01-09 06:00:00+00:00,BTC,10458.24,10507.23,10134.63,10323.95,731.2551
2025-01-09 07:00:00+00:00,BTC,10323.95,10355.03,10289.73,10336.79,570.034
2025-01-09 08:00:00+00:00,BTC,10336.79,10392.84,10301.29,10359.55,349.2447
2025-01-09 09:00:00+00:00,BTC,10359.55,10450.29,10340.86,10439.65,622.9956
2025-01-09 10:00:00+00:00,BTC,10439.65,10477.54,10304.98,10398.69,495.0695
2025-01-09 11:00:00+00:00,BTC,10398.69,10479.31,10112.8,10259.74,441.8904
2025-01-09 12:00:00+00:00,BTC,10259.74,10362.14,10075.5,10198.56,379.8494
2025-01-09 13:00:00+00:00,BTC,10198.56,10200.09,10119.58,10131.65,612.3931
2025-01-09 14:00:00+00:00,BTC,10131.65,10182.31,10067.9,10176.53,598.1302
2025-01-09 15:00:00+00:00,BTC,10176.53,10186.63,10007.92,10012.0,357.8665
2025-01-09 16:00:00+00:00,BTC,10012.0,10080.36,9927.28,9985.1,339.4982
2025-01-09 17:00:00+00:00,BTC,9985.1,10132.43,9932.06,10070.89,969.3991
2025-01-09 18:00:00+00:00,BTC,10070.89,10108.77,9920.97,10071.32,675.7531
2025-01-09 19:00:00+00:00,BTC,10071.32,10219.41,9976.21,10125.63,515.4093
2025-01-09 20:00:00+00:00,BTC,10125.63,10150.97,9986.6,10026.37,618.1888
2025-01-09 21:00:00+00:00,BTC,10026.37,10116.04,9888.05,9930.46,424.4955
2025-01-09 22:00:00+00:00,BTC,9930.46,10041.86,9896.49,10016.47,470.7226
2025-01-09 23:00:00+00:00,BTC,10016.47,10057.99,10000.71,10022.55,503.7711
2025-01-10 00:00:00+00:00,BTC,10022.55,10103.23,10021.25,10028.77,700.724
2025-01-10 01:00:00+00:00,BTC,10028.77,10043.87,9888.09,9961.71,304.8878
2025-01-10 02:00:00+00:00,BTC,9961.71,9995.89,9880.38,9967.73,349.8546
2025-01-10 03:00:00+00:00,BTC,9967.73,10028.82,9897.18,9899.43,325.6908
2025-01-10 04:00:00+00:00,BTC,9899.43,10020.82,9862.61,9970.18,673.9792
2025-01-10 05:00:00+00:00,BTC,9970.18,10229.01,9969.92,10134.71,482.6483
2025-01-10 06:00:00+00:00,BTC,10134.71,10233.25,10091.61,10164.18,362.8088
2025-01-10 07:00:00+00:00,BTC,10164.18,10262.86,10002.69,10125.53,462.6986
2025-01-10 08:00:00+00:00,BTC,10125.53,10160.6,9971.24,9972.77,400.8055
2025-01-10 09:00:00+00:00,BTC,9972.77,9979.39,9762.83,9872.48,302.633
2025-01-10 10:00:00+00:00,BTC,9872.48,9991.14,9854.26,9965.01,777.2258
2025-01-10 11:00:00+00:00,BTC,9965.01,10143.65,9855.34,9903.67,474.5363
2025-01-10 12:00:00+00:00,BTC,9903.67,9922.44,9840.75,9881.66,783.5347
2025-01-10 13:00:00+00:00,BTC,9881.66,9923.2,9838.38,9920.59,301.128
2025-01-10 14:00:00+00:00,BTC,9920.59,10032.37,9889.93,10009.21,596.5151
2025-01-10 15:00:00+00:00,BTC,10009.21,10023.44,9930.79,9997.23,301.79
2025-01-10 16:00:00+00:00,BTC,9997.23,10092.48,9947.27,9972.99,1176.7265
2025-01-10 17:00:00+00:00,BTC,9972.99,9983.71,9956.1,9977.28,272.9525
2025-01-10 18:00:00+00:00,BTC,9977.28,9989.51,9932.38,9939.77,937.4949
2025-01-10 19:00:00+00:00,BTC,9939.77,9984.49,9858.13,9905.61,496.5428
2025-01-10 20:00:00+00:00,BTC,9905.61,9990.73,9885.95,9930.12,469.0212
2025-01-10 21:00:00+00:00,BTC,9930.12,9949.35,9851.21,9941.17,614.5421
2025-01-10 22:00:00+00:00,BTC,9941.17,10083.69,9780.12,10069.13,360.0705
2025-01-10 23:00:00+00:00,BTC,10069.13,10282.46,10002.62,10095.67,658.1257
2025-01-11 00:00:00+00:00,BTC,10095.67,10176.22,10050.23,10165.65,675.212
2025-01-11 01:00:00+00:00,BTC,10165.65,10182.29,10053.63,10100.51,502.0889
2025-01-11 02:00:00+00:00,BTC,10100.51,10225.3,10052.36,10132.39,545.7311
2025-01-11 03:00:00+00:00,BTC,10132.39,10190.77,10028.68,10088.53,982.3856
2025-01-11 04:00:00+00:00,BTC,10088.53,10148.66,10034.57,10112.5,627.9875
2025-01-11 05:00:00+00:00,BTC,10112.5,10288.59,10037.11,10154.36,380.2527
2025-01-11 06:00:00+00:00,BTC,10154.36,10263.32,10105.71,10157.4,650.2095
2025-01-11 07:00:00+00:00,BTC,10157.4,10349.54,10112.51,10305.18,414.1927
2025-01-11 08:00:00+00:00,BTC,10305.18,10483.11,10274.79,10393.85,387.0544
2025-01-11 09:00:00+00:00,BTC,10393.85,10605.94,10309.46,10467.52,598.2656
2025-01-11 10:00:00+00:00,BTC,10467.52,10543.57,10456.11,10515.64,351.1916
2025-01-11 11:00:00+00:00,BTC,10515.64,10709.33,10486.44,10627.48,508.1853
2025-01-11 12:00:00+00:00,BTC,10627.48,10788.21,10482.47,10536.25,632.969
2025-01-11 13:00:00+00:00,BTC,10536.25,10640.5,10498.74,10623.23,975.5552
2025-01-11 14:00:00+00:00,BTC,10623.23,10706.44,10488.86,10560.24,625.1709
2025-01-11 15:00:00+00:00,BTC,10560.24,10593.64,10444.44,10524.54,298.903
2025-01-11 16:00:00+00:00,BTC,10524.54,10604.08,10459.68,10560.05,315.6968
2025-01-11 17:00:00+00:00,BTC,10560.05,10673.39,10493.98,10638.48,914.9128
2025-01-11 18:00:00+00:00,BTC,10638.48,10663.99,10494.37,10565.1,400.4621
2025-01-11 19:00:00+00:00,BTC,10565.1,10659.57,10494.87,10532.66,294.078
2025-01-11 20:00:00+00:00,BTC,10532.66,10563.19,10506.69,10538.82,351.7564
2025-01-11 21:00:00+00:00,BTC,10538.82,10570.99,10497.45,10527.05,660.2072
2025-01-11 22:00:00+00:00,BTC,10527.05,10581.95,10453.26,10581.13,520.1421
2025-01-11 23:00:00+00:00,BTC,10581.13,10805.61,10549.09,10801.53,627.1434
2025-01-12 00:00:00+00:00,BTC,10801.53,10910.67,10759.51,10828.74,494.2572
2025-01-12 01:00:00+00:00,BTC,10828.74,10902.56,10760.64,10781.07,339.8857
2025-01-12 02:00:00+00:00,BTC,10781.07,10787.91,10669.03,10697.53,267.4869
2025-01-12 03:00:00+00:00,BTC,10697.53,10797.33,10569.69,10676.68,373.3449
2025-01-12 04:00:00+00:00,BTC,10676.68,10686.61,10568.67,10616.61,521.77
2025-01-12 05:00:00+00:00,BTC,10616.61,10649.34,10598.62,10646.44,330.4202
2025-01-12 06:00:00+00:00,BTC,10646.44,10706.44,10607.06,10675.35,705.3004
2025-01-12 07:00:00+00:00,BTC,10675.35,10714.73,10576.05,10645.73,352.3356
2025-01-12 08:00:00+00:00,BTC,10645.73,10775.16,10516.55,10773.27,280.4565
2025-01-12 09:00:00+00:00,BTC,10773.27,10834.17,10681.32,10725.84,500.1158
2025-01-12 10:00:00+00:00,BTC,10725.84,10819.8,10709.96,10718.16,652.5325
2025-01-12 11:00:00+00:00,BTC,10718.16,10809.53,10691.66,10759.34,843.0315
2025-01-12 12:00:00+00:00,BTC,10759.34,10852.11,10700.38,10817.08,284.4277
2025-01-12 13:00:00+00:00,BTC,10817.08,10945.17,10798.16,10900.32,822.9534
2025-01-12 14:00:00+00:00,BTC,10900.32,10960.32,10837.34,10928.38,533.5084
2025-01-12 15:00:00+00:00,BTC,10928.38,11018.31,10909.39,10997.5,402.3235
2025-01-12 16:00:00+00:00,BTC,10997.5,11028.81,10784.27,10953.7,634.5351
2025-01-12 17:00:00+00:00,BTC,10953.7,11061.56,10776.96,11014.21,803.5126
2025-01-12 18:00:00+00:00,BTC,11014.21,11100.34,10997.95,11074.16,277.8091
2025-01-12 19:00:00+00:00,BTC,11074.16,11236.43,11073.4,11175.14,429.9986
2025-01-12 20:00:00+00:00,BTC,11175.14,11183.78,11060.01,11063.83,413.2166
2025-01-12 21:00:00+00:00,BTC,11063.83,11098.63,10990.74,11003.77,622.4753
2025-01-12 22:00:00+00:00,BTC,11003.77,11096.44,10998.67,11058.25,833.4872
2025-01-12 23:00:00+00:00,BTC,11058.25,11061.77,10870.4,10883.73,513.0114
2025-01-13 00:00:00+00:00,BTC,10883.73,10929.09,10852.01,10915.9,451.3947
2025-01-13 01:00:00+00:00,BTC,10915.9,11009.32,10764.78,10985.54,584.3408
2025-01-13 02:00:00+00:00,BTC,10985.54,10991.86,10694.8,10947.61,460.6051
2025-01-13 03:00:00+00:00,BTC,10947.61,10964.95,10790.25,10919.39,233.987
2025-01-13 04:00:00+00:00,BTC,10919.39,10978.81,10655.38,10849.24,599.1834
2025-01-13 05:00:00+00:00,BTC,10849.24,10872.32,10724.29,10815.35,705.9855
2025-01-13 06:00:00+00:00,BTC,10815.35,10835.62,10780.85,10783.43,728.0734
2025-01-13 07:00:00+00:00,BTC,10783.43,10891.67,10626.18,10739.34,333.6225
2025-01-13 08:00:00+00:00,BTC,10739.34,10781.49,10637.78,10691.91,618.3864
2025-01-13 09:00:00+00:00,BTC,10691.91,10737.04,10539.49,10674.54,854.9788
2025-01-13 10:00:00+00:00,BTC,10674.54,10711.96,10641.19,10656.42,1212.3599
2025-01-13 11:00:00+00:00,BTC,10656.42,10833.97,10555.75,10776.93,591.2473
2025-01-13 12:00:00+00:00,BTC,10776.93,10834.9,10689.52,10751.47,705.5372
2025-01-13 13:00:00+00:00,BTC,10751.47,10805.49,10709.59,10773.7,353.2547
2025-01-13 14:00:00+00:00,BTC,10773.7,10838.06,10673.71,10736.47,337.4503
2025-01-13 15:00:00+00:00,BTC,10736.47,10772.73,10612.39,10698.55,706.3947
2025-01-13 16:00:00+00:00,BTC,10698.55,10895.53,10482.39,10589.71,245.1937
2025-01-13 17:00:00+00:00,BTC,10589.71,10618.39,10489.05,10490.33,527.9387
2025-01-13 18:00:00+00:00,BTC,10490.33,10575.09,10313.97,10414.64,824.9458
2025-01-13 19:00:00+00:00,BTC,10414.64,10462.22,10343.33,10426.12,641.631
2025-01-13 20:00:00+00:00,BTC,10426.12,10517.3,10385.64,10493.66,640.1691
2025-01-13 21:00:00+00:00,BTC,10493.66,10513.41,10352.8,10381.77,491.4171
2025-01-13 22:00:00+00:00,BTC,10381.77,10427.81,10237.56,10347.63,433.1776
2025-01-13 23:00:00+00:00,BTC,10347.63,10383.95,10230.87,10263.11,1062.9246
2025-01-14 00:00:00+00:00,BTC,10263.11,10366.17,10191.09,10246.85,769.9946
2025-01-14 01:00:00+00:00,BTC,10246.85,10358.49,10228.35,10313.2,672.3628
2025-01-14 02:00:00+00:00,BTC,10313.2,10459.43,10246.76,10285.58,504.8968
2025-01-14 03:00:00+00:00,BTC,10285.58,10406.98,10242.27,10282.65,407.5511
2025-01-14 04:00:00+00:00,BTC,10282.65,10413.17,10243.82,10372.83,729.5883
2025-01-14 05:00:00+00:00,BTC,10372.83,10456.58,10355.37,10401.36,449.0791
2025-01-14 06:00:00+00:00,BTC,10401.36,10446.04,10308.48,10354.04,513.965
2025-01-14 07:00:00+00:00,BTC,10354.04,10436.64,10333.58,10363.91,620.2363
2025-01-14 08:00:00+00:00,BTC,10363.91,10365.52,10273.52,10312.58,538.0338
2025-01-14 09:00:00+00:00,BTC,10312.58,10356.73,10208.11,10338.63,860.1495
2025-01-14 10:00:00+00:00,BTC,10338.63,10435.44,10291.06,10370.65,315.016
2025-01-14 11:00:00+00:00,BTC,10370.65,10424.64,10220.92,10285.93,511.9239
2025-01-14 12:00:00+00:00,BTC,10285.93,10336.11,10285.29,10296.74,1056.7259
2025-01-14 13:00:00+00:00,BTC,10296.74,10403.66,10226.31,10289.48,684.4234
2025-01-14 14:00:00+00:00,BTC,10289.48,10413.55,10166.43,10323.16,466.6795
2025-01-14 15:00:00+00:00,BTC,10323.16,10537.54,10247.65,10374.78,661.2919
2025-01-14 16:00:00+00:00,BTC,10374.78,10416.46,10371.3,10404.55,491.7153
2025-01-14 17:00:00+00:00,BTC,10404.55,10405.5,10371.25,10385.64,835.3394
2025-01-14 18:00:00+00:00,BTC,10385.64,10501.88,10288.52,10443.96,666.5044
2025-01-14 19:00:00+00:00,BTC,10443.96,10554.58,10338.47,10389.39,369.1959
2025-01-14 20:00:00+00:00,BTC,10389.39,10390.3,10227.86,10307.4,543.5027
2025-01-14 21:00:00+00:00,BTC,10307.4,10334.6,10110.81,10111.67,578.8985
2025-01-14 22:00:00+00:00,BTC,10111.67,10122.69,10100.47,10107.42,589.0117
2025-01-14 23:00:00+00:00,BTC,10107.42,10131.0,10049.18,10057.72,559.0117
2025-01-15 00:00:00+00:00,BTC,10057.72,10095.49,10020.97,10081.75,609.2744
2025-01-15 01:00:00+00:00,BTC,10081.75,10124.94,9898.82,9963.21,578.9794
2025-01-15 02:00:00+00:00,BTC,9963.21,9996.69,9911.42,9924.6,388.4608
2025-01-15 03:00:00+00:00,BTC,9924.6,10039.26,9908.21,9952.64,426.1715
2025-01-15 04:00:00+00:00,BTC,9952.64,9955.74,9855.89,9891.33,457.4419
2025-01-15 05:00:00+00:00,BTC,9891.33,9922.14,9822.9,9915.65,517.0005
2025-01-15 06:00:00+00:00,BTC,9915.65,9929.53,9812.91,9882.57,457.9651
2025-01-15 07:00:00+00:00,BTC,9882.57,9986.4,9844.87,9880.62,735.5483
2025-01-15 08:00:00+00:00,BTC,9880.62,9928.94,9844.68,9915.97,357.2955
2025-01-15 09:00:00+00:00,BTC,9915.97,9978.71,9874.89,9972.82,272.459
2025-01-15 10:00:00+00:00,BTC,9972.82,10012.46,9942.39,9978.36,995.2596
2025-01-15 11:00:00+00:00,BTC,9978.36,10133.39,9839.48,9929.74,375.584
2025-01-15 12:00:00+00:00,BTC,9929.74,9943.9,9886.04,9902.49,734.9042
2025-01-15 13:00:00+00:00,BTC,9902.49,10021.14,9857.68,9940.41,618.6963
2025-01-15 14:00:00+00:00,BTC,9940.41,9970.03,9725.77,9879.68,380.2452
2025-01-15 15:00:00+00:00,BTC,9879.68,9925.24,9774.09,9869.13,477.2633
2025-01-15 16:00:00+00:00,BTC,9869.13,9951.26,9797.75,9846.31,453.0145
2025-01-15 17:00:00+00:00,BTC,9846.31,9919.09,9828.01,9840.2,566.423
2025-01-15 18:00:00+00:00,BTC,9840.2,9946.5,9697.87,9780.79,382.2247
2025-01-15 19:00:00+00:00,BTC,9780.79,9820.63,9649.75,9672.72,470.0445
2025-01-15 20:00:00+00:00,BTC,9672.72,9754.64,9668.38,9702.98,493.5232
2025-01-15 21:00:00+00:00,BTC,9702.98,9772.18,9603.61,9759.28,735.2756
2025-01-15 22:00:00+00:00,BTC,9759.28,9821.84,9521.44,9654.9,432.9917
2025-01-15 23:00:00+00:00,BTC,9654.9,9684.43,9628.62,9676.29,355.3594
2025-01-16 00:00:00+00:00,BTC,9676.29,9782.0,9653.59,9739.38,413.2109
2025-01-16 01:00:00+00:00,BTC,9739.38,9791.5,9737.78,9774.27,568.5381
2025-01-16 02:00:00+00:00,BTC,9774.27,9853.1,9746.81,9749.86,268.9571
2025-01-16 03:00:00+00:00,BTC,9749.86,9784.5,9670.89,9694.83,760.266
2025-01-16 04:00:00+00:00,BTC,9694.83,9746.26,9677.0,9699.54,503.4509
2025-01-16 05:00:00+00:00,BTC,9699.54,9717.98,9676.46,9713.97,581.8622
2025-01-16 06:00:00+00:00,BTC,9713.97,9721.85,9712.33,9719.55,539.8669
2025-01-16 07:00:00+00:00,BTC,9719.55,9747.25,9685.17,9709.06,395.8485
2025-01-16 08:00:00+00:00,BTC,9709.06,9709.13,9618.62,9646.19,342.3517
2025-01-16 09:00:00+00:00,BTC,9646.19,9800.52,9537.87,9670.69,391.2867
2025-01-16 10:00:00+00:00,BTC,9670.69,9751.48,9669.87,9698.04,295.1542
2025-01-16 11:00:00+00:00,BTC,9698.04,9768.15,9589.73,9709.74,564.8141
2025-01-16 12:00:00+00:00,BTC,9709.74,9722.42,9634.02,9716.21,472.3142
2025-01-16 13:00:00+00:00,BTC,9716.21,9884.8,9675.63,9814.6,292.2458
2025-01-16 14:00:00+00:00,BTC,9814.6,9896.46,9745.58,9777.9,402.9575
2025-01-16 15:00:00+00:00,BTC,9777.9,9937.98,9755.56,9853.37,628.1981
2025-01-16 16:00:00+00:00,BTC,9853.37,9868.77,9743.29,9810.06,786.1645
2025-01-16 17:00:00+00:00,BTC,9810.06,9901.39,9796.88,9875.56,319.0184
2025-01-16 18:00:00+00:00,BTC,9875.56,9967.39,9774.43,9948.91,1065.3878
2025-01-16 19:00:00+00:00,BTC,9948.91,9965.11,9904.43,9931.43,357.3849
2025-01-16 20:00:00+00:00,BTC,9931.43,10099.41,9889.76,10030.9,275.3219
2025-01-16 21:00:00+00:00,BTC,10030.9,10113.91,10008.74,10059.17,924.9298
2025-01-16 22:00:00+00:00,BTC,10059.17,10174.6,9991.59,10006.36,347.3439
2025-01-16 23:00:00+00:00,BTC,10006.36,10008.74,9932.93,9983.92,852.3094
2025-01-17 00:00:00+00:00,BTC,9983.92,10055.31,9964.72,10052.01,396.1902
2025-01-17 01:00:00+00:00,BTC,10052.01,10169.19,10021.39,10107.84,451.25
2025-01-17 02:00:00+00:00,BTC,10107.84,10118.55,10032.75,10043.87,316.6568
2025-01-17 03:00:00+00:00,BTC,10043.87,10162.67,10029.29,10035.48,781.8881
2025-01-17 04:00:00+00:00,BTC,10035.48,10093.45,9974.02,10047.75,745.1858
2025-01-17 05:00:00+00:00,BTC,10047.75,10117.6,9912.52,10017.19,396.8017
2025-01-17 06:00:00+00:00,BTC,10017.19,10248.54,10010.6,10159.91,487.0651
2025-01-17 07:00:00+00:00,BTC,10159.91,10284.48,10113.15,10174.16,630.3912
2025-01-17 08:00:00+00:00,BTC,10174.16,10218.01,10120.26,10170.39,423.949
2025-01-17 09:00:00+00:00,BTC,10170.39,10417.73,10099.53,10243.32,806.0014
2025-01-17 10:00:00+00:00,BTC,10243.32,10317.39,10169.43,10220.9,481.8149
2025-01-17 11:00:00+00:00,BTC,10220.9,10306.26,10208.99,10282.86,416.8765
2025-01-17 12:00:00+00:00,BTC,10282.86,10346.02,10158.91,10180.48,287.3255
2025-01-17 13:00:00+00:00,BTC,10180.48,10196.98,10112.63,10152.81,317.9228
2025-01-17 14:00:00+00:00,BTC,10152.81,10250.55,10119.51,10216.92,614.3719
2025-01-17 15:00:00+00:00,BTC,10216.92,10333.46,10113.1,10313.63,542.9487
2025-01-17 16:00:00+00:00,BTC,10313.63,10330.49,10251.82,10265.89,665.2125
2025-01-17 17:00:00+00:00,BTC,10265.89,10435.78,10074.73,10211.22,410.5966
2025-01-17 18:00:00+00:00,BTC,10211.22,10270.55,10196.98,10246.05,281.5054
2025-01-17 19:00:00+00:00,BTC,10246.05,10274.97,10204.53,10207.82,420.2706
2025-01-17 20:00:00+00:00,BTC,10207.82,10261.98,9977.25,10191.38,1020.3302
2025-01-17 21:00:00+00:00,BTC,10191.38,10287.5,10109.25,10245.11,356.7087
2025-01-17 22:00:00+00:00,BTC,10245.11,10252.75,10207.16,10211.72,493.6656
2025-01-17 23:00:00+00:00,BTC,10211.72,10242.25,10022.58,10092.01,214.8325
2025-01-18 00:00:00+00:00,BTC,10092.01,10110.17,9950.4,10013.53,416.819
2025-01-18 01:00:00+00:00,BTC,10013.53,10019.22,9975.08,10014.13,432.5642
2025-01-18 02:00:00+00:00,BTC,10014.13,10020.41,9863.65,9902.79,561.5801
2025-01-18 03:00:00+00:00,BTC,9902.79,9956.22,9855.21,9885.15,447.3434
2025-01-18 04:00:00+00:00,BTC,9885.15,10027.35,9700.38,9802.93,293.8601
2025-01-18 05:00:00+00:00,BTC,9802.93,9933.7,9795.45,9899.86,396.3273
2025-01-18 06:00:00+00:00,BTC,9899.86,10137.22,9878.78,10029.31,465.5492
2025-01-18 07:00:00+00:00,BTC,10029.31,10054.9,9931.63,9965.83,352.817
2025-01-18 08:00:00+00:00,BTC,9965.83,10100.3,9923.16,9981.19,371.2241
2025-01-18 09:00:00+00:00,BTC,9981.19,10027.14,9916.52,9923.84,710.8219
2025-01-18 10:00:00+00:00,BTC,9923.84,9924.72,9904.64,9905.44,401.7785
2025-01-18 11:00:00+00:00,BTC,9905.44,10013.4,9861.87,10013.21,583.2363
2025-01-18 12:00:00+00:00,BTC,10013.21,10044.11,9936.58,9985.21,469.9715
2025-01-18 13:00:00+00:00,BTC,9985.21,10009.13,9846.96,9968.09,325.096
2025-01-18 14:00:00+00:00,BTC,9968.09,10021.32,9824.3,9911.88,444.9982
2025-01-18 15:00:00+00:00,BTC,9911.88,10056.61,9781.66,9980.28,553.6059
2025-01-18 16:00:00+00:00,BTC,9980.28,10039.68,9717.04,9786.77,918.2609
2025-01-18 17:00:00+00:00,BTC,9786.77,9901.57,9717.33,9760.8,381.5808
2025-01-18 18:00:00+00:00,BTC,9760.8,9775.95,9633.35,9758.11,485.3021
2025-01-18 19:00:00+00:00,BTC,9758.11,9774.77,9629.36,9719.49,687.3111
2025-01-18 20:00:00+00:00,BTC,9719.49,9804.51,9608.93,9769.98,777.2728
2025-01-18 21:00:00+00:00,BTC,9769.98,9907.41,9731.04,9840.69,398.4127
2025-01-18 22:00:00+00:00,BTC,9840.69,9922.12,9701.97,9757.67,473.4663
2025-01-18 23:00:00+00:00,BTC,9757.67,9989.19,9654.8,9881.01,738.0796
2025-01-19 00:00:00+00:00,BTC,9881.01,9955.13,9768.66,9796.99,598.0151
2025-01-19 01:00:00+00:00,BTC,9796.99,9875.41,9695.41,9873.03,717.888
2025-01-19 02:00:00+00:00,BTC,9873.03,9892.81,9807.01,9881.91,753.4074
2025-01-19 03:00:00+00:00,BTC,9881.91,9890.65,9831.88,9852.09,606.9285
2025-01-19 04:00:00+00:00,BTC,9852.09,9867.77,9796.84,9827.92,525.7624
2025-01-19 05:00:00+00:00,BTC,9827.92,9887.15,9812.53,9825.95,395.3482
2025-01-19 06:00:00+00:00,BTC,9825.95,9840.47,9821.3,9838.24,459.0382
2025-01-19 07:00:00+00:00,BTC,9838.24,9868.78,9712.78,9784.08,469.8233
2025-01-19 08:00:00+00:00,BTC,9784.08,9786.68,9680.6,9770.35,760.7133
2025-01-19 09:00:00+00:00,BTC,9770.35,9849.54,9701.96,9725.28,531.8321
2025-01-19 10:00:00+00:00,BTC,9725.28,9751.34,9611.76,9654.64,533.5974
2025-01-19 11:00:00+00:00,BTC,9654.64,9683.37,9548.47,9607.41,353.0803
2025-01-19 12:00:00+00:00,BTC,9607.41,9646.52,9469.38,9541.34,762.1754
2025-01-19 13:00:00+00:00,BTC,9541.34,9575.16,9508.91,9517.32,382.2372
2025-01-19 14:00:00+00:00,BTC,9517.32,9556.04,9507.8,9542.05,452.5756
2025-01-19 15:00:00+00:00,BTC,9542.05,9569.67,9526.84,9548.96,790.6858
2025-01-19 16:00:00+00:00,BTC,9548.96,9734.63,9492.55,9662.75,681.9259
2025-01-19 17:00:00+00:00,BTC,9662.75,9711.6,9502.4,9535.45,371.3652
2025-01-19 18:00:00+00:00,BTC,9535.45,9587.24,9532.71,9562.34,342.7563
2025-01-19 19:00:00+00:00,BTC,9562.34,9609.24,9544.16,9562.7,465.5886
2025-01-19 20:00:00+00:00,BTC,9562.7,9673.96,9435.11,9609.62,408.6524
2025-01-19 21:00:00+00:00,BTC,9609.62,9808.5,9561.87,9651.02,299.1709
2025-01-19 22:00:00+00:00,BTC,9651.02,9687.28,9599.44,9641.47,384.1201
2025-01-19 23:00:00+00:00,BTC,9641.47,9721.57,9496.49,9651.46,191.099
2025-01-20 00:00:00+00:00,BTC,9651.46,9694.1,9560.77,9608.47,686.0835
2025-01-20 01:00:00+00:00,BTC,9608.47,9706.99,9602.1,9643.91,671.1355
2025-01-20 02:00:00+00:00,BTC,9643.91,9691.46,9477.16,9535.81,818.9312
2025-01-20 03:00:00+00:00,BTC,9535.81,9614.07,9396.47,9580.36,565.8007
2025-01-20 04:00:00+00:00,BTC,9580.36,9785.6,9519.89,9579.02,427.3925
2025-01-20 05:00:00+00:00,BTC,9579.02,9585.09,9518.08,9551.07,715.3695
2025-01-20 06:00:00+00:00,BTC,9551.07,9603.76,9508.64,9537.75,391.1521
2025-01-20 07:00:00+00:00,BTC,9537.75,9659.94,9505.45,9528.65,314.2926
2025-01-20 08:00:00+00:00,BTC,9528.65,9797.42,9528.18,9603.11,474.8878
2025-01-20 09:00:00+00:00,BTC,9603.11,9811.41,9506.73,9791.24,577.3652
2025-01-20 10:00:00+00:00,BTC,9791.24,9916.94,9776.26,9863.16,376.3133
2025-01-20 11:00:00+00:00,BTC,9863.16,9891.29,9786.62,9829.76,346.5339
2025-01-20 12:00:00+00:00,BTC,9829.76,9868.38,9755.22,9866.98,432.1241
2025-01-20 13:00:00+00:00,BTC,9866.98,9938.41,9848.7,9906.92,577.5391
2025-01-20 14:00:00+00:00,BTC,9906.92,9980.69,9817.3,9852.08,475.1867
2025-01-20 15:00:00+00:00,BTC,9852.08,9937.26,9741.92,9777.83,1258.1305
2025-01-20 16:00:00+00:00,BTC,9777.83,9804.71,9752.67,9774.12,476.7459
2025-01-20 17:00:00+00:00,BTC,9774.12,9842.01,9756.12,9821.6,650.2351
2025-01-20 18:00:00+00:00,BTC,9821.6,9894.34,9703.93,9727.08,301.1309
2025-01-20 19:00:00+00:00,BTC,9727.08,9798.3,9627.54,9685.1,614.0158
2025-01-20 20:00:00+00:00,BTC,9685.1,9800.79,9623.48,9718.43,425.2961
2025-01-20 21:00:00+00:00,BTC,9718.43,9734.05,9675.98,9720.86,498.3891
2025-01-20 22:00:00+00:00,BTC,9720.86,9830.17,9688.14,9803.82,902.3383
2025-01-20 23:00:00+00:00,BTC,9803.82,9810.33,9657.25,9721.15,438.9193
2025-01-21 00:00:00+00:00,BTC,9721.15,9903.81,9694.92,9859.32,316.3352
2025-01-21 01:00:00+00:00,BTC,9859.32,9901.93,9758.93,9768.75,334.0772
2025-01-21 02:00:00+00:00,BTC,9768.75,9821.73,9541.91,9650.54,531.1905
2025-01-21 03:00:00+00:00,BTC,9650.54,9685.43,9577.19,9647.13,521.2033
2025-01-21 04:00:00+00:00,BTC,9647.13,9694.61,9566.97,9581.69,513.6758
2025-01-21 05:00:00+00:00,BTC,9581.69,9658.03,9537.08,9579.46,318.8351
2025-01-21 06:00:00+00:00,BTC,9579.46,9624.92,9564.38,9575.22,1016.2053
2025-01-21 07:00:00+00:00,BTC,9575.22,9581.25,9537.1,9563.98,834.7955
2025-01-21 08:00:00+00:00,BTC,9563.98,9583.63,9487.57,9515.76,523.3348
2025-01-21 09:00:00+00:00,BTC,9515.76,9560.32,9503.57,9540.5,293.5985
2025-01-21 10:00:00+00:00,BTC,9540.5,9557.83,9477.66,9522.35,870.5868
2025-01-21 11:00:00+00:00,BTC,9522.35,9593.07,9518.06,9585.62,744.3387
2025-01-21 12:00:00+00:00,BTC,9585.62,9645.26,9524.14,9575.25,518.3202
2025-01-21 13:00:00+00:00,BTC,9575.25,9644.6,9463.95,9519.99,760.6529
2025-01-21 14:00:00+00:00,BTC,9519.99,9520.14,9413.02,9424.07,420.5634
2025-01-21 15:00:00+00:00,BTC,9424.07,9494.83,9377.34,9414.34,357.2791
2025-01-21 16:00:00+00:00,BTC,9414.34,9439.17,9330.44,9342.92,528.3121
2025-01-21 17:00:00+00:00,BTC,9342.92,9371.24,9224.48,9267.55,290.3678
2025-01-21 18:00:00+00:00,BTC,9267.55,9299.36,9150.07,9296.93,339.021
2025-01-21 19:00:00+00:00,BTC,9296.93,9372.67,9197.83,9198.3,604.8401
2025-01-21 20:00:00+00:00,BTC,9198.3,9367.63,9065.51,9276.57,543.8112
2025-01-21 21:00:00+00:00,BTC,9276.57,9288.56,9236.4,9285.46,308.2855
2025-01-21 22:00:00+00:00,BTC,9285.46,9290.8,9241.08,9283.02,433.3126
2025-01-21 23:00:00+00:00,BTC,9283.02,9324.1,9115.54,9225.56,313.0253
2025-01-22 00:00:00+00:00,BTC,9225.56,9345.19,9166.47,9267.97,421.4112
2025-01-22 01:00:00+00:00,BTC,9267.97,9301.79,9242.35,9267.81,405.5932
2025-01-22 02:00:00+00:00,BTC,9267.81,9274.23,9202.04,9229.73,707.6067
2025-01-22 03:00:00+00:00,BTC,9229.73,9304.99,9223.62,9240.81,473.2999
2025-01-22 04:00:00+00:00,BTC,9240.81,9345.59,9136.44,9147.97,459.1921
2025-01-22 05:00:00+00:00,BTC,9147.97,9185.73,9019.49,9058.65,435.8317
2025-01-22 06:00:00+00:00,BTC,9058.65,9129.08,8935.47,8997.97,273.7978
2025-01-22 07:00:00+00:00,BTC,8997.97,9032.42,8965.15,9016.86,483.0323
2025-01-22 08:00:00+00:00,BTC,9016.86,9040.94,8968.87,9016.69,592.0543
2025-01-22 09:00:00+00:00,BTC,9016.69,9104.96,8991.09,9073.62,542.217
2025-01-22 10:00:00+00:00,BTC,9073.62,9210.24,8974.95,9023.67,637.1612
2025-01-22 11:00:00+00:00,BTC,9023.67,9055.59,9012.36,9054.84,648.1098
2025-01-22 12:00:00+00:00,BTC,9054.84,9060.72,9011.07,9048.65,1079.1603
2025-01-22 13:00:00+00:00,BTC,9048.65,9050.37,8989.68,8997.6,336.8206
2025-01-22 14:00:00+00:00,BTC,8997.6,9030.74,8973.8,9018.42,542.8108
2025-01-22 15:00:00+00:00,BTC,9018.42,9036.2,9001.85,9014.85,564.524
2025-01-22 16:00:00+00:00,BTC,9014.85,9055.26,8947.69,8980.89,447.0538
2025-01-22 17:00:00+00:00,BTC,8980.89,9040.44,8930.51,8983.15,400.7087
2025-01-22 18:00:00+00:00,BTC,8983.15,9009.15,8897.53,8976.17,595.3671
2025-01-22 19:00:00+00:00,BTC,8976.17,9079.67,8900.18,8967.9,575.6999
2025-01-22 20:00:00+00:00,BTC,8967.9,8969.62,8859.24,8945.72,345.8589
2025-01-22 21:00:00+00:00,BTC,8945.72,8979.37,8869.63,8875.96,266.5199
2025-01-22 22:00:00+00:00,BTC,8875.96,8899.02,8841.43,8879.94,420.9642
2025-01-22 23:00:00+00:00,BTC,8879.94,8886.9,8730.67,8837.27,395.0082
2025-01-23 00:00:00+00:00,BTC,8837.27,8911.55,8740.99,8783.34,617.4285
2025-01-23 01:00:00+00:00,BTC,8783.34,8824.36,8765.19,8770.66,361.8446
2025-01-23 02:00:00+00:00,BTC,8770.66,8848.01,8712.09,8809.37,469.8637
2025-01-23 03:00:00+00:00,BTC,8809.37,8840.27,8715.73,8819.19,275.1151
2025-01-23 04:00:00+00:00,BTC,8819.19,8840.97,8781.44,8791.13,290.4952
2025-01-23 05:00:00+00:00,BTC,8791.13,8917.51,8717.92,8761.04,381.9493
2025-01-23 06:00:00+00:00,BTC,8761.04,8822.51,8746.27,8794.53,458.0242
2025-01-23 07:00:00+00:00,BTC,8794.53,8912.9,8642.99,8668.97,375.28
2025-01-23 08:00:00+00:00,BTC,8668.97,8748.43,8592.1,8710.54,525.6131
2025-01-23 09:00:00+00:00,BTC,8710.54,8741.48,8598.5,8613.15,275.6593
2025-01-23 10:00:00+00:00,BTC,8613.15,8652.78,8539.5,8540.31,463.7509
2025-01-23 11:00:00+00:00,BTC,8540.31,8559.18,8475.84,8514.0,465.6326
2025-01-23 12:00:00+00:00,BTC,8514.0,8626.25,8491.26,8625.58,301.2262
2025-01-23 13:00:00+00:00,BTC,8625.58,8743.07,8617.92,8712.83,541.6088
2025-01-23 14:00:00+00:00,BTC,8712.83,8772.93,8674.66,8749.84,234.0299
2025-01-23 15:00:00+00:00,BTC,8749.84,8799.62,8743.63,8768.58,393.3841
2025-01-23 16:00:00+00:00,BTC,8768.58,8823.82,8600.46,8671.15,658.6743
2025-01-23 17:00:00+00:00,BTC,8671.15,8755.84,8602.18,8679.31,229.485
2025-01-23 18:00:00+00:00,BTC,8679.31,8693.75,8583.52,8650.75,632.3623
2025-01-23 19:00:00+00:00,BTC,8650.75,8708.68,8561.87,8608.47,332.4627
2025-01-23 20:00:00+00:00,BTC,8608.47,8634.16,8603.27,8616.47,406.6495
2025-01-23 21:00:00+00:00,BTC,8616.47,8718.91,8469.68,8592.15,818.0341
2025-01-23 22:00:00+00:00,BTC,8592.15,8665.86,8569.57,8637.08,401.4896
2025-01-23 23:00:00+00:00,BTC,8637.08,8744.79,8427.39,8537.33,879.5643
2025-01-24 00:00:00+00:00,BTC,8537.33,8595.17,8461.43,8541.18,449.3332
2025-01-24 01:00:00+00:00,BTC,8541.18,8612.22,8486.89,8496.24,485.4096
2025-01-24 02:00:00+00:00,BTC,8496.24,8522.61,8459.87,8475.39,671.4228
2025-01-24 03:00:00+00:00,BTC,8475.39,8500.16,8464.79,8490.89,604.881
2025-01-24 04:00:00+00:00,BTC,8490.89,8496.0,8380.62,8434.16,527.7067
2025-01-24 05:00:00+00:00,BTC,8434.16,8488.53,8430.15,8442.48,425.1511
2025-01-24 06:00:00+00:00,BTC,8442.48,8487.0,8336.25,8431.73,290.5585
2025-01-24 07:00:00+00:00,BTC,8431.73,8463.16,8382.31,8398.37,295.5517
2025-01-24 08:00:00+00:00,BTC,8398.37,8428.17,8286.03,8374.7,791.7259
2025-01-24 09:00:00+00:00,BTC,8374.7,8401.29,8275.17,8366.93,906.3373
2025-01-24 10:00:00+00:00,BTC,8366.93,8409.65,8306.29,8328.48,523.1982
2025-01-24 11:00:00+00:00,BTC,8328.48,8365.89,8325.43,8328.83,268.7593
2025-01-24 12:00:00+00:00,BTC,8328.83,8360.32,8287.53,8314.94,381.5766
2025-01-24 13:00:00+00:00,BTC,8314.94,8333.14,8270.21,8284.5,375.0072
2025-01-24 14:00:00+00:00,BTC,8284.5,8379.26,8254.7,8363.9,411.6138
2025-01-24 15:00:00+00:00,BTC,8363.9,8398.49,8337.17,8384.77,366.8538
2025-01-24 16:00:00+00:00,BTC,8384.77,8394.95,8339.2,8365.54,599.932
2025-01-24 17:00:00+00:00,BTC,8365.54,8438.89,8363.1,8372.86,545.2235
2025-01-24 18:00:00+00:00,BTC,8372.86,8418.7,8315.67,8321.43,869.2494
2025-01-24 19:00:00+00:00,BTC,8321.43,8370.62,8270.52,8299.66,436.3324
2025-01-24 20:00:00+00:00,BTC,8299.66,8300.29,8160.05,8283.73,536.2883
2025-01-24 21:00:00+00:00,BTC,8283.73,8340.62,8160.65,8221.99,648.0728
2025-01-24 22:00:00+00:00,BTC,8221.99,8259.12,8194.59,8241.13,714.9361
2025-01-24 23:00:00+00:00,BTC,8241.13,8266.24,8161.01,8216.16,324.5343
2025-01-25 00:00:00+00:00,BTC,8216.16,8261.56,8179.43,8198.66,576.1128
2025-01-25 01:00:00+00:00,BTC,8198.66,8241.1,8151.13,8170.73,526.3353
2025-01-25 02:00:00+00:00,BTC,8170.73,8456.21,7990.09,8317.09,555.8991
2025-01-25 03:00:00+00:00,BTC,8317.09,8321.26,8209.71,8284.09,510.5461
2025-01-25 04:00:00+00:00,BTC,8284.09,8295.16,8063.42,8181.9,910.6086
2025-01-25 05:00:00+00:00,BTC,8181.9,8290.78,8044.47,8103.74,366.0664
2025-01-25 06:00:00+00:00,BTC,8103.74,8218.61,8090.46,8140.74,358.5639
2025-01-25 07:00:00+00:00,BTC,8140.74,8208.5,8062.02,8206.28,375.1281
2025-01-25 08:00:00+00:00,BTC,8206.28,8228.9,8144.08,8172.78,451.7092
2025-01-25 09:00:00+00:00,BTC,8172.78,8244.07,8155.5,8235.74,554.0578
2025-01-25 10:00:00+00:00,BTC,8235.74,8280.51,8189.1,8272.46,426.2211
2025-01-25 11:00:00+00:00,BTC,8272.46,8301.76,8208.87,8263.06,711.103
2025-01-25 12:00:00+00:00,BTC,8263.06,8328.84,8232.95,8250.16,499.3875
2025-01-25 13:00:00+00:00,BTC,8250.16,8318.64,8202.55,8259.12,483.4155
2025-01-25 14:00:00+00:00,BTC,8259.12,8308.64,8145.18,8302.72,313.884
2025-01-25 15:00:00+00:00,BTC,8302.72,8351.59,8273.23,8322.53,945.7607
2025-01-25 16:00:00+00:00,BTC,8322.53,8341.1,8229.23,8288.8,491.7646
2025-01-25 17:00:00+00:00,BTC,8288.8,8294.36,8228.06,8280.14,886.7781
2025-01-25 18:00:00+00:00,BTC,8280.14,8410.66,8227.5,8379.16,402.1461
2025-01-25 19:00:00+00:00,BTC,8379.16,8402.49,8313.25,8391.8,668.6938
2025-01-25 20:00:00+00:00,BTC,8391.8,8460.77,8379.6,8435.69,410.629
2025-01-25 21:00:00+00:00,BTC,8435.69,8467.12,8305.9,8463.06,945.0831
2025-01-25 22:00:00+00:00,BTC,8463.06,8499.03,8437.09,8476.95,740.1687
2025-01-25 23:00:00+00:00,BTC,8476.95,8621.22,8453.36,8482.48,673.1353
2025-01-26 00:00:00+00:00,BTC,8482.48,8553.62,8477.69,8528.28,387.9815
2025-01-26 01:00:00+00:00,BTC,8528.28,8627.85,8495.19,8565.13,974.5143
2025-01-26 02:00:00+00:00,BTC,8565.13,8632.41,8455.5,8578.7,1020.3489
2025-01-26 03:00:00+00:00,BTC,8578.7,8619.51,8510.47,8543.07,437.7873
2025-01-26 04:00:00+00:00,BTC,8543.07,8571.82,8529.86,8562.85,529.1067
2025-01-26 05:00:00+00:00,BTC,8562.85,8563.74,8540.57,8559.41,691.5892
2025-01-26 06:00:00+00:00,BTC,8559.41,8587.37,8536.2,8543.59,250.7222
2025-01-26 07:00:00+00:00,BTC,8543.59,8809.52,8440.61,8682.02,746.6994
2025-01-26 08:00:00+00:00,BTC,8682.02,8701.94,8567.46,8602.22,715.4373
2025-01-26 09:00:00+00:00,BTC,8602.22,8706.08,8537.87,8651.83,410.5541
2025-01-26 10:00:00+00:00,BTC,8651.83,8755.16,8488.36,8607.17,232.1301
2025-01-26 11:00:00+00:00,BTC,8607.17,8632.04,8509.17,8613.94,561.8427
2025-01-26 12:00:00+00:00,BTC,8613.94,8785.94,8607.7,8747.73,336.2404
2025-01-26 13:00:00+00:00,BTC,8747.73,8818.16,8694.9,8697.36,286.7861
2025-01-26 14:00:00+00:00,BTC,8697.36,8716.95,8654.45,8659.67,569.2708
2025-01-26 15:00:00+00:00,BTC,8659.67,8691.15,8571.55,8658.76,793.0552
2025-01-26 16:00:00+00:00,BTC,8658.76,8669.67,8563.14,8614.85,463.118
2025-01-26 17:00:00+00:00,BTC,8614.85,8722.66,8562.18,8660.67,757.033
2025-01-26 18:00:00+00:00,BTC,8660.67,8740.17,8587.11,8632.94,630.8419
2025-01-26 19:00:00+00:00,BTC,8632.94,8722.15,8613.85,8666.88,309.201
2025-01-26 20:00:00+00:00,BTC,8666.88,8731.33,8540.5,8598.04,411.8525
2025-01-26 21:00:00+00:00,BTC,8598.04,8650.95,8443.08,8505.33,729.4946
2025-01-26 22:00:00+00:00,BTC,8505.33,8579.2,8437.48,8493.65,410.6807
2025-01-26 23:00:00+00:00,BTC,8493.65,8605.86,8353.0,8414.09,666.0038
2025-01-27 00:00:00+00:00,BTC,8414.09,8500.1,8264.39,8491.09,433.1378
2025-01-27 01:00:00+00:00,BTC,8491.09,8523.46,8253.36,8413.51,643.5807
2025-01-27 02:00:00+00:00,BTC,8413.51,8423.66,8351.93,8361.29,581.0255
2025-01-27 03:00:00+00:00,BTC,8361.29,8383.95,8352.91,8382.07,458.3834
2025-01-27 04:00:00+00:00,BTC,8382.07,8488.54,8325.28,8352.63,637.2598
2025-01-27 05:00:00+00:00,BTC,8352.63,8367.47,8275.59,8276.88,234.7808
2025-01-27 06:00:00+00:00,BTC,8276.88,8389.33,8265.5,8378.81,341.9359
2025-01-27 07:00:00+00:00,BTC,8378.81,8409.09,8327.15,8328.6,425.1059
2025-01-27 08:00:00+00:00,BTC,8328.6,8440.77,8266.2,8318.8,753.7449
2025-01-27 09:00:00+00:00,BTC,8318.8,8355.93,8307.59,8308.37,301.4027
2025-01-27 10:00:00+00:00,BTC,8308.37,8394.32,8269.23,8343.85,493.9661
2025-01-27 11:00:00+00:00,BTC,8343.85,8415.78,8297.5,8367.03,558.7541
2025-01-27 12:00:00+00:00,BTC,8367.03,8377.11,8224.98,8325.63,545.2519
2025-01-27 13:00:00+00:00,BTC,8325.63,8342.85,8303.3,8309.37,483.0415
2025-01-27 14:00:00+00:00,BTC,8309.37,8324.36,8273.39,8298.06,402.3827
2025-01-27 15:00:00+00:00,BTC,8298.06,8360.69,8281.46,8335.43,458.6436
2025-01-27 16:00:00+00:00,BTC,8335.43,8365.77,8256.63,8277.21,703.2947
2025-01-27 17:00:00+00:00,BTC,8277.21,8415.16,8234.36,8378.04,392.9576
2025-01-27 18:00:00+00:00,BTC,8378.04,8428.03,8291.58,8339.97,234.8246
2025-01-27 19:00:00+00:00,BTC,8339.97,8346.89,8269.67,8339.53,588.613
2025-01-27 20:00:00+00:00,BTC,8339.53,8489.37,8163.51,8281.69,843.9999
2025-01-27 21:00:00+00:00,BTC,8281.69,8351.96,8214.76,8217.43,346.0842
2025-01-27 22:00:00+00:00,BTC,8217.43,8242.13,8131.23,8174.43,805.023
2025-01-27 23:00:00+00:00,BTC,8174.43,8178.18,8111.63,8126.97,599.9472
2025-01-28 00:00:00+00:00,BTC,8126.97,8209.98,8082.9,8106.8,333.5792
2025-01-28 01:00:00+00:00,BTC,8106.8,8108.14,7988.78,8059.32,390.8417
2025-01-28 02:00:00+00:00,BTC,8059.32,8202.2,7991.18,8093.02,384.8949
2025-01-28 03:00:00+00:00,BTC,8093.02,8198.63,8045.44,8055.09,530.4728
2025-01-28 04:00:00+00:00,BTC,8055.09,8061.01,7973.52,8012.01,469.2611
2025-01-28 05:00:00+00:00,BTC,8012.01,8028.96,7985.73,7993.14,736.2406
2025-01-28 06:00:00+00:00,BTC,7993.14,8073.59,7984.46,8040.9,673.0962
2025-01-28 07:00:00+00:00,BTC,8040.9,8133.79,8025.03,8051.27,291.1261
2025-01-28 08:00:00+00:00,BTC,8051.27,8083.54,7979.78,8046.46,304.2872
2025-01-28 09:00:00+00:00,BTC,8046.46,8217.88,7947.16,7977.57,619.9292
2025-01-28 10:00:00+00:00,BTC,7977.57,7998.24,7895.22,7923.06,417.4674
2025-01-28 11:00:00+00:00,BTC,7923.06,7975.94,7835.84,7862.52,470.3145
2025-01-28 12:00:00+00:00,BTC,7862.52,7940.37,7852.93,7924.41,605.4086
2025-01-28 13:00:00+00:00,BTC,7924.41,7973.74,7898.58,7949.68,675.2437
2025-01-28 14:00:00+00:00,BTC,7949.68,7962.43,7904.46,7908.68,324.7071
2025-01-28 15:00:00+00:00,BTC,7908.68,7960.54,7806.54,7881.95,229.7622
2025-01-28 16:00:00+00:00,BTC,7881.95,7889.93,7831.18,7843.02,480.5863
2025-01-28 17:00:00+00:00,BTC,7843.02,7867.44,7796.61,7801.44,370.7075
2025-01-28 18:00:00+00:00,BTC,7801.44,7875.05,7760.83,7823.02,511.7293
2025-01-28 19:00:00+00:00,BTC,7823.02,7842.4,7798.67,7809.53,484.731
2025-01-28 20:00:00+00:00,BTC,7809.53,7949.36,7777.08,7907.66,355.3895
2025-01-28 21:00:00+00:00,BTC,7907.66,7993.97,7855.38,7967.21,1037.9577
2025-01-28 22:00:00+00:00,BTC,7967.21,8049.68,7940.87,8030.05,502.9841
2025-01-28 23:00:00+00:00,BTC,8030.05,8177.12,8003.23,8062.46,409.0322
2025-01-29 00:00:00+00:00,BTC,8062.46,8067.79,7972.17,8042.04,518.0698
2025-01-29 01:00:00+00:00,BTC,8042.04,8089.06,8028.22,8070.94,601.8845
2025-01-29 02:00:00+00:00,BTC,8070.94,8098.73,8040.65,8054.06,400.7026
2025-01-29 03:00:00+00:00,BTC,8054.06,8197.12,7992.7,8133.23,1126.3051
2025-01-29 04:00:00+00:00,BTC,8133.23,8168.07,8087.24,8152.99,293.449
2025-01-29 05:00:00+00:00,BTC,8152.99,8181.6,8139.87,8165.83,300.6772
2025-01-29 06:00:00+00:00,BTC,8165.83,8196.28,8114.41,8172.06,285.6711
2025-01-29 07:00:00+00:00,BTC,8172.06,8293.09,8106.68,8257.83,500.6814
2025-01-29 08:00:00+00:00,BTC,8257.83,8266.65,8173.39,8187.1,590.0117
2025-01-29 09:00:00+00:00,BTC,8187.1,8281.4,8171.48,8277.9,445.3889
2025-01-29 10:00:00+00:00,BTC,8277.9,8293.22,8264.83,8268.66,589.3967
2025-01-29 11:00:00+00:00,BTC,8268.66,8336.38,8073.56,8199.19,586.6352
2025-01-29 12:00:00+00:00,BTC,8199.19,8259.43,8130.16,8162.27,440.6896
2025-01-29 13:00:00+00:00,BTC,8162.27,8171.89,8053.54,8081.83,580.6794
2025-01-29 14:00:00+00:00,BTC,8081.83,8214.45,8078.78,8113.58,466.7772
2025-01-29 15:00:00+00:00,BTC,8113.58,8144.32,8040.52,8063.2,433.3084
2025-01-29 16:00:00+00:00,BTC,8063.2,8110.89,7999.68,8071.36,419.9476
2025-01-29 17:00:00+00:00,BTC,8071.36,8174.64,7970.52,8126.47,542.4923
2025-01-29 18:00:00+00:00,BTC,8126.47,8161.13,8090.85,8093.77,765.7341
2025-01-29 19:00:00+00:00,BTC,8093.77,8137.85,8024.16,8080.76,327.9454
2025-01-29 20:00:00+00:00,BTC,8080.76,8138.43,7992.61,8017.82,422.6327
2025-01-29 21:00:00+00:00,BTC,8017.82,8026.17,7955.07,7999.16,529.2926
2025-01-29 22:00:00+00:00,BTC,7999.16,8241.12,7970.02,8123.66,924.7367
2025-01-29 23:00:00+00:00,BTC,8123.66,8214.98,8089.63,8161.66,581.5519
2025-01-30 00:00:00+00:00,BTC,8161.66,8188.9,8134.92,8148.71,376.2152
2025-01-30 01:00:00+00:00,BTC,8148.71,8162.64,8066.18,8118.86,361.8551
2025-01-30 02:00:00+00:00,BTC,8118.86,8120.44,8104.32,8116.78,705.842
2025-01-30 03:00:00+00:00,BTC,8116.78,8184.89,8087.63,8123.12,448.0196
2025-01-30 04:00:00+00:00,BTC,8123.12,8167.64,8063.4,8102.72,324.9884
2025-01-30 05:00:00+00:00,BTC,8102.72,8129.18,8029.37,8128.53,712.9698
2025-01-30 06:00:00+00:00,BTC,8128.53,8164.61,8063.72,8082.16,556.9485
2025-01-30 07:00:00+00:00,BTC,8082.16,8096.29,7990.3,8035.82,329.1971
2025-01-30 08:00:00+00:00,BTC,8035.82,8057.51,8018.19,8053.69,312.7779
2025-01-30 09:00:00+00:00,BTC,8053.69,8073.54,7924.58,7997.41,234.1436
2025-01-30 10:00:00+00:00,BTC,7997.41,8077.61,7958.91,8032.47,402.1303
2025-01-30 11:00:00+00:00,BTC,8032.47,8086.76,8015.07,8031.78,556.2461
2025-01-30 12:00:00+00:00,BTC,8031.78,8049.96,7921.17,7944.18,699.8051
2025-01-30 13:00:00+00:00,BTC,7944.18,7961.98,7913.48,7949.4,580.1799
2025-01-30 14:00:00+00:00,BTC,7949.4,8016.21,7809.85,7869.43,316.6884
2025-01-30 15:00:00+00:00,BTC,7869.43,7912.18,7868.53,7902.23,452.7368
2025-01-30 16:00:00+00:00,BTC,7902.23,7911.18,7867.57,7890.45,824.5926
2025-01-30 17:00:00+00:00,BTC,7890.45,7997.45,7882.7,7978.57,417.9538
2025-01-30 18:00:00+00:00,BTC,7978.57,8062.13,7937.34,8030.02,654.396
2025-01-30 19:00:00+00:00,BTC,8030.02,8035.12,7950.44,7979.08,626.7074
2025-01-30 20:00:00+00:00,BTC,7979.08,8039.61,7819.76,7882.92,652.3257
2025-01-30 21:00:00+00:00,BTC,7882.92,7919.26,7784.66,7847.29,581.4508
2025-01-30 22:00:00+00:00,BTC,7847.29,7863.69,7752.44,7790.0,651.6222
2025-01-30 23:00:00+00:00,BTC,7790.0,7898.51,7787.64,7875.8,297.6936
2025-01-31 00:00:00+00:00,BTC,7875.8,7898.53,7833.03,7875.32,849.7768
2025-01-31 01:00:00+00:00,BTC,7875.32,8068.32,7802.12,7919.55,265.6835
2025-01-31 02:00:00+00:00,BTC,7919.55,7926.66,7820.69,7906.01,557.6549
2025-01-31 03:00:00+00:00,BTC,7906.01,7970.26,7857.69,7897.49,491.5922
2025-01-31 04:00:00+00:00,BTC,7897.49,7969.44,7774.66,7895.95,401.6724
2025-01-31 05:00:00+00:00,BTC,7895.95,7965.81,7864.47,7948.55,355.4206
2025-01-31 06:00:00+00:00,BTC,7948.55,8032.31,7909.81,7963.42,606.0851
2025-01-31 07:00:00+00:00,BTC,7963.42,8005.52,7859.46,7913.06,661.8748
2025-01-31 08:00:00+00:00,BTC,7913.06,8013.6,7900.56,7990.47,482.2835
2025-01-31 09:00:00+00:00,BTC,7990.47,7990.99,7906.6,7976.45,451.8593
2025-01-31 10:00:00+00:00,BTC,7976.45,8146.58,7866.19,7954.68,782.9805
2025-01-31 11:00:00+00:00,BTC,7954.68,8021.68,7753.35,7820.77,431.389
2025-01-31 12:00:00+00:00,BTC,7820.77,7909.42,7756.19,7850.59,492.6724
2025-01-31 13:00:00+00:00,BTC,7850.59,7952.54,7815.39,7855.35,465.6088
2025-01-31 14:00:00+00:00,BTC,7855.35,7872.33,7818.58,7860.07,1187.2391
2025-01-31 15:00:00+00:00,BTC,7860.07,7866.13,7771.79,7841.09,372.6412
2025-01-31 16:00:00+00:00,BTC,7841.09,7852.32,7760.74,7814.08,668.8826
2025-01-31 17:00:00+00:00,BTC,7814.08,7828.64,7740.44,7796.77,275.844
2025-01-31 18:00:00+00:00,BTC,7796.77,7978.02,7751.59,7818.46,357.571
2025-01-31 19:00:00+00:00,BTC,7818.46,7848.57,7777.74,7848.5,448.7134
2025-01-31 20:00:00+00:00,BTC,7848.5,7861.86,7790.88,7837.63,477.5995
2025-01-31 21:00:00+00:00,BTC,7837.63,7891.59,7793.32,7882.38,454.2103
2025-01-31 22:00:00+00:00,BTC,7882.38,7939.06,7852.79,7878.65,482.9027
2025-01-31 23:00:00+00:00,BTC,7878.65,7883.11,7835.18,7854.85,392.8581
2025-02-01 00:00:00+00:00,BTC,7854.85,7948.95,7849.84,7864.21,784.666
2025-02-01 01:00:00+00:00,BTC,7864.21,7927.81,7770.5,7800.32,352.292
2025-02-01 02:00:00+00:00,BTC,7800.32,7828.07,7785.2,7811.22,648.8279
2025-02-01 03:00:00+00:00,BTC,7811.22,7869.94,7665.69,7739.28,633.8267
2025-02-01 04:00:00+00:00,BTC,7739.28,7746.8,7683.45,7691.7,358.8357
2025-02-01 05:00:00+00:00,BTC,7691.7,7717.89,7567.62,7599.1,439.7297
2025-02-01 06:00:00+00:00,BTC,7599.1,7608.94,7553.74,7591.12,499.5653
2025-02-01 07:00:00+00:00,BTC,7591.12,7709.46,7559.88,7664.79,898.749
2025-02-01 08:00:00+00:00,BTC,7664.79,7704.68,7603.98,7659.41,439.3942
2025-02-01 09:00:00+00:00,BTC,7659.41,7707.17,7627.64,7689.04,1777.3494
2025-02-01 10:00:00+00:00,BTC,7689.04,7820.72,7680.73,7798.33,654.1684
2025-02-01 11:00:00+00:00,BTC,7798.33,7863.66,7772.05,7817.26,563.8752
2025-02-01 12:00:00+00:00,BTC,7817.26,7819.4,7756.81,7781.45,681.3544
2025-02-01 13:00:00+00:00,BTC,7781.45,7861.97,7644.27,7752.21,273.9936
2025-02-01 14:00:00+00:00,BTC,7752.21,7787.38,7751.17,7752.24,753.5272
2025-02-01 15:00:00+00:00,BTC,7752.24,7817.74,7625.48,7722.86,314.7008
2025-02-01 16:00:00+00:00,BTC,7722.86,7783.41,7654.75,7697.04,677.8926
2025-02-01 17:00:00+00:00,BTC,7697.04,7779.37,7668.57,7742.67,406.3532
2025-02-01 18:00:00+00:00,BTC,7742.67,7811.91,7720.4,7790.49,377.9888
2025-02-01 19:00:00+00:00,BTC,7790.49,7792.5,7659.81,7713.89,929.8158
2025-02-01 20:00:00+00:00,BTC,7713.89,7728.21,7626.05,7676.12,482.8608
2025-02-01 21:00:00+00:00,BTC,7676.12,7700.57,7649.95,7654.78,292.5801
2025-02-01 22:00:00+00:00,BTC,7654.78,7701.57,7587.95,7682.34,703.2998
2025-02-01 23:00:00+00:00,BTC,7682.34,7806.4,7680.76,7735.21,326.1573
2025-02-02 00:00:00+00:00,BTC,7735.21,7864.23,7731.47,7861.63,805.0223
2025-02-02 01:00:00+00:00,BTC,7861.63,7945.01,7811.01,7839.7,497.1717
2025-02-02 02:00:00+00:00,BTC,7839.7,7923.76,7765.83,7820.17,320.1432
2025-02-02 03:00:00+00:00,BTC,7820.17,8351.26,7547.16,7907.82,15330.0329
2025-02-02 04:00:00+00:00,BTC,7907.82,7978.89,7535.58,7716.94,13801.3149
2025-02-02 05:00:00+00:00,BTC,7716.94,7774.12,7598.25,7645.65,5469.4083
2025-02-02 06:00:00+00:00,BTC,7645.65,7735.44,7374.03,7517.12,11247.5632
2025-02-02 07:00:00+00:00,BTC,7517.12,7557.25,6911.02,6947.93,12768.0567
2025-02-02 08:00:00+00:00,BTC,6947.93,7001.19,6783.76,6934.86,12510.0437
2025-02-02 09:00:00+00:00,BTC,6934.86,7030.0,6575.91,6862.84,10779.9731
2025-02-02 10:00:00+00:00,BTC,6862.84,7309.41,6691.42,7073.69,14925.7893
2025-02-02 11:00:00+00:00,BTC,7073.69,7174.11,6949.35,7037.14,14033.9088
2025-02-02 12:00:00+00:00,BTC,7037.14,7187.16,6233.23,6758.06,11626.044
2025-02-02 13:00:00+00:00,BTC,6758.06,7029.64,6593.17,6673.71,10586.939
2025-02-02 14:00:00+00:00,BTC,6673.71,6711.15,6158.03,6260.7,12111.8959
2025-02-02 15:00:00+00:00,BTC,6260.7,6417.31,5942.18,6019.8,9309.6596
2025-02-02 16:00:00+00:00,BTC,6019.8,6171.07,6006.89,6095.28,8040.3418
2025-02-02 17:00:00+00:00,BTC,6095.28,6321.8,5850.67,6021.01,7760.2643
2025-02-02 18:00:00+00:00,BTC,6021.01,6191.26,5727.91,6145.7,11104.4132
2025-02-02 19:00:00+00:00,BTC,6145.7,6275.94,5733.29,5785.45,8517.6486
2025-02-02 20:00:00+00:00,BTC,5785.45,6020.17,5651.6,5715.74,10878.2673
2025-02-02 21:00:00+00:00,BTC,5715.74,5831.17,5502.74,5610.14,18317.9306
2025-02-02 22:00:00+00:00,BTC,5610.14,5993.07,5377.47,5731.67,10696.0495
2025-02-02 23:00:00+00:00,BTC,5731.67,5836.18,5568.41,5809.59,12069.7936
2025-02-03 00:00:00+00:00,BTC,5809.59,6023.43,5623.26,5883.55,10615.3259
2025-02-03 01:00:00+00:00,BTC,5883.55,6377.2,5767.91,6110.36,18167.3205
2025-02-03 02:00:00+00:00,BTC,6110.36,6121.98,5905.83,6015.54,20544.1088
2025-02-03 03:00:00+00:00,BTC,6015.54,6358.18,5850.6,6211.46,9757.2585
2025-02-03 04:00:00+00:00,BTC,6211.46,6226.18,5667.19,6000.39,14836.2963
2025-02-03 05:00:00+00:00,BTC,6000.39,6111.36,5731.13,5790.54,23908.8496
2025-02-03 06:00:00+00:00,BTC,5790.54,6339.9,5765.19,5882.43,7660.8636
2025-02-03 07:00:00+00:00,BTC,5882.43,5963.9,5585.51,5609.74,16207.2812
2025-02-03 08:00:00+00:00,BTC,5609.74,5766.58,5448.79,5670.11,6253.2088
2025-02-03 09:00:00+00:00,BTC,5670.11,5945.49,5576.24,5655.97,11619.8586
2025-02-03 10:00:00+00:00,BTC,5655.97,6055.99,5284.06,5797.29,10949.7709
2025-02-03 11:00:00+00:00,BTC,5797.29,5863.58,5619.93,5756.86,6327.4171
2025-02-03 12:00:00+00:00,BTC,5756.86,5786.48,5499.8,5735.23,16836.9749
2025-02-03 13:00:00+00:00,BTC,5735.23,5852.27,5614.66,5786.65,12109.8533
2025-02-03 14:00:00+00:00,BTC,5786.65,5940.32,5579.48,5650.06,8312.9042
2025-02-03 15:00:00+00:00,BTC,5650.06,5729.72,5434.44,5509.97,12901.5882
2025-02-03 16:00:00+00:00,BTC,5509.97,5645.18,5317.61,5553.96,15779.1454
2025-02-03 17:00:00+00:00,BTC,5553.96,5662.52,5468.91,5519.88,6192.1003
2025-02-03 18:00:00+00:00,BTC,5519.88,5839.21,5285.28,5428.26,3820.7166
2025-02-03 19:00:00+00:00,BTC,5428.26,5682.75,5225.83,5386.89,11332.2293
2025-02-03 20:00:00+00:00,BTC,5386.89,5604.13,5156.17,5602.89,8788.5201
2025-02-03 21:00:00+00:00,BTC,5602.89,5819.87,5240.63,5504.38,18371.8131
2025-02-03 22:00:00+00:00,BTC,5504.38,5631.61,5289.48,5403.22,10101.666
2025-02-03 23:00:00+00:00,BTC,5403.22,5631.18,5027.93,5123.57,12815.4336
