timestamp,symbol,open,high,low,close,volume
2024-01-01 00:00:00+00:00,ETH,3000.0,3029.15,2984.35,3004.4,665.4727
2024-01-01 01:00:00+00:00,ETH,3004.4,3023.36,2984.49,3016.65,392.9018
2024-01-01 02:00:00+00:00,ETH,3016.65,3027.86,2987.01,3006.07,628.57
2024-01-01 03:00:00+00:00,ETH,3006.07,3015.95,2985.78,2989.73,612.2939
2024-01-01 04:00:00+00:00,ETH,2989.73,3002.49,2952.18,2954.21,554.2523
2024-01-01 05:00:00+00:00,ETH,2954.21,2997.19,2927.85,2971.48,351.4806
2024-01-01 06:00:00+00:00,ETH,2971.48,2991.73,2966.86,2971.78,570.3853
2024-01-01 07:00:00+00:00,ETH,2971.78,2983.72,2942.73,2975.45,647.1814
2024-01-01 08:00:00+00:00,ETH,2975.45,2979.39,2956.35,2961.49,408.1356
2024-01-01 09:00:00+00:00,ETH,2961.49,3035.61,2952.18,2983.37,324.0188
2024-01-01 10:00:00+00:00,ETH,2983.37,3039.5,2961.34,3000.3,219.4383
2024-01-01 11:00:00+00:00,ETH,3000.3,3026.6,2990.72,2998.1,332.4874
2024-01-01 12:00:00+00:00,ETH,2998.1,2999.22,2975.46,2988.12,737.0177
2024-01-01 13:00:00+00:00,ETH,2988.12,3019.64,2979.16,2981.73,439.442
2024-01-01 14:00:00+00:00,ETH,2981.73,2989.31,2952.16,2967.48,391.7405
2024-01-01 15:00:00+00:00,ETH,2967.48,2980.41,2950.66,2967.95,411.8231
2024-01-01 16:00:00+00:00,ETH,2967.95,2969.98,2934.95,2957.0,363.1327
2024-01-01 17:00:00+00:00,ETH,2957.0,2968.19,2931.52,2967.41,401.972
2024-01-01 18:00:00+00:00,ETH,2967.41,2984.35,2957.11,2961.01,574.742
2024-01-01 19:00:00+00:00,ETH,2961.01,2984.65,2937.67,2954.73,498.9061
2024-01-01 20:00:00+00:00,ETH,2954.73,2995.93,2949.43,2982.11,376.6441
2024-01-01 21:00:00+00:00,ETH,2982.11,3024.15,2959.93,2969.16,758.4703
2024-01-01 22:00:00+00:00,ETH,2969.16,2985.65,2933.21,2941.35,839.9036
2024-01-01 23:00:00+00:00,ETH,2941.35,2950.77,2940.46,2947.82,418.9672
2024-01-02 00:00:00+00:00,ETH,2947.82,2956.01,2897.67,2911.3,347.8945
2024-01-02 01:00:00+00:00,ETH,2911.3,2935.94,2887.9,2915.92,344.1397
2024-01-02 02:00:00+00:00,ETH,2915.92,2947.5,2901.67,2933.15,304.6345
2024-01-02 03:00:00+00:00,ETH,2933.15,2961.2,2911.48,2934.38,395.069
2024-01-02 04:00:00+00:00,ETH,2934.38,2941.56,2903.56,2934.55,338.9072
2024-01-02 05:00:00+00:00,ETH,2934.55,2939.11,2894.0,2898.66,309.3642
2024-01-02 06:00:00+00:00,ETH,2898.66,2910.79,2897.13,2908.34,332.8912
2024-01-02 07:00:00+00:00,ETH,2908.34,2929.23,2884.29,2915.26,338.4928
2024-01-02 08:00:00+00:00,ETH,2915.26,2918.43,2880.46,2894.83,614.4339
2024-01-02 09:00:00+00:00,ETH,2894.83,2954.06,2884.5,2928.25,427.2867
2024-01-02 10:00:00+00:00,ETH,2928.25,2939.89,2895.29,2906.83,572.2831
2024-01-02 11:00:00+00:00,ETH,2906.83,2917.17,2865.52,2877.68,319.361
2024-01-02 12:00:00+00:00,ETH,2877.68,2920.22,2818.25,2846.58,385.9225
2024-01-02 13:00:00+00:00,ETH,2846.58,2851.39,2845.47,2847.03,309.0682
2024-01-02 14:00:00+00:00,ETH,2847.03,2875.75,2821.57,2852.81,697.5855
2024-01-02 15:00:00+00:00,ETH,2852.81,2872.78,2833.41,2860.36,772.6131
2024-01-02 16:00:00+00:00,ETH,2860.36,2872.58,2840.02,2854.58,371.5843
2024-01-02 17:00:00+00:00,ETH,2854.58,2869.75,2838.62,2840.69,337.5467
2024-01-02 18:00:00+00:00,ETH,2840.69,2860.63,2840.23,2855.09,440.9355
2024-01-02 19:00:00+00:00,ETH,2855.09,2865.47,2830.83,2839.76,456.3636
2024-01-02 20:00:00+00:00,ETH,2839.76,2862.53,2811.67,2819.22,522.4144
2024-01-02 21:00:00+00:00,ETH,2819.22,2844.44,2808.41,2843.02,594.6544
2024-01-02 22:00:00+00:00,ETH,2843.02,2857.42,2839.8,2846.05,510.3719
2024-01-02 23:00:00+00:00,ETH,2846.05,2863.71,2829.83,2854.11,336.756
2024-01-03 00:00:00+00:00,ETH,2854.11,2874.05,2836.82,2864.85,362.4925
2024-01-03 01:00:00+00:00,ETH,2864.85,2884.01,2851.76,2855.04,377.5051
2024-01-03 02:00:00+00:00,ETH,2855.04,2855.51,2829.81,2845.93,666.5646
2024-01-03 03:00:00+00:00,ETH,2845.93,2862.67,2842.57,2856.89,491.328
2024-01-03 04:00:00+00:00,ETH,2856.89,2872.1,2824.76,2846.33,680.4594
2024-01-03 05:00:00+00:00,ETH,2846.33,2852.16,2844.04,2852.07,1219.4351
2024-01-03 06:00:00+00:00,ETH,2852.07,2856.47,2837.14,2850.54,523.7271
2024-01-03 07:00:00+00:00,ETH,2850.54,2867.94,2789.68,2830.19,486.8592
2024-01-03 08:00:00+00:00,ETH,2830.19,2863.18,2827.62,2846.65,309.7533
2024-01-03 09:00:00+00:00,ETH,2846.65,2853.77,2808.36,2824.71,1177.9652
2024-01-03 10:00:00+00:00,ETH,2824.71,2834.42,2819.05,2828.66,647.1904
2024-01-03 11:00:00+00:00,ETH,2828.66,2834.55,2828.04,2829.8,414.0458
2024-01-03 12:00:00+00:00,ETH,2829.8,2877.65,2823.87,2851.38,231.594
2024-01-03 13:00:00+00:00,ETH,2851.38,2867.73,2822.98,2832.29,521.6926
2024-01-03 14:00:00+00:00,ETH,2832.29,2848.8,2795.38,2823.08,357.5357
2024-01-03 15:00:00+00:00,ETH,2823.08,2824.8,2818.82,2821.38,397.8357
2024-01-03 16:00:00+00:00,ETH,2821.38,2827.88,2818.18,2824.44,495.8704
2024-01-03 17:00:00+00:00,ETH,2824.44,2850.79,2813.85,2839.2,431.7958
2024-01-03 18:00:00+00:00,ETH,2839.2,2849.5,2834.92,2844.5,491.3271
2024-01-03 19:00:00+00:00,ETH,2844.5,2859.94,2836.17,2844.93,586.2
2024-01-03 20:00:00+00:00,ETH,2844.93,2868.67,2827.86,2862.53,723.1905
2024-01-03 21:00:00+00:00,ETH,2862.53,2911.04,2846.37,2898.76,723.4967
2024-01-03 22:00:00+00:00,ETH,2898.76,2903.42,2859.53,2875.28,278.1893
2024-01-03 23:00:00+00:00,ETH,2875.28,2885.01,2873.39,2875.18,566.5959
2024-01-04 00:00:00+00:00,ETH,2875.18,2932.97,2867.22,2888.32,380.0533
2024-01-04 01:00:00+00:00,ETH,2888.32,2912.15,2873.43,2889.8,687.6871
2024-01-04 02:00:00+00:00,ETH,2889.8,2934.87,2879.14,2914.79,253.5238
2024-01-04 03:00:00+00:00,ETH,2914.79,2916.84,2906.81,2908.95,434.1662
2024-01-04 04:00:00+00:00,ETH,2908.95,2936.74,2873.35,2891.3,442.5795
2024-01-04 05:00:00+00:00,ETH,2891.3,2914.82,2879.56,2906.44,501.5265
2024-01-04 06:00:00+00:00,ETH,2906.44,2912.28,2828.81,2858.49,235.5018
2024-01-04 07:00:00+00:00,ETH,2858.49,2861.72,2843.03,2850.34,735.1083
2024-01-04 08:00:00+00:00,ETH,2850.34,2897.91,2843.76,2891.09,713.394
2024-01-04 09:00:00+00:00,ETH,2891.09,2903.48,2859.48,2891.55,480.7098
2024-01-04 10:00:00+00:00,ETH,2891.55,2938.05,2883.52,2897.76,296.1817
2024-01-04 11:00:00+00:00,ETH,2897.76,2902.31,2835.81,2881.26,441.3951
2024-01-04 12:00:00+00:00,ETH,2881.26,2898.79,2880.75,2880.86,473.5641
2024-01-04 13:00:00+00:00,ETH,2880.86,2892.22,2871.27,2878.41,297.7251
2024-01-04 14:00:00+00:00,ETH,2878.41,2912.0,2861.91,2910.68,347.8218
2024-01-04 15:00:00+00:00,ETH,2910.68,2927.87,2881.58,2893.09,448.8909
2024-01-04 16:00:00+00:00,ETH,2893.09,2910.57,2826.78,2845.55,571.1941
2024-01-04 17:00:00+00:00,ETH,2845.55,2862.93,2833.0,2852.5,565.3263
2024-01-04 18:00:00+00:00,ETH,2852.5,2882.73,2828.97,2879.15,578.7914
2024-01-04 19:00:00+00:00,ETH,2879.15,2897.74,2838.71,2867.28,435.2641
2024-01-04 20:00:00+00:00,ETH,2867.28,2870.6,2799.55,2836.08,397.6511
2024-01-04 21:00:00+00:00,ETH,2836.08,2847.16,2816.46,2817.88,447.0335
2024-01-04 22:00:00+00:00,ETH,2817.88,2842.32,2814.97,2825.22,295.1189
2024-01-04 23:00:00+00:00,ETH,2825.22,2846.86,2796.3,2815.71,463.7162
2024-01-05 00:00:00+00:00,ETH,2815.71,2829.3,2782.91,2816.42,550.4346
2024-01-05 01:00:00+00:00,ETH,2816.42,2822.1,2760.97,2776.87,600.5892
2024-01-05 02:00:00+00:00,ETH,2776.87,2785.97,2761.77,2768.21,609.1991
2024-01-05 03:00:00+00:00,ETH,2768.21,2797.92,2735.89,2781.33,852.6843
2024-01-05 04:00:00+00:00,ETH,2781.33,2782.34,2775.4,2776.92,487.2692
2024-01-05 05:00:00+00:00,ETH,2776.92,2804.68,2748.51,2759.91,355.2419
2024-01-05 06:00:00+00:00,ETH,2759.91,2794.74,2740.17,2777.38,576.6886
2024-01-05 07:00:00+00:00,ETH,2777.38,2819.68,2729.75,2793.88,1275.2824
2024-01-05 08:00:00+00:00,ETH,2793.88,2801.1,2775.68,2786.09,347.2813
2024-01-05 09:00:00+00:00,ETH,2786.09,2787.71,2768.62,2773.72,183.0905
2024-01-05 10:00:00+00:00,ETH,2773.72,2817.27,2755.44,2795.07,498.018
2024-01-05 11:00:00+00:00,ETH,2795.07,2799.3,2785.31,2785.86,486.0049
2024-01-05 12:00:00+00:00,ETH,2785.86,2787.45,2780.42,2783.13,417.4229
2024-01-05 13:00:00+00:00,ETH,2783.13,2820.12,2770.84,2813.37,347.7818
2024-01-05 14:00:00+00:00,ETH,2813.37,2843.14,2808.79,2816.52,346.0065
2024-01-05 15:00:00+00:00,ETH,2816.52,2833.99,2807.34,2808.16,625.8043
2024-01-05 16:00:00+00:00,ETH,2808.16,2821.19,2756.73,2775.06,162.103
2024-01-05 17:00:00+00:00,ETH,2775.06,2803.15,2769.21,2775.65,727.2541
2024-01-05 18:00:00+00:00,ETH,2775.65,2778.35,2748.61,2774.21,407.4029
2024-01-05 19:00:00+00:00,ETH,2774.21,2809.78,2739.31,2763.84,373.8854
2024-01-05 20:00:00+00:00,ETH,2763.84,2820.18,2750.97,2779.23,765.5396
2024-01-05 21:00:00+00:00,ETH,2779.23,2822.64,2730.32,2757.78,487.6356
2024-01-05 22:00:00+00:00,ETH,2757.78,2792.48,2688.68,2731.72,427.2902
2024-01-05 23:00:00+00:00,ETH,2731.72,2743.78,2712.55,2718.83,303.0165
2024-01-06 00:00:00+00:00,ETH,2718.83,2724.89,2705.77,2717.94,611.2007
2024-01-06 01:00:00+00:00,ETH,2717.94,2732.4,2665.71,2693.1,461.7858
2024-01-06 02:00:00+00:00,ETH,2693.1,2706.54,2670.3,2673.65,520.7672
2024-01-06 03:00:00+00:00,ETH,2673.65,2696.03,2647.2,2659.6,328.06
2024-01-06 04:00:00+00:00,ETH,2659.6,2666.33,2576.59,2658.14,477.4803
2024-01-06 05:00:00+00:00,ETH,2658.14,2699.41,2630.63,2645.89,457.6898
2024-01-06 06:00:00+00:00,ETH,2645.89,2676.47,2645.08,2660.32,761.8741
2024-01-06 07:00:00+00:00,ETH,2660.32,2678.86,2607.26,2624.04,375.0208
2024-01-06 08:00:00+00:00,ETH,2624.04,2653.45,2610.49,2629.09,441.8232
2024-01-06 09:00:00+00:00,ETH,2629.09,2638.7,2604.85,2618.34,448.2428
2024-01-06 10:00:00+00:00,ETH,2618.34,2640.38,2612.37,2624.21,451.83
2024-01-06 11:00:00+00:00,ETH,2624.21,2655.16,2618.26,2654.04,501.6483
2024-01-06 12:00:00+00:00,ETH,2654.04,2660.51,2633.22,2651.44,604.3356
2024-01-06 13:00:00+00:00,ETH,2651.44,2654.48,2646.25,2653.08,410.6235
2024-01-06 14:00:00+00:00,ETH,2653.08,2673.39,2637.69,2664.92,384.9055
2024-01-06 15:00:00+00:00,ETH,2664.92,2672.07,2631.54,2642.3,350.5282
2024-01-06 16:00:00+00:00,ETH,2642.3,2652.11,2636.6,2651.32,377.3558
2024-01-06 17:00:00+00:00,ETH,2651.32,2712.66,2625.59,2662.84,461.8063
2024-01-06 18:00:00+00:00,ETH,2662.84,2678.11,2653.47,2659.19,664.3695
2024-01-06 19:00:00+00:00,ETH,2659.19,2682.11,2649.65,2668.16,514.729
2024-01-06 20:00:00+00:00,ETH,2668.16,2669.68,2643.51,2668.75,544.0986
2024-01-06 21:00:00+00:00,ETH,2668.75,2674.05,2642.65,2655.1,721.5405
2024-01-06 22:00:00+00:00,ETH,2655.1,2685.11,2612.83,2632.8,631.5777
2024-01-06 23:00:00+00:00,ETH,2632.8,2659.58,2626.21,2646.9,709.0832
2024-01-07 00:00:00+00:00,ETH,2646.9,2676.63,2641.36,2673.87,407.9561
2024-01-07 01:00:00+00:00,ETH,2673.87,2690.65,2643.32,2659.84,554.7483
2024-01-07 02:00:00+00:00,ETH,2659.84,2671.72,2653.05,2664.28,896.1239
2024-01-07 03:00:00+00:00,ETH,2664.28,2687.0,2624.8,2643.53,1107.9748
2024-01-07 04:00:00+00:00,ETH,2643.53,2657.01,2633.41,2634.68,332.5997
2024-01-07 05:00:00+00:00,ETH,2634.68,2640.3,2624.59,2625.47,596.5469
2024-01-07 06:00:00+00:00,ETH,2625.47,2631.46,2604.0,2606.22,613.9554
2024-01-07 07:00:00+00:00,ETH,2606.22,2610.51,2601.12,2603.71,259.3028
2024-01-07 08:00:00+00:00,ETH,2603.71,2622.3,2594.33,2617.9,524.2932
2024-01-07 09:00:00+00:00,ETH,2617.9,2645.19,2590.19,2625.38,377.7194
2024-01-07 10:00:00+00:00,ETH,2625.38,2627.22,2604.61,2615.94,704.1296
2024-01-07 11:00:00+00:00,ETH,2615.94,2643.38,2589.66,2637.05,619.7434
2024-01-07 12:00:00+00:00,ETH,2637.05,2644.09,2622.76,2639.22,410.4582
2024-01-07 13:00:00+00:00,ETH,2639.22,2668.81,2621.08,2666.62,677.1559
2024-01-07 14:00:00+00:00,ETH,2666.62,2674.41,2637.37,2644.55,584.4729
2024-01-07 15:00:00+00:00,ETH,2644.55,2700.93,2630.73,2691.6,756.8837
2024-01-07 16:00:00+00:00,ETH,2691.6,2700.07,2671.37,2687.51,518.7377
2024-01-07 17:00:00+00:00,ETH,2687.51,2687.99,2667.17,2667.29,439.2867
2024-01-07 18:00:00+00:00,ETH,2667.29,2678.2,2634.89,2649.07,620.1312
2024-01-07 19:00:00+00:00,ETH,2649.07,2667.7,2641.32,2662.74,472.1846
2024-01-07 20:00:00+00:00,ETH,2662.74,2705.02,2661.58,2676.04,554.6142
2024-01-07 21:00:00+00:00,ETH,2676.04,2712.44,2641.38,2687.92,596.1808
2024-01-07 22:00:00+00:00,ETH,2687.92,2712.39,2682.38,2696.57,699.3125
2024-01-07 23:00:00+00:00,ETH,2696.57,2726.44,2662.48,2677.21,217.7802
2024-01-08 00:00:00+00:00,ETH,2677.21,2683.63,2660.88,2673.74,345.4129
2024-01-08 01:00:00+00:00,ETH,2673.74,2688.77,2635.44,2635.76,516.021
2024-01-08 02:00:00+00:00,ETH,2635.76,2639.73,2601.77,2620.85,277.7283
2024-01-08 03:00:00+00:00,ETH,2620.85,2645.03,2614.54,2630.3,716.0858
2024-01-08 04:00:00+00:00,ETH,2630.3,2650.86,2595.64,2599.74,417.3898
2024-01-08 05:00:00+00:00,ETH,2599.74,2657.08,2572.76,2636.0,598.5023
2024-01-08 06:00:00+00:00,ETH,2636.0,2670.09,2622.94,2655.07,510.7049
2024-01-08 07:00:00+00:00,ETH,2655.07,2657.71,2621.59,2635.88,461.8196
2024-01-08 08:00:00+00:00,ETH,2635.88,2657.44,2623.22,2646.38,279.5909
2024-01-08 09:00:00+00:00,ETH,2646.38,2655.11,2643.42,2654.26,461.519
2024-01-08 10:00:00+00:00,ETH,2654.26,2666.12,2620.86,2651.11,361.992
2024-01-08 11:00:00+00:00,ETH,2651.11,2668.55,2637.67,2659.58,351.0397
2024-01-08 12:00:00+00:00,ETH,2659.58,2689.01,2632.23,2654.41,658.9913
2024-01-08 13:00:00+00:00,ETH,2654.41,2654.87,2634.79,2653.21,354.2382
2024-01-08 14:00:00+00:00,ETH,2653.21,2673.44,2622.24,2661.1,382.7863
2024-01-08 15:00:00+00:00,ETH,2661.1,2671.02,2648.1,2667.97,770.0803
2024-01-08 16:00:00+00:00,ETH,2667.97,2690.88,2650.63,2672.64,347.8844
2024-01-08 17:00:00+00:00,ETH,2672.64,2710.35,2671.17,2677.66,365.7256
2024-01-08 18:00:00+00:00,ETH,2677.66,2711.07,2639.31,2692.77,552.8795
2024-01-08 19:00:00+00:00,ETH,2692.77,2722.31,2689.87,2705.13,603.0831
2024-01-08 20:00:00+00:00,ETH,2705.13,2712.15,2674.84,2685.62,339.7169
2024-01-08 21:00:00+00:00,ETH,2685.62,2690.18,2654.08,2673.17,508.7116
2024-01-08 22:00:00+00:00,ETH,2673.17,2706.48,2668.15,2696.5,595.5086
2024-01-08 23:00:00+00:00,ETH,2696.5,2733.39,2694.02,2721.71,300.7037
2024-01-09 00:00:00+00:00,ETH,2721.71,2737.97,2715.49,2730.67,299.0139
2024-01-09 01:00:00+00:00,ETH,2730.67,2738.3,2708.18,2726.05,1165.143
2024-01-09 02:00:00+00:00,ETH,2726.05,2755.33,2696.37,2739.41,414.8274
2024-01-09 03:00:00+00:00,ETH,2739.41,2751.24,2733.91,2750.57,473.389
2024-01-09 04:00:00+00:00,ETH,2750.57,2765.4,2716.52,2725.11,584.237
2024-01-09 05:00:00+00:00,ETH,2725.11,2730.68,2694.17,2726.19,345.7471
2024-01-09 06:00:00+00:00,ETH,2726.19,2747.4,2698.67,2703.36,270.9527
2024-01-09 07:00:00+00:00,ETH,2703.36,2721.51,2682.8,2695.9,647.1206
2024-01-09 08:00:00+00:00,ETH,2695.9,2723.85,2689.09,2696.41,885.2229
2024-01-09 09:00:00+00:00,ETH,2696.41,2733.53,2686.52,2724.39,326.2972
2024-01-09 10:00:00+00:00,ETH,2724.39,2725.17,2668.34,2690.01,282.7148
2024-01-09 11:00:00+00:00,ETH,2690.01,2692.13,2678.41,2684.26,319.9756
2024-01-09 12:00:00+00:00,ETH,2684.26,2705.31,2680.74,2695.28,561.3442
2024-01-09 13:00:00+00:00,ETH,2695.28,2713.87,2667.54,2706.09,380.3934
2024-01-09 14:00:00+00:00,ETH,2706.09,2728.26,2690.65,2719.94,451.3057
2024-01-09 15:00:00+00:00,ETH,2719.94,2731.95,2703.59,2703.77,688.257
2024-01-09 16:00:00+00:00,ETH,2703.77,2714.54,2687.39,2701.68,560.7103
2024-01-09 17:00:00+00:00,ETH,2701.68,2717.64,2688.27,2694.19,714.9916
2024-01-09 18:00:00+00:00,ETH,2694.19,2719.27,2686.92,2715.45,317.6737
2024-01-09 19:00:00+00:00,ETH,2715.45,2722.6,2711.62,2713.21,537.1988
2024-01-09 20:00:00+00:00,ETH,2713.21,2728.89,2705.67,2713.5,867.5998
2024-01-09 21:00:00+00:00,ETH,2713.5,2722.41,2706.52,2716.62,507.7758
2024-01-09 22:00:00+00:00,ETH,2716.62,2721.08,2685.09,2695.36,367.7049
2024-01-09 23:00:00+00:00,ETH,2695.36,2709.04,2685.64,2703.74,535.081
2024-01-10 00:00:00+00:00,ETH,2703.74,2719.86,2684.55,2685.87,539.7612
2024-01-10 01:00:00+00:00,ETH,2685.87,2709.91,2661.25,2688.82,551.8589
2024-01-10 02:00:00+00:00,ETH,2688.82,2712.05,2653.18,2677.14,437.4698
2024-01-10 03:00:00+00:00,ETH,2677.14,2706.62,2674.49,2696.46,445.7093
2024-01-10 04:00:00+00:00,ETH,2696.46,2699.42,2691.2,2697.07,258.2955
2024-01-10 05:00:00+00:00,ETH,2697.07,2754.05,2686.21,2728.5,306.2572
2024-01-10 06:00:00+00:00,ETH,2728.5,2731.95,2686.91,2692.17,518.5673
2024-01-10 07:00:00+00:00,ETH,2692.17,2719.18,2669.23,2714.43,433.7915
2024-01-10 08:00:00+00:00,ETH,2714.43,2740.91,2701.8,2728.47,322.9878
2024-01-10 09:00:00+00:00,ETH,2728.47,2747.26,2718.26,2733.27,913.329
2024-01-10 10:00:00+00:00,ETH,2733.27,2784.05,2706.49,2769.71,495.5596
2024-01-10 11:00:00+00:00,ETH,2769.71,2786.62,2708.01,2746.08,854.4754
2024-01-10 12:00:00+00:00,ETH,2746.08,2772.19,2744.3,2749.58,615.2441
2024-01-10 13:00:00+00:00,ETH,2749.58,2793.0,2748.64,2770.23,849.1942
2024-01-10 14:00:00+00:00,ETH,2770.23,2794.3,2742.29,2780.34,470.7557
2024-01-10 15:00:00+00:00,ETH,2780.34,2791.43,2745.31,2774.04,553.8355
2024-01-10 16:00:00+00:00,ETH,2774.04,2803.45,2757.73,2784.84,286.6095
2024-01-10 17:00:00+00:00,ETH,2784.84,2800.23,2777.09,2777.91,597.3641
2024-01-10 18:00:00+00:00,ETH,2777.91,2797.69,2758.81,2772.24,553.3767
2024-01-10 19:00:00+00:00,ETH,2772.24,2774.3,2756.95,2761.25,475.6166
2024-01-10 20:00:00+00:00,ETH,2761.25,2797.77,2756.64,2778.77,396.15
2024-01-10 21:00:00+00:00,ETH,2778.77,2785.03,2749.45,2783.98,293.1987
2024-01-10 22:00:00+00:00,ETH,2783.98,2844.01,2783.89,2826.33,932.7309
2024-01-10 23:00:00+00:00,ETH,2826.33,2862.76,2795.08,2840.73,944.5214
2024-01-11 00:00:00+00:00,ETH,2840.73,2842.51,2812.36,2815.56,524.8111
2024-01-11 01:00:00+00:00,ETH,2815.56,2835.96,2780.67,2829.15,454.092
2024-01-11 02:00:00+00:00,ETH,2829.15,2833.25,2797.25,2810.73,466.5889
2024-01-11 03:00:00+00:00,ETH,2810.73,2817.3,2805.49,2806.08,479.5883
2024-01-11 04:00:00+00:00,ETH,2806.08,2824.27,2791.27,2808.45,298.2007
2024-01-11 05:00:00+00:00,ETH,2808.45,2817.03,2784.3,2790.14,563.0606
2024-01-11 06:00:00+00:00,ETH,2790.14,2798.89,2776.64,2781.69,825.7765
2024-01-11 07:00:00+00:00,ETH,2781.69,2798.2,2764.57,2770.47,344.5587
2024-01-11 08:00:00+00:00,ETH,2770.47,2773.15,2733.98,2772.81,981.3723
2024-01-11 09:00:00+00:00,ETH,2772.81,2813.61,2771.27,2771.59,552.7956
2024-01-11 10:00:00+00:00,ETH,2771.59,2772.51,2762.29,2769.86,580.0923
2024-01-11 11:00:00+00:00,ETH,2769.86,2804.48,2768.71,2798.36,505.9014
2024-01-11 12:00:00+00:00,ETH,2798.36,2808.59,2797.61,2807.48,1174.7391
2024-01-11 13:00:00+00:00,ETH,2807.48,2816.04,2794.52,2814.79,588.2408
2024-01-11 14:00:00+00:00,ETH,2814.79,2840.68,2788.52,2833.38,347.3849
2024-01-11 15:00:00+00:00,ETH,2833.38,2898.25,2814.73,2865.22,793.6365
2024-01-11 16:00:00+00:00,ETH,2865.22,2890.75,2865.13,2889.35,505.6254
2024-01-11 17:00:00+00:00,ETH,2889.35,2891.67,2866.32,2871.12,686.3808
2024-01-11 18:00:00+00:00,ETH,2871.12,2891.49,2869.55,2880.23,580.717
2024-01-11 19:00:00+00:00,ETH,2880.23,2896.46,2869.83,2893.64,390.5959
2024-01-11 20:00:00+00:00,ETH,2893.64,2936.14,2891.1,2910.42,527.1617
2024-01-11 21:00:00+00:00,ETH,2910.42,2922.17,2901.02,2907.96,217.3624
2024-01-11 22:00:00+00:00,ETH,2907.96,2935.09,2882.09,2909.21,350.2217
2024-01-11 23:00:00+00:00,ETH,2909.21,2924.29,2892.71,2893.78,496.4431
2024-01-12 00:00:00+00:00,ETH,2893.78,2905.51,2872.3,2887.39,270.4011
2024-01-12 01:00:00+00:00,ETH,2887.39,2905.44,2857.57,2867.26,313.657
2024-01-12 02:00:00+00:00,ETH,2867.26,2914.92,2864.78,2889.26,309.1273
2024-01-12 03:00:00+00:00,ETH,2889.26,2894.18,2873.14,2880.27,573.4962
2024-01-12 04:00:00+00:00,ETH,2880.27,2888.16,2846.81,2864.19,337.2994
2024-01-12 05:00:00+00:00,ETH,2864.19,2890.88,2859.79,2869.27,430.6752
2024-01-12 06:00:00+00:00,ETH,2869.27,2880.09,2861.46,2871.11,431.6445
2024-01-12 07:00:00+00:00,ETH,2871.11,2871.85,2852.35,2859.31,496.8755
2024-01-12 08:00:00+00:00,ETH,2859.31,2884.13,2851.91,2865.78,441.0919
2024-01-12 09:00:00+00:00,ETH,2865.78,2872.52,2792.33,2855.04,489.4684
2024-01-12 10:00:00+00:00,ETH,2855.04,2868.18,2851.21,2863.79,443.4928
2024-01-12 11:00:00+00:00,ETH,2863.79,2875.11,2846.04,2863.32,417.0912
2024-01-12 12:00:00+00:00,ETH,2863.32,2874.03,2853.67,2867.06,514.7319
2024-01-12 13:00:00+00:00,ETH,2867.06,2883.02,2835.54,2860.51,436.5255
2024-01-12 14:00:00+00:00,ETH,2860.51,2864.94,2844.36,2849.04,219.1912
2024-01-12 15:00:00+00:00,ETH,2849.04,2855.31,2847.69,2853.41,433.9638
2024-01-12 16:00:00+00:00,ETH,2853.41,2878.62,2823.35,2826.64,508.8085
2024-01-12 17:00:00+00:00,ETH,2826.64,2883.82,2826.61,2850.22,533.4345
2024-01-12 18:00:00+00:00,ETH,2850.22,2862.31,2833.86,2842.44,749.4674
2024-01-12 19:00:00+00:00,ETH,2842.44,2884.1,2826.27,2878.07,172.5079
2024-01-12 20:00:00+00:00,ETH,2878.07,2896.79,2864.4,2889.7,866.355
2024-01-12 21:00:00+00:00,ETH,2889.7,2918.14,2872.21,2888.09,405.58
2024-01-12 22:00:00+00:00,ETH,2888.09,2892.15,2864.63,2877.66,263.5828
2024-01-12 23:00:00+00:00,ETH,2877.66,2914.05,2861.45,2886.64,410.6019
2024-01-13 00:00:00+00:00,ETH,2886.64,2936.39,2866.19,2894.66,394.1764
2024-01-13 01:00:00+00:00,ETH,2894.66,2928.73,2893.85,2902.16,409.0606
2024-01-13 02:00:00+00:00,ETH,2902.16,2921.25,2875.64,2916.82,589.9291
2024-01-13 03:00:00+00:00,ETH,2916.82,2926.06,2906.5,2918.93,270.0285
2024-01-13 04:00:00+00:00,ETH,2918.93,2952.88,2908.23,2939.05,511.0219
2024-01-13 05:00:00+00:00,ETH,2939.05,2942.79,2924.74,2925.56,478.4999
2024-01-13 06:00:00+00:00,ETH,2925.56,2930.04,2920.08,2921.99,378.8945
2024-01-13 07:00:00+00:00,ETH,2921.99,2934.21,2920.84,2932.87,470.2658
2024-01-13 08:00:00+00:00,ETH,2932.87,2934.15,2904.29,2919.18,821.6616
2024-01-13 09:00:00+00:00,ETH,2919.18,2950.29,2907.66,2919.94,803.9868
2024-01-13 10:00:00+00:00,ETH,2919.94,2951.75,2914.69,2946.95,328.6888
2024-01-13 11:00:00+00:00,ETH,2946.95,2967.18,2940.66,2948.82,644.2162
2024-01-13 12:00:00+00:00,ETH,2948.82,2991.66,2907.5,2940.53,552.0253
2024-01-13 13:00:00+00:00,ETH,2940.53,2983.1,2928.14,2960.52,687.4225
2024-01-13 14:00:00+00:00,ETH,2960.52,2973.72,2929.17,2940.41,655.9947
2024-01-13 15:00:00+00:00,ETH,2940.41,2956.11,2929.3,2934.57,396.4267
2024-01-13 16:00:00+00:00,ETH,2934.57,2959.82,2917.61,2953.39,392.0252
2024-01-13 17:00:00+00:00,ETH,2953.39,2967.14,2939.47,2939.78,373.9993
2024-01-13 18:00:00+00:00,ETH,2939.78,2949.21,2925.88,2944.33,503.9396
2024-01-13 19:00:00+00:00,ETH,2944.33,2964.46,2917.48,2943.1,644.1518
2024-01-13 20:00:00+00:00,ETH,2943.1,2976.3,2938.63,2970.9,616.8736
2024-01-13 21:00:00+00:00,ETH,2970.9,3011.2,2918.76,2945.67,582.0004
2024-01-13 22:00:00+00:00,ETH,2945.67,2956.21,2923.45,2936.11,537.0954
2024-01-13 23:00:00+00:00,ETH,2936.11,2944.35,2925.15,2930.39,345.4175
2024-01-14 00:00:00+00:00,ETH,2930.39,2938.68,2918.68,2936.97,465.9062
2024-01-14 01:00:00+00:00,ETH,2936.97,2958.81,2924.83,2946.71,632.7579
2024-01-14 02:00:00+00:00,ETH,2946.71,2972.14,2945.7,2954.21,412.7515
2024-01-14 03:00:00+00:00,ETH,2954.21,3006.66,2920.01,2979.47,402.8036
2024-01-14 04:00:00+00:00,ETH,2979.47,2992.69,2971.94,2991.51,274.7942
2024-01-14 05:00:00+00:00,ETH,2991.51,3012.43,2967.71,2968.61,587.4336
2024-01-14 06:00:00+00:00,ETH,2968.61,2980.66,2939.65,2942.98,501.0722
2024-01-14 07:00:00+00:00,ETH,2942.98,2958.53,2920.91,2933.5,654.3603
2024-01-14 08:00:00+00:00,ETH,2933.5,2940.83,2912.25,2924.27,530.3783
2024-01-14 09:00:00+00:00,ETH,2924.27,2930.49,2911.63,2916.61,478.0882
2024-01-14 10:00:00+00:00,ETH,2916.61,2946.0,2907.06,2935.02,477.9377
2024-01-14 11:00:00+00:00,ETH,2935.02,2960.46,2885.73,2923.93,444.982
2024-01-14 12:00:00+00:00,ETH,2923.93,2986.01,2901.79,2943.45,529.215
2024-01-14 13:00:00+00:00,ETH,2943.45,2998.95,2941.54,2963.81,531.0318
2024-01-14 14:00:00+00:00,ETH,2963.81,2975.02,2952.48,2964.36,387.0325
2024-01-14 15:00:00+00:00,ETH,2964.36,2984.54,2943.97,2955.11,510.391
2024-01-14 16:00:00+00:00,ETH,2955.11,2990.09,2946.42,2978.03,544.7527
2024-01-14 17:00:00+00:00,ETH,2978.03,2992.66,2933.79,2962.96,625.9392
2024-01-14 18:00:00+00:00,ETH,2962.96,2985.79,2940.52,2971.49,671.104
2024-01-14 19:00:00+00:00,ETH,2971.49,2982.94,2964.74,2976.35,352.7354
2024-01-14 20:00:00+00:00,ETH,2976.35,3010.49,2963.47,2999.61,305.3944
2024-01-14 21:00:00+00:00,ETH,2999.61,3025.01,2991.09,3006.08,217.8062
2024-01-14 22:00:00+00:00,ETH,3006.08,3015.65,2989.79,3006.46,728.3621
2024-01-14 23:00:00+00:00,ETH,3006.46,3052.4,2996.29,3025.55,659.195
2024-01-15 00:00:00+00:00,ETH,3025.55,3038.15,3018.58,3018.66,558.1769
2024-01-15 01:00:00+00:00,ETH,3018.66,3035.12,3014.32,3028.86,636.4501
2024-01-15 02:00:00+00:00,ETH,3028.86,3047.42,2996.27,3031.28,395.4486
2024-01-15 03:00:00+00:00,ETH,3031.28,3049.86,3005.37,3031.91,622.1625
2024-01-15 04:00:00+00:00,ETH,3031.91,3077.09,2999.58,3005.06,691.5254
2024-01-15 05:00:00+00:00,ETH,3005.06,3014.04,2974.17,3004.99,624.4644
2024-01-15 06:00:00+00:00,ETH,3004.99,3029.96,2975.94,2986.82,575.8606
2024-01-15 07:00:00+00:00,ETH,2986.82,3014.72,2981.95,2996.33,454.4436
2024-01-15 08:00:00+00:00,ETH,2996.33,3063.88,2989.97,3039.24,493.8423
2024-01-15 09:00:00+00:00,ETH,3039.24,3045.59,3027.31,3035.12,287.3695
2024-01-15 10:00:00+00:00,ETH,3035.12,3052.68,3018.46,3051.85,342.4753
2024-01-15 11:00:00+00:00,ETH,3051.85,3078.07,3043.96,3070.38,376.8334
2024-01-15 12:00:00+00:00,ETH,3070.38,3082.8,3041.75,3049.23,858.8287
2024-01-15 13:00:00+00:00,ETH,3049.23,3075.72,3038.97,3062.21,714.535
2024-01-15 14:00:00+00:00,ETH,3062.21,3080.2,3051.09,3056.43,369.5039
2024-01-15 15:00:00+00:00,ETH,3056.43,3082.25,3047.17,3048.37,361.9669
2024-01-15 16:00:00+00:00,ETH,3048.37,3066.9,3048.2,3063.42,362.8512
2024-01-15 17:00:00+00:00,ETH,3063.42,3067.44,3047.46,3053.21,706.3383
2024-01-15 18:00:00+00:00,ETH,3053.21,3074.55,3036.53,3043.91,429.1558
2024-01-15 19:00:00+00:00,ETH,3043.91,3071.05,3042.96,3057.79,422.4492
2024-01-15 20:00:00+00:00,ETH,3057.79,3087.54,3031.28,3081.54,465.6522
2024-01-15 21:00:00+00:00,ETH,3081.54,3084.76,3078.07,3082.77,299.4152
2024-01-15 22:00:00+00:00,ETH,3082.77,3100.55,3061.82,3095.14,411.1627
2024-01-15 23:00:00+00:00,ETH,3095.14,3100.59,3064.17,3068.91,755.8842
2024-01-16 00:00:00+00:00,ETH,3068.91,3073.8,3030.14,3067.04,328.1487
2024-01-16 01:00:00+00:00,ETH,3067.04,3106.04,3048.58,3075.28,426.7495
2024-01-16 02:00:00+00:00,ETH,3075.28,3101.29,3048.86,3059.76,470.2414
2024-01-16 03:00:00+00:00,ETH,3059.76,3073.36,3057.84,3071.62,456.5258
2024-01-16 04:00:00+00:00,ETH,3071.62,3085.14,3028.56,3076.82,603.9116
2024-01-16 05:00:00+00:00,ETH,3076.82,3089.59,3067.36,3082.1,651.8245
2024-01-16 06:00:00+00:00,ETH,3082.1,3105.31,3065.75,3104.1,263.5631
2024-01-16 07:00:00+00:00,ETH,3104.1,3158.38,3103.19,3127.75,444.3643
2024-01-16 08:00:00+00:00,ETH,3127.75,3135.89,3091.26,3105.03,706.6924
2024-01-16 09:00:00+00:00,ETH,3105.03,3129.01,3088.79,3092.85,415.7501
2024-01-16 10:00:00+00:00,ETH,3092.85,3113.52,3077.28,3102.85,365.228
2024-01-16 11:00:00+00:00,ETH,3102.85,3106.1,3085.93,3097.25,438.7163
2024-01-16 12:00:00+00:00,ETH,3097.25,3141.62,3096.88,3134.46,448.0005
2024-01-16 13:00:00+00:00,ETH,3134.46,3170.02,3112.37,3155.32,233.4803
2024-01-16 14:00:00+00:00,ETH,3155.32,3167.14,3117.57,3139.83,342.5445
2024-01-16 15:00:00+00:00,ETH,3139.83,3153.59,3114.22,3125.62,547.0864
2024-01-16 16:00:00+00:00,ETH,3125.62,3152.72,3096.09,3101.97,562.1496
2024-01-16 17:00:00+00:00,ETH,3101.97,3115.38,3085.08,3108.89,679.2046
2024-01-16 18:00:00+00:00,ETH,3108.89,3135.92,3097.18,3097.62,373.9662
2024-01-16 19:00:00+00:00,ETH,3097.62,3099.77,3073.93,3085.09,987.2811
2024-01-16 20:00:00+00:00,ETH,3085.09,3100.82,3052.26,3061.75,540.7398
2024-01-16 21:00:00+00:00,ETH,3061.75,3088.51,3051.24,3078.14,460.725
2024-01-16 22:00:00+00:00,ETH,3078.14,3093.82,3017.56,3064.38,327.8013
2024-01-16 23:00:00+00:00,ETH,3064.38,3076.07,3009.33,3047.77,354.8232
2024-01-17 00:00:00+00:00,ETH,3047.77,3070.64,2986.22,3013.47,509.8185
2024-01-17 01:00:00+00:00,ETH,3013.47,3035.94,2999.73,3020.79,439.9244
2024-01-17 02:00:00+00:00,ETH,3020.79,3034.27,3015.89,3024.97,394.6738
2024-01-17 03:00:00+00:00,ETH,3024.97,3047.1,3018.05,3038.27,582.4592
2024-01-17 04:00:00+00:00,ETH,3038.27,3088.57,3030.81,3064.56,383.8914
2024-01-17 05:00:00+00:00,ETH,3064.56,3078.71,3040.04,3068.37,237.0085
2024-01-17 06:00:00+00:00,ETH,3068.37,3094.56,3044.91,3062.03,424.2015
2024-01-17 07:00:00+00:00,ETH,3062.03,3062.86,3026.62,3032.71,317.7028
2024-01-17 08:00:00+00:00,ETH,3032.71,3055.91,3022.65,3034.67,555.8115
2024-01-17 09:00:00+00:00,ETH,3034.67,3051.2,3022.04,3041.09,307.8449
2024-01-17 10:00:00+00:00,ETH,3041.09,3075.6,3035.06,3045.79,499.5847
2024-01-17 11:00:00+00:00,ETH,3045.79,3064.72,2978.73,3010.41,973.0722
2024-01-17 12:00:00+00:00,ETH,3010.41,3036.48,2973.49,3032.81,483.42
2024-01-17 13:00:00+00:00,ETH,3032.81,3047.44,2985.81,3044.13,385.3575
2024-01-17 14:00:00+00:00,ETH,3044.13,3046.3,3018.5,3037.02,492.6549
2024-01-17 15:00:00+00:00,ETH,3037.02,3071.73,3024.2,3031.84,541.8469
2024-01-17 16:00:00+00:00,ETH,3031.84,3031.97,2988.28,2997.11,752.131
2024-01-17 17:00:00+00:00,ETH,2997.11,3039.87,2989.81,3002.93,489.0708
2024-01-17 18:00:00+00:00,ETH,3002.93,3005.64,2993.23,2996.75,666.8028
2024-01-17 19:00:00+00:00,ETH,2996.75,3004.37,2975.1,2976.49,486.6059
2024-01-17 20:00:00+00:00,ETH,2976.49,3033.6,2965.11,3011.96,310.9263
2024-01-17 21:00:00+00:00,ETH,3011.96,3046.89,2994.01,3040.01,416.6762
2024-01-17 22:00:00+00:00,ETH,3040.01,3067.01,3020.94,3053.24,296.9061
2024-01-17 23:00:00+00:00,ETH,3053.24,3066.53,3035.81,3052.85,470.8511
2024-01-18 00:00:00+00:00,ETH,3052.85,3056.84,3017.03,3030.2,394.0435
2024-01-18 01:00:00+00:00,ETH,3030.2,3031.08,3023.38,3029.85,833.9834
2024-01-18 02:00:00+00:00,ETH,3029.85,3039.87,3018.5,3038.4,173.6852
2024-01-18 03:00:00+00:00,ETH,3038.4,3072.54,3003.45,3036.43,360.5685
2024-01-18 04:00:00+00:00,ETH,3036.43,3061.02,3012.54,3035.79,725.5575
2024-01-18 05:00:00+00:00,ETH,3035.79,3068.38,3004.82,3039.19,455.704
2024-01-18 06:00:00+00:00,ETH,3039.19,3042.22,3018.23,3018.41,323.8785
2024-01-18 07:00:00+00:00,ETH,3018.41,3033.85,3002.67,3033.31,879.9095
2024-01-18 08:00:00+00:00,ETH,3033.31,3080.09,2986.85,3051.69,489.554
2024-01-18 09:00:00+00:00,ETH,3051.69,3065.21,3037.08,3043.82,674.6142
2024-01-18 10:00:00+00:00,ETH,3043.82,3051.42,3025.25,3031.17,572.5786
2024-01-18 11:00:00+00:00,ETH,3031.17,3081.67,3023.94,3069.99,381.2426
2024-01-18 12:00:00+00:00,ETH,3069.99,3110.48,3042.4,3091.08,697.3035
2024-01-18 13:00:00+00:00,ETH,3091.08,3094.47,3036.1,3048.35,464.3579
2024-01-18 14:00:00+00:00,ETH,3048.35,3060.82,3031.45,3046.49,477.0103
2024-01-18 15:00:00+00:00,ETH,3046.49,3069.81,2997.33,3027.9,509.0795
2024-01-18 16:00:00+00:00,ETH,3027.9,3048.78,3000.59,3011.38,855.6182
2024-01-18 17:00:00+00:00,ETH,3011.38,3011.47,2981.16,2998.94,462.6423
2024-01-18 18:00:00+00:00,ETH,2998.94,3001.02,2996.8,2999.71,340.3467
2024-01-18 19:00:00+00:00,ETH,2999.71,3008.33,2993.89,2997.34,605.9612
2024-01-18 20:00:00+00:00,ETH,2997.34,3036.18,2930.54,2974.14,757.1587
2024-01-18 21:00:00+00:00,ETH,2974.14,2978.42,2950.09,2954.82,271.4498
2024-01-18 22:00:00+00:00,ETH,2954.82,2977.41,2918.17,2918.52,684.5594
2024-01-18 23:00:00+00:00,ETH,2918.52,2926.37,2904.11,2916.94,349.3402
2024-01-19 00:00:00+00:00,ETH,2916.94,2937.42,2916.73,2921.64,556.1367
2024-01-19 01:00:00+00:00,ETH,2921.64,2944.73,2903.34,2936.78,671.0329
2024-01-19 02:00:00+00:00,ETH,2936.78,2978.42,2927.71,2954.12,389.4047
2024-01-19 03:00:00+00:00,ETH,2954.12,2960.41,2923.32,2955.86,557.6103
2024-01-19 04:00:00+00:00,ETH,2955.86,2967.32,2925.66,2948.71,480.8805
2024-01-19 05:00:00+00:00,ETH,2948.71,3009.67,2942.73,2986.82,535.628
2024-01-19 06:00:00+00:00,ETH,2986.82,3013.88,2948.44,2970.26,808.6061
2024-01-19 07:00:00+00:00,ETH,2970.26,2972.55,2933.69,2946.18,361.6699
2024-01-19 08:00:00+00:00,ETH,2946.18,2950.91,2921.91,2938.03,642.1996
2024-01-19 09:00:00+00:00,ETH,2938.03,2950.31,2900.03,2941.46,580.4339
2024-01-19 10:00:00+00:00,ETH,2941.46,2988.76,2932.21,2965.38,504.6043
2024-01-19 11:00:00+00:00,ETH,2965.38,2984.26,2946.3,2956.98,440.3264
2024-01-19 12:00:00+00:00,ETH,2956.98,2979.65,2889.66,2928.37,380.8777
2024-01-19 13:00:00+00:00,ETH,2928.37,2959.88,2912.31,2941.28,563.1492
2024-01-19 14:00:00+00:00,ETH,2941.28,3000.42,2929.15,2933.31,310.2221
2024-01-19 15:00:00+00:00,ETH,2933.31,2936.73,2893.1,2914.56,550.0976
2024-01-19 16:00:00+00:00,ETH,2914.56,2916.04,2884.26,2898.64,692.0952
2024-01-19 17:00:00+00:00,ETH,2898.64,2909.12,2892.7,2900.92,411.8355
2024-01-19 18:00:00+00:00,ETH,2900.92,2926.43,2841.49,2870.32,455.2079
2024-01-19 19:00:00+00:00,ETH,2870.32,2915.48,2851.99,2895.82,298.6677
2024-01-19 20:00:00+00:00,ETH,2895.82,2921.42,2870.71,2892.88,452.6193
2024-01-19 21:00:00+00:00,ETH,2892.88,2895.8,2885.74,2893.64,190.5805
2024-01-19 22:00:00+00:00,ETH,2893.64,2941.62,2881.74,2911.87,644.3246
2024-01-19 23:00:00+00:00,ETH,2911.87,2913.42,2887.76,2898.78,212.7805
2024-01-20 00:00:00+00:00,ETH,2898.78,2914.1,2898.07,2899.8,603.5027
2024-01-20 01:00:00+00:00,ETH,2899.8,2900.08,2896.71,2898.26,350.1682
2024-01-20 02:00:00+00:00,ETH,2898.26,2928.65,2886.36,2906.56,490.2011
2024-01-20 03:00:00+00:00,ETH,2906.56,2986.87,2885.92,2949.47,332.313
2024-01-20 04:00:00+00:00,ETH,2949.47,2957.89,2925.2,2930.04,282.7631
2024-01-20 05:00:00+00:00,ETH,2930.04,2944.41,2926.11,2928.77,658.7705
2024-01-20 06:00:00+00:00,ETH,2928.77,2967.74,2925.38,2966.13,537.1722
2024-01-20 07:00:00+00:00,ETH,2966.13,2976.64,2916.36,2950.09,414.7687
2024-01-20 08:00:00+00:00,ETH,2950.09,2983.76,2942.26,2978.76,403.8847
2024-01-20 09:00:00+00:00,ETH,2978.76,2987.51,2954.57,2980.14,374.7719
2024-01-20 10:00:00+00:00,ETH,2980.14,3027.7,2944.75,2998.59,406.9295
2024-01-20 11:00:00+00:00,ETH,2998.59,3030.83,2977.85,3008.67,447.2591
2024-01-20 12:00:00+00:00,ETH,3008.67,3025.06,2992.27,3014.4,941.0491
2024-01-20 13:00:00+00:00,ETH,3014.4,3033.38,2983.5,2998.3,577.956
2024-01-20 14:00:00+00:00,ETH,2998.3,2998.44,2986.29,2995.62,344.8056
2024-01-20 15:00:00+00:00,ETH,2995.62,3014.52,2984.81,3007.94,571.5817
2024-01-20 16:00:00+00:00,ETH,3007.94,3029.34,2995.99,3000.97,482.149
2024-01-20 17:00:00+00:00,ETH,3000.97,3001.75,2969.95,2981.47,230.0894
2024-01-20 18:00:00+00:00,ETH,2981.47,2996.1,2960.0,2963.95,431.1209
2024-01-20 19:00:00+00:00,ETH,2963.95,2996.33,2944.5,2989.19,455.2629
2024-01-20 20:00:00+00:00,ETH,2989.19,3019.56,2985.47,3017.94,220.6545
2024-01-20 21:00:00+00:00,ETH,3017.94,3036.25,2998.7,3004.95,532.7424
2024-01-20 22:00:00+00:00,ETH,3004.95,3021.07,2952.71,3004.55,817.3389
2024-01-20 23:00:00+00:00,ETH,3004.55,3052.43,2997.3,3027.01,811.2837
2024-01-21 00:00:00+00:00,ETH,3027.01,3039.65,3002.14,3032.32,388.9812
2024-01-21 01:00:00+00:00,ETH,3032.32,3039.23,3022.17,3033.52,510.4021
2024-01-21 02:00:00+00:00,ETH,3033.52,3044.84,3023.24,3044.77,620.4076
2024-01-21 03:00:00+00:00,ETH,3044.77,3055.65,3022.35,3024.58,326.2879
2024-01-21 04:00:00+00:00,ETH,3024.58,3030.08,3001.25,3012.18,450.1333
2024-01-21 05:00:00+00:00,ETH,3012.18,3048.56,2986.6,3026.04,844.1776
2024-01-21 06:00:00+00:00,ETH,3026.04,3031.8,3012.67,3029.69,369.6878
2024-01-21 07:00:00+00:00,ETH,3029.69,3053.47,3017.1,3038.11,405.2536
2024-01-21 08:00:00+00:00,ETH,3038.11,3094.28,3008.4,3039.78,579.5076
2024-01-21 09:00:00+00:00,ETH,3039.78,3045.82,2994.14,3016.33,594.2285
2024-01-21 10:00:00+00:00,ETH,3016.33,3034.58,3004.27,3024.01,414.1739
2024-01-21 11:00:00+00:00,ETH,3024.01,3056.24,3008.86,3047.66,1218.8139
2024-01-21 12:00:00+00:00,ETH,3047.66,3061.9,3039.04,3057.12,578.8956
2024-01-21 13:00:00+00:00,ETH,3057.12,3077.43,3047.13,3070.6,260.3107
2024-01-21 14:00:00+00:00,ETH,3070.6,3074.91,3048.49,3053.37,450.3594
2024-01-21 15:00:00+00:00,ETH,3053.37,3057.92,3026.21,3048.81,375.1523
2024-01-21 16:00:00+00:00,ETH,3048.81,3065.11,3031.12,3040.52,348.8123
2024-01-21 17:00:00+00:00,ETH,3040.52,3049.09,3017.09,3031.32,454.2056
2024-01-21 18:00:00+00:00,ETH,3031.32,3067.72,3004.53,3020.08,462.4011
2024-01-21 19:00:00+00:00,ETH,3020.08,3052.28,3017.76,3030.85,615.256
2024-01-21 20:00:00+00:00,ETH,3030.85,3055.93,3018.44,3040.93,683.3949
2024-01-21 21:00:00+00:00,ETH,3040.93,3090.68,3015.03,3056.41,528.7116
2024-01-21 22:00:00+00:00,ETH,3056.41,3110.19,3039.91,3089.66,474.1465
2024-01-21 23:00:00+00:00,ETH,3089.66,3104.77,3086.93,3092.92,319.2104
2024-01-22 00:00:00+00:00,ETH,3092.92,3110.69,3080.91,3101.64,448.331
2024-01-22 01:00:00+00:00,ETH,3101.64,3111.42,3082.46,3105.03,681.5711
2024-01-22 02:00:00+00:00,ETH,3105.03,3107.56,3069.44,3075.13,280.3454
2024-01-22 03:00:00+00:00,ETH,3075.13,3090.28,3046.61,3055.67,543.9303
2024-01-22 04:00:00+00:00,ETH,3055.67,3094.59,3047.45,3064.32,487.6757
2024-01-22 05:00:00+00:00,ETH,3064.32,3096.62,3045.84,3056.29,447.8634
2024-01-22 06:00:00+00:00,ETH,3056.29,3058.54,3027.29,3055.39,515.8431
2024-01-22 07:00:00+00:00,ETH,3055.39,3060.32,3004.65,3029.42,654.7302
2024-01-22 08:00:00+00:00,ETH,3029.42,3045.12,3027.57,3034.69,656.8307
2024-01-22 09:00:00+00:00,ETH,3034.69,3061.63,3027.44,3029.32,308.2417
2024-01-22 10:00:00+00:00,ETH,3029.32,3048.64,2999.02,3032.75,713.2175
2024-01-22 11:00:00+00:00,ETH,3032.75,3052.63,2997.4,3036.28,445.2145
2024-01-22 12:00:00+00:00,ETH,3036.28,3064.65,3004.18,3006.85,719.4722
2024-01-22 13:00:00+00:00,ETH,3006.85,3054.88,3006.31,3026.82,370.7603
2024-01-22 14:00:00+00:00,ETH,3026.82,3046.88,2979.24,3003.95,488.5688
2024-01-22 15:00:00+00:00,ETH,3003.95,3010.6,2996.12,2998.59,461.9973
2024-01-22 16:00:00+00:00,ETH,2998.59,3028.82,2961.41,2990.31,330.8943
2024-01-22 17:00:00+00:00,ETH,2990.31,3015.14,2985.34,3008.92,532.7514
2024-01-22 18:00:00+00:00,ETH,3008.92,3028.92,3003.27,3010.91,383.2075
2024-01-22 19:00:00+00:00,ETH,3010.91,3063.41,2980.29,3028.38,724.6986
2024-01-22 20:00:00+00:00,ETH,3028.38,3033.29,3010.21,3032.12,914.6134
2024-01-22 21:00:00+00:00,ETH,3032.12,3032.96,3011.72,3031.73,508.4592
2024-01-22 22:00:00+00:00,ETH,3031.73,3046.23,3010.45,3017.14,582.5431
2024-01-22 23:00:00+00:00,ETH,3017.14,3017.28,3006.29,3008.67,717.4979
2024-01-23 00:00:00+00:00,ETH,3008.67,3021.42,2983.21,3009.39,990.188
2024-01-23 01:00:00+00:00,ETH,3009.39,3026.52,2979.62,3014.09,1184.7567
2024-01-23 02:00:00+00:00,ETH,3014.09,3037.96,2986.62,3002.53,553.4684
2024-01-23 03:00:00+00:00,ETH,3002.53,3046.07,2982.73,3028.05,424.7563
2024-01-23 04:00:00+00:00,ETH,3028.05,3058.05,3013.71,3033.59,801.7969
2024-01-23 05:00:00+00:00,ETH,3033.59,3040.28,3009.21,3013.52,444.2347
2024-01-23 06:00:00+00:00,ETH,3013.52,3071.39,2989.67,3040.59,409.7729
2024-01-23 07:00:00+00:00,ETH,3040.59,3041.59,2977.02,3010.06,349.3877
2024-01-23 08:00:00+00:00,ETH,3010.06,3029.46,3007.76,3017.25,365.4021
2024-01-23 09:00:00+00:00,ETH,3017.25,3042.55,3003.93,3007.47,237.9781
2024-01-23 10:00:00+00:00,ETH,3007.47,3069.83,3005.75,3036.05,462.8745
2024-01-23 11:00:00+00:00,ETH,3036.05,3068.99,3032.27,3051.37,697.0695
2024-01-23 12:00:00+00:00,ETH,3051.37,3056.19,3010.54,3030.16,400.5642
2024-01-23 13:00:00+00:00,ETH,3030.16,3050.32,3029.88,3048.56,499.9017
2024-01-23 14:00:00+00:00,ETH,3048.56,3065.15,3003.54,3011.92,422.3738
2024-01-23 15:00:00+00:00,ETH,3011.92,3046.17,3005.99,3027.11,426.1378
2024-01-23 16:00:00+00:00,ETH,3027.11,3034.75,3018.6,3026.35,348.6389
2024-01-23 17:00:00+00:00,ETH,3026.35,3057.56,3005.25,3009.92,355.0792
2024-01-23 18:00:00+00:00,ETH,3009.92,3051.63,2997.06,3027.77,532.9103
2024-01-23 19:00:00+00:00,ETH,3027.77,3050.11,3021.82,3041.96,333.2611
2024-01-23 20:00:00+00:00,ETH,3041.96,3062.7,3027.35,3045.56,678.176
2024-01-23 21:00:00+00:00,ETH,3045.56,3074.68,3038.87,3050.87,893.3432
2024-01-23 22:00:00+00:00,ETH,3050.87,3070.15,3038.7,3058.34,559.5423
2024-01-23 23:00:00+00:00,ETH,3058.34,3071.07,3029.5,3051.93,556.8032
2024-01-24 00:00:00+00:00,ETH,3051.93,3086.33,3046.63,3062.28,432.9005
2024-01-24 01:00:00+00:00,ETH,3062.28,3068.46,2996.48,3028.34,656.8074
2024-01-24 02:00:00+00:00,ETH,3028.34,3064.14,2952.89,2967.57,457.406
2024-01-24 03:00:00+00:00,ETH,2967.57,3030.96,2955.83,2975.91,784.9522
2024-01-24 04:00:00+00:00,ETH,2975.91,2986.07,2970.43,2982.92,528.3403
2024-01-24 05:00:00+00:00,ETH,2982.92,2998.73,2951.39,2971.05,518.6039
2024-01-24 06:00:00+00:00,ETH,2971.05,2979.16,2931.19,2951.91,470.5234
2024-01-24 07:00:00+00:00,ETH,2951.91,2994.21,2936.89,2975.43,874.8347
2024-01-24 08:00:00+00:00,ETH,2975.43,3009.04,2953.27,2966.31,516.0954
2024-01-24 09:00:00+00:00,ETH,2966.31,2974.1,2951.23,2955.61,716.1538
2024-01-24 10:00:00+00:00,ETH,2955.61,2972.99,2908.88,2938.51,782.3333
2024-01-24 11:00:00+00:00,ETH,2938.51,2962.1,2904.17,2952.64,534.9909
2024-01-24 12:00:00+00:00,ETH,2952.64,2954.22,2899.03,2913.74,820.7445
2024-01-24 13:00:00+00:00,ETH,2913.74,2918.87,2903.42,2910.44,353.6971
2024-01-24 14:00:00+00:00,ETH,2910.44,2955.1,2866.17,2897.99,529.6907
2024-01-24 15:00:00+00:00,ETH,2897.99,2922.51,2892.17,2895.49,683.5372
2024-01-24 16:00:00+00:00,ETH,2895.49,2923.04,2888.59,2907.13,385.5289
2024-01-24 17:00:00+00:00,ETH,2907.13,2912.33,2873.54,2898.66,557.4016
2024-01-24 18:00:00+00:00,ETH,2898.66,2902.89,2890.22,2893.86,378.6034
2024-01-24 19:00:00+00:00,ETH,2893.86,2904.3,2857.49,2861.58,1041.1948
2024-01-24 20:00:00+00:00,ETH,2861.58,2875.25,2846.63,2852.19,520.8068
2024-01-24 21:00:00+00:00,ETH,2852.19,2866.0,2830.97,2834.17,296.7399
2024-01-24 22:00:00+00:00,ETH,2834.17,2858.46,2825.12,2838.1,812.3958
2024-01-24 23:00:00+00:00,ETH,2838.1,2850.5,2818.54,2834.08,775.5509
2024-01-25 00:00:00+00:00,ETH,2834.08,2845.42,2824.29,2826.59,355.1024
2024-01-25 01:00:00+00:00,ETH,2826.59,2841.46,2825.84,2829.24,413.7923
2024-01-25 02:00:00+00:00,ETH,2829.24,2853.43,2769.99,2814.0,501.5304
2024-01-25 03:00:00+00:00,ETH,2814.0,2828.35,2789.99,2794.89,659.0604
2024-01-25 04:00:00+00:00,ETH,2794.89,2795.22,2735.24,2751.76,353.7696
2024-01-25 05:00:00+00:00,ETH,2751.76,2755.89,2736.92,2750.49,688.3557
2024-01-25 06:00:00+00:00,ETH,2750.49,2774.16,2737.12,2750.35,517.1211
2024-01-25 07:00:00+00:00,ETH,2750.35,2756.43,2744.92,2749.3,773.2653
2024-01-25 08:00:00+00:00,ETH,2749.3,2753.82,2703.47,2739.58,986.646
2024-01-25 09:00:00+00:00,ETH,2739.58,2784.39,2706.14,2756.66,426.7758
2024-01-25 10:00:00+00:00,ETH,2756.66,2794.19,2716.39,2744.16,460.1646
2024-01-25 11:00:00+00:00,ETH,2744.16,2787.0,2742.19,2773.54,768.0547
2024-01-25 12:00:00+00:00,ETH,2773.54,2775.22,2752.95,2768.58,454.6209
2024-01-25 13:00:00+00:00,ETH,2768.58,2784.25,2753.29,2754.75,491.8415
2024-01-25 14:00:00+00:00,ETH,2754.75,2755.05,2738.18,2748.02,403.6922
2024-01-25 15:00:00+00:00,ETH,2748.02,2777.71,2732.91,2746.55,490.8574
2024-01-25 16:00:00+00:00,ETH,2746.55,2754.16,2746.43,2752.56,907.9656
2024-01-25 17:00:00+00:00,ETH,2752.56,2801.12,2752.33,2783.44,814.981
2024-01-25 18:00:00+00:00,ETH,2783.44,2807.66,2779.5,2785.48,608.0661
2024-01-25 19:00:00+00:00,ETH,2785.48,2797.42,2784.13,2797.13,529.5444
2024-01-25 20:00:00+00:00,ETH,2797.13,2835.15,2796.04,2812.31,454.8268
2024-01-25 21:00:00+00:00,ETH,2812.31,2824.63,2809.79,2819.45,981.3528
2024-01-25 22:00:00+00:00,ETH,2819.45,2862.24,2814.28,2851.82,616.1573
2024-01-25 23:00:00+00:00,ETH,2851.82,2894.05,2840.98,2845.83,642.8045
2024-01-26 00:00:00+00:00,ETH,2845.83,2864.13,2829.07,2834.92,318.5416
2024-01-26 01:00:00+00:00,ETH,2834.92,2839.74,2765.38,2814.01,570.8135
2024-01-26 02:00:00+00:00,ETH,2814.01,2825.18,2799.55,2809.13,532.0554
2024-01-26 03:00:00+00:00,ETH,2809.13,2826.85,2742.17,2773.65,619.923
2024-01-26 04:00:00+00:00,ETH,2773.65,2795.96,2760.08,2783.74,573.4928
2024-01-26 05:00:00+00:00,ETH,2783.74,2787.58,2764.39,2771.83,459.8457
2024-01-26 06:00:00+00:00,ETH,2771.83,2790.1,2732.25,2782.32,411.6205
2024-01-26 07:00:00+00:00,ETH,2782.32,2797.06,2765.69,2788.01,427.4615
2024-01-26 08:00:00+00:00,ETH,2788.01,2793.94,2746.24,2767.73,775.8224
2024-01-26 09:00:00+00:00,ETH,2767.73,2806.24,2751.37,2802.54,291.1367
2024-01-26 10:00:00+00:00,ETH,2802.54,2802.76,2771.79,2789.37,527.1839
2024-01-26 11:00:00+00:00,ETH,2789.37,2801.29,2760.9,2774.94,338.5381
2024-01-26 12:00:00+00:00,ETH,2774.94,2776.67,2761.12,2767.82,698.6041
2024-01-26 13:00:00+00:00,ETH,2767.82,2802.84,2764.52,2775.46,545.4284
2024-01-26 14:00:00+00:00,ETH,2775.46,2778.65,2746.0,2757.34,164.5718
2024-01-26 15:00:00+00:00,ETH,2757.34,2772.94,2737.92,2770.42,226.5803
2024-01-26 16:00:00+00:00,ETH,2770.42,2778.66,2760.55,2772.45,664.9996
2024-01-26 17:00:00+00:00,ETH,2772.45,2786.27,2759.78,2769.15,227.6082
2024-01-26 18:00:00+00:00,ETH,2769.15,2775.32,2747.13,2751.55,540.2065
2024-01-26 19:00:00+00:00,ETH,2751.55,2755.68,2745.34,2752.98,359.7363
2024-01-26 20:00:00+00:00,ETH,2752.98,2758.65,2734.55,2748.27,548.6897
2024-01-26 21:00:00+00:00,ETH,2748.27,2758.99,2686.04,2714.76,540.4585
2024-01-26 22:00:00+00:00,ETH,2714.76,2739.0,2693.03,2719.54,484.8722
2024-01-26 23:00:00+00:00,ETH,2719.54,2732.03,2690.43,2704.0,274.2646
2024-01-27 00:00:00+00:00,ETH,2704.0,2728.22,2686.13,2698.55,420.1447
2024-01-27 01:00:00+00:00,ETH,2698.55,2702.13,2676.48,2684.01,354.605
2024-01-27 02:00:00+00:00,ETH,2684.01,2720.39,2654.34,2678.0,585.3119
2024-01-27 03:00:00+00:00,ETH,2678.0,2703.69,2653.48,2670.26,579.182
2024-01-27 04:00:00+00:00,ETH,2670.26,2680.36,2660.38,2663.79,684.0861
2024-01-27 05:00:00+00:00,ETH,2663.79,2668.77,2647.95,2656.14,627.0625
2024-01-27 06:00:00+00:00,ETH,2656.14,2658.23,2640.4,2644.95,358.1239
2024-01-27 07:00:00+00:00,ETH,2644.95,2676.77,2624.21,2660.56,305.8548
2024-01-27 08:00:00+00:00,ETH,2660.56,2678.5,2657.85,2667.2,598.8085
2024-01-27 09:00:00+00:00,ETH,2667.2,2685.63,2650.14,2675.26,657.2331
2024-01-27 10:00:00+00:00,ETH,2675.26,2705.33,2673.15,2695.87,850.3552
2024-01-27 11:00:00+00:00,ETH,2695.87,2717.71,2681.68,2686.6,651.853
2024-01-27 12:00:00+00:00,ETH,2686.6,2694.27,2682.22,2693.04,385.1482
2024-01-27 13:00:00+00:00,ETH,2693.04,2700.58,2673.88,2683.72,711.4518
2024-01-27 14:00:00+00:00,ETH,2683.72,2690.64,2660.46,2669.48,334.6629
2024-01-27 15:00:00+00:00,ETH,2669.48,2694.87,2662.47,2689.93,723.8371
2024-01-27 16:00:00+00:00,ETH,2689.93,2693.35,2670.17,2675.48,431.7455
2024-01-27 17:00:00+00:00,ETH,2675.48,2732.7,2670.09,2714.88,811.0744
2024-01-27 18:00:00+00:00,ETH,2714.88,2758.7,2699.51,2753.26,339.8932
2024-01-27 19:00:00+00:00,ETH,2753.26,2766.74,2711.11,2717.17,303.9783
2024-01-27 20:00:00+00:00,ETH,2717.17,2763.75,2704.18,2731.56,317.3233
2024-01-27 21:00:00+00:00,ETH,2731.56,2733.53,2714.82,2717.19,717.9791
2024-01-27 22:00:00+00:00,ETH,2717.19,2730.63,2700.35,2725.91,588.8121
2024-01-27 23:00:00+00:00,ETH,2725.91,2738.93,2673.19,2728.46,682.3141
2024-01-28 00:00:00+00:00,ETH,2728.46,2737.53,2681.67,2686.69,445.6621
2024-01-28 01:00:00+00:00,ETH,2686.69,2702.46,2672.42,2687.95,646.1043
2024-01-28 02:00:00+00:00,ETH,2687.95,2709.9,2685.27,2708.83,298.9976
2024-01-28 03:00:00+00:00,ETH,2708.83,2715.1,2704.69,2712.44,596.0173
2024-01-28 04:00:00+00:00,ETH,2712.44,2769.54,2705.46,2742.95,555.0706
2024-01-28 05:00:00+00:00,ETH,2742.95,2745.58,2727.86,2730.71,438.0628
2024-01-28 06:00:00+00:00,ETH,2730.71,2781.36,2711.01,2761.73,482.923
2024-01-28 07:00:00+00:00,ETH,2761.73,2775.89,2745.49,2761.18,580.6972
2024-01-28 08:00:00+00:00,ETH,2761.18,2780.9,2720.37,2739.22,531.0892
2024-01-28 09:00:00+00:00,ETH,2739.22,2751.89,2725.24,2748.04,865.8239
2024-01-28 10:00:00+00:00,ETH,2748.04,2790.19,2741.96,2776.23,554.0543
2024-01-28 11:00:00+00:00,ETH,2776.23,2795.58,2772.98,2779.18,544.9195
2024-01-28 12:00:00+00:00,ETH,2779.18,2810.65,2765.66,2782.85,505.3652
2024-01-28 13:00:00+00:00,ETH,2782.85,2798.83,2779.7,2784.58,670.4479
2024-01-28 14:00:00+00:00,ETH,2784.58,2795.3,2732.99,2748.23,299.4103
2024-01-28 15:00:00+00:00,ETH,2748.23,2812.98,2728.1,2781.92,735.813
2024-01-28 16:00:00+00:00,ETH,2781.92,2828.02,2781.35,2813.88,561.699
2024-01-28 17:00:00+00:00,ETH,2813.88,2841.66,2772.02,2839.29,288.3641
2024-01-28 18:00:00+00:00,ETH,2839.29,2851.99,2820.03,2846.64,463.7867
2024-01-28 19:00:00+00:00,ETH,2846.64,2859.88,2837.08,2848.39,527.4762
2024-01-28 20:00:00+00:00,ETH,2848.39,2851.5,2841.93,2843.0,623.7243
2024-01-28 21:00:00+00:00,ETH,2843.0,2871.65,2842.42,2870.16,368.7967
2024-01-28 22:00:00+00:00,ETH,2870.16,2887.75,2861.53,2884.44,647.8804
2024-01-28 23:00:00+00:00,ETH,2884.44,2903.39,2845.0,2864.48,403.943
2024-01-29 00:00:00+00:00,ETH,2864.48,2923.6,2837.25,2856.54,241.2608
2024-01-29 01:00:00+00:00,ETH,2856.54,2890.58,2855.02,2862.64,476.5079
2024-01-29 02:00:00+00:00,ETH,2862.64,2875.87,2850.35,2853.24,434.2946
2024-01-29 03:00:00+00:00,ETH,2853.24,2870.74,2844.47,2865.34,506.2524
2024-01-29 04:00:00+00:00,ETH,2865.34,2920.41,2861.06,2900.29,430.933
2024-01-29 05:00:00+00:00,ETH,2900.29,2936.46,2866.86,2935.43,563.3043
2024-01-29 06:00:00+00:00,ETH,2935.43,2959.85,2923.94,2947.85,577.5158
2024-01-29 07:00:00+00:00,ETH,2947.85,2963.99,2920.44,2932.21,667.5509
2024-01-29 08:00:00+00:00,ETH,2932.21,2950.01,2907.33,2949.64,352.0784
2024-01-29 09:00:00+00:00,ETH,2949.64,2956.49,2913.64,2928.16,534.5366
2024-01-29 10:00:00+00:00,ETH,2928.16,2930.57,2884.95,2919.7,459.7351
2024-01-29 11:00:00+00:00,ETH,2919.7,2932.74,2887.47,2907.85,388.117
2024-01-29 12:00:00+00:00,ETH,2907.85,2909.69,2894.02,2903.99,679.3937
2024-01-29 13:00:00+00:00,ETH,2903.99,2921.31,2889.5,2909.81,357.8039
2024-01-29 14:00:00+00:00,ETH,2909.81,2954.34,2896.23,2928.9,907.5025
2024-01-29 15:00:00+00:00,ETH,2928.9,2941.54,2890.54,2934.59,362.3286
2024-01-29 16:00:00+00:00,ETH,2934.59,2947.4,2898.16,2905.94,256.0377
2024-01-29 17:00:00+00:00,ETH,2905.94,2926.22,2900.84,2917.04,316.2252
2024-01-29 18:00:00+00:00,ETH,2917.04,2949.95,2901.5,2931.36,747.3555
2024-01-29 19:00:00+00:00,ETH,2931.36,2953.37,2905.26,2946.39,739.4637
2024-01-29 20:00:00+00:00,ETH,2946.39,2963.35,2912.63,2934.69,485.2583
2024-01-29 21:00:00+00:00,ETH,2934.69,2939.14,2922.25,2931.89,474.758
2024-01-29 22:00:00+00:00,ETH,2931.89,2961.22,2897.99,2924.29,384.631
2024-01-29 23:00:00+00:00,ETH,2924.29,2944.23,2922.46,2939.85,484.1474
2024-01-30 00:00:00+00:00,ETH,2939.85,2955.31,2880.46,2907.21,367.637
2024-01-30 01:00:00+00:00,ETH,2907.21,2947.94,2881.47,2899.12,721.321
2024-01-30 02:00:00+00:00,ETH,2899.12,2929.66,2894.37,2922.89,490.403
2024-01-30 03:00:00+00:00,ETH,2922.89,2932.6,2895.85,2914.7,374.5532
2024-01-30 04:00:00+00:00,ETH,2914.7,2950.47,2891.24,2938.71,406.5957
2024-01-30 05:00:00+00:00,ETH,2938.71,2953.67,2937.56,2953.31,417.3225
2024-01-30 06:00:00+00:00,ETH,2953.31,2960.9,2918.47,2919.96,740.5204
2024-01-30 07:00:00+00:00,ETH,2919.96,2944.62,2898.71,2904.78,642.4088
2024-01-30 08:00:00+00:00,ETH,2904.78,2954.35,2903.5,2938.73,476.8146
2024-01-30 09:00:00+00:00,ETH,2938.73,2940.93,2896.14,2908.62,465.8737
2024-01-30 10:00:00+00:00,ETH,2908.62,2917.99,2878.81,2898.0,407.7198
2024-01-30 11:00:00+00:00,ETH,2898.0,2931.79,2895.01,2899.82,424.2255
2024-01-30 12:00:00+00:00,ETH,2899.82,2914.78,2887.36,2904.4,995.2091
2024-01-30 13:00:00+00:00,ETH,2904.4,2946.43,2892.87,2933.27,430.141
2024-01-30 14:00:00+00:00,ETH,2933.27,2938.32,2914.99,2915.99,298.0262
2024-01-30 15:00:00+00:00,ETH,2915.99,2937.72,2899.5,2918.21,728.2739
2024-01-30 16:00:00+00:00,ETH,2918.21,2931.93,2915.51,2931.63,383.6581
2024-01-30 17:00:00+00:00,ETH,2931.63,2939.91,2896.68,2926.07,258.8815
2024-01-30 18:00:00+00:00,ETH,2926.07,2932.12,2885.42,2910.14,420.6458
2024-01-30 19:00:00+00:00,ETH,2910.14,2947.17,2887.75,2901.98,793.8248
2024-01-30 20:00:00+00:00,ETH,2901.98,2912.41,2872.81,2880.77,557.8067
2024-01-30 21:00:00+00:00,ETH,2880.77,2907.06,2876.29,2880.44,409.7185
2024-01-30 22:00:00+00:00,ETH,2880.44,2918.51,2874.76,2899.23,669.1779
2024-01-30 23:00:00+00:00,ETH,2899.23,2928.68,2875.07,2890.12,602.8374
2024-01-31 00:00:00+00:00,ETH,2890.12,2917.55,2871.7,2901.69,947.4412
2024-01-31 01:00:00+00:00,ETH,2901.69,2914.38,2864.86,2866.5,433.4336
2024-01-31 02:00:00+00:00,ETH,2866.5,2877.04,2830.21,2834.36,269.5761
2024-01-31 03:00:00+00:00,ETH,2834.36,2859.27,2828.03,2855.57,502.701
2024-01-31 04:00:00+00:00,ETH,2855.57,2867.34,2831.35,2852.38,493.9428
2024-01-31 05:00:00+00:00,ETH,2852.38,2864.4,2819.14,2859.56,380.1734
2024-01-31 06:00:00+00:00,ETH,2859.56,2870.93,2820.43,2833.88,667.1081
2024-01-31 07:00:00+00:00,ETH,2833.88,2861.96,2795.8,2817.42,258.6838
2024-01-31 08:00:00+00:00,ETH,2817.42,2862.44,2792.29,2837.23,412.5418
2024-01-31 09:00:00+00:00,ETH,2837.23,2858.72,2831.04,2836.22,316.1622
2024-01-31 10:00:00+00:00,ETH,2836.22,2854.03,2813.98,2846.91,737.3065
2024-01-31 11:00:00+00:00,ETH,2846.91,2885.58,2833.24,2847.09,554.6508
2024-01-31 12:00:00+00:00,ETH,2847.09,2870.84,2839.26,2866.98,570.4144
2024-01-31 13:00:00+00:00,ETH,2866.98,2919.83,2807.86,2857.15,750.516
2024-01-31 14:00:00+00:00,ETH,2857.15,2862.81,2817.1,2817.58,462.2591
2024-01-31 15:00:00+00:00,ETH,2817.58,2841.43,2790.94,2801.09,746.9417
2024-01-31 16:00:00+00:00,ETH,2801.09,2818.02,2787.77,2810.11,501.9549
2024-01-31 17:00:00+00:00,ETH,2810.11,2848.74,2802.25,2814.3,586.2278
2024-01-31 18:00:00+00:00,ETH,2814.3,2826.48,2787.22,2809.51,446.726
2024-01-31 19:00:00+00:00,ETH,2809.51,2836.62,2803.82,2829.28,652.4498
2024-01-31 20:00:00+00:00,ETH,2829.28,2836.96,2805.96,2818.71,530.1062
2024-01-31 21:00:00+00:00,ETH,2818.71,2860.66,2776.24,2798.69,385.9314
2024-01-31 22:00:00+00:00,ETH,2798.69,2815.46,2793.35,2813.18,418.5374
2024-01-31 23:00:00+00:00,ETH,2813.18,2832.57,2775.86,2801.15,771.1387
2024-02-01 00:00:00+00:00,ETH,2801.15,2807.76,2784.87,2804.85,490.1315
2024-02-01 01:00:00+00:00,ETH,2804.85,2809.03,2779.51,2780.12,758.6738
2024-02-01 02:00:00+00:00,ETH,2780.12,2799.69,2754.05,2754.96,596.2041
2024-02-01 03:00:00+00:00,ETH,2754.96,2759.23,2742.84,2743.76,705.5682
2024-02-01 04:00:00+00:00,ETH,2743.76,2801.52,2726.75,2780.4,518.4405
2024-02-01 05:00:00+00:00,ETH,2780.4,2795.41,2774.3,2788.1,483.6474
2024-02-01 06:00:00+00:00,ETH,2788.1,2792.69,2775.74,2783.2,368.1136
2024-02-01 07:00:00+00:00,ETH,2783.2,2799.14,2728.21,2776.11,944.9701
2024-02-01 08:00:00+00:00,ETH,2776.11,2800.92,2752.17,2779.84,495.3171
2024-02-01 09:00:00+00:00,ETH,2779.84,2805.87,2767.95,2781.99,438.5267
2024-02-01 10:00:00+00:00,ETH,2781.99,2795.37,2765.51,2793.91,324.7867
2024-02-01 11:00:00+00:00,ETH,2793.91,2834.71,2773.83,2828.28,446.0313
2024-02-01 12:00:00+00:00,ETH,2828.28,2832.29,2806.61,2822.61,438.3188
2024-02-01 13:00:00+00:00,ETH,2822.61,2874.98,2808.63,2867.93,419.0083
2024-02-01 14:00:00+00:00,ETH,2867.93,2895.96,2816.84,2834.8,510.8509
2024-02-01 15:00:00+00:00,ETH,2834.8,2843.2,2822.96,2838.56,451.0779
2024-02-01 16:00:00+00:00,ETH,2838.56,2839.78,2820.87,2826.07,374.3436
2024-02-01 17:00:00+00:00,ETH,2826.07,2844.5,2802.4,2834.97,439.2024
2024-02-01 18:00:00+00:00,ETH,2834.97,2852.17,2808.18,2812.16,598.0793
2024-02-01 19:00:00+00:00,ETH,2812.16,2827.02,2796.45,2798.12,382.067
2024-02-01 20:00:00+00:00,ETH,2798.12,2836.23,2793.01,2798.63,553.2058
2024-02-01 21:00:00+00:00,ETH,2798.63,2813.42,2766.93,2775.56,829.3815
2024-02-01 22:00:00+00:00,ETH,2775.56,2832.44,2761.24,2828.48,431.7248
2024-02-01 23:00:00+00:00,ETH,2828.48,2915.03,2780.28,2848.38,665.2689
2024-02-02 00:00:00+00:00,ETH,2848.38,2863.02,2846.2,2862.57,836.968
2024-02-02 01:00:00+00:00,ETH,2862.57,2887.49,2861.31,2869.36,470.8026
2024-02-02 02:00:00+00:00,ETH,2869.36,2887.44,2826.45,2878.13,499.0663
2024-02-02 03:00:00+00:00,ETH,2878.13,2899.96,2874.22,2875.6,431.3327
2024-02-02 04:00:00+00:00,ETH,2875.6,2883.13,2858.64,2879.94,479.8931
2024-02-02 05:00:00+00:00,ETH,2879.94,2881.24,2871.96,2875.83,738.3852
2024-02-02 06:00:00+00:00,ETH,2875.83,2914.41,2853.41,2857.63,668.3179
2024-02-02 07:00:00+00:00,ETH,2857.63,2876.26,2838.32,2854.39,462.018
2024-02-02 08:00:00+00:00,ETH,2854.39,2919.99,2841.64,2879.51,302.0143
2024-02-02 09:00:00+00:00,ETH,2879.51,2921.94,2848.11,2885.22,1202.8668
2024-02-02 10:00:00+00:00,ETH,2885.22,2918.39,2872.65,2913.82,248.6262
2024-02-02 11:00:00+00:00,ETH,2913.82,2956.84,2901.36,2931.74,492.218
2024-02-02 12:00:00+00:00,ETH,2931.74,2992.48,2914.68,2972.38,571.8986
2024-02-02 13:00:00+00:00,ETH,2972.38,2978.51,2971.14,2976.54,930.724
2024-02-02 14:00:00+00:00,ETH,2976.54,2988.27,2973.13,2979.72,432.9194
2024-02-02 15:00:00+00:00,ETH,2979.72,2992.53,2967.39,2972.45,781.7212
2024-02-02 16:00:00+00:00,ETH,2972.45,3006.4,2962.45,2994.6,290.3271
2024-02-02 17:00:00+00:00,ETH,2994.6,3025.15,2968.25,2987.07,514.4989
2024-02-02 18:00:00+00:00,ETH,2987.07,3015.65,2985.72,2998.98,670.8545
2024-02-02 19:00:00+00:00,ETH,2998.98,3003.87,2947.27,2968.44,295.8066
2024-02-02 20:00:00+00:00,ETH,2968.44,2979.92,2958.91,2960.31,473.3711
2024-02-02 21:00:00+00:00,ETH,2960.31,3025.94,2920.35,2986.32,427.0063
2024-02-02 22:00:00+00:00,ETH,2986.32,3018.28,2971.75,2995.93,488.2034
2024-02-02 23:00:00+00:00,ETH,2995.93,3051.21,2995.33,3020.68,376.6649
2024-02-03 00:00:00+00:00,ETH,3020.68,3037.02,3001.35,3011.51,351.4811
2024-02-03 01:00:00+00:00,ETH,3011.51,3036.4,3007.44,3007.66,588.404
2024-02-03 02:00:00+00:00,ETH,3007.66,3008.26,2976.64,2977.42,543.0371
2024-02-03 03:00:00+00:00,ETH,2977.42,2984.85,2946.08,2977.44,328.2705
2024-02-03 04:00:00+00:00,ETH,2977.44,2995.15,2973.97,2992.5,500.4264
2024-02-03 05:00:00+00:00,ETH,2992.5,3000.27,2959.83,2988.58,381.4884
2024-02-03 06:00:00+00:00,ETH,2988.58,3002.9,2977.28,2990.47,836.7181
2024-02-03 07:00:00+00:00,ETH,2990.47,3008.22,2962.72,2973.51,342.3763
2024-02-03 08:00:00+00:00,ETH,2973.51,2993.19,2953.44,2958.42,766.5747
2024-02-03 09:00:00+00:00,ETH,2958.42,2959.66,2938.0,2958.71,818.0331
2024-02-03 10:00:00+00:00,ETH,2958.71,2973.4,2950.13,2972.76,243.4488
2024-02-03 11:00:00+00:00,ETH,2972.76,2983.31,2951.09,2966.39,763.8919
2024-02-03 12:00:00+00:00,ETH,2966.39,2983.39,2943.48,2979.18,522.3932
2024-02-03 13:00:00+00:00,ETH,2979.18,3001.47,2966.99,3000.19,532.2589
2024-02-03 14:00:00+00:00,ETH,3000.19,3021.15,2980.44,2991.69,445.1174
2024-02-03 15:00:00+00:00,ETH,2991.69,3008.56,2970.6,2971.04,491.3183
2024-02-03 16:00:00+00:00,ETH,2971.04,2975.21,2924.14,2931.16,380.6599
2024-02-03 17:00:00+00:00,ETH,2931.16,2951.03,2929.0,2935.59,201.2297
2024-02-03 18:00:00+00:00,ETH,2935.59,2948.93,2920.96,2922.76,469.5114
2024-02-03 19:00:00+00:00,ETH,2922.76,2935.5,2893.88,2924.35,336.0336
2024-02-03 20:00:00+00:00,ETH,2924.35,2924.69,2892.76,2912.6,623.4642
2024-02-03 21:00:00+00:00,ETH,2912.6,2936.33,2894.39,2908.28,562.9519
2024-02-03 22:00:00+00:00,ETH,2908.28,2933.64,2894.76,2915.03,609.3335
2024-02-03 23:00:00+00:00,ETH,2915.03,2922.92,2908.02,2908.68,844.2892
2024-02-04 00:00:00+00:00,ETH,2908.68,2934.05,2899.5,2926.69,1046.606
2024-02-04 01:00:00+00:00,ETH,2926.69,2949.29,2899.31,2912.85,514.3265
2024-02-04 02:00:00+00:00,ETH,2912.85,2944.43,2897.1,2901.75,255.4813
2024-02-04 03:00:00+00:00,ETH,2901.75,2927.38,2891.94,2894.63,526.3879
2024-02-04 04:00:00+00:00,ETH,2894.63,2933.02,2886.51,2902.16,633.7033
2024-02-04 05:00:00+00:00,ETH,2902.16,2911.21,2853.52,2883.11,1190.6615
2024-02-04 06:00:00+00:00,ETH,2883.11,2905.0,2840.45,2903.11,339.7101
2024-02-04 07:00:00+00:00,ETH,2903.11,2915.95,2855.03,2872.05,839.6335
2024-02-04 08:00:00+00:00,ETH,2872.05,2884.83,2855.43,2869.03,381.4947
2024-02-04 09:00:00+00:00,ETH,2869.03,2878.94,2861.94,2875.0,148.458
2024-02-04 10:00:00+00:00,ETH,2875.0,2886.99,2831.99,2849.08,484.6902
2024-02-04 11:00:00+00:00,ETH,2849.08,2863.7,2846.65,2855.35,498.7072
2024-02-04 12:00:00+00:00,ETH,2855.35,2890.18,2844.55,2869.59,541.0895
2024-02-04 13:00:00+00:00,ETH,2869.59,2876.4,2862.52,2873.62,811.8634
2024-02-04 14:00:00+00:00,ETH,2873.62,2875.03,2866.47,2872.44,258.0466
2024-02-04 15:00:00+00:00,ETH,2872.44,2875.95,2855.47,2870.89,551.2475
2024-02-04 16:00:00+00:00,ETH,2870.89,2873.83,2862.41,2870.53,614.3114
2024-02-04 17:00:00+00:00,ETH,2870.53,2894.17,2845.74,2887.01,414.1286
2024-02-04 18:00:00+00:00,ETH,2887.01,2891.73,2879.99,2882.44,535.4439
2024-02-04 19:00:00+00:00,ETH,2882.44,2905.28,2858.09,2873.93,528.9295
2024-02-04 20:00:00+00:00,ETH,2873.93,2898.42,2870.28,2888.97,548.5885
2024-02-04 21:00:00+00:00,ETH,2888.97,2910.43,2884.2,2899.27,417.5807
2024-02-04 22:00:00+00:00,ETH,2899.27,2978.29,2884.18,2917.68,437.7732
2024-02-04 23:00:00+00:00,ETH,2917.68,2928.12,2895.15,2897.83,307.0866
2024-02-05 00:00:00+00:00,ETH,2897.83,2931.08,2893.78,2917.32,574.4288
2024-02-05 01:00:00+00:00,ETH,2917.32,2922.48,2901.13,2914.29,610.7832
2024-02-05 02:00:00+00:00,ETH,2914.29,2923.37,2892.38,2898.13,558.3933
2024-02-05 03:00:00+00:00,ETH,2898.13,2926.24,2884.44,2911.52,320.8769
2024-02-05 04:00:00+00:00,ETH,2911.52,2920.03,2889.96,2917.34,520.3113
2024-02-05 05:00:00+00:00,ETH,2917.34,2926.11,2882.34,2898.43,589.7512
2024-02-05 06:00:00+00:00,ETH,2898.43,2902.45,2894.03,2894.34,479.2688
2024-02-05 07:00:00+00:00,ETH,2894.34,2939.57,2876.63,2905.46,396.4813
2024-02-05 08:00:00+00:00,ETH,2905.46,2916.23,2866.69,2874.73,465.7676
2024-02-05 09:00:00+00:00,ETH,2874.73,2891.1,2857.53,2884.15,644.0136
2024-02-05 10:00:00+00:00,ETH,2884.15,2912.75,2841.48,2880.53,405.5288
2024-02-05 11:00:00+00:00,ETH,2880.53,2929.57,2864.57,2889.45,577.9558
2024-02-05 12:00:00+00:00,ETH,2889.45,2935.33,2794.13,2851.09,381.0228
2024-02-05 13:00:00+00:00,ETH,2851.09,2902.44,2842.0,2878.56,220.5593
2024-02-05 14:00:00+00:00,ETH,2878.56,2887.61,2858.01,2868.0,484.4874
2024-02-05 15:00:00+00:00,ETH,2868.0,2873.25,2855.74,2857.96,886.2404
2024-02-05 16:00:00+00:00,ETH,2857.96,2876.55,2844.86,2853.84,292.8152
2024-02-05 17:00:00+00:00,ETH,2853.84,2868.18,2847.03,2863.26,648.2129
2024-02-05 18:00:00+00:00,ETH,2863.26,2890.67,2849.72,2860.82,496.9189
2024-02-05 19:00:00+00:00,ETH,2860.82,2898.55,2846.68,2887.62,582.2595
2024-02-05 20:00:00+00:00,ETH,2887.62,2889.2,2880.2,2883.54,294.9326
2024-02-05 21:00:00+00:00,ETH,2883.54,2927.62,2874.03,2912.14,849.4746
2024-02-05 22:00:00+00:00,ETH,2912.14,2912.22,2901.93,2908.59,348.1458
2024-02-05 23:00:00+00:00,ETH,2908.59,2930.12,2904.54,2908.7,693.8961
2024-02-06 00:00:00+00:00,ETH,2908.7,2909.93,2850.78,2881.05,500.6294
2024-02-06 01:00:00+00:00,ETH,2881.05,2881.99,2865.63,2867.17,748.8388
2024-02-06 02:00:00+00:00,ETH,2867.17,2881.63,2865.2,2872.24,947.8361
2024-02-06 03:00:00+00:00,ETH,2872.24,2898.56,2826.6,2847.3,699.4499
2024-02-06 04:00:00+00:00,ETH,2847.3,2881.88,2837.59,2876.31,288.5803
2024-02-06 05:00:00+00:00,ETH,2876.31,2915.06,2850.55,2880.02,204.6092
2024-02-06 06:00:00+00:00,ETH,2880.02,2886.83,2854.4,2873.86,605.8508
2024-02-06 07:00:00+00:00,ETH,2873.86,2884.34,2860.28,2872.32,379.9693
2024-02-06 08:00:00+00:00,ETH,2872.32,2905.74,2867.84,2901.32,341.8312
2024-02-06 09:00:00+00:00,ETH,2901.32,2952.3,2870.64,2914.96,462.5627
2024-02-06 10:00:00+00:00,ETH,2914.96,2926.89,2881.49,2881.92,360.4926
2024-02-06 11:00:00+00:00,ETH,2881.92,2892.27,2862.35,2874.69,593.2494
2024-02-06 12:00:00+00:00,ETH,2874.69,2904.43,2872.8,2890.58,428.1407
2024-02-06 13:00:00+00:00,ETH,2890.58,2895.3,2867.65,2875.86,295.7217
2024-02-06 14:00:00+00:00,ETH,2875.86,2895.01,2849.61,2882.03,299.4289
2024-02-06 15:00:00+00:00,ETH,2882.03,2907.27,2786.57,2842.99,468.112
2024-02-06 16:00:00+00:00,ETH,2842.99,2846.22,2803.61,2832.97,407.9416
2024-02-06 17:00:00+00:00,ETH,2832.97,2840.04,2832.15,2834.84,456.5751
2024-02-06 18:00:00+00:00,ETH,2834.84,2869.52,2794.82,2847.22,530.2128
2024-02-06 19:00:00+00:00,ETH,2847.22,2848.17,2835.87,2838.98,417.0654
2024-02-06 20:00:00+00:00,ETH,2838.98,2856.77,2803.19,2854.81,605.2654
2024-02-06 21:00:00+00:00,ETH,2854.81,2880.54,2810.41,2829.42,406.8246
2024-02-06 22:00:00+00:00,ETH,2829.42,2833.46,2801.04,2826.25,314.5536
2024-02-06 23:00:00+00:00,ETH,2826.25,2831.5,2799.61,2829.38,681.4542
2024-02-07 00:00:00+00:00,ETH,2829.38,2840.56,2797.76,2802.81,319.1521
2024-02-07 01:00:00+00:00,ETH,2802.81,2829.91,2782.85,2824.63,633.9331
2024-02-07 02:00:00+00:00,ETH,2824.63,2839.8,2815.88,2829.58,248.3098
2024-02-07 03:00:00+00:00,ETH,2829.58,2830.77,2804.53,2810.84,321.7407
2024-02-07 04:00:00+00:00,ETH,2810.84,2820.47,2802.18,2820.19,420.0799
2024-02-07 05:00:00+00:00,ETH,2820.19,2822.28,2801.41,2806.06,220.7193
2024-02-07 06:00:00+00:00,ETH,2806.06,2809.5,2731.04,2795.1,402.8016
2024-02-07 07:00:00+00:00,ETH,2795.1,2808.26,2743.61,2772.19,247.2586
2024-02-07 08:00:00+00:00,ETH,2772.19,2786.82,2764.36,2766.18,383.2813
2024-02-07 09:00:00+00:00,ETH,2766.18,2772.38,2729.16,2729.92,566.4197
2024-02-07 10:00:00+00:00,ETH,2729.92,2768.47,2702.94,2733.46,321.1956
2024-02-07 11:00:00+00:00,ETH,2733.46,2777.88,2703.78,2764.0,591.7615
2024-02-07 12:00:00+00:00,ETH,2764.0,2770.51,2755.58,2756.61,548.0712
2024-02-07 13:00:00+00:00,ETH,2756.61,2777.46,2713.5,2718.74,290.5093
2024-02-07 14:00:00+00:00,ETH,2718.74,2737.78,2691.88,2710.92,736.2224
2024-02-07 15:00:00+00:00,ETH,2710.92,2720.18,2695.2,2709.78,528.8359
2024-02-07 16:00:00+00:00,ETH,2709.78,2759.56,2701.84,2712.25,476.8339
2024-02-07 17:00:00+00:00,ETH,2712.25,2721.37,2708.53,2711.17,191.4301
2024-02-07 18:00:00+00:00,ETH,2711.17,2740.21,2697.08,2736.05,396.2494
2024-02-07 19:00:00+00:00,ETH,2736.05,2771.35,2728.6,2732.95,577.7065
2024-02-07 20:00:00+00:00,ETH,2732.95,2736.17,2717.0,2726.45,568.5113
2024-02-07 21:00:00+00:00,ETH,2726.45,2733.16,2726.35,2732.16,338.0879
2024-02-07 22:00:00+00:00,ETH,2732.16,2748.86,2724.48,2739.46,798.1818
2024-02-07 23:00:00+00:00,ETH,2739.46,2745.14,2711.33,2735.95,551.5944
2024-02-08 00:00:00+00:00,ETH,2735.95,2741.2,2725.33,2731.94,752.2486
2024-02-08 01:00:00+00:00,ETH,2731.94,2745.14,2693.52,2721.28,290.9996
2024-02-08 02:00:00+00:00,ETH,2721.28,2755.23,2715.96,2733.21,324.5663
2024-02-08 03:00:00+00:00,ETH,2733.21,2746.25,2671.69,2707.82,376.8036
2024-02-08 04:00:00+00:00,ETH,2707.82,2720.13,2693.44,2709.72,517.4308
2024-02-08 05:00:00+00:00,ETH,2709.72,2770.6,2701.18,2724.19,443.3623
2024-02-08 06:00:00+00:00,ETH,2724.19,2725.03,2722.28,2723.26,727.152
2024-02-08 07:00:00+00:00,ETH,2723.26,2747.25,2687.22,2694.93,628.6196
2024-02-08 08:00:00+00:00,ETH,2694.93,2716.95,2676.46,2692.27,555.0845
2024-02-08 09:00:00+00:00,ETH,2692.27,2719.53,2676.06,2704.04,443.0462
2024-02-08 10:00:00+00:00,ETH,2704.04,2707.81,2684.31,2707.73,468.9165
2024-02-08 11:00:00+00:00,ETH,2707.73,2724.92,2679.94,2690.17,716.4575
2024-02-08 12:00:00+00:00,ETH,2690.17,2729.59,2685.86,2727.31,251.7858
2024-02-08 13:00:00+00:00,ETH,2727.31,2742.92,2709.09,2742.58,473.9309
2024-02-08 14:00:00+00:00,ETH,2742.58,2749.6,2728.86,2745.09,413.1942
2024-02-08 15:00:00+00:00,ETH,2745.09,2823.76,2739.09,2791.15,264.8814
2024-02-08 16:00:00+00:00,ETH,2791.15,2802.88,2782.95,2786.25,377.0965
2024-02-08 17:00:00+00:00,ETH,2786.25,2787.52,2740.23,2761.08,549.7395
2024-02-08 18:00:00+00:00,ETH,2761.08,2766.21,2743.07,2758.31,336.0982
2024-02-08 19:00:00+00:00,ETH,2758.31,2779.91,2758.23,2759.43,323.463
2024-02-08 20:00:00+00:00,ETH,2759.43,2768.97,2723.48,2733.5,434.3558
2024-02-08 21:00:00+00:00,ETH,2733.5,2752.44,2718.83,2744.87,451.796
2024-02-08 22:00:00+00:00,ETH,2744.87,2769.86,2741.3,2761.14,594.386
2024-02-08 23:00:00+00:00,ETH,2761.14,2767.08,2704.27,2737.66,706.9824
2024-02-09 00:00:00+00:00,ETH,2737.66,2749.24,2713.21,2726.98,394.9719
2024-02-09 01:00:00+00:00,ETH,2726.98,2727.87,2699.77,2707.0,741.3443
2024-02-09 02:00:00+00:00,ETH,2707.0,2712.45,2678.48,2685.87,395.7536
2024-02-09 03:00:00+00:00,ETH,2685.87,2706.61,2682.18,2692.98,567.884
2024-02-09 04:00:00+00:00,ETH,2692.98,2705.45,2679.59,2694.44,505.1271
2024-02-09 05:00:00+00:00,ETH,2694.44,2712.98,2667.98,2690.86,454.8909
2024-02-09 06:00:00+00:00,ETH,2690.86,2706.37,2679.84,2695.84,664.1177
2024-02-09 07:00:00+00:00,ETH,2695.84,2698.32,2681.38,2689.56,620.7799
2024-02-09 08:00:00+00:00,ETH,2689.56,2697.63,2662.19,2679.04,506.0895
2024-02-09 09:00:00+00:00,ETH,2679.04,2693.57,2645.03,2672.62,488.8846
2024-02-09 10:00:00+00:00,ETH,2672.62,2680.98,2651.55,2668.62,421.0993
2024-02-09 11:00:00+00:00,ETH,2668.62,2680.2,2650.23,2668.91,561.4522
2024-02-09 12:00:00+00:00,ETH,2668.91,2702.96,2640.07,2677.1,362.7552
2024-02-09 13:00:00+00:00,ETH,2677.1,2693.71,2663.42,2665.34,585.8229
2024-02-09 14:00:00+00:00,ETH,2665.34,2676.6,2654.4,2660.65,647.22
2024-02-09 15:00:00+00:00,ETH,2660.65,2661.81,2642.53,2651.45,374.3158
2024-02-09 16:00:00+00:00,ETH,2651.45,2654.56,2638.86,2641.5,630.7062
2024-02-09 17:00:00+00:00,ETH,2641.5,2665.87,2637.2,2654.05,779.2623
2024-02-09 18:00:00+00:00,ETH,2654.05,2655.73,2634.88,2642.77,406.5987
2024-02-09 19:00:00+00:00,ETH,2642.77,2643.26,2617.68,2640.31,487.8394
2024-02-09 20:00:00+00:00,ETH,2640.31,2661.68,2606.27,2624.16,771.2604
2024-02-09 21:00:00+00:00,ETH,2624.16,2653.15,2601.92,2635.25,649.6475
2024-02-09 22:00:00+00:00,ETH,2635.25,2657.92,2635.18,2652.72,573.4327
2024-02-09 23:00:00+00:00,ETH,2652.72,2672.87,2637.05,2655.42,732.9296
2024-02-10 00:00:00+00:00,ETH,2655.42,2713.31,2651.64,2686.45,1617.7882
2024-02-10 01:00:00+00:00,ETH,2686.45,2690.6,2644.57,2652.68,559.5872
2024-02-10 02:00:00+00:00,ETH,2652.68,2657.74,2621.04,2641.65,297.726
2024-02-10 03:00:00+00:00,ETH,2641.65,2663.57,2619.34,2652.06,479.7261
2024-02-10 04:00:00+00:00,ETH,2652.06,2657.03,2602.11,2627.37,646.2201
2024-02-10 05:00:00+00:00,ETH,2627.37,2648.9,2617.72,2624.71,409.7652
2024-02-10 06:00:00+00:00,ETH,2624.71,2638.65,2622.62,2625.83,627.993
2024-02-10 07:00:00+00:00,ETH,2625.83,2638.86,2599.1,2621.91,382.9726
2024-02-10 08:00:00+00:00,ETH,2621.91,2624.58,2601.27,2621.19,246.1962
2024-02-10 09:00:00+00:00,ETH,2621.19,2641.53,2605.69,2634.59,588.2508
2024-02-10 10:00:00+00:00,ETH,2634.59,2683.78,2584.77,2651.76,501.8749
2024-02-10 11:00:00+00:00,ETH,2651.76,2654.01,2624.32,2629.4,260.4231
2024-02-10 12:00:00+00:00,ETH,2629.4,2630.06,2594.85,2608.62,283.0628
2024-02-10 13:00:00+00:00,ETH,2608.62,2617.11,2607.2,2615.57,700.3295
2024-02-10 14:00:00+00:00,ETH,2615.57,2619.52,2578.86,2597.17,485.7276
2024-02-10 15:00:00+00:00,ETH,2597.17,2632.89,2595.97,2627.11,393.8002
2024-02-10 16:00:00+00:00,ETH,2627.11,2644.91,2622.35,2625.49,322.5528
2024-02-10 17:00:00+00:00,ETH,2625.49,2637.57,2610.44,2629.12,571.9502
2024-02-10 18:00:00+00:00,ETH,2629.12,2651.11,2611.72,2626.34,381.9076
2024-02-10 19:00:00+00:00,ETH,2626.34,2632.53,2593.46,2620.55,371.2051
2024-02-10 20:00:00+00:00,ETH,2620.55,2622.77,2605.49,2609.06,245.5375
2024-02-10 21:00:00+00:00,ETH,2609.06,2674.62,2602.13,2635.62,398.7462
2024-02-10 22:00:00+00:00,ETH,2635.62,2655.17,2612.91,2641.39,838.241
2024-02-10 23:00:00+00:00,ETH,2641.39,2648.02,2607.73,2609.61,527.6909
2024-02-11 00:00:00+00:00,ETH,2609.61,2617.24,2587.04,2599.66,612.7877
2024-02-11 01:00:00+00:00,ETH,2599.66,2608.68,2592.27,2607.95,447.9806
2024-02-11 02:00:00+00:00,ETH,2607.95,2617.72,2593.24,2614.52,636.0992
2024-02-11 03:00:00+00:00,ETH,2614.52,2657.07,2588.27,2633.86,498.6655
2024-02-11 04:00:00+00:00,ETH,2633.86,2670.58,2626.09,2638.11,675.6884
2024-02-11 05:00:00+00:00,ETH,2638.11,2647.44,2626.99,2634.09,739.313
2024-02-11 06:00:00+00:00,ETH,2634.09,2650.51,2629.94,2631.32,469.0426
2024-02-11 07:00:00+00:00,ETH,2631.32,2647.59,2610.47,2635.93,856.4934
2024-02-11 08:00:00+00:00,ETH,2635.93,2652.99,2625.03,2644.55,225.0101
2024-02-11 09:00:00+00:00,ETH,2644.55,2648.6,2621.81,2634.41,341.5429
2024-02-11 10:00:00+00:00,ETH,2634.41,2641.66,2608.66,2629.27,486.7262
2024-02-11 11:00:00+00:00,ETH,2629.27,2670.81,2619.21,2638.27,750.1974
2024-02-11 12:00:00+00:00,ETH,2638.27,2671.16,2624.71,2640.55,312.9158
2024-02-11 13:00:00+00:00,ETH,2640.55,2646.28,2632.51,2638.88,740.839
2024-02-11 14:00:00+00:00,ETH,2638.88,2664.36,2627.18,2652.21,470.6332
2024-02-11 15:00:00+00:00,ETH,2652.21,2657.66,2619.36,2640.44,498.0163
2024-02-11 16:00:00+00:00,ETH,2640.44,2652.44,2639.64,2650.03,681.7972
2024-02-11 17:00:00+00:00,ETH,2650.03,2683.26,2633.59,2669.56,357.7465
2024-02-11 18:00:00+00:00,ETH,2669.56,2700.91,2659.53,2669.44,240.2366
2024-02-11 19:00:00+00:00,ETH,2669.44,2669.59,2660.6,2668.0,427.165
2024-02-11 20:00:00+00:00,ETH,2668.0,2670.81,2646.76,2651.13,501.4098
2024-02-11 21:00:00+00:00,ETH,2651.13,2659.04,2629.37,2645.3,460.4422
2024-02-11 22:00:00+00:00,ETH,2645.3,2651.84,2619.39,2634.82,696.656
2024-02-11 23:00:00+00:00,ETH,2634.82,2673.41,2629.95,2650.67,286.6859
2024-02-12 00:00:00+00:00,ETH,2650.67,2670.77,2640.66,2646.54,503.491
2024-02-12 01:00:00+00:00,ETH,2646.54,2654.25,2619.13,2642.02,486.6331
2024-02-12 02:00:00+00:00,ETH,2642.02,2668.27,2627.54,2659.21,613.2947
2024-02-12 03:00:00+00:00,ETH,2659.21,2675.05,2641.52,2657.98,549.9841
2024-02-12 04:00:00+00:00,ETH,2657.98,2670.61,2634.25,2666.79,460.1209
2024-02-12 05:00:00+00:00,ETH,2666.79,2683.81,2644.36,2661.05,613.6896
2024-02-12 06:00:00+00:00,ETH,2661.05,2683.56,2657.75,2667.23,551.1935
2024-02-12 07:00:00+00:00,ETH,2667.23,2687.27,2643.83,2664.42,672.7052
2024-02-12 08:00:00+00:00,ETH,2664.42,2714.66,2656.13,2685.06,489.7897
2024-02-12 09:00:00+00:00,ETH,2685.06,2695.17,2682.46,2688.8,670.5215
2024-02-12 10:00:00+00:00,ETH,2688.8,2690.1,2653.99,2666.24,1054.5516
2024-02-12 11:00:00+00:00,ETH,2666.24,2675.58,2658.08,2658.46,621.7375
2024-02-12 12:00:00+00:00,ETH,2658.46,2664.26,2626.97,2638.39,448.3602
2024-02-12 13:00:00+00:00,ETH,2638.39,2652.18,2636.88,2646.94,367.5539
2024-02-12 14:00:00+00:00,ETH,2646.94,2664.07,2641.68,2659.46,270.2121
2024-02-12 15:00:00+00:00,ETH,2659.46,2668.99,2651.72,2663.56,480.739
2024-02-12 16:00:00+00:00,ETH,2663.56,2686.52,2654.2,2655.5,378.1822
2024-02-12 17:00:00+00:00,ETH,2655.5,2655.84,2626.55,2637.42,305.1557
2024-02-12 18:00:00+00:00,ETH,2637.42,2653.29,2615.91,2636.69,356.8356
2024-02-12 19:00:00+00:00,ETH,2636.69,2637.53,2617.39,2626.16,385.3993
2024-02-12 20:00:00+00:00,ETH,2626.16,2652.85,2614.1,2640.86,677.8099
2024-02-12 21:00:00+00:00,ETH,2640.86,2646.85,2620.83,2634.68,420.9224
2024-02-12 22:00:00+00:00,ETH,2634.68,2653.04,2627.1,2641.92,585.5983
2024-02-12 23:00:00+00:00,ETH,2641.92,2645.48,2625.67,2634.32,269.009
2024-02-13 00:00:00+00:00,ETH,2634.32,2661.12,2617.23,2651.67,634.437
2024-02-13 01:00:00+00:00,ETH,2651.67,2656.32,2634.87,2635.56,934.1893
2024-02-13 02:00:00+00:00,ETH,2635.56,2644.87,2624.01,2629.95,334.4462
2024-02-13 03:00:00+00:00,ETH,2629.95,2652.47,2619.38,2639.12,454.2714
2024-02-13 04:00:00+00:00,ETH,2639.12,2691.48,2634.34,2665.8,319.9465
2024-02-13 05:00:00+00:00,ETH,2665.8,2682.45,2622.88,2643.0,509.7542
2024-02-13 06:00:00+00:00,ETH,2643.0,2658.8,2620.7,2622.92,590.131
2024-02-13 07:00:00+00:00,ETH,2622.92,2635.49,2602.54,2630.33,803.4467
2024-02-13 08:00:00+00:00,ETH,2630.33,2662.55,2608.91,2655.37,470.5888
2024-02-13 09:00:00+00:00,ETH,2655.37,2670.28,2654.67,2668.79,659.9034
2024-02-13 10:00:00+00:00,ETH,2668.79,2704.74,2643.42,2680.29,607.6043
2024-02-13 11:00:00+00:00,ETH,2680.29,2685.77,2652.54,2663.19,428.7327
2024-02-13 12:00:00+00:00,ETH,2663.19,2668.48,2644.97,2667.37,568.1741
2024-02-13 13:00:00+00:00,ETH,2667.37,2691.69,2664.67,2675.57,567.4751
2024-02-13 14:00:00+00:00,ETH,2675.57,2694.41,2654.45,2678.98,636.5586
2024-02-13 15:00:00+00:00,ETH,2678.98,2704.53,2669.11,2683.88,570.6974
2024-02-13 16:00:00+00:00,ETH,2683.88,2705.94,2671.47,2696.05,626.476
2024-02-13 17:00:00+00:00,ETH,2696.05,2705.09,2648.89,2656.94,712.76
2024-02-13 18:00:00+00:00,ETH,2656.94,2661.3,2618.73,2624.66,531.9673
2024-02-13 19:00:00+00:00,ETH,2624.66,2625.71,2605.41,2606.0,534.2737
2024-02-13 20:00:00+00:00,ETH,2606.0,2619.01,2602.4,2607.35,1112.6415
2024-02-13 21:00:00+00:00,ETH,2607.35,2619.66,2589.77,2601.26,705.9519
2024-02-13 22:00:00+00:00,ETH,2601.26,2619.64,2558.09,2580.53,798.9038
2024-02-13 23:00:00+00:00,ETH,2580.53,2607.44,2574.02,2605.74,486.2244
2024-02-14 00:00:00+00:00,ETH,2605.74,2621.73,2585.74,2602.49,678.9256
2024-02-14 01:00:00+00:00,ETH,2602.49,2613.11,2598.5,2605.56,1222.4568
2024-02-14 02:00:00+00:00,ETH,2605.56,2623.77,2591.58,2620.21,918.6812
2024-02-14 03:00:00+00:00,ETH,2620.21,2674.0,2604.95,2653.91,317.004
2024-02-14 04:00:00+00:00,ETH,2653.91,2654.18,2648.96,2652.96,551.4059
2024-02-14 05:00:00+00:00,ETH,2652.96,2666.22,2632.4,2655.91,471.8446
2024-02-14 06:00:00+00:00,ETH,2655.91,2675.88,2620.86,2636.14,576.5369
2024-02-14 07:00:00+00:00,ETH,2636.14,2655.88,2613.81,2635.39,260.3522
2024-02-14 08:00:00+00:00,ETH,2635.39,2644.79,2608.33,2615.53,492.2806
2024-02-14 09:00:00+00:00,ETH,2615.53,2628.48,2603.92,2608.42,310.7104
2024-02-14 10:00:00+00:00,ETH,2608.42,2633.19,2587.42,2620.38,962.2067
2024-02-14 11:00:00+00:00,ETH,2620.38,2630.27,2616.05,2626.01,561.1847
2024-02-14 12:00:00+00:00,ETH,2626.01,2660.72,2613.92,2640.98,386.6053
2024-02-14 13:00:00+00:00,ETH,2640.98,2663.51,2616.48,2644.96,489.9041
2024-02-14 14:00:00+00:00,ETH,2644.96,2684.82,2612.36,2663.52,596.8289
2024-02-14 15:00:00+00:00,ETH,2663.52,2666.9,2643.21,2647.87,340.9168
2024-02-14 16:00:00+00:00,ETH,2647.87,2683.42,2639.3,2667.27,443.1558
2024-02-14 17:00:00+00:00,ETH,2667.27,2679.68,2649.95,2658.13,710.5437
2024-02-14 18:00:00+00:00,ETH,2658.13,2666.95,2632.93,2652.12,485.9139
2024-02-14 19:00:00+00:00,ETH,2652.12,2654.93,2636.97,2647.14,711.4095
2024-02-14 20:00:00+00:00,ETH,2647.14,2689.27,2627.94,2676.39,535.6787
2024-02-14 21:00:00+00:00,ETH,2676.39,2692.82,2656.2,2664.29,357.1225
2024-02-14 22:00:00+00:00,ETH,2664.29,2682.9,2655.4,2672.0,732.5349
2024-02-14 23:00:00+00:00,ETH,2672.0,2690.29,2663.97,2678.71,496.3828
2024-02-15 00:00:00+00:00,ETH,2678.71,2698.53,2677.78,2680.28,334.6491
2024-02-15 01:00:00+00:00,ETH,2680.28,2683.43,2631.65,2667.59,481.136
2024-02-15 02:00:00+00:00,ETH,2667.59,2674.25,2642.97,2649.31,498.3872
2024-02-15 03:00:00+00:00,ETH,2649.31,2649.65,2625.48,2631.06,286.5631
2024-02-15 04:00:00+00:00,ETH,2631.06,2656.35,2621.19,2648.28,311.8099
2024-02-15 05:00:00+00:00,ETH,2648.28,2656.71,2611.23,2635.73,543.7999
2024-02-15 06:00:00+00:00,ETH,2635.73,2654.29,2599.33,2616.63,663.9741
2024-02-15 07:00:00+00:00,ETH,2616.63,2647.92,2611.97,2631.65,394.4745
2024-02-15 08:00:00+00:00,ETH,2631.65,2644.77,2624.02,2641.34,594.5859
2024-02-15 09:00:00+00:00,ETH,2641.34,2650.83,2632.05,2640.75,245.0419
2024-02-15 10:00:00+00:00,ETH,2640.75,2664.97,2630.58,2632.32,256.0354
2024-02-15 11:00:00+00:00,ETH,2632.32,2645.93,2581.07,2589.38,391.5771
2024-02-15 12:00:00+00:00,ETH,2589.38,2607.94,2568.79,2577.17,234.4422
2024-02-15 13:00:00+00:00,ETH,2577.17,2589.95,2556.8,2574.37,491.9461
2024-02-15 14:00:00+00:00,ETH,2574.37,2585.04,2554.17,2557.68,591.7868
2024-02-15 15:00:00+00:00,ETH,2557.68,2558.95,2518.87,2541.11,720.1307
2024-02-15 16:00:00+00:00,ETH,2541.11,2585.24,2532.05,2572.48,366.7938
2024-02-15 17:00:00+00:00,ETH,2572.48,2573.07,2521.25,2546.1,535.3157
2024-02-15 18:00:00+00:00,ETH,2546.1,2556.04,2545.87,2550.4,251.2697
2024-02-15 19:00:00+00:00,ETH,2550.4,2552.63,2532.43,2537.92,844.2758
2024-02-15 20:00:00+00:00,ETH,2537.92,2552.37,2515.19,2540.56,511.4009
2024-02-15 21:00:00+00:00,ETH,2540.56,2550.94,2517.28,2521.81,461.222
2024-02-15 22:00:00+00:00,ETH,2521.81,2559.75,2511.75,2539.66,643.2712
2024-02-15 23:00:00+00:00,ETH,2539.66,2552.62,2514.09,2534.21,476.725
2024-02-16 00:00:00+00:00,ETH,2534.21,2571.58,2528.53,2559.98,535.2417
2024-02-16 01:00:00+00:00,ETH,2559.98,2602.51,2537.6,2580.73,446.4598
2024-02-16 02:00:00+00:00,ETH,2580.73,2601.27,2546.87,2566.31,667.7425
2024-02-16 03:00:00+00:00,ETH,2566.31,2572.05,2533.34,2550.46,571.3746
2024-02-16 04:00:00+00:00,ETH,2550.46,2573.91,2506.13,2530.11,675.8039
2024-02-16 05:00:00+00:00,ETH,2530.11,2533.39,2514.41,2514.67,409.7263
2024-02-16 06:00:00+00:00,ETH,2514.67,2542.9,2499.29,2532.97,440.1124
2024-02-16 07:00:00+00:00,ETH,2532.97,2566.77,2507.59,2557.5,483.2401
2024-02-16 08:00:00+00:00,ETH,2557.5,2567.05,2532.74,2548.08,403.4357
2024-02-16 09:00:00+00:00,ETH,2548.08,2570.36,2521.11,2564.5,652.0901
2024-02-16 10:00:00+00:00,ETH,2564.5,2574.62,2549.28,2563.4,262.9197
2024-02-16 11:00:00+00:00,ETH,2563.4,2587.39,2527.12,2558.89,442.5429
2024-02-16 12:00:00+00:00,ETH,2558.89,2570.86,2552.36,2556.33,515.9654
2024-02-16 13:00:00+00:00,ETH,2556.33,2599.24,2545.54,2568.23,346.9762
2024-02-16 14:00:00+00:00,ETH,2568.23,2570.72,2531.45,2537.11,394.4085
2024-02-16 15:00:00+00:00,ETH,2537.11,2552.93,2528.92,2531.23,784.2164
2024-02-16 16:00:00+00:00,ETH,2531.23,2535.82,2513.04,2521.62,380.2601
2024-02-16 17:00:00+00:00,ETH,2521.62,2547.74,2512.81,2533.81,378.616
2024-02-16 18:00:00+00:00,ETH,2533.81,2552.93,2529.93,2545.0,412.7452
2024-02-16 19:00:00+00:00,ETH,2545.0,2573.89,2536.77,2560.34,441.5262
2024-02-16 20:00:00+00:00,ETH,2560.34,2591.84,2554.46,2570.08,554.0657
2024-02-16 21:00:00+00:00,ETH,2570.08,2591.95,2564.65,2575.49,464.1215
2024-02-16 22:00:00+00:00,ETH,2575.49,2579.05,2552.77,2562.71,468.8829
2024-02-16 23:00:00+00:00,ETH,2562.71,2585.73,2561.02,2566.66,499.9538
2024-02-17 00:00:00+00:00,ETH,2566.66,2581.42,2545.04,2560.87,653.6085
2024-02-17 01:00:00+00:00,ETH,2560.87,2562.64,2536.22,2552.73,242.013
2024-02-17 02:00:00+00:00,ETH,2552.73,2574.01,2511.37,2518.73,567.2673
2024-02-17 03:00:00+00:00,ETH,2518.73,2561.2,2487.42,2535.12,514.3874
2024-02-17 04:00:00+00:00,ETH,2535.12,2548.15,2509.27,2520.28,496.5659
2024-02-17 05:00:00+00:00,ETH,2520.28,2532.65,2502.38,2519.73,666.279
2024-02-17 06:00:00+00:00,ETH,2519.73,2560.95,2485.46,2548.6,358.347
2024-02-17 07:00:00+00:00,ETH,2548.6,2576.67,2523.17,2562.52,650.9867
2024-02-17 08:00:00+00:00,ETH,2562.52,2567.54,2537.17,2555.25,364.7752
2024-02-17 09:00:00+00:00,ETH,2555.25,2607.01,2545.04,2594.07,574.931
2024-02-17 10:00:00+00:00,ETH,2594.07,2628.14,2594.05,2610.47,488.8054
2024-02-17 11:00:00+00:00,ETH,2610.47,2614.08,2592.95,2597.34,298.8269
2024-02-17 12:00:00+00:00,ETH,2597.34,2613.02,2564.47,2590.25,515.7343
2024-02-17 13:00:00+00:00,ETH,2590.25,2608.42,2565.77,2606.63,346.0506
2024-02-17 14:00:00+00:00,ETH,2606.63,2627.27,2561.66,2619.98,811.4852
2024-02-17 15:00:00+00:00,ETH,2619.98,2634.17,2604.0,2626.53,479.0319
2024-02-17 16:00:00+00:00,ETH,2626.53,2647.27,2599.81,2607.59,520.6243
2024-02-17 17:00:00+00:00,ETH,2607.59,2614.12,2575.01,2606.19,361.3864
2024-02-17 18:00:00+00:00,ETH,2606.19,2629.42,2603.05,2619.68,350.8841
2024-02-17 19:00:00+00:00,ETH,2619.68,2664.38,2609.91,2649.97,633.2665
2024-02-17 20:00:00+00:00,ETH,2649.97,2665.87,2617.31,2652.72,376.2901
2024-02-17 21:00:00+00:00,ETH,2652.72,2662.95,2646.49,2649.72,593.4196
2024-02-17 22:00:00+00:00,ETH,2649.72,2656.0,2633.49,2646.39,236.9481
2024-02-17 23:00:00+00:00,ETH,2646.39,2663.5,2643.96,2654.71,449.3119
2024-02-18 00:00:00+00:00,ETH,2654.71,2668.88,2625.16,2626.01,599.2044
2024-02-18 01:00:00+00:00,ETH,2626.01,2627.97,2599.8,2619.74,908.1774
2024-02-18 02:00:00+00:00,ETH,2619.74,2626.78,2615.23,2617.88,571.3395
2024-02-18 03:00:00+00:00,ETH,2617.88,2624.87,2611.92,2623.65,938.1303
2024-02-18 04:00:00+00:00,ETH,2623.65,2635.68,2611.62,2622.69,321.3558
2024-02-18 05:00:00+00:00,ETH,2622.69,2624.11,2562.63,2618.89,676.6348
2024-02-18 06:00:00+00:00,ETH,2618.89,2619.98,2588.18,2611.09,599.79
2024-02-18 07:00:00+00:00,ETH,2611.09,2624.27,2593.9,2612.36,697.3238
2024-02-18 08:00:00+00:00,ETH,2612.36,2627.59,2589.26,2620.76,396.0157
2024-02-18 09:00:00+00:00,ETH,2620.76,2631.63,2608.61,2626.93,424.5897
2024-02-18 10:00:00+00:00,ETH,2626.93,2654.83,2613.44,2642.73,1013.4391
2024-02-18 11:00:00+00:00,ETH,2642.73,2659.38,2630.66,2636.17,641.1496
2024-02-18 12:00:00+00:00,ETH,2636.17,2663.7,2625.13,2646.04,523.1533
2024-02-18 13:00:00+00:00,ETH,2646.04,2657.92,2603.96,2622.01,489.0819
2024-02-18 14:00:00+00:00,ETH,2622.01,2656.61,2605.93,2616.96,577.4263
2024-02-18 15:00:00+00:00,ETH,2616.96,2667.07,2615.77,2639.6,676.5857
2024-02-18 16:00:00+00:00,ETH,2639.6,2653.78,2613.39,2625.69,311.2477
2024-02-18 17:00:00+00:00,ETH,2625.69,2647.51,2608.1,2636.99,893.3901
2024-02-18 18:00:00+00:00,ETH,2636.99,2646.82,2625.79,2627.17,646.3733
2024-02-18 19:00:00+00:00,ETH,2627.17,2630.04,2605.83,2629.37,488.3549
2024-02-18 20:00:00+00:00,ETH,2629.37,2630.91,2601.27,2605.32,541.6149
2024-02-18 21:00:00+00:00,ETH,2605.32,2649.01,2592.3,2633.24,403.477
2024-02-18 22:00:00+00:00,ETH,2633.24,2659.46,2618.46,2657.46,609.677
2024-02-18 23:00:00+00:00,ETH,2657.46,2667.0,2631.96,2646.21,639.7845
2024-02-19 00:00:00+00:00,ETH,2646.21,2652.74,2628.23,2630.23,500.1298
2024-02-19 01:00:00+00:00,ETH,2630.23,2634.52,2595.96,2605.07,547.8095
2024-02-19 02:00:00+00:00,ETH,2605.07,2612.3,2603.59,2608.9,662.218
2024-02-19 03:00:00+00:00,ETH,2608.9,2627.88,2578.92,2612.46,679.4478
2024-02-19 04:00:00+00:00,ETH,2612.46,2630.37,2610.52,2621.93,450.0179
2024-02-19 05:00:00+00:00,ETH,2621.93,2636.52,2619.08,2629.3,854.9016
2024-02-19 06:00:00+00:00,ETH,2629.3,2632.13,2595.86,2614.25,364.2015
2024-02-19 07:00:00+00:00,ETH,2614.25,2637.47,2600.48,2631.66,923.8389
2024-02-19 08:00:00+00:00,ETH,2631.66,2663.54,2591.92,2657.02,252.3458
2024-02-19 09:00:00+00:00,ETH,2657.02,2684.12,2637.95,2652.56,539.3822
2024-02-19 10:00:00+00:00,ETH,2652.56,2674.66,2636.36,2643.68,548.6537
2024-02-19 11:00:00+00:00,ETH,2643.68,2659.89,2639.3,2640.65,545.1449
2024-02-19 12:00:00+00:00,ETH,2640.65,2661.77,2625.76,2634.95,1283.8551
2024-02-19 13:00:00+00:00,ETH,2634.95,2673.69,2622.41,2649.29,883.2885
2024-02-19 14:00:00+00:00,ETH,2649.29,2678.18,2640.51,2664.23,608.8797
2024-02-19 15:00:00+00:00,ETH,2664.23,2697.78,2653.0,2674.66,571.9325
2024-02-19 16:00:00+00:00,ETH,2674.66,2690.84,2663.28,2670.17,573.7527
2024-02-19 17:00:00+00:00,ETH,2670.17,2688.85,2665.32,2671.42,685.2655
2024-02-19 18:00:00+00:00,ETH,2671.42,2712.28,2668.1,2688.3,434.9429
2024-02-19 19:00:00+00:00,ETH,2688.3,2710.24,2679.87,2698.93,701.6487
2024-02-19 20:00:00+00:00,ETH,2698.93,2719.7,2680.93,2702.87,814.2279
2024-02-19 21:00:00+00:00,ETH,2702.87,2713.58,2691.26,2709.01,826.3284
2024-02-19 22:00:00+00:00,ETH,2709.01,2734.04,2683.32,2728.19,494.7678
2024-02-19 23:00:00+00:00,ETH,2728.19,2731.13,2721.78,2722.65,480.9466
2024-02-20 00:00:00+00:00,ETH,2722.65,2739.67,2693.25,2706.5,784.0941
2024-02-20 01:00:00+00:00,ETH,2706.5,2706.69,2696.69,2701.32,1071.3018
2024-02-20 02:00:00+00:00,ETH,2701.32,2739.08,2685.4,2732.73,390.537
2024-02-20 03:00:00+00:00,ETH,2732.73,2739.56,2709.07,2720.17,353.9843
2024-02-20 04:00:00+00:00,ETH,2720.17,2759.83,2709.6,2740.71,583.422
2024-02-20 05:00:00+00:00,ETH,2740.71,2744.29,2701.35,2723.15,356.3238
2024-02-20 06:00:00+00:00,ETH,2723.15,2728.66,2705.37,2724.18,374.4778
2024-02-20 07:00:00+00:00,ETH,2724.18,2745.86,2703.61,2735.6,1061.5332
2024-02-20 08:00:00+00:00,ETH,2735.6,2743.37,2713.66,2729.91,467.9531
2024-02-20 09:00:00+00:00,ETH,2729.91,2735.73,2716.56,2719.99,779.3484
2024-02-20 10:00:00+00:00,ETH,2719.99,2733.57,2715.21,2727.21,567.9847
2024-02-20 11:00:00+00:00,ETH,2727.21,2762.97,2675.01,2710.73,798.5092
2024-02-20 12:00:00+00:00,ETH,2710.73,2729.33,2703.7,2728.96,314.8496
2024-02-20 13:00:00+00:00,ETH,2728.96,2731.07,2694.4,2719.79,543.7928
2024-02-20 14:00:00+00:00,ETH,2719.79,2738.37,2711.63,2728.28,380.0289
2024-02-20 15:00:00+00:00,ETH,2728.28,2769.09,2712.09,2719.13,644.6019
2024-02-20 16:00:00+00:00,ETH,2719.13,2729.31,2710.63,2717.63,815.7319
2024-02-20 17:00:00+00:00,ETH,2717.63,2733.56,2707.91,2715.79,401.0905
2024-02-20 18:00:00+00:00,ETH,2715.79,2764.14,2698.25,2732.29,634.909
2024-02-20 19:00:00+00:00,ETH,2732.29,2763.62,2726.41,2742.38,753.8749
2024-02-20 20:00:00+00:00,ETH,2742.38,2784.4,2670.13,2723.92,198.8651
2024-02-20 21:00:00+00:00,ETH,2723.92,2767.42,2688.53,2700.84,503.3474
2024-02-20 22:00:00+00:00,ETH,2700.84,2701.28,2646.82,2682.2,822.3771
2024-02-20 23:00:00+00:00,ETH,2682.2,2684.24,2667.33,2669.13,513.7716
2024-02-21 00:00:00+00:00,ETH,2669.13,2686.78,2664.52,2686.35,403.2393
2024-02-21 01:00:00+00:00,ETH,2686.35,2691.61,2683.06,2689.28,608.9347
2024-02-21 02:00:00+00:00,ETH,2689.28,2719.93,2688.73,2707.33,682.3677
2024-02-21 03:00:00+00:00,ETH,2707.33,2716.51,2694.35,2694.83,410.0981
2024-02-21 04:00:00+00:00,ETH,2694.83,2706.28,2675.2,2690.56,405.2623
2024-02-21 05:00:00+00:00,ETH,2690.56,2700.33,2678.04,2683.67,429.3343
2024-02-21 06:00:00+00:00,ETH,2683.67,2705.53,2653.25,2659.13,689.0086
2024-02-21 07:00:00+00:00,ETH,2659.13,2679.35,2647.5,2678.66,618.4106
2024-02-21 08:00:00+00:00,ETH,2678.66,2689.14,2652.09,2661.47,660.2323
2024-02-21 09:00:00+00:00,ETH,2661.47,2662.15,2618.5,2641.9,487.0443
2024-02-21 10:00:00+00:00,ETH,2641.9,2670.26,2624.22,2646.8,875.9113
2024-02-21 11:00:00+00:00,ETH,2646.8,2666.87,2610.66,2663.42,527.7107
2024-02-21 12:00:00+00:00,ETH,2663.42,2680.05,2653.49,2676.51,853.9474
2024-02-21 13:00:00+00:00,ETH,2676.51,2687.53,2671.69,2684.94,474.9118
2024-02-21 14:00:00+00:00,ETH,2684.94,2714.6,2669.96,2709.77,431.3128
2024-02-21 15:00:00+00:00,ETH,2709.77,2723.41,2686.77,2700.24,676.4755
2024-02-21 16:00:00+00:00,ETH,2700.24,2707.85,2669.0,2673.32,509.0952
2024-02-21 17:00:00+00:00,ETH,2673.32,2702.54,2661.07,2682.32,290.8098
2024-02-21 18:00:00+00:00,ETH,2682.32,2719.08,2674.86,2676.83,678.9977
2024-02-21 19:00:00+00:00,ETH,2676.83,2693.27,2676.82,2687.12,691.4048
2024-02-21 20:00:00+00:00,ETH,2687.12,2772.38,2678.6,2718.32,775.6099
2024-02-21 21:00:00+00:00,ETH,2718.32,2738.38,2703.81,2736.07,478.1875
2024-02-21 22:00:00+00:00,ETH,2736.07,2746.63,2735.52,2741.88,498.6951
2024-02-21 23:00:00+00:00,ETH,2741.88,2758.88,2731.63,2732.99,704.4848
2024-02-22 00:00:00+00:00,ETH,2732.99,2759.24,2719.01,2751.52,370.9443
2024-02-22 01:00:00+00:00,ETH,2751.52,2794.99,2742.72,2769.59,464.1238
2024-02-22 02:00:00+00:00,ETH,2769.59,2785.48,2763.05,2783.53,615.7626
2024-02-22 03:00:00+00:00,ETH,2783.53,2814.84,2746.03,2788.37,554.7905
2024-02-22 04:00:00+00:00,ETH,2788.37,2798.18,2770.41,2773.85,580.9507
2024-02-22 05:00:00+00:00,ETH,2773.85,2786.57,2762.26,2778.98,517.9713
2024-02-22 06:00:00+00:00,ETH,2778.98,2815.48,2755.06,2800.88,998.4122
2024-02-22 07:00:00+00:00,ETH,2800.88,2814.77,2789.76,2789.85,485.8045
2024-02-22 08:00:00+00:00,ETH,2789.85,2834.43,2772.48,2801.13,388.9767
2024-02-22 09:00:00+00:00,ETH,2801.13,2844.07,2799.04,2835.85,520.7646
2024-02-22 10:00:00+00:00,ETH,2835.85,2897.44,2824.62,2848.24,473.4063
2024-02-22 11:00:00+00:00,ETH,2848.24,2902.09,2838.36,2859.55,501.9003
2024-02-22 12:00:00+00:00,ETH,2859.55,2868.4,2827.66,2863.36,480.21
2024-02-22 13:00:00+00:00,ETH,2863.36,2900.49,2839.92,2877.2,407.2425
2024-02-22 14:00:00+00:00,ETH,2877.2,2941.83,2852.91,2931.99,521.4715
2024-02-22 15:00:00+00:00,ETH,2931.99,2957.15,2910.52,2920.1,458.3444
2024-02-22 16:00:00+00:00,ETH,2920.1,2922.39,2898.5,2909.12,371.7476
2024-02-22 17:00:00+00:00,ETH,2909.12,2938.0,2885.6,2915.74,632.7436
2024-02-22 18:00:00+00:00,ETH,2915.74,2953.99,2899.11,2899.28,813.4095
2024-02-22 19:00:00+00:00,ETH,2899.28,2917.07,2859.14,2885.99,437.7479
2024-02-22 20:00:00+00:00,ETH,2885.99,2906.19,2852.2,2869.9,757.6717
2024-02-22 21:00:00+00:00,ETH,2869.9,2882.4,2865.79,2870.85,499.8588
2024-02-22 22:00:00+00:00,ETH,2870.85,2892.75,2807.32,2836.62,503.8711
2024-02-22 23:00:00+00:00,ETH,2836.62,2847.37,2795.25,2825.39,710.0343
2024-02-23 00:00:00+00:00,ETH,2825.39,2826.45,2802.59,2806.31,294.7543
2024-02-23 01:00:00+00:00,ETH,2806.31,2833.4,2788.76,2799.62,402.0561
2024-02-23 02:00:00+00:00,ETH,2799.62,2827.67,2745.32,2807.54,318.8423
2024-02-23 03:00:00+00:00,ETH,2807.54,2843.49,2795.29,2815.41,560.186
2024-02-23 04:00:00+00:00,ETH,2815.41,2825.4,2814.46,2817.18,506.9299
2024-02-23 05:00:00+00:00,ETH,2817.18,2831.75,2801.57,2826.6,652.2644
2024-02-23 06:00:00+00:00,ETH,2826.6,2826.86,2809.46,2821.58,349.6
2024-02-23 07:00:00+00:00,ETH,2821.58,2862.94,2810.12,2820.28,587.3589
2024-02-23 08:00:00+00:00,ETH,2820.28,2828.41,2804.09,2807.5,275.7121
2024-02-23 09:00:00+00:00,ETH,2807.5,2814.23,2793.21,2810.06,406.4886
2024-02-23 10:00:00+00:00,ETH,2810.06,2834.18,2795.61,2804.39,500.3239
2024-02-23 11:00:00+00:00,ETH,2804.39,2832.43,2738.43,2776.47,663.3096
2024-02-23 12:00:00+00:00,ETH,2776.47,2780.64,2768.95,2776.87,560.5751
2024-02-23 13:00:00+00:00,ETH,2776.87,2820.23,2752.34,2814.58,227.0895
2024-02-23 14:00:00+00:00,ETH,2814.58,2843.1,2774.76,2788.25,552.5572
2024-02-23 15:00:00+00:00,ETH,2788.25,2809.63,2787.2,2789.34,772.9298
2024-02-23 16:00:00+00:00,ETH,2789.34,2795.52,2758.59,2759.54,627.464
2024-02-23 17:00:00+00:00,ETH,2759.54,2786.33,2754.02,2785.47,251.3739
2024-02-23 18:00:00+00:00,ETH,2785.47,2822.8,2780.4,2816.89,321.0151
2024-02-23 19:00:00+00:00,ETH,2816.89,2835.44,2804.78,2835.15,314.2517
2024-02-23 20:00:00+00:00,ETH,2835.15,2878.83,2817.04,2860.52,233.32
2024-02-23 21:00:00+00:00,ETH,2860.52,2868.97,2848.01,2857.44,1286.3429
2024-02-23 22:00:00+00:00,ETH,2857.44,2859.34,2825.3,2845.55,764.5489
2024-02-23 23:00:00+00:00,ETH,2845.55,2865.32,2798.35,2822.42,576.1599
2024-02-24 00:00:00+00:00,ETH,2822.42,2834.82,2817.49,2821.41,776.8309
2024-02-24 01:00:00+00:00,ETH,2821.41,2846.39,2798.42,2836.61,575.8341
2024-02-24 02:00:00+00:00,ETH,2836.61,2858.78,2833.04,2844.1,838.9885
2024-02-24 03:00:00+00:00,ETH,2844.1,2861.03,2835.24,2840.07,413.2775
2024-02-24 04:00:00+00:00,ETH,2840.07,2873.02,2823.86,2868.96,847.3242
2024-02-24 05:00:00+00:00,ETH,2868.96,2888.77,2846.72,2846.89,673.0539
2024-02-24 06:00:00+00:00,ETH,2846.89,2856.11,2820.92,2832.67,591.367
2024-02-24 07:00:00+00:00,ETH,2832.67,2861.42,2807.59,2848.62,947.7169
2024-02-24 08:00:00+00:00,ETH,2848.62,2852.06,2793.84,2816.18,522.7531
2024-02-24 09:00:00+00:00,ETH,2816.18,2827.94,2779.94,2794.49,307.5318
2024-02-24 10:00:00+00:00,ETH,2794.49,2803.43,2765.23,2792.17,477.7129
2024-02-24 11:00:00+00:00,ETH,2792.17,2811.57,2775.29,2802.27,580.7298
2024-02-24 12:00:00+00:00,ETH,2802.27,2826.45,2798.08,2812.5,351.9318
2024-02-24 13:00:00+00:00,ETH,2812.5,2840.62,2796.02,2832.6,1062.9008
2024-02-24 14:00:00+00:00,ETH,2832.6,2880.6,2825.8,2841.57,313.1857
2024-02-24 15:00:00+00:00,ETH,2841.57,2859.34,2812.32,2825.41,299.9659
2024-02-24 16:00:00+00:00,ETH,2825.41,2839.24,2796.61,2818.51,453.2259
2024-02-24 17:00:00+00:00,ETH,2818.51,2831.13,2800.18,2810.64,474.6161
2024-02-24 18:00:00+00:00,ETH,2810.64,2846.59,2806.21,2824.31,806.0497
2024-02-24 19:00:00+00:00,ETH,2824.31,2859.19,2802.55,2836.14,312.0951
2024-02-24 20:00:00+00:00,ETH,2836.14,2847.9,2782.79,2828.5,435.1421
2024-02-24 21:00:00+00:00,ETH,2828.5,2829.84,2786.53,2800.09,620.8884
2024-02-24 22:00:00+00:00,ETH,2800.09,2836.27,2794.52,2803.08,627.5908
2024-02-24 23:00:00+00:00,ETH,2803.08,2824.2,2771.4,2777.77,730.8518
2024-02-25 00:00:00+00:00,ETH,2777.77,2794.16,2752.63,2759.8,880.0318
2024-02-25 01:00:00+00:00,ETH,2759.8,2772.76,2754.94,2762.21,288.7684
2024-02-25 02:00:00+00:00,ETH,2762.21,2772.22,2738.29,2766.18,1094.9532
2024-02-25 03:00:00+00:00,ETH,2766.18,2791.0,2753.27,2753.42,577.4739
2024-02-25 04:00:00+00:00,ETH,2753.42,2759.24,2751.3,2753.42,437.7166
2024-02-25 05:00:00+00:00,ETH,2753.42,2804.21,2743.17,2758.79,580.9773
2024-02-25 06:00:00+00:00,ETH,2758.79,2789.12,2747.12,2787.64,354.6788
2024-02-25 07:00:00+00:00,ETH,2787.64,2806.75,2786.26,2799.8,550.3735
2024-02-25 08:00:00+00:00,ETH,2799.8,2827.78,2781.95,2787.18,514.9185
2024-02-25 09:00:00+00:00,ETH,2787.18,2801.29,2767.62,2779.27,412.7902
2024-02-25 10:00:00+00:00,ETH,2779.27,2790.05,2778.4,2784.14,837.595
2024-02-25 11:00:00+00:00,ETH,2784.14,2820.44,2776.11,2797.6,772.2555
2024-02-25 12:00:00+00:00,ETH,2797.6,2812.71,2787.11,2797.02,697.4112
2024-02-25 13:00:00+00:00,ETH,2797.02,2802.5,2791.54,2794.92,384.6471
2024-02-25 14:00:00+00:00,ETH,2794.92,2819.4,2784.05,2818.75,328.6202
2024-02-25 15:00:00+00:00,ETH,2818.75,2820.75,2790.31,2819.04,624.341
2024-02-25 16:00:00+00:00,ETH,2819.04,2843.48,2785.3,2785.38,911.104
2024-02-25 17:00:00+00:00,ETH,2785.38,2845.03,2764.13,2831.45,551.4412
2024-02-25 18:00:00+00:00,ETH,2831.45,2854.63,2822.04,2825.5,446.6304
2024-02-25 19:00:00+00:00,ETH,2825.5,2853.9,2809.47,2817.27,584.0624
2024-02-25 20:00:00+00:00,ETH,2817.27,2826.63,2816.41,2823.1,593.4679
2024-02-25 21:00:00+00:00,ETH,2823.1,2837.17,2810.44,2824.79,648.9379
2024-02-25 22:00:00+00:00,ETH,2824.79,2845.09,2809.24,2838.69,480.9486
2024-02-25 23:00:00+00:00,ETH,2838.69,2860.27,2819.5,2840.06,569.6414
2024-02-26 00:00:00+00:00,ETH,2840.06,2852.54,2807.02,2851.21,754.3729
2024-02-26 01:00:00+00:00,ETH,2851.21,2851.71,2834.8,2837.83,516.1949
2024-02-26 02:00:00+00:00,ETH,2837.83,2843.7,2785.84,2798.22,350.8644
2024-02-26 03:00:00+00:00,ETH,2798.22,2814.8,2795.72,2804.36,160.0677
2024-02-26 04:00:00+00:00,ETH,2804.36,2811.15,2779.88,2786.61,458.6254
2024-02-26 05:00:00+00:00,ETH,2786.61,2798.09,2728.75,2760.25,838.2013
2024-02-26 06:00:00+00:00,ETH,2760.25,2776.02,2745.57,2762.59,455.3158
2024-02-26 07:00:00+00:00,ETH,2762.59,2769.84,2734.99,2764.5,516.4381
2024-02-26 08:00:00+00:00,ETH,2764.5,2797.23,2751.96,2772.35,323.2201
2024-02-26 09:00:00+00:00,ETH,2772.35,2803.96,2760.52,2789.84,668.6618
2024-02-26 10:00:00+00:00,ETH,2789.84,2798.7,2778.36,2786.52,649.1175
2024-02-26 11:00:00+00:00,ETH,2786.52,2822.14,2753.5,2759.47,332.6919
2024-02-26 12:00:00+00:00,ETH,2759.47,2781.38,2756.21,2772.15,228.3852
2024-02-26 13:00:00+00:00,ETH,2772.15,2803.96,2763.37,2782.13,268.6978
2024-02-26 14:00:00+00:00,ETH,2782.13,2791.5,2762.02,2764.14,311.7403
2024-02-26 15:00:00+00:00,ETH,2764.14,2817.62,2751.05,2795.37,589.3533
2024-02-26 16:00:00+00:00,ETH,2795.37,2813.51,2757.19,2781.56,585.548
2024-02-26 17:00:00+00:00,ETH,2781.56,2804.15,2770.87,2798.27,723.8027
2024-02-26 18:00:00+00:00,ETH,2798.27,2823.46,2783.31,2809.89,277.3702
2024-02-26 19:00:00+00:00,ETH,2809.89,2817.96,2778.6,2792.81,586.7906
2024-02-26 20:00:00+00:00,ETH,2792.81,2816.52,2761.68,2784.58,368.7028
2024-02-26 21:00:00+00:00,ETH,2784.58,2839.31,2775.27,2794.64,389.1829
2024-02-26 22:00:00+00:00,ETH,2794.64,2837.78,2788.21,2812.1,521.6761
2024-02-26 23:00:00+00:00,ETH,2812.1,2821.54,2795.4,2800.18,738.6218
2024-02-27 00:00:00+00:00,ETH,2800.18,2801.3,2759.48,2789.21,359.8983
2024-02-27 01:00:00+00:00,ETH,2789.21,2797.73,2759.95,2767.79,806.7794
2024-02-27 02:00:00+00:00,ETH,2767.79,2791.57,2759.07,2789.12,515.7667
2024-02-27 03:00:00+00:00,ETH,2789.12,2822.81,2773.17,2803.97,358.4739
2024-02-27 04:00:00+00:00,ETH,2803.97,2806.31,2779.17,2801.91,345.5296
2024-02-27 05:00:00+00:00,ETH,2801.91,2819.05,2760.45,2780.23,390.4382
2024-02-27 06:00:00+00:00,ETH,2780.23,2802.1,2752.4,2777.25,312.0364
2024-02-27 07:00:00+00:00,ETH,2777.25,2789.65,2746.59,2777.03,638.2515
2024-02-27 08:00:00+00:00,ETH,2777.03,2795.95,2775.41,2784.87,705.5231
2024-02-27 09:00:00+00:00,ETH,2784.87,2796.24,2741.78,2754.64,789.8098
2024-02-27 10:00:00+00:00,ETH,2754.64,2767.14,2749.54,2766.23,512.6868
2024-02-27 11:00:00+00:00,ETH,2766.23,2780.8,2727.93,2761.47,902.4685
2024-02-27 12:00:00+00:00,ETH,2761.47,2777.73,2760.32,2777.61,386.7109
2024-02-27 13:00:00+00:00,ETH,2777.61,2821.16,2748.87,2786.75,601.1683
2024-02-27 14:00:00+00:00,ETH,2786.75,2792.75,2763.85,2769.56,702.8277
2024-02-27 15:00:00+00:00,ETH,2769.56,2782.73,2755.39,2769.4,676.3286
2024-02-27 16:00:00+00:00,ETH,2769.4,2769.44,2730.54,2761.16,514.4304
2024-02-27 17:00:00+00:00,ETH,2761.16,2787.2,2751.61,2764.1,411.502
2024-02-27 18:00:00+00:00,ETH,2764.1,2773.52,2727.32,2750.33,366.4699
2024-02-27 19:00:00+00:00,ETH,2750.33,2772.99,2729.74,2742.57,444.7301
2024-02-27 20:00:00+00:00,ETH,2742.57,2761.55,2719.93,2734.4,736.677
2024-02-27 21:00:00+00:00,ETH,2734.4,2734.63,2689.91,2704.84,1099.55
2024-02-27 22:00:00+00:00,ETH,2704.84,2724.11,2693.8,2712.12,993.6205
2024-02-27 23:00:00+00:00,ETH,2712.12,2745.12,2690.62,2742.68,432.0909
2024-02-28 00:00:00+00:00,ETH,2742.68,2747.2,2719.66,2735.63,458.4069
2024-02-28 01:00:00+00:00,ETH,2735.63,2749.79,2706.69,2742.51,290.6939
2024-02-28 02:00:00+00:00,ETH,2742.51,2751.45,2723.21,2735.73,486.9861
2024-02-28 03:00:00+00:00,ETH,2735.73,2762.2,2681.57,2695.26,541.9789
2024-02-28 04:00:00+00:00,ETH,2695.26,2734.02,2676.03,2679.42,575.547
2024-02-28 05:00:00+00:00,ETH,2679.42,2706.05,2663.12,2705.34,614.4389
2024-02-28 06:00:00+00:00,ETH,2705.34,2767.74,2698.44,2741.13,406.4032
2024-02-28 07:00:00+00:00,ETH,2741.13,2741.14,2738.97,2740.94,286.5236
2024-02-28 08:00:00+00:00,ETH,2740.94,2749.33,2719.59,2727.15,382.2537
2024-02-28 09:00:00+00:00,ETH,2727.15,2745.74,2726.13,2740.14,806.8625
2024-02-28 10:00:00+00:00,ETH,2740.14,2769.76,2721.11,2724.74,653.461
2024-02-28 11:00:00+00:00,ETH,2724.74,2757.69,2699.84,2729.36,275.357
2024-02-28 12:00:00+00:00,ETH,2729.36,2778.01,2705.56,2729.49,414.7589
2024-02-28 13:00:00+00:00,ETH,2729.49,2747.17,2698.86,2716.76,975.9393
2024-02-28 14:00:00+00:00,ETH,2716.76,2746.29,2689.79,2726.43,496.6314
2024-02-28 15:00:00+00:00,ETH,2726.43,2746.71,2712.13,2725.37,511.2242
2024-02-28 16:00:00+00:00,ETH,2725.37,2764.64,2714.03,2753.99,641.1663
2024-02-28 17:00:00+00:00,ETH,2753.99,2776.54,2735.88,2772.66,344.6919
2024-02-28 18:00:00+00:00,ETH,2772.66,2787.89,2756.97,2773.94,486.2102
2024-02-28 19:00:00+00:00,ETH,2773.94,2786.17,2746.8,2752.49,600.6197
2024-02-28 20:00:00+00:00,ETH,2752.49,2767.46,2704.32,2736.27,454.7733
2024-02-28 21:00:00+00:00,ETH,2736.27,2780.18,2697.81,2753.67,483.5832
2024-02-28 22:00:00+00:00,ETH,2753.67,2766.97,2743.5,2766.91,335.9786
2024-02-28 23:00:00+00:00,ETH,2766.91,2778.9,2744.49,2748.21,680.4285
2024-02-29 00:00:00+00:00,ETH,2748.21,2751.3,2725.87,2749.05,912.5965
2024-02-29 01:00:00+00:00,ETH,2749.05,2776.44,2732.4,2736.34,731.4075
2024-02-29 02:00:00+00:00,ETH,2736.34,2738.47,2707.2,2717.66,310.5912
2024-02-29 03:00:00+00:00,ETH,2717.66,2740.43,2689.68,2689.87,355.7308
2024-02-29 04:00:00+00:00,ETH,2689.87,2706.35,2672.61,2687.59,494.419
2024-02-29 05:00:00+00:00,ETH,2687.59,2728.22,2680.68,2686.7,559.119
2024-02-29 06:00:00+00:00,ETH,2686.7,2709.06,2663.52,2680.24,697.007
2024-02-29 07:00:00+00:00,ETH,2680.24,2706.74,2645.39,2660.12,841.2998
2024-02-29 08:00:00+00:00,ETH,2660.12,2685.49,2640.48,2664.57,351.5952
2024-02-29 09:00:00+00:00,ETH,2664.57,2673.76,2653.22,2655.37,552.5654
2024-02-29 10:00:00+00:00,ETH,2655.37,2675.26,2650.47,2666.24,858.1333
2024-02-29 11:00:00+00:00,ETH,2666.24,2692.97,2651.98,2669.64,549.6519
2024-02-29 12:00:00+00:00,ETH,2669.64,2669.8,2646.09,2662.32,339.2635
2024-02-29 13:00:00+00:00,ETH,2662.32,2707.37,2662.18,2676.74,1123.0631
2024-02-29 14:00:00+00:00,ETH,2676.74,2723.27,2655.09,2664.69,341.198
2024-02-29 15:00:00+00:00,ETH,2664.69,2705.02,2625.4,2653.51,608.3758
2024-02-29 16:00:00+00:00,ETH,2653.51,2665.57,2643.53,2654.33,483.9712
2024-02-29 17:00:00+00:00,ETH,2654.33,2668.84,2623.14,2666.04,512.1757
2024-02-29 18:00:00+00:00,ETH,2666.04,2680.34,2647.0,2663.01,560.835
2024-02-29 19:00:00+00:00,ETH,2663.01,2688.6,2635.64,2664.8,654.163
2024-02-29 20:00:00+00:00,ETH,2664.8,2685.65,2639.34,2669.05,528.2371
2024-02-29 21:00:00+00:00,ETH,2669.05,2685.37,2658.76,2663.84,595.0799
2024-02-29 22:00:00+00:00,ETH,2663.84,2680.77,2631.72,2667.91,464.9361
2024-02-29 23:00:00+00:00,ETH,2667.91,2680.88,2650.39,2671.4,716.0588
2024-03-01 00:00:00+00:00,ETH,2671.4,2680.48,2631.72,2644.66,810.3686
2024-03-01 01:00:00+00:00,ETH,2644.66,2711.35,2626.32,2665.37,452.0247
2024-03-01 02:00:00+00:00,ETH,2665.37,2694.76,2648.56,2688.62,336.3434
2024-03-01 03:00:00+00:00,ETH,2688.62,2719.04,2666.1,2691.07,380.1457
2024-03-01 04:00:00+00:00,ETH,2691.07,2719.0,2682.53,2707.85,231.7394
2024-03-01 05:00:00+00:00,ETH,2707.85,2713.27,2692.36,2710.2,476.5063
2024-03-01 06:00:00+00:00,ETH,2710.2,2737.76,2706.05,2723.21,518.6573
2024-03-01 07:00:00+00:00,ETH,2723.21,2746.94,2722.58,2739.72,370.6933
2024-03-01 08:00:00+00:00,ETH,2739.72,2760.34,2733.01,2733.14,428.0046
2024-03-01 09:00:00+00:00,ETH,2733.14,2748.31,2708.82,2741.03,504.8866
2024-03-01 10:00:00+00:00,ETH,2741.03,2799.18,2714.78,2764.06,806.1246
2024-03-01 11:00:00+00:00,ETH,2764.06,2784.49,2763.5,2782.45,661.107
2024-03-01 12:00:00+00:00,ETH,2782.45,2809.34,2770.88,2808.46,363.8099
2024-03-01 13:00:00+00:00,ETH,2808.46,2864.47,2780.91,2833.45,895.9921
2024-03-01 14:00:00+00:00,ETH,2833.45,2856.66,2823.01,2844.11,919.3139
2024-03-01 15:00:00+00:00,ETH,2844.11,2863.82,2819.64,2828.73,335.8678
2024-03-01 16:00:00+00:00,ETH,2828.73,2846.96,2826.96,2839.71,548.7789
2024-03-01 17:00:00+00:00,ETH,2839.71,2902.11,2830.74,2855.99,627.2123
2024-03-01 18:00:00+00:00,ETH,2855.99,2875.56,2850.24,2871.33,638.0432
2024-03-01 19:00:00+00:00,ETH,2871.33,2894.88,2838.49,2861.93,369.8239
2024-03-01 20:00:00+00:00,ETH,2861.93,2924.42,2855.57,2875.5,365.9666
2024-03-01 21:00:00+00:00,ETH,2875.5,2897.54,2850.0,2866.67,531.238
2024-03-01 22:00:00+00:00,ETH,2866.67,2884.18,2836.55,2879.87,216.0674
2024-03-01 23:00:00+00:00,ETH,2879.87,2924.16,2872.99,2914.02,754.3237
2024-03-02 00:00:00+00:00,ETH,2914.02,2914.22,2858.45,2898.12,955.696
2024-03-02 01:00:00+00:00,ETH,2898.12,2909.86,2874.42,2891.79,318.2653
2024-03-02 02:00:00+00:00,ETH,2891.79,2898.95,2885.4,2893.62,745.3945
2024-03-02 03:00:00+00:00,ETH,2893.62,2925.35,2868.05,2916.75,618.5584
2024-03-02 04:00:00+00:00,ETH,2916.75,2978.5,2914.85,2975.28,319.5217
2024-03-02 05:00:00+00:00,ETH,2975.28,2987.38,2946.16,2984.54,554.6528
2024-03-02 06:00:00+00:00,ETH,2984.54,3005.37,2961.95,2987.05,433.885
2024-03-02 07:00:00+00:00,ETH,2987.05,2996.78,2982.98,2984.82,304.7951
2024-03-02 08:00:00+00:00,ETH,2984.82,2992.57,2939.84,2952.24,186.5049
2024-03-02 09:00:00+00:00,ETH,2952.24,2965.59,2931.47,2952.62,497.4757
2024-03-02 10:00:00+00:00,ETH,2952.62,2978.1,2936.15,2955.72,738.9194
2024-03-02 11:00:00+00:00,ETH,2955.72,3018.38,2939.9,2980.62,767.037
2024-03-02 12:00:00+00:00,ETH,2980.62,3005.93,2936.88,2944.14,479.3775
2024-03-02 13:00:00+00:00,ETH,2944.14,2964.9,2928.12,2943.02,478.5989
2024-03-02 14:00:00+00:00,ETH,2943.02,2979.38,2940.09,2947.2,470.159
2024-03-02 15:00:00+00:00,ETH,2947.2,3011.24,2881.96,2925.51,721.8895
2024-03-02 16:00:00+00:00,ETH,2925.51,2959.34,2913.3,2947.55,746.2669
2024-03-02 17:00:00+00:00,ETH,2947.55,2952.47,2923.94,2950.72,374.2122
2024-03-02 18:00:00+00:00,ETH,2950.72,2980.17,2948.95,2961.56,438.3631
2024-03-02 19:00:00+00:00,ETH,2961.56,2991.66,2948.05,2958.97,406.0049
2024-03-02 20:00:00+00:00,ETH,2958.97,2961.46,2931.79,2953.14,582.3776
2024-03-02 21:00:00+00:00,ETH,2953.14,2960.63,2912.35,2924.66,559.5855
2024-03-02 22:00:00+00:00,ETH,2924.66,2946.76,2915.65,2937.06,814.2819
2024-03-02 23:00:00+00:00,ETH,2937.06,2981.55,2926.63,2955.47,348.743
2024-03-03 00:00:00+00:00,ETH,2955.47,2967.65,2947.56,2966.25,427.6548
2024-03-03 01:00:00+00:00,ETH,2966.25,2996.16,2925.76,2951.89,552.2116
2024-03-03 02:00:00+00:00,ETH,2951.89,2960.1,2936.57,2940.46,325.6117
2024-03-03 03:00:00+00:00,ETH,2940.46,2944.26,2901.71,2918.28,761.4857
2024-03-03 04:00:00+00:00,ETH,2918.28,2927.87,2909.69,2914.34,491.9989
2024-03-03 05:00:00+00:00,ETH,2914.34,2945.47,2897.6,2939.06,343.467
2024-03-03 06:00:00+00:00,ETH,2939.06,2963.75,2911.72,2950.66,609.1086
2024-03-03 07:00:00+00:00,ETH,2950.66,2966.78,2903.28,2938.33,383.8902
2024-03-03 08:00:00+00:00,ETH,2938.33,2960.28,2895.84,2912.46,535.4173
2024-03-03 09:00:00+00:00,ETH,2912.46,2920.08,2882.64,2916.93,772.1719
2024-03-03 10:00:00+00:00,ETH,2916.93,2939.48,2898.58,2925.01,327.3585
2024-03-03 11:00:00+00:00,ETH,2925.01,2932.48,2899.63,2920.95,802.7819
2024-03-03 12:00:00+00:00,ETH,2920.95,2963.99,2899.86,2914.67,592.2865
2024-03-03 13:00:00+00:00,ETH,2914.67,2930.4,2897.57,2905.26,643.0064
2024-03-03 14:00:00+00:00,ETH,2905.26,2913.29,2896.83,2901.2,914.5798
2024-03-03 15:00:00+00:00,ETH,2901.2,2905.12,2863.87,2884.23,333.6474
2024-03-03 16:00:00+00:00,ETH,2884.23,2899.71,2864.25,2888.28,540.9212
2024-03-03 17:00:00+00:00,ETH,2888.28,2901.79,2882.36,2895.44,654.2741
2024-03-03 18:00:00+00:00,ETH,2895.44,2908.28,2883.26,2899.87,543.3843
2024-03-03 19:00:00+00:00,ETH,2899.87,2906.84,2886.49,2902.0,375.4238
2024-03-03 20:00:00+00:00,ETH,2902.0,2931.86,2889.41,2924.67,620.6721
2024-03-03 21:00:00+00:00,ETH,2924.67,2930.61,2909.58,2919.82,455.1224
2024-03-03 22:00:00+00:00,ETH,2919.82,2923.88,2915.51,2920.12,657.8403
2024-03-03 23:00:00+00:00,ETH,2920.12,2995.98,2910.95,2951.17,474.3369
2024-03-04 00:00:00+00:00,ETH,2951.17,2960.1,2904.04,2926.11,478.1317
2024-03-04 01:00:00+00:00,ETH,2926.11,2934.9,2878.27,2890.77,727.9917
2024-03-04 02:00:00+00:00,ETH,2890.77,2914.56,2889.22,2899.51,455.3045
2024-03-04 03:00:00+00:00,ETH,2899.51,2912.56,2870.14,2895.63,605.5168
2024-03-04 04:00:00+00:00,ETH,2895.63,2945.33,2884.67,2928.97,522.2596
2024-03-04 05:00:00+00:00,ETH,2928.97,2947.18,2919.42,2945.93,509.6198
2024-03-04 06:00:00+00:00,ETH,2945.93,2974.38,2939.7,2959.33,437.4219
2024-03-04 07:00:00+00:00,ETH,2959.33,2979.14,2956.05,2973.78,351.7802
2024-03-04 08:00:00+00:00,ETH,2973.78,2981.43,2943.06,2955.57,395.5963
2024-03-04 09:00:00+00:00,ETH,2955.57,2966.69,2944.45,2957.32,620.2187
2024-03-04 10:00:00+00:00,ETH,2957.32,3021.83,2955.39,2993.92,557.2593
2024-03-04 11:00:00+00:00,ETH,2993.92,3003.25,2959.86,2971.51,440.8348
2024-03-04 12:00:00+00:00,ETH,2971.51,2975.73,2964.18,2970.76,684.1549
2024-03-04 13:00:00+00:00,ETH,2970.76,2980.14,2916.96,2952.23,764.3694
2024-03-04 14:00:00+00:00,ETH,2952.23,2993.63,2939.72,2962.9,718.0331
2024-03-04 15:00:00+00:00,ETH,2962.9,3005.4,2943.62,2979.18,481.8255
2024-03-04 16:00:00+00:00,ETH,2979.18,2984.33,2958.66,2962.53,544.3846
2024-03-04 17:00:00+00:00,ETH,2962.53,2978.3,2943.68,2962.28,713.6143
2024-03-04 18:00:00+00:00,ETH,2962.28,3024.75,2957.21,2986.36,287.984
2024-03-04 19:00:00+00:00,ETH,2986.36,3010.99,2966.88,2987.81,520.9235
2024-03-04 20:00:00+00:00,ETH,2987.81,3025.49,2965.0,2969.18,337.29
2024-03-04 21:00:00+00:00,ETH,2969.18,2987.87,2935.89,2977.21,748.7535
2024-03-04 22:00:00+00:00,ETH,2977.21,3037.48,2954.06,3012.31,426.0081
2024-03-04 23:00:00+00:00,ETH,3012.31,3015.04,2982.46,2987.43,708.3538
2024-03-05 00:00:00+00:00,ETH,2987.43,2993.63,2975.31,2979.42,468.8219
2024-03-05 01:00:00+00:00,ETH,2979.42,3009.43,2951.17,2974.15,427.1662
2024-03-05 02:00:00+00:00,ETH,2974.15,2987.37,2970.96,2983.13,390.4565
2024-03-05 03:00:00+00:00,ETH,2983.13,2990.57,2966.79,2988.33,854.2351
2024-03-05 04:00:00+00:00,ETH,2988.33,3021.2,2979.09,2998.76,567.4855
2024-03-05 05:00:00+00:00,ETH,2998.76,3060.49,2989.84,3032.31,507.9253
2024-03-05 06:00:00+00:00,ETH,3032.31,3056.88,3016.26,3031.38,401.7488
2024-03-05 07:00:00+00:00,ETH,3031.38,3037.81,3012.07,3016.1,232.9282
2024-03-05 08:00:00+00:00,ETH,3016.1,3022.22,3008.23,3017.63,365.6837
2024-03-05 09:00:00+00:00,ETH,3017.63,3047.3,2997.99,3044.95,465.3532
2024-03-05 10:00:00+00:00,ETH,3044.95,3062.22,3024.17,3041.69,350.6767
2024-03-05 11:00:00+00:00,ETH,3041.69,3074.5,2991.41,3053.96,425.1049
2024-03-05 12:00:00+00:00,ETH,3053.96,3070.53,3027.41,3056.52,412.3466
2024-03-05 13:00:00+00:00,ETH,3056.52,3070.18,3037.93,3053.11,688.9314
2024-03-05 14:00:00+00:00,ETH,3053.11,3065.27,3013.68,3045.58,243.5356
2024-03-05 15:00:00+00:00,ETH,3045.58,3068.86,3038.56,3062.15,626.7817
2024-03-05 16:00:00+00:00,ETH,3062.15,3085.61,3041.52,3052.78,465.6911
2024-03-05 17:00:00+00:00,ETH,3052.78,3089.76,3043.26,3049.03,704.6441
2024-03-05 18:00:00+00:00,ETH,3049.03,3062.55,2990.49,3018.2,653.4982
2024-03-05 19:00:00+00:00,ETH,3018.2,3033.09,3006.79,3014.05,289.5671
2024-03-05 20:00:00+00:00,ETH,3014.05,3018.14,2982.89,3010.5,333.6699
2024-03-05 21:00:00+00:00,ETH,3010.5,3031.71,3008.94,3012.72,527.0707
2024-03-05 22:00:00+00:00,ETH,3012.72,3036.82,2997.2,3002.68,348.248
2024-03-05 23:00:00+00:00,ETH,3002.68,3005.31,2949.2,2979.05,624.9952
2024-03-06 00:00:00+00:00,ETH,2979.05,2988.66,2975.42,2984.88,443.698
2024-03-06 01:00:00+00:00,ETH,2984.88,3006.11,2984.75,2994.43,285.6749
2024-03-06 02:00:00+00:00,ETH,2994.43,2996.02,2971.3,2981.53,808.1926
2024-03-06 03:00:00+00:00,ETH,2981.53,2996.94,2976.68,2985.06,529.2183
2024-03-06 04:00:00+00:00,ETH,2985.06,2991.89,2975.84,2976.05,621.2841
2024-03-06 05:00:00+00:00,ETH,2976.05,2978.04,2964.36,2972.02,434.5184
2024-03-06 06:00:00+00:00,ETH,2972.02,2998.56,2959.01,2973.62,765.4134
2024-03-06 07:00:00+00:00,ETH,2973.62,2990.81,2947.36,2962.98,369.7372
2024-03-06 08:00:00+00:00,ETH,2962.98,2977.15,2926.45,2944.24,422.5191
2024-03-06 09:00:00+00:00,ETH,2944.24,2980.86,2940.35,2977.27,387.4433
2024-03-06 10:00:00+00:00,ETH,2977.27,2979.01,2938.07,2973.46,207.4279
2024-03-06 11:00:00+00:00,ETH,2973.46,2984.04,2963.66,2976.56,473.1184
2024-03-06 12:00:00+00:00,ETH,2976.56,3001.2,2955.13,2999.15,582.107
2024-03-06 13:00:00+00:00,ETH,2999.15,3026.18,2984.11,3018.42,469.1856
2024-03-06 14:00:00+00:00,ETH,3018.42,3043.83,2978.45,3000.2,614.2574
2024-03-06 15:00:00+00:00,ETH,3000.2,3036.0,2973.06,2990.61,514.4845
2024-03-06 16:00:00+00:00,ETH,2990.61,3049.48,2980.53,3043.1,521.0984
2024-03-06 17:00:00+00:00,ETH,3043.1,3060.65,3025.49,3044.12,409.3671
2024-03-06 18:00:00+00:00,ETH,3044.12,3078.91,3005.45,3058.69,332.9549
2024-03-06 19:00:00+00:00,ETH,3058.69,3069.65,3047.0,3063.66,683.1764
2024-03-06 20:00:00+00:00,ETH,3063.66,3100.56,3050.07,3059.07,714.3733
2024-03-06 21:00:00+00:00,ETH,3059.07,3070.97,3045.76,3059.6,385.5774
2024-03-06 22:00:00+00:00,ETH,3059.6,3068.26,3035.42,3064.15,447.9547
2024-03-06 23:00:00+00:00,ETH,3064.15,3074.19,3037.03,3069.99,868.7563
2024-03-07 00:00:00+00:00,ETH,3069.99,3070.88,3008.19,3022.09,706.2816
2024-03-07 01:00:00+00:00,ETH,3022.09,3044.64,3008.69,3012.31,477.7555
2024-03-07 02:00:00+00:00,ETH,3012.31,3018.94,2985.61,2997.64,400.111
2024-03-07 03:00:00+00:00,ETH,2997.64,3021.72,2959.67,2964.04,448.9291
2024-03-07 04:00:00+00:00,ETH,2964.04,2988.82,2938.3,2947.39,453.4231
2024-03-07 05:00:00+00:00,ETH,2947.39,2965.54,2879.39,2908.07,521.6779
2024-03-07 06:00:00+00:00,ETH,2908.07,2943.67,2895.58,2938.79,362.4204
2024-03-07 07:00:00+00:00,ETH,2938.79,2957.83,2909.43,2929.41,237.9908
2024-03-07 08:00:00+00:00,ETH,2929.41,2947.07,2907.99,2919.95,495.3714
2024-03-07 09:00:00+00:00,ETH,2919.95,2948.31,2887.99,2932.4,693.5846
2024-03-07 10:00:00+00:00,ETH,2932.4,2954.23,2910.56,2927.54,397.0227
2024-03-07 11:00:00+00:00,ETH,2927.54,2940.32,2920.0,2938.42,584.819
2024-03-07 12:00:00+00:00,ETH,2938.42,2969.75,2915.03,2931.72,359.5179
2024-03-07 13:00:00+00:00,ETH,2931.72,2938.83,2928.12,2929.46,386.7418
2024-03-07 14:00:00+00:00,ETH,2929.46,2942.94,2899.22,2922.62,493.778
2024-03-07 15:00:00+00:00,ETH,2922.62,2946.24,2913.24,2937.29,557.5492
2024-03-07 16:00:00+00:00,ETH,2937.29,2942.05,2926.0,2926.87,1135.0877
2024-03-07 17:00:00+00:00,ETH,2926.87,2934.43,2861.62,2882.41,497.6641
2024-03-07 18:00:00+00:00,ETH,2882.41,2883.18,2874.54,2882.79,368.1575
2024-03-07 19:00:00+00:00,ETH,2882.79,2923.23,2874.02,2899.03,750.9998
2024-03-07 20:00:00+00:00,ETH,2899.03,2899.71,2870.18,2885.75,403.6878
2024-03-07 21:00:00+00:00,ETH,2885.75,2889.11,2846.61,2866.65,373.4023
2024-03-07 22:00:00+00:00,ETH,2866.65,2891.89,2853.76,2855.41,416.8915
2024-03-07 23:00:00+00:00,ETH,2855.41,2869.45,2802.69,2815.08,433.9645
2024-03-08 00:00:00+00:00,ETH,2815.08,2827.67,2796.43,2796.88,475.1064
2024-03-08 01:00:00+00:00,ETH,2796.88,2806.55,2781.54,2783.39,494.3122
2024-03-08 02:00:00+00:00,ETH,2783.39,2810.64,2774.45,2794.39,341.3719
2024-03-08 03:00:00+00:00,ETH,2794.39,2805.5,2778.8,2785.77,1273.0096
2024-03-08 04:00:00+00:00,ETH,2785.77,2826.17,2766.3,2797.06,532.7102
2024-03-08 05:00:00+00:00,ETH,2797.06,2801.13,2756.82,2773.61,982.1354
2024-03-08 06:00:00+00:00,ETH,2773.61,2839.16,2742.79,2814.45,653.4944
2024-03-08 07:00:00+00:00,ETH,2814.45,2832.6,2786.87,2799.0,372.0712
2024-03-08 08:00:00+00:00,ETH,2799.0,2812.64,2746.22,2780.8,494.9513
2024-03-08 09:00:00+00:00,ETH,2780.8,2802.3,2779.84,2802.08,187.1025
2024-03-08 10:00:00+00:00,ETH,2802.08,2814.02,2770.67,2782.58,683.4666
2024-03-08 11:00:00+00:00,ETH,2782.58,2817.65,2767.27,2786.45,676.1074
2024-03-08 12:00:00+00:00,ETH,2786.45,2846.94,2783.14,2833.37,451.639
2024-03-08 13:00:00+00:00,ETH,2833.37,2836.12,2802.55,2823.63,414.6833
2024-03-08 14:00:00+00:00,ETH,2823.63,2838.72,2780.29,2790.28,853.7334
2024-03-08 15:00:00+00:00,ETH,2790.28,2799.62,2781.92,2790.3,297.9887
2024-03-08 16:00:00+00:00,ETH,2790.3,2791.08,2764.59,2778.23,565.3893
2024-03-08 17:00:00+00:00,ETH,2778.23,2795.64,2760.66,2761.91,1147.4406
2024-03-08 18:00:00+00:00,ETH,2761.91,2779.43,2761.35,2769.65,317.0241
2024-03-08 19:00:00+00:00,ETH,2769.65,2791.21,2747.23,2785.82,910.3779
2024-03-08 20:00:00+00:00,ETH,2785.82,2811.59,2771.25,2791.93,1219.4681
2024-03-08 21:00:00+00:00,ETH,2791.93,2803.17,2778.37,2796.99,331.224
2024-03-08 22:00:00+00:00,ETH,2796.99,2819.1,2770.04,2770.85,501.1148
2024-03-08 23:00:00+00:00,ETH,2770.85,2786.25,2747.07,2761.21,446.3196
2024-03-09 00:00:00+00:00,ETH,2761.21,2779.35,2752.31,2773.79,637.617
2024-03-09 01:00:00+00:00,ETH,2773.79,2787.94,2751.4,2754.38,443.0344
2024-03-09 02:00:00+00:00,ETH,2754.38,2788.35,2751.87,2760.96,592.0009
2024-03-09 03:00:00+00:00,ETH,2760.96,2764.78,2743.11,2744.84,621.6405
2024-03-09 04:00:00+00:00,ETH,2744.84,2759.88,2738.65,2758.78,513.3918
2024-03-09 05:00:00+00:00,ETH,2758.78,2776.21,2732.92,2742.79,498.7655
2024-03-09 06:00:00+00:00,ETH,2742.79,2765.51,2724.71,2754.61,376.3557
2024-03-09 07:00:00+00:00,ETH,2754.61,2787.91,2744.11,2766.44,490.2829
2024-03-09 08:00:00+00:00,ETH,2766.44,2773.23,2763.27,2766.08,242.5454
2024-03-09 09:00:00+00:00,ETH,2766.08,2777.58,2748.82,2762.24,508.8647
2024-03-09 10:00:00+00:00,ETH,2762.24,2770.35,2717.32,2740.57,515.8584
2024-03-09 11:00:00+00:00,ETH,2740.57,2769.26,2705.88,2717.36,946.8751
2024-03-09 12:00:00+00:00,ETH,2717.36,2757.35,2699.89,2751.31,332.2507
2024-03-09 13:00:00+00:00,ETH,2751.31,2762.4,2735.48,2736.53,542.4743
2024-03-09 14:00:00+00:00,ETH,2736.53,2740.95,2685.73,2704.05,448.0015
2024-03-09 15:00:00+00:00,ETH,2704.05,2715.73,2693.86,2707.83,544.0262
2024-03-09 16:00:00+00:00,ETH,2707.83,2708.44,2689.09,2698.33,906.9098
2024-03-09 17:00:00+00:00,ETH,2698.33,2726.68,2695.04,2698.87,329.4411
2024-03-09 18:00:00+00:00,ETH,2698.87,2705.86,2685.31,2697.48,303.5297
2024-03-09 19:00:00+00:00,ETH,2697.48,2698.05,2672.23,2676.76,465.7679
2024-03-09 20:00:00+00:00,ETH,2676.76,2693.26,2636.11,2643.03,809.1404
2024-03-09 21:00:00+00:00,ETH,2643.03,2661.56,2617.75,2641.03,645.7969
2024-03-09 22:00:00+00:00,ETH,2641.03,2676.9,2619.18,2658.73,686.6706
2024-03-09 23:00:00+00:00,ETH,2658.73,2663.22,2647.9,2651.49,215.7086
2024-03-10 00:00:00+00:00,ETH,2651.49,2657.18,2640.5,2653.94,413.5613
2024-03-10 01:00:00+00:00,ETH,2653.94,2667.49,2644.81,2664.87,365.0602
2024-03-10 02:00:00+00:00,ETH,2664.87,2672.37,2650.1,2654.18,804.0118
2024-03-10 03:00:00+00:00,ETH,2654.18,2672.01,2623.77,2640.52,359.0681
2024-03-10 04:00:00+00:00,ETH,2640.52,2643.8,2618.12,2630.26,571.1162
2024-03-10 05:00:00+00:00,ETH,2630.26,2659.92,2609.87,2642.85,452.2571
2024-03-10 06:00:00+00:00,ETH,2642.85,2672.89,2623.34,2649.51,448.2712
2024-03-10 07:00:00+00:00,ETH,2649.51,2668.27,2629.92,2652.46,712.9251
2024-03-10 08:00:00+00:00,ETH,2652.46,2654.45,2624.1,2631.26,531.2278
2024-03-10 09:00:00+00:00,ETH,2631.26,2676.49,2627.24,2660.14,511.8894
2024-03-10 10:00:00+00:00,ETH,2660.14,2683.31,2648.0,2660.0,498.1052
2024-03-10 11:00:00+00:00,ETH,2660.0,2660.51,2639.61,2654.84,601.5239
2024-03-10 12:00:00+00:00,ETH,2654.84,2685.77,2651.33,2664.45,340.6879
2024-03-10 13:00:00+00:00,ETH,2664.45,2728.19,2660.46,2674.09,1108.1662
2024-03-10 14:00:00+00:00,ETH,2674.09,2682.71,2650.47,2671.18,836.8056
2024-03-10 15:00:00+00:00,ETH,2671.18,2697.92,2656.03,2680.72,564.4262
2024-03-10 16:00:00+00:00,ETH,2680.72,2722.79,2672.34,2711.22,554.6893
2024-03-10 17:00:00+00:00,ETH,2711.22,2721.26,2694.52,2719.68,798.311
2024-03-10 18:00:00+00:00,ETH,2719.68,2725.16,2711.08,2715.03,387.3254
2024-03-10 19:00:00+00:00,ETH,2715.03,2743.86,2695.03,2696.83,548.9054
2024-03-10 20:00:00+00:00,ETH,2696.83,2698.2,2663.28,2678.53,447.6385
2024-03-10 21:00:00+00:00,ETH,2678.53,2703.19,2660.4,2664.81,371.2481
2024-03-10 22:00:00+00:00,ETH,2664.81,2684.13,2628.96,2653.96,536.8432
2024-03-10 23:00:00+00:00,ETH,2653.96,2657.72,2603.85,2633.21,366.1543
2024-03-11 00:00:00+00:00,ETH,2633.21,2644.55,2609.4,2627.59,469.4794
2024-03-11 01:00:00+00:00,ETH,2627.59,2630.94,2619.8,2624.22,361.2516
2024-03-11 02:00:00+00:00,ETH,2624.22,2626.4,2604.58,2606.81,398.1023
2024-03-11 03:00:00+00:00,ETH,2606.81,2611.59,2568.09,2579.02,826.409
2024-03-11 04:00:00+00:00,ETH,2579.02,2610.7,2577.38,2592.23,671.2481
2024-03-11 05:00:00+00:00,ETH,2592.23,2613.07,2581.75,2602.73,582.9707
2024-03-11 06:00:00+00:00,ETH,2602.73,2603.28,2594.77,2596.67,479.4232
2024-03-11 07:00:00+00:00,ETH,2596.67,2613.02,2568.0,2596.24,550.1951
2024-03-11 08:00:00+00:00,ETH,2596.24,2598.53,2576.39,2597.54,775.0736
2024-03-11 09:00:00+00:00,ETH,2597.54,2624.26,2579.58,2607.71,737.612
2024-03-11 10:00:00+00:00,ETH,2607.71,2616.15,2600.93,2615.54,730.5952
2024-03-11 11:00:00+00:00,ETH,2615.54,2630.36,2608.74,2612.44,800.4679
2024-03-11 12:00:00+00:00,ETH,2612.44,2622.67,2599.86,2604.5,668.0729
2024-03-11 13:00:00+00:00,ETH,2604.5,2614.06,2587.82,2591.68,509.8242
2024-03-11 14:00:00+00:00,ETH,2591.68,2630.75,2554.5,2599.09,454.2639
2024-03-11 15:00:00+00:00,ETH,2599.09,2650.79,2578.33,2626.33,391.5021
2024-03-11 16:00:00+00:00,ETH,2626.33,2634.89,2625.8,2626.97,718.9594
2024-03-11 17:00:00+00:00,ETH,2626.97,2639.96,2624.41,2638.66,772.603
2024-03-11 18:00:00+00:00,ETH,2638.66,2661.44,2598.1,2655.9,524.5311
2024-03-11 19:00:00+00:00,ETH,2655.9,2666.07,2646.24,2654.33,465.6877
2024-03-11 20:00:00+00:00,ETH,2654.33,2677.35,2622.38,2624.27,602.0884
2024-03-11 21:00:00+00:00,ETH,2624.27,2642.66,2601.32,2613.18,507.8306
2024-03-11 22:00:00+00:00,ETH,2613.18,2637.49,2609.36,2628.41,379.1762
2024-03-11 23:00:00+00:00,ETH,2628.41,2641.3,2620.5,2624.79,661.4902
2024-03-12 00:00:00+00:00,ETH,2624.79,2645.39,2619.21,2641.88,380.9858
2024-03-12 01:00:00+00:00,ETH,2641.88,2649.17,2626.99,2627.74,266.3847
2024-03-12 02:00:00+00:00,ETH,2627.74,2643.99,2624.08,2635.84,364.9045
2024-03-12 03:00:00+00:00,ETH,2635.84,2637.41,2615.61,2623.45,632.1206
2024-03-12 04:00:00+00:00,ETH,2623.45,2625.34,2596.67,2611.94,700.2139
2024-03-12 05:00:00+00:00,ETH,2611.94,2622.19,2555.23,2622.05,623.3305
2024-03-12 06:00:00+00:00,ETH,2622.05,2642.68,2620.72,2631.49,310.6034
2024-03-12 07:00:00+00:00,ETH,2631.49,2632.26,2579.1,2609.31,757.6149
2024-03-12 08:00:00+00:00,ETH,2609.31,2631.54,2571.71,2620.44,402.7629
2024-03-12 09:00:00+00:00,ETH,2620.44,2633.17,2608.2,2621.44,542.6648
2024-03-12 10:00:00+00:00,ETH,2621.44,2636.87,2618.95,2631.82,398.4807
2024-03-12 11:00:00+00:00,ETH,2631.82,2651.41,2624.68,2643.51,470.2343
2024-03-12 12:00:00+00:00,ETH,2643.51,2659.67,2630.62,2646.8,242.3152
2024-03-12 13:00:00+00:00,ETH,2646.8,2664.67,2646.51,2662.55,566.1166
2024-03-12 14:00:00+00:00,ETH,2662.55,2667.86,2648.72,2655.43,393.3344
2024-03-12 15:00:00+00:00,ETH,2655.43,2675.79,2623.06,2670.12,341.6377
2024-03-12 16:00:00+00:00,ETH,2670.12,2672.1,2633.22,2635.35,654.703
2024-03-12 17:00:00+00:00,ETH,2635.35,2645.31,2619.98,2632.79,463.2008
2024-03-12 18:00:00+00:00,ETH,2632.79,2633.3,2589.94,2622.76,542.7033
2024-03-12 19:00:00+00:00,ETH,2622.76,2629.59,2617.46,2623.39,472.9647
2024-03-12 20:00:00+00:00,ETH,2623.39,2653.05,2613.77,2645.61,288.7276
2024-03-12 21:00:00+00:00,ETH,2645.61,2698.44,2619.18,2667.47,589.0973
2024-03-12 22:00:00+00:00,ETH,2667.47,2684.33,2659.83,2683.73,900.5221
2024-03-12 23:00:00+00:00,ETH,2683.73,2725.43,2677.72,2685.58,353.6019
2024-03-13 00:00:00+00:00,ETH,2685.58,2751.99,2488.71,2533.23,13929.6285
2024-03-13 01:00:00+00:00,ETH,2533.23,2576.64,2454.13,2539.97,7352.5869
2024-03-13 02:00:00+00:00,ETH,2539.97,2544.65,2526.19,2540.83,12843.8418
2024-03-13 03:00:00+00:00,ETH,2540.83,2598.02,2467.52,2490.11,29992.711
2024-03-13 04:00:00+00:00,ETH,2490.11,2565.08,2423.45,2440.28,9591.1113
2024-03-13 05:00:00+00:00,ETH,2440.28,2661.58,2412.28,2543.8,10397.88
2024-03-13 06:00:00+00:00,ETH,2543.8,2668.94,2543.65,2610.96,10923.18
2024-03-13 07:00:00+00:00,ETH,2610.96,2801.58,2516.36,2562.33,12334.4318
2024-03-13 08:00:00+00:00,ETH,2562.33,2643.02,2519.28,2607.92,13649.9515
2024-03-13 09:00:00+00:00,ETH,2607.92,2665.77,2606.17,2627.39,24011.7699
2024-03-13 10:00:00+00:00,ETH,2627.39,2771.23,2602.89,2605.33,17492.1252
2024-03-13 11:00:00+00:00,ETH,2605.33,2675.01,2507.56,2537.77,10681.3701
2024-03-13 12:00:00+00:00,ETH,2537.77,2637.66,2493.27,2529.67,8413.808
2024-03-13 13:00:00+00:00,ETH,2529.67,2614.71,2400.21,2498.96,8900.4394
2024-03-13 14:00:00+00:00,ETH,2498.96,2558.19,2291.29,2356.32,14481.3845
2024-03-13 15:00:00+00:00,ETH,2356.32,2394.64,2322.55,2338.33,12177.7791
2024-03-13 16:00:00+00:00,ETH,2338.33,2497.49,2253.6,2434.84,13802.5954
2024-03-13 17:00:00+00:00,ETH,2434.84,2569.08,2308.33,2339.31,14945.0309
2024-03-13 18:00:00+00:00,ETH,2339.31,2388.28,2256.13,2360.92,19661.4642
2024-03-13 19:00:00+00:00,ETH,2360.92,2467.23,2334.81,2400.04,13543.1165
2024-03-13 20:00:00+00:00,ETH,2400.04,2428.17,2261.41,2348.87,13992.0758
2024-03-13 21:00:00+00:00,ETH,2348.87,2431.59,2340.29,2377.66,12447.9514
2024-03-13 22:00:00+00:00,ETH,2377.66,2539.36,2370.48,2503.56,9420.4636
2024-03-13 23:00:00+00:00,ETH,2503.56,2645.18,2482.71,2518.6,27921.9218
2024-03-14 00:00:00+00:00,ETH,2518.6,2578.04,2407.17,2514.52,10916.775
2024-03-14 01:00:00+00:00,ETH,2514.52,2522.88,2474.73,2501.23,5501.2009
2024-03-14 02:00:00+00:00,ETH,2501.23,2583.19,2487.97,2559.12,10143.7055
2024-03-14 03:00:00+00:00,ETH,2559.12,2657.16,2475.15,2575.73,12596.7726
2024-03-14 04:00:00+00:00,ETH,2575.73,2644.64,2462.27,2601.94,17046.5934
2024-03-14 05:00:00+00:00,ETH,2601.94,2734.39,2463.6,2542.13,16613.4328
2024-03-14 06:00:00+00:00,ETH,2542.13,2566.37,2466.59,2496.78,9750.7341
2024-03-14 07:00:00+00:00,ETH,2496.78,2680.09,2446.11,2544.63,12491.6186
2024-03-14 08:00:00+00:00,ETH,2544.63,2818.66,2508.57,2693.13,10219.3553
2024-03-14 09:00:00+00:00,ETH,2693.13,2787.36,2676.59,2772.69,10763.2934
2024-03-14 10:00:00+00:00,ETH,2772.69,2823.1,2725.2,2818.42,18244.6146
2024-03-14 11:00:00+00:00,ETH,2818.42,2860.22,2700.96,2740.83,14822.7189
2024-03-14 12:00:00+00:00,ETH,2740.83,2965.99,2659.63,2785.02,15264.8752
2024-03-14 13:00:00+00:00,ETH,2785.02,2790.39,2616.08,2741.93,7579.8028
2024-03-14 14:00:00+00:00,ETH,2741.93,2931.98,2711.38,2837.45,13002.2521
2024-03-14 15:00:00+00:00,ETH,2837.45,3048.55,2618.16,2803.74,10984.0477
2024-03-14 16:00:00+00:00,ETH,2803.74,2864.91,2597.19,2659.97,11328.8119
2024-03-14 17:00:00+00:00,ETH,2659.97,2857.49,2637.53,2833.34,4067.2234
2024-03-14 18:00:00+00:00,ETH,2833.34,2881.14,2770.46,2861.44,11169.087
2024-03-14 19:00:00+00:00,ETH,2861.44,2876.9,2812.95,2849.9,7234.4353
2024-03-14 20:00:00+00:00,ETH,2849.9,2911.45,2789.45,2881.55,8579.8116
2024-03-14 21:00:00+00:00,ETH,2881.55,2938.36,2767.21,2781.82,9897.9718
2024-03-14 22:00:00+00:00,ETH,2781.82,2895.82,2709.24,2761.93,16678.0486
2024-03-14 23:00:00+00:00,ETH,2761.93,2802.05,2660.33,2710.84,9889.8412
2024-03-15 00:00:00+00:00,ETH,2710.84,2725.43,2661.3,2663.04,6564.7153
2024-03-15 01:00:00+00:00,ETH,2663.04,2709.26,2610.33,2625.88,8297.3376
2024-03-15 02:00:00+00:00,ETH,2625.88,2718.37,2589.19,2660.59,3369.4854
2024-03-15 03:00:00+00:00,ETH,2660.59,2699.92,2637.22,2668.61,5870.9455
2024-03-15 04:00:00+00:00,ETH,2668.61,2688.15,2655.17,2666.78,3222.3704
2024-03-15 05:00:00+00:00,ETH,2666.78,2730.22,2627.15,2641.34,2438.4838
2024-03-15 06:00:00+00:00,ETH,2641.34,2669.35,2613.75,2624.02,4134.9652
2024-03-15 07:00:00+00:00,ETH,2624.02,2638.41,2596.36,2606.75,4367.7264
2024-03-15 08:00:00+00:00,ETH,2606.75,2623.29,2597.47,2617.71,5908.6469
2024-03-15 09:00:00+00:00,ETH,2617.71,2645.68,2586.07,2637.9,2126.8961
2024-03-15 10:00:00+00:00,ETH,2637.9,2649.22,2602.09,2640.3,4188.8826
2024-03-15 11:00:00+00:00,ETH,2640.3,2685.8,2599.54,2637.85,3346.6689
2024-03-15 12:00:00+00:00,ETH,2637.85,2662.13,2628.95,2659.19,3974.7155
2024-03-15 13:00:00+00:00,ETH,2659.19,2707.69,2626.73,2681.77,1265.3614
2024-03-15 14:00:00+00:00,ETH,2681.77,2701.24,2672.05,2673.66,1830.7754
2024-03-15 15:00:00+00:00,ETH,2673.66,2675.32,2646.46,2669.13,969.2124
2024-03-15 16:00:00+00:00,ETH,2669.13,2691.93,2661.19,2682.52,1008.5437
2024-03-15 17:00:00+00:00,ETH,2682.52,2725.03,2677.08,2705.68,708.1716
2024-03-15 18:00:00+00:00,ETH,2705.68,2736.44,2701.4,2721.15,363.7152
2024-03-15 19:00:00+00:00,ETH,2721.15,2741.22,2717.75,2731.63,484.7306
2024-03-15 20:00:00+00:00,ETH,2731.63,2749.2,2725.66,2738.22,433.3159
2024-03-15 21:00:00+00:00,ETH,2738.22,2748.52,2680.19,2720.61,343.1661
2024-03-15 22:00:00+00:00,ETH,2720.61,2768.05,2697.2,2706.43,539.3506
2024-03-15 23:00:00+00:00,ETH,2706.43,2721.64,2699.19,2709.84,227.3015
2024-03-16 00:00:00+00:00,ETH,2709.84,2715.41,2687.04,2704.89,1062.3095
2024-03-16 01:00:00+00:00,ETH,2704.89,2719.63,2699.79,2712.63,792.4779
2024-03-16 02:00:00+00:00,ETH,2712.63,2729.53,2681.69,2719.43,415.4137
2024-03-16 03:00:00+00:00,ETH,2719.43,2743.33,2703.38,2734.33,1108.9767
2024-03-16 04:00:00+00:00,ETH,2734.33,2751.96,2711.1,2719.29,494.8735
2024-03-16 05:00:00+00:00,ETH,2719.29,2746.13,2703.7,2722.9,341.8248
2024-03-16 06:00:00+00:00,ETH,2722.9,2729.71,2692.77,2696.51,753.9163
2024-03-16 07:00:00+00:00,ETH,2696.51,2709.93,2667.45,2691.0,409.6921
2024-03-16 08:00:00+00:00,ETH,2691.0,2722.43,2674.22,2707.42,492.6127
2024-03-16 09:00:00+00:00,ETH,2707.42,2743.61,2657.53,2692.29,426.4928
2024-03-16 10:00:00+00:00,ETH,2692.29,2707.81,2683.53,2689.53,898.0808
2024-03-16 11:00:00+00:00,ETH,2689.53,2706.18,2666.21,2671.16,349.9399
2024-03-16 12:00:00+00:00,ETH,2671.16,2677.47,2656.6,2675.17,283.463
2024-03-16 13:00:00+00:00,ETH,2675.17,2712.33,2652.75,2708.43,463.6201
2024-03-16 14:00:00+00:00,ETH,2708.43,2724.72,2679.82,2687.73,259.9242
2024-03-16 15:00:00+00:00,ETH,2687.73,2695.93,2681.55,2681.72,810.8411
2024-03-16 16:00:00+00:00,ETH,2681.72,2717.53,2664.47,2692.08,535.8878
2024-03-16 17:00:00+00:00,ETH,2692.08,2717.21,2677.11,2709.86,461.371
2024-03-16 18:00:00+00:00,ETH,2709.86,2741.75,2709.67,2716.91,417.74
2024-03-16 19:00:00+00:00,ETH,2716.91,2744.4,2711.66,2730.99,297.2208
2024-03-16 20:00:00+00:00,ETH,2730.99,2737.72,2698.19,2717.2,370.8252
2024-03-16 21:00:00+00:00,ETH,2717.2,2750.87,2694.21,2720.28,478.6461
2024-03-16 22:00:00+00:00,ETH,2720.28,2742.24,2702.02,2716.25,329.3413
2024-03-16 23:00:00+00:00,ETH,2716.25,2717.37,2664.07,2701.12,772.0134
2024-03-17 00:00:00+00:00,ETH,2701.12,2726.4,2685.16,2699.15,539.658
2024-03-17 01:00:00+00:00,ETH,2699.15,2705.74,2671.44,2686.61,479.8648
2024-03-17 02:00:00+00:00,ETH,2686.61,2688.14,2664.12,2669.88,321.1741
2024-03-17 03:00:00+00:00,ETH,2669.88,2682.4,2655.72,2672.75,541.0189
2024-03-17 04:00:00+00:00,ETH,2672.75,2718.48,2658.71,2703.56,450.5777
2024-03-17 05:00:00+00:00,ETH,2703.56,2728.55,2677.2,2682.6,500.8049
2024-03-17 06:00:00+00:00,ETH,2682.6,2694.71,2659.82,2663.55,328.4999
2024-03-17 07:00:00+00:00,ETH,2663.55,2671.17,2649.39,2667.64,780.3972
2024-03-17 08:00:00+00:00,ETH,2667.64,2684.55,2626.98,2642.56,494.9037
2024-03-17 09:00:00+00:00,ETH,2642.56,2646.42,2616.56,2630.27,556.5777
2024-03-17 10:00:00+00:00,ETH,2630.27,2648.59,2613.99,2638.27,394.4138
2024-03-17 11:00:00+00:00,ETH,2638.27,2641.81,2579.43,2628.28,381.9421
2024-03-17 12:00:00+00:00,ETH,2628.28,2687.43,2615.14,2627.77,461.7457
2024-03-17 13:00:00+00:00,ETH,2627.77,2671.58,2611.21,2653.57,574.7553
2024-03-17 14:00:00+00:00,ETH,2653.57,2669.94,2630.63,2663.13,469.5086
2024-03-17 15:00:00+00:00,ETH,2663.13,2682.05,2634.23,2640.75,382.261
2024-03-17 16:00:00+00:00,ETH,2640.75,2646.44,2630.93,2631.19,343.1142
2024-03-17 17:00:00+00:00,ETH,2631.19,2685.74,2630.33,2658.74,471.547
2024-03-17 18:00:00+00:00,ETH,2658.74,2665.78,2652.33,2657.17,359.0631
2024-03-17 19:00:00+00:00,ETH,2657.17,2657.76,2629.3,2635.98,858.3756
2024-03-17 20:00:00+00:00,ETH,2635.98,2645.89,2605.76,2643.88,377.9411
2024-03-17 21:00:00+00:00,ETH,2643.88,2660.08,2642.81,2652.14,490.2346
2024-03-17 22:00:00+00:00,ETH,2652.14,2694.14,2650.07,2681.62,432.0885
2024-03-17 23:00:00+00:00,ETH,2681.62,2708.17,2671.94,2688.79,437.2443
2024-03-18 00:00:00+00:00,ETH,2688.79,2728.09,2671.26,2702.31,274.7493
2024-03-18 01:00:00+00:00,ETH,2702.31,2745.36,2692.57,2723.73,367.1418
2024-03-18 02:00:00+00:00,ETH,2723.73,2732.03,2679.91,2697.97,323.3646
2024-03-18 03:00:00+00:00,ETH,2697.97,2712.07,2690.18,2696.02,755.3444
2024-03-18 04:00:00+00:00,ETH,2696.02,2703.89,2679.36,2692.12,454.7576
2024-03-18 05:00:00+00:00,ETH,2692.12,2694.05,2678.13,2690.55,692.0627
2024-03-18 06:00:00+00:00,ETH,2690.55,2717.43,2685.61,2687.55,757.1443
2024-03-18 07:00:00+00:00,ETH,2687.55,2696.9,2670.82,2680.4,501.5635
2024-03-18 08:00:00+00:00,ETH,2680.4,2706.85,2667.81,2695.15,633.7348
2024-03-18 09:00:00+00:00,ETH,2695.15,2706.55,2681.23,2687.29,531.5304
2024-03-18 10:00:00+00:00,ETH,2687.29,2747.36,2684.34,2708.88,689.3448
2024-03-18 11:00:00+00:00,ETH,2708.88,2717.99,2677.62,2693.07,371.0651
2024-03-18 12:00:00+00:00,ETH,2693.07,2696.15,2674.05,2683.05,259.8901
2024-03-18 13:00:00+00:00,ETH,2683.05,2708.97,2639.31,2647.42,526.7407
2024-03-18 14:00:00+00:00,ETH,2647.42,2655.04,2619.52,2623.41,279.1032
2024-03-18 15:00:00+00:00,ETH,2623.41,2658.15,2611.56,2653.71,707.9644
2024-03-18 16:00:00+00:00,ETH,2653.71,2657.37,2625.71,2634.3,827.7161
2024-03-18 17:00:00+00:00,ETH,2634.3,2636.33,2612.96,2635.79,548.7115
2024-03-18 18:00:00+00:00,ETH,2635.79,2647.59,2627.88,2646.54,426.0468
2024-03-18 19:00:00+00:00,ETH,2646.54,2666.93,2642.96,2653.16,344.7266
2024-03-18 20:00:00+00:00,ETH,2653.16,2679.84,2647.76,2675.61,444.868
2024-03-18 21:00:00+00:00,ETH,2675.61,2720.58,2652.16,2714.01,975.1976
2024-03-18 22:00:00+00:00,ETH,2714.01,2731.55,2676.31,2710.33,425.9103
2024-03-18 23:00:00+00:00,ETH,2710.33,2712.89,2699.31,2705.31,346.8321
2024-03-19 00:00:00+00:00,ETH,2705.31,2749.56,2688.59,2722.42,342.6789
2024-03-19 01:00:00+00:00,ETH,2722.42,2771.71,2703.98,2711.51,362.9203
2024-03-19 02:00:00+00:00,ETH,2711.51,2732.38,2678.7,2684.43,709.1186
2024-03-19 03:00:00+00:00,ETH,2684.43,2694.86,2679.91,2689.46,667.1519
2024-03-19 04:00:00+00:00,ETH,2689.46,2703.44,2648.41,2678.51,455.9849
2024-03-19 05:00:00+00:00,ETH,2678.51,2711.08,2664.44,2670.79,639.476
2024-03-19 06:00:00+00:00,ETH,2670.79,2676.83,2641.19,2660.35,553.1223
2024-03-19 07:00:00+00:00,ETH,2660.35,2661.47,2631.68,2656.16,665.6489
2024-03-19 08:00:00+00:00,ETH,2656.16,2669.23,2651.69,2660.35,328.4111
2024-03-19 09:00:00+00:00,ETH,2660.35,2669.55,2632.35,2645.27,603.257
2024-03-19 10:00:00+00:00,ETH,2645.27,2698.32,2623.3,2693.52,547.5624
2024-03-19 11:00:00+00:00,ETH,2693.52,2712.64,2645.5,2656.51,497.1307
2024-03-19 12:00:00+00:00,ETH,2656.51,2688.01,2641.33,2677.74,412.4928
2024-03-19 13:00:00+00:00,ETH,2677.74,2682.5,2645.07,2672.71,1688.5334
2024-03-19 14:00:00+00:00,ETH,2672.71,2674.54,2646.37,2661.0,621.353
2024-03-19 15:00:00+00:00,ETH,2661.0,2669.7,2650.23,2657.17,600.0473
2024-03-19 16:00:00+00:00,ETH,2657.17,2699.88,2655.12,2672.89,486.197
2024-03-19 17:00:00+00:00,ETH,2672.89,2674.33,2630.9,2666.55,389.332
2024-03-19 18:00:00+00:00,ETH,2666.55,2673.06,2633.53,2664.39,364.0374
2024-03-19 19:00:00+00:00,ETH,2664.39,2692.32,2627.95,2660.37,460.0818
2024-03-19 20:00:00+00:00,ETH,2660.37,2663.51,2646.29,2646.37,309.7485
2024-03-19 21:00:00+00:00,ETH,2646.37,2664.45,2643.45,2663.89,572.4693
2024-03-19 22:00:00+00:00,ETH,2663.89,2682.8,2635.74,2674.32,401.5323
2024-03-19 23:00:00+00:00,ETH,2674.32,2694.2,2670.72,2677.49,483.4293
2024-03-20 00:00:00+00:00,ETH,2677.49,2702.53,2664.97,2693.85,692.2294
2024-03-20 01:00:00+00:00,ETH,2693.85,2733.42,2692.13,2708.94,713.8762
2024-03-20 02:00:00+00:00,ETH,2708.94,2726.74,2693.58,2713.82,614.9023
2024-03-20 03:00:00+00:00,ETH,2713.82,2727.1,2685.08,2709.98,793.6571
2024-03-20 04:00:00+00:00,ETH,2709.98,2712.39,2702.61,2709.74,684.1567
2024-03-20 05:00:00+00:00,ETH,2709.74,2719.76,2708.8,2718.64,464.2973
2024-03-20 06:00:00+00:00,ETH,2718.64,2740.96,2712.92,2738.26,444.0973
2024-03-20 07:00:00+00:00,ETH,2738.26,2752.75,2725.02,2738.5,661.4489
2024-03-20 08:00:00+00:00,ETH,2738.5,2765.6,2732.52,2750.37,751.0197
2024-03-20 09:00:00+00:00,ETH,2750.37,2771.29,2746.59,2760.6,392.3326
2024-03-20 10:00:00+00:00,ETH,2760.6,2773.58,2715.93,2735.94,387.7182
2024-03-20 11:00:00+00:00,ETH,2735.94,2742.06,2701.66,2714.47,543.9893
2024-03-20 12:00:00+00:00,ETH,2714.47,2745.95,2713.47,2736.99,638.5174
2024-03-20 13:00:00+00:00,ETH,2736.99,2743.54,2716.75,2731.19,399.2331
2024-03-20 14:00:00+00:00,ETH,2731.19,2741.87,2707.52,2716.44,663.1652
2024-03-20 15:00:00+00:00,ETH,2716.44,2749.72,2700.19,2740.57,584.3783
2024-03-20 16:00:00+00:00,ETH,2740.57,2741.99,2705.3,2718.05,479.9681
2024-03-20 17:00:00+00:00,ETH,2718.05,2744.16,2696.91,2738.32,416.0227
2024-03-20 18:00:00+00:00,ETH,2738.32,2755.11,2714.15,2749.54,421.3818
2024-03-20 19:00:00+00:00,ETH,2749.54,2756.82,2735.62,2754.11,757.6212
2024-03-20 20:00:00+00:00,ETH,2754.11,2756.49,2738.33,2738.88,523.7775
2024-03-20 21:00:00+00:00,ETH,2738.88,2772.7,2711.07,2751.41,476.5696
2024-03-20 22:00:00+00:00,ETH,2751.41,2767.11,2729.16,2738.83,325.4611
2024-03-20 23:00:00+00:00,ETH,2738.83,2762.64,2725.37,2747.74,554.6379
2024-03-21 00:00:00+00:00,ETH,2747.74,2753.7,2746.98,2750.93,499.2706
2024-03-21 01:00:00+00:00,ETH,2750.93,2771.74,2725.52,2754.49,413.674
2024-03-21 02:00:00+00:00,ETH,2754.49,2758.41,2697.72,2738.89,587.1485
2024-03-21 03:00:00+00:00,ETH,2738.89,2742.96,2715.88,2717.29,706.4146
2024-03-21 04:00:00+00:00,ETH,2717.29,2738.57,2711.4,2713.24,293.0077
2024-03-21 05:00:00+00:00,ETH,2713.24,2724.94,2707.65,2722.79,350.0929
2024-03-21 06:00:00+00:00,ETH,2722.79,2737.11,2715.91,2716.56,737.9075
2024-03-21 07:00:00+00:00,ETH,2716.56,2720.62,2687.14,2692.53,467.8867
2024-03-21 08:00:00+00:00,ETH,2692.53,2714.07,2669.25,2699.07,791.5385
2024-03-21 09:00:00+00:00,ETH,2699.07,2701.45,2694.82,2700.77,468.3736
2024-03-21 10:00:00+00:00,ETH,2700.77,2719.78,2675.54,2701.8,438.3458
2024-03-21 11:00:00+00:00,ETH,2701.8,2720.62,2684.59,2700.32,533.4095
2024-03-21 12:00:00+00:00,ETH,2700.32,2705.34,2669.7,2679.43,484.2702
2024-03-21 13:00:00+00:00,ETH,2679.43,2688.87,2666.65,2667.95,424.1875
2024-03-21 14:00:00+00:00,ETH,2667.95,2668.32,2656.33,2665.67,352.9072
2024-03-21 15:00:00+00:00,ETH,2665.67,2690.51,2650.28,2677.97,644.8878
2024-03-21 16:00:00+00:00,ETH,2677.97,2693.0,2664.1,2681.79,257.1738
2024-03-21 17:00:00+00:00,ETH,2681.79,2700.88,2659.09,2684.59,298.4363
2024-03-21 18:00:00+00:00,ETH,2684.59,2765.05,2681.8,2718.77,856.4038
2024-03-21 19:00:00+00:00,ETH,2718.77,2746.19,2716.46,2723.58,405.1518
2024-03-21 20:00:00+00:00,ETH,2723.58,2736.12,2702.3,2710.84,385.2798
2024-03-21 21:00:00+00:00,ETH,2710.84,2715.44,2694.9,2714.15,315.4141
2024-03-21 22:00:00+00:00,ETH,2714.15,2741.96,2653.75,2671.67,381.5953
2024-03-21 23:00:00+00:00,ETH,2671.67,2674.88,2662.0,2670.61,360.3843
2024-03-22 00:00:00+00:00,ETH,2670.61,2675.71,2640.21,2667.33,658.6056
2024-03-22 01:00:00+00:00,ETH,2667.33,2668.69,2638.87,2642.3,327.6343
2024-03-22 02:00:00+00:00,ETH,2642.3,2650.96,2607.42,2617.86,425.8585
2024-03-22 03:00:00+00:00,ETH,2617.86,2646.67,2610.06,2629.36,575.2466
2024-03-22 04:00:00+00:00,ETH,2629.36,2666.37,2623.67,2624.73,632.284
2024-03-22 05:00:00+00:00,ETH,2624.73,2632.92,2596.06,2616.01,927.1301
2024-03-22 06:00:00+00:00,ETH,2616.01,2635.39,2611.72,2625.01,831.431
2024-03-22 07:00:00+00:00,ETH,2625.01,2647.18,2587.53,2629.33,274.5724
2024-03-22 08:00:00+00:00,ETH,2629.33,2647.5,2615.15,2641.24,488.2475
2024-03-22 09:00:00+00:00,ETH,2641.24,2646.75,2626.58,2631.94,608.0325
2024-03-22 10:00:00+00:00,ETH,2631.94,2637.59,2630.62,2633.87,1093.3328
2024-03-22 11:00:00+00:00,ETH,2633.87,2668.48,2623.84,2666.68,541.6938
2024-03-22 12:00:00+00:00,ETH,2666.68,2676.02,2631.72,2673.26,317.2751
2024-03-22 13:00:00+00:00,ETH,2673.26,2688.0,2637.68,2668.13,423.9882
2024-03-22 14:00:00+00:00,ETH,2668.13,2692.2,2638.15,2680.84,397.5163
2024-03-22 15:00:00+00:00,ETH,2680.84,2718.31,2674.81,2691.44,398.0839
2024-03-22 16:00:00+00:00,ETH,2691.44,2736.37,2685.55,2722.83,676.3614
2024-03-22 17:00:00+00:00,ETH,2722.83,2734.19,2713.8,2719.75,803.858
2024-03-22 18:00:00+00:00,ETH,2719.75,2753.81,2696.75,2724.19,587.4494
2024-03-22 19:00:00+00:00,ETH,2724.19,2750.18,2721.38,2739.04,618.3069
2024-03-22 20:00:00+00:00,ETH,2739.04,2760.27,2728.46,2746.4,440.4524
2024-03-22 21:00:00+00:00,ETH,2746.4,2755.87,2708.54,2741.12,644.4997
2024-03-22 22:00:00+00:00,ETH,2741.12,2763.12,2735.61,2762.39,710.0269
2024-03-22 23:00:00+00:00,ETH,2762.39,2764.09,2717.97,2728.43,431.3788
2024-03-23 00:00:00+00:00,ETH,2728.43,2738.61,2713.9,2730.05,677.2336
2024-03-23 01:00:00+00:00,ETH,2730.05,2744.33,2716.88,2735.29,792.9682
2024-03-23 02:00:00+00:00,ETH,2735.29,2737.56,2701.93,2714.83,563.7017
2024-03-23 03:00:00+00:00,ETH,2714.83,2729.85,2699.12,2721.85,915.833
2024-03-23 04:00:00+00:00,ETH,2721.85,2729.21,2716.28,2716.64,654.0098
2024-03-23 05:00:00+00:00,ETH,2716.64,2735.27,2678.83,2704.58,417.7906
2024-03-23 06:00:00+00:00,ETH,2704.58,2709.26,2674.17,2698.02,705.3984
2024-03-23 07:00:00+00:00,ETH,2698.02,2737.19,2690.88,2726.74,872.2762
2024-03-23 08:00:00+00:00,ETH,2726.74,2739.14,2724.81,2735.51,293.3143
2024-03-23 09:00:00+00:00,ETH,2735.51,2749.53,2694.91,2701.04,434.768
2024-03-23 10:00:00+00:00,ETH,2701.04,2715.5,2691.01,2707.91,337.6069
2024-03-23 11:00:00+00:00,ETH,2707.91,2734.11,2700.87,2709.29,697.5833
2024-03-23 12:00:00+00:00,ETH,2709.29,2736.61,2700.66,2700.74,561.6998
2024-03-23 13:00:00+00:00,ETH,2700.74,2721.49,2682.7,2698.11,443.9302
2024-03-23 14:00:00+00:00,ETH,2698.11,2699.45,2673.08,2682.91,262.0671
2024-03-23 15:00:00+00:00,ETH,2682.91,2690.48,2667.08,2689.27,609.2551
2024-03-23 16:00:00+00:00,ETH,2689.27,2693.33,2666.07,2680.11,296.4696
2024-03-23 17:00:00+00:00,ETH,2680.11,2683.69,2640.75,2675.43,433.486
2024-03-23 18:00:00+00:00,ETH,2675.43,2706.6,2647.52,2658.88,326.2709
2024-03-23 19:00:00+00:00,ETH,2658.88,2688.46,2636.33,2682.6,445.0039
2024-03-23 20:00:00+00:00,ETH,2682.6,2699.31,2610.18,2643.86,690.2539
2024-03-23 21:00:00+00:00,ETH,2643.86,2662.99,2636.26,2638.63,340.2079
2024-03-23 22:00:00+00:00,ETH,2638.63,2646.02,2557.16,2590.46,524.937
2024-03-23 23:00:00+00:00,ETH,2590.46,2600.57,2572.74,2594.01,838.3019
2024-03-24 00:00:00+00:00,ETH,2594.01,2616.17,2571.81,2576.85,396.8058
2024-03-24 01:00:00+00:00,ETH,2576.85,2586.98,2554.29,2582.78,1174.2991
2024-03-24 02:00:00+00:00,ETH,2582.78,2584.88,2555.95,2571.14,388.2548
2024-03-24 03:00:00+00:00,ETH,2571.14,2605.81,2563.4,2600.39,274.8345
2024-03-24 04:00:00+00:00,ETH,2600.39,2625.97,2563.71,2625.11,435.945
2024-03-24 05:00:00+00:00,ETH,2625.11,2642.74,2604.69,2612.82,830.1342
2024-03-24 06:00:00+00:00,ETH,2612.82,2649.98,2591.67,2632.5,606.0872
2024-03-24 07:00:00+00:00,ETH,2632.5,2647.92,2629.95,2641.92,408.235
2024-03-24 08:00:00+00:00,ETH,2641.92,2650.0,2638.98,2646.04,664.0439
2024-03-24 09:00:00+00:00,ETH,2646.04,2661.66,2606.31,2631.63,834.0871
2024-03-24 10:00:00+00:00,ETH,2631.63,2634.78,2621.24,2627.21,438.657
2024-03-24 11:00:00+00:00,ETH,2627.21,2656.04,2609.97,2632.89,407.5845
2024-03-24 12:00:00+00:00,ETH,2632.89,2677.76,2620.94,2652.13,549.1325
2024-03-24 13:00:00+00:00,ETH,2652.13,2671.62,2620.15,2637.78,660.6529
2024-03-24 14:00:00+00:00,ETH,2637.78,2649.13,2623.64,2641.14,644.4813
2024-03-24 15:00:00+00:00,ETH,2641.14,2646.17,2614.66,2618.9,399.8245
2024-03-24 16:00:00+00:00,ETH,2618.9,2632.39,2602.37,2631.76,668.2941
2024-03-24 17:00:00+00:00,ETH,2631.76,2649.01,2603.5,2639.59,536.2405
2024-03-24 18:00:00+00:00,ETH,2639.59,2654.25,2638.03,2645.05,801.1721
2024-03-24 19:00:00+00:00,ETH,2645.05,2664.05,2636.72,2650.49,525.8739
2024-03-24 20:00:00+00:00,ETH,2650.49,2654.56,2638.85,2641.77,559.1563
2024-03-24 21:00:00+00:00,ETH,2641.77,2669.53,2613.96,2650.27,433.3284
2024-03-24 22:00:00+00:00,ETH,2650.27,2668.99,2644.84,2655.6,854.8325
2024-03-24 23:00:00+00:00,ETH,2655.6,2671.28,2611.33,2648.23,772.5506
2024-03-25 00:00:00+00:00,ETH,2648.23,2674.54,2632.94,2638.48,391.0953
2024-03-25 01:00:00+00:00,ETH,2638.48,2655.9,2635.06,2655.43,627.5691
2024-03-25 02:00:00+00:00,ETH,2655.43,2669.44,2633.95,2646.98,1047.9276
2024-03-25 03:00:00+00:00,ETH,2646.98,2698.58,2646.77,2656.58,253.5189
2024-03-25 04:00:00+00:00,ETH,2656.58,2668.11,2644.96,2645.82,629.635
2024-03-25 05:00:00+00:00,ETH,2645.82,2668.34,2602.77,2635.96,1059.1697
2024-03-25 06:00:00+00:00,ETH,2635.96,2664.37,2628.23,2646.51,514.6521
2024-03-25 07:00:00+00:00,ETH,2646.51,2684.12,2617.41,2677.4,507.8308
2024-03-25 08:00:00+00:00,ETH,2677.4,2686.41,2661.05,2681.02,394.6548
2024-03-25 09:00:00+00:00,ETH,2681.02,2692.06,2679.15,2681.02,383.2112
2024-03-25 10:00:00+00:00,ETH,2681.02,2709.7,2668.79,2692.26,855.7009
2024-03-25 11:00:00+00:00,ETH,2692.26,2700.04,2661.89,2678.97,573.7798
2024-03-25 12:00:00+00:00,ETH,2678.97,2706.09,2678.25,2682.07,1268.7455
2024-03-25 13:00:00+00:00,ETH,2682.07,2698.12,2661.46,2674.25,234.9078
2024-03-25 14:00:00+00:00,ETH,2674.25,2692.24,2649.01,2650.95,937.7825
2024-03-25 15:00:00+00:00,ETH,2650.95,2686.42,2624.31,2677.97,524.5242
2024-03-25 16:00:00+00:00,ETH,2677.97,2691.75,2653.08,2672.64,629.5174
2024-03-25 17:00:00+00:00,ETH,2672.64,2681.2,2639.89,2661.79,332.0103
2024-03-25 18:00:00+00:00,ETH,2661.79,2672.46,2643.64,2655.66,364.7523
2024-03-25 19:00:00+00:00,ETH,2655.66,2658.47,2627.03,2640.21,442.6492
2024-03-25 20:00:00+00:00,ETH,2640.21,2653.69,2620.19,2635.39,589.6708
2024-03-25 21:00:00+00:00,ETH,2635.39,2639.22,2572.63,2592.19,406.1425
2024-03-25 22:00:00+00:00,ETH,2592.19,2599.79,2588.44,2596.51,602.3268
2024-03-25 23:00:00+00:00,ETH,2596.51,2609.01,2542.62,2570.64,310.3588
2024-03-26 00:00:00+00:00,ETH,2570.64,2580.86,2534.8,2540.62,694.4554
2024-03-26 01:00:00+00:00,ETH,2540.62,2578.32,2540.47,2559.95,1306.4095
2024-03-26 02:00:00+00:00,ETH,2559.95,2596.51,2549.33,2569.8,378.5769
2024-03-26 03:00:00+00:00,ETH,2569.8,2580.02,2540.84,2549.59,418.7078
2024-03-26 04:00:00+00:00,ETH,2549.59,2598.92,2543.43,2567.07,573.9264
2024-03-26 05:00:00+00:00,ETH,2567.07,2578.63,2557.87,2574.06,409.5758
2024-03-26 06:00:00+00:00,ETH,2574.06,2585.97,2549.39,2572.24,936.286
2024-03-26 07:00:00+00:00,ETH,2572.24,2573.75,2553.9,2570.11,441.3218
2024-03-26 08:00:00+00:00,ETH,2570.11,2596.2,2522.59,2554.97,381.257
2024-03-26 09:00:00+00:00,ETH,2554.97,2571.78,2535.06,2548.2,302.5107
2024-03-26 10:00:00+00:00,ETH,2548.2,2612.6,2525.17,2582.71,603.9
2024-03-26 11:00:00+00:00,ETH,2582.71,2590.79,2562.12,2580.89,267.3887
2024-03-26 12:00:00+00:00,ETH,2580.89,2581.42,2566.55,2569.67,425.2052
2024-03-26 13:00:00+00:00,ETH,2569.67,2582.33,2563.05,2577.58,570.1934
2024-03-26 14:00:00+00:00,ETH,2577.58,2585.73,2576.86,2581.34,866.105
2024-03-26 15:00:00+00:00,ETH,2581.34,2595.08,2552.46,2565.45,385.0369
2024-03-26 16:00:00+00:00,ETH,2565.45,2579.04,2541.16,2559.55,677.9655
2024-03-26 17:00:00+00:00,ETH,2559.55,2565.56,2528.21,2541.83,373.6907
2024-03-26 18:00:00+00:00,ETH,2541.83,2584.16,2526.95,2569.61,443.0533
2024-03-26 19:00:00+00:00,ETH,2569.61,2580.37,2550.46,2577.75,407.8485
2024-03-26 20:00:00+00:00,ETH,2577.75,2587.4,2551.26,2562.17,472.999
2024-03-26 21:00:00+00:00,ETH,2562.17,2596.99,2549.73,2562.16,220.3497
2024-03-26 22:00:00+00:00,ETH,2562.16,2591.73,2552.48,2585.24,403.3476
2024-03-26 23:00:00+00:00,ETH,2585.24,2598.16,2571.96,2589.79,808.0892
2024-03-27 00:00:00+00:00,ETH,2589.79,2595.64,2565.19,2590.09,567.126
2024-03-27 01:00:00+00:00,ETH,2590.09,2613.72,2580.84,2594.94,893.6225
2024-03-27 02:00:00+00:00,ETH,2594.94,2601.83,2565.88,2578.75,353.3764
2024-03-27 03:00:00+00:00,ETH,2578.75,2594.09,2544.75,2586.78,367.6913
2024-03-27 04:00:00+00:00,ETH,2586.78,2590.86,2567.01,2567.5,764.8716
2024-03-27 05:00:00+00:00,ETH,2567.5,2576.94,2564.34,2573.3,238.0406
2024-03-27 06:00:00+00:00,ETH,2573.3,2601.87,2565.37,2595.47,504.6013
2024-03-27 07:00:00+00:00,ETH,2595.47,2622.01,2589.4,2593.27,550.3752
2024-03-27 08:00:00+00:00,ETH,2593.27,2605.75,2578.12,2602.49,405.7461
2024-03-27 09:00:00+00:00,ETH,2602.49,2610.45,2586.03,2592.38,287.1842
2024-03-27 10:00:00+00:00,ETH,2592.38,2607.41,2586.08,2598.43,442.1746
2024-03-27 11:00:00+00:00,ETH,2598.43,2615.69,2576.39,2582.88,591.4626
2024-03-27 12:00:00+00:00,ETH,2582.88,2587.88,2519.73,2544.16,409.3562
2024-03-27 13:00:00+00:00,ETH,2544.16,2559.17,2523.49,2546.35,198.4013
2024-03-27 14:00:00+00:00,ETH,2546.35,2559.12,2532.87,2555.95,889.1916
2024-03-27 15:00:00+00:00,ETH,2555.95,2561.19,2541.66,2550.71,269.715
2024-03-27 16:00:00+00:00,ETH,2550.71,2554.14,2536.74,2539.88,379.4266
2024-03-27 17:00:00+00:00,ETH,2539.88,2603.56,2526.16,2538.06,608.4946
2024-03-27 18:00:00+00:00,ETH,2538.06,2545.79,2531.42,2545.12,359.6725
2024-03-27 19:00:00+00:00,ETH,2545.12,2571.95,2540.31,2568.01,549.1764
2024-03-27 20:00:00+00:00,ETH,2568.01,2594.73,2537.23,2582.13,760.9891
2024-03-27 21:00:00+00:00,ETH,2582.13,2607.64,2572.44,2592.0,794.2201
2024-03-27 22:00:00+00:00,ETH,2592.0,2602.41,2576.22,2579.34,217.81
2024-03-27 23:00:00+00:00,ETH,2579.34,2593.0,2544.33,2569.77,368.2119
2024-03-28 00:00:00+00:00,ETH,2569.77,2606.47,2520.03,2531.35,469.7735
2024-03-28 01:00:00+00:00,ETH,2531.35,2543.91,2516.32,2528.78,455.5258
2024-03-28 02:00:00+00:00,ETH,2528.78,2549.01,2528.07,2531.88,436.2315
2024-03-28 03:00:00+00:00,ETH,2531.88,2559.44,2518.4,2558.38,678.4825
2024-03-28 04:00:00+00:00,ETH,2558.38,2565.27,2505.87,2513.41,603.8296
2024-03-28 05:00:00+00:00,ETH,2513.41,2519.75,2478.68,2508.04,443.3972
2024-03-28 06:00:00+00:00,ETH,2508.04,2511.64,2485.37,2486.6,399.8662
2024-03-28 07:00:00+00:00,ETH,2486.6,2508.58,2480.56,2484.49,405.8411
2024-03-28 08:00:00+00:00,ETH,2484.49,2508.78,2470.42,2473.39,512.9198
2024-03-28 09:00:00+00:00,ETH,2473.39,2509.88,2471.97,2507.35,420.231
2024-03-28 10:00:00+00:00,ETH,2507.35,2536.68,2488.48,2527.64,504.5121
2024-03-28 11:00:00+00:00,ETH,2527.64,2555.95,2518.58,2530.54,779.2709
2024-03-28 12:00:00+00:00,ETH,2530.54,2536.32,2515.33,2532.19,284.4677
2024-03-28 13:00:00+00:00,ETH,2532.19,2536.08,2485.45,2496.95,593.2181
2024-03-28 14:00:00+00:00,ETH,2496.95,2511.02,2487.95,2497.16,259.7579
2024-03-28 15:00:00+00:00,ETH,2497.16,2501.77,2488.79,2490.74,331.5485
2024-03-28 16:00:00+00:00,ETH,2490.74,2540.54,2488.18,2501.21,626.511
2024-03-28 17:00:00+00:00,ETH,2501.21,2512.49,2454.25,2490.13,472.2197
2024-03-28 18:00:00+00:00,ETH,2490.13,2505.05,2452.23,2473.59,380.8813
2024-03-28 19:00:00+00:00,ETH,2473.59,2495.19,2453.99,2490.35,462.4933
2024-03-28 20:00:00+00:00,ETH,2490.35,2491.08,2476.76,2480.14,673.7508
2024-03-28 21:00:00+00:00,ETH,2480.14,2488.3,2463.92,2483.34,702.4346
2024-03-28 22:00:00+00:00,ETH,2483.34,2503.45,2471.6,2492.16,685.5393
2024-03-28 23:00:00+00:00,ETH,2492.16,2522.41,2481.84,2521.44,484.0026
2024-03-29 00:00:00+00:00,ETH,2521.44,2527.44,2504.69,2522.05,496.6824
2024-03-29 01:00:00+00:00,ETH,2522.05,2533.79,2512.79,2526.28,391.6301
2024-03-29 02:00:00+00:00,ETH,2526.28,2545.54,2515.49,2540.46,1371.8786
2024-03-29 03:00:00+00:00,ETH,2540.46,2565.77,2530.69,2559.02,619.2896
2024-03-29 04:00:00+00:00,ETH,2559.02,2570.7,2520.42,2544.98,437.1952
2024-03-29 05:00:00+00:00,ETH,2544.98,2554.88,2532.04,2547.32,560.419
2024-03-29 06:00:00+00:00,ETH,2547.32,2574.48,2541.53,2569.11,559.8179
2024-03-29 07:00:00+00:00,ETH,2569.11,2577.79,2540.93,2546.4,877.565
2024-03-29 08:00:00+00:00,ETH,2546.4,2557.86,2513.09,2555.66,582.9111
2024-03-29 09:00:00+00:00,ETH,2555.66,2563.94,2503.73,2504.47,746.513
2024-03-29 10:00:00+00:00,ETH,2504.47,2524.11,2478.83,2503.57,259.7921
2024-03-29 11:00:00+00:00,ETH,2503.57,2508.07,2483.76,2495.59,328.2838
2024-03-29 12:00:00+00:00,ETH,2495.59,2515.38,2482.75,2503.45,396.4908
2024-03-29 13:00:00+00:00,ETH,2503.45,2514.21,2465.65,2507.3,507.5083
2024-03-29 14:00:00+00:00,ETH,2507.3,2524.52,2499.87,2506.07,648.0879
2024-03-29 15:00:00+00:00,ETH,2506.07,2536.24,2484.8,2520.11,434.5116
2024-03-29 16:00:00+00:00,ETH,2520.11,2530.19,2500.97,2511.04,757.6714
2024-03-29 17:00:00+00:00,ETH,2511.04,2527.79,2483.17,2495.04,723.5306
2024-03-29 18:00:00+00:00,ETH,2495.04,2515.16,2464.65,2470.03,635.6873
2024-03-29 19:00:00+00:00,ETH,2470.03,2473.06,2464.24,2471.53,494.4163
2024-03-29 20:00:00+00:00,ETH,2471.53,2514.69,2444.57,2503.99,496.0278
2024-03-29 21:00:00+00:00,ETH,2503.99,2518.38,2499.74,2514.0,506.4212
2024-03-29 22:00:00+00:00,ETH,2514.0,2521.67,2495.33,2516.48,341.4314
2024-03-29 23:00:00+00:00,ETH,2516.48,2523.62,2466.08,2485.68,566.0959
2024-03-30 00:00:00+00:00,ETH,2485.68,2509.67,2475.02,2501.63,616.0141
2024-03-30 01:00:00+00:00,ETH,2501.63,2536.08,2496.42,2523.33,616.9439
2024-03-30 02:00:00+00:00,ETH,2523.33,2527.29,2508.43,2514.72,320.7695
2024-03-30 03:00:00+00:00,ETH,2514.72,2539.68,2490.21,2497.59,788.9327
2024-03-30 04:00:00+00:00,ETH,2497.59,2500.25,2465.81,2474.59,426.0087
2024-03-30 05:00:00+00:00,ETH,2474.59,2484.74,2430.37,2451.09,578.3814
2024-03-30 06:00:00+00:00,ETH,2451.09,2460.44,2447.27,2455.18,556.229
2024-03-30 07:00:00+00:00,ETH,2455.18,2484.72,2446.84,2468.98,404.0313
2024-03-30 08:00:00+00:00,ETH,2468.98,2487.68,2464.37,2473.98,245.8827
2024-03-30 09:00:00+00:00,ETH,2473.98,2501.79,2468.48,2497.41,339.5395
2024-03-30 10:00:00+00:00,ETH,2497.41,2498.21,2482.0,2496.92,441.1871
2024-03-30 11:00:00+00:00,ETH,2496.92,2498.19,2468.38,2491.76,807.8375
2024-03-30 12:00:00+00:00,ETH,2491.76,2520.82,2475.17,2486.54,451.2109
2024-03-30 13:00:00+00:00,ETH,2486.54,2494.6,2461.64,2484.99,464.3907
2024-03-30 14:00:00+00:00,ETH,2484.99,2523.84,2468.29,2518.05,527.0179
2024-03-30 15:00:00+00:00,ETH,2518.05,2534.5,2506.11,2527.14,707.1675
2024-03-30 16:00:00+00:00,ETH,2527.14,2549.09,2520.98,2539.19,392.6591
2024-03-30 17:00:00+00:00,ETH,2539.19,2564.95,2531.48,2563.07,707.5072
2024-03-30 18:00:00+00:00,ETH,2563.07,2574.28,2539.09,2551.16,536.2338
2024-03-30 19:00:00+00:00,ETH,2551.16,2607.44,2542.76,2586.85,421.8899
2024-03-30 20:00:00+00:00,ETH,2586.85,2601.78,2556.98,2572.05,807.249
2024-03-30 21:00:00+00:00,ETH,2572.05,2589.71,2570.65,2584.09,538.6318
2024-03-30 22:00:00+00:00,ETH,2584.09,2610.71,2571.47,2607.27,433.0461
2024-03-30 23:00:00+00:00,ETH,2607.27,2620.54,2584.14,2610.55,349.474
2024-03-31 00:00:00+00:00,ETH,2610.55,2644.21,2608.32,2619.61,649.5677
2024-03-31 01:00:00+00:00,ETH,2619.61,2620.9,2597.9,2613.49,418.5244
2024-03-31 02:00:00+00:00,ETH,2613.49,2624.55,2594.1,2606.16,380.8002
2024-03-31 03:00:00+00:00,ETH,2606.16,2611.02,2603.15,2609.66,308.0902
2024-03-31 04:00:00+00:00,ETH,2609.66,2639.78,2603.86,2605.02,455.6254
2024-03-31 05:00:00+00:00,ETH,2605.02,2622.11,2600.44,2603.6,430.0168
2024-03-31 06:00:00+00:00,ETH,2603.6,2639.48,2599.68,2608.19,371.8505
2024-03-31 07:00:00+00:00,ETH,2608.19,2620.59,2605.71,2618.48,505.9131
2024-03-31 08:00:00+00:00,ETH,2618.48,2627.59,2604.35,2621.11,376.4323
2024-03-31 09:00:00+00:00,ETH,2621.11,2626.32,2587.48,2603.44,700.856
2024-03-31 10:00:00+00:00,ETH,2603.44,2628.84,2596.87,2601.56,288.4859
2024-03-31 11:00:00+00:00,ETH,2601.56,2622.31,2571.62,2590.72,685.778
2024-03-31 12:00:00+00:00,ETH,2590.72,2599.77,2568.17,2595.33,610.6297
2024-03-31 13:00:00+00:00,ETH,2595.33,2626.24,2573.84,2606.18,844.0881
2024-03-31 14:00:00+00:00,ETH,2606.18,2637.06,2599.92,2613.85,1089.937
2024-03-31 15:00:00+00:00,ETH,2613.85,2635.06,2588.99,2616.43,465.7004
2024-03-31 16:00:00+00:00,ETH,2616.43,2627.8,2611.08,2623.18,312.6869
2024-03-31 17:00:00+00:00,ETH,2623.18,2637.42,2611.08,2613.1,1274.9697
2024-03-31 18:00:00+00:00,ETH,2613.1,2642.34,2611.42,2638.29,523.5826
2024-03-31 19:00:00+00:00,ETH,2638.29,2659.24,2616.34,2656.64,890.5669
2024-03-31 20:00:00+00:00,ETH,2656.64,2661.12,2627.2,2644.97,639.6548
2024-03-31 21:00:00+00:00,ETH,2644.97,2651.71,2641.59,2642.68,244.2764
2024-03-31 22:00:00+00:00,ETH,2642.68,2671.08,2637.28,2649.86,465.7576
2024-03-31 23:00:00+00:00,ETH,2649.86,2668.31,2633.75,2656.74,727.8024
2024-04-01 00:00:00+00:00,ETH,2656.74,2671.11,2654.5,2656.97,678.1495
2024-04-01 01:00:00+00:00,ETH,2656.97,2667.08,2617.71,2639.2,421.7071
2024-04-01 02:00:00+00:00,ETH,2639.2,2660.53,2637.48,2655.68,283.1019
2024-04-01 03:00:00+00:00,ETH,2655.68,2686.2,2654.28,2663.54,437.93
2024-04-01 04:00:00+00:00,ETH,2663.54,2687.93,2637.8,2658.93,528.5967
2024-04-01 05:00:00+00:00,ETH,2658.93,2667.74,2647.09,2652.94,746.2158
2024-04-01 06:00:00+00:00,ETH,2652.94,2674.89,2616.75,2637.09,500.1595
2024-04-01 07:00:00+00:00,ETH,2637.09,2639.75,2581.54,2611.66,615.4698
2024-04-01 08:00:00+00:00,ETH,2611.66,2625.63,2611.56,2612.94,553.6042
2024-04-01 09:00:00+00:00,ETH,2612.94,2644.03,2606.89,2637.59,436.5899
2024-04-01 10:00:00+00:00,ETH,2637.59,2654.0,2622.17,2652.95,672.6731
2024-04-01 11:00:00+00:00,ETH,2652.95,2658.15,2647.9,2656.61,593.5168
2024-04-01 12:00:00+00:00,ETH,2656.61,2677.65,2649.31,2672.09,554.5774
2024-04-01 13:00:00+00:00,ETH,2672.09,2677.6,2667.17,2672.26,479.8427
2024-04-01 14:00:00+00:00,ETH,2672.26,2676.93,2643.09,2648.92,407.9041
2024-04-01 15:00:00+00:00,ETH,2648.92,2662.29,2607.28,2617.37,384.6885
2024-04-01 16:00:00+00:00,ETH,2617.37,2656.05,2605.93,2634.3,313.3561
2024-04-01 17:00:00+00:00,ETH,2634.3,2640.48,2599.52,2617.41,612.3277
2024-04-01 18:00:00+00:00,ETH,2617.41,2641.22,2615.58,2629.96,339.9872
2024-04-01 19:00:00+00:00,ETH,2629.96,2639.29,2607.64,2628.44,396.7579
2024-04-01 20:00:00+00:00,ETH,2628.44,2651.93,2616.81,2635.54,435.7701
2024-04-01 21:00:00+00:00,ETH,2635.54,2657.24,2628.3,2634.57,647.8719
2024-04-01 22:00:00+00:00,ETH,2634.57,2675.3,2622.12,2659.96,557.6652
2024-04-01 23:00:00+00:00,ETH,2659.96,2666.7,2640.52,2662.58,515.1175
2024-04-02 00:00:00+00:00,ETH,2662.58,2693.88,2655.76,2658.16,345.1419
2024-04-02 01:00:00+00:00,ETH,2658.16,2681.39,2652.73,2672.44,559.8631
2024-04-02 02:00:00+00:00,ETH,2672.44,2708.75,2665.87,2690.8,309.2379
2024-04-02 03:00:00+00:00,ETH,2690.8,2705.59,2683.26,2695.97,449.8466
2024-04-02 04:00:00+00:00,ETH,2695.97,2699.21,2664.38,2687.1,445.2398
2024-04-02 05:00:00+00:00,ETH,2687.1,2712.73,2638.84,2655.49,310.6303
2024-04-02 06:00:00+00:00,ETH,2655.49,2669.92,2652.07,2662.36,540.7951
2024-04-02 07:00:00+00:00,ETH,2662.36,2672.41,2651.05,2653.88,659.0647
2024-04-02 08:00:00+00:00,ETH,2653.88,2662.97,2636.67,2647.61,756.5451
2024-04-02 09:00:00+00:00,ETH,2647.61,2681.77,2645.12,2654.73,466.9387
2024-04-02 10:00:00+00:00,ETH,2654.73,2684.87,2642.29,2661.71,703.0186
2024-04-02 11:00:00+00:00,ETH,2661.71,2701.04,2642.34,2692.33,473.6854
2024-04-02 12:00:00+00:00,ETH,2692.33,2695.74,2687.62,2691.56,535.3966
2024-04-02 13:00:00+00:00,ETH,2691.56,2707.65,2669.64,2673.0,506.2592
2024-04-02 14:00:00+00:00,ETH,2673.0,2692.13,2663.44,2687.35,615.3942
2024-04-02 15:00:00+00:00,ETH,2687.35,2721.72,2682.29,2713.43,384.8325
2024-04-02 16:00:00+00:00,ETH,2713.43,2718.89,2701.71,2716.76,346.147
2024-04-02 17:00:00+00:00,ETH,2716.76,2746.43,2670.23,2688.0,771.6774
2024-04-02 18:00:00+00:00,ETH,2688.0,2706.02,2668.47,2672.05,343.3439
2024-04-02 19:00:00+00:00,ETH,2672.05,2688.55,2664.75,2677.88,541.7425
2024-04-02 20:00:00+00:00,ETH,2677.88,2739.59,2649.67,2711.33,1299.1322
2024-04-02 21:00:00+00:00,ETH,2711.33,2728.68,2701.03,2725.71,280.0632
2024-04-02 22:00:00+00:00,ETH,2725.71,2751.92,2697.3,2741.8,446.0935
2024-04-02 23:00:00+00:00,ETH,2741.8,2771.87,2723.51,2746.81,693.0598
2024-04-03 00:00:00+00:00,ETH,2746.81,2750.07,2710.26,2712.5,658.1507
2024-04-03 01:00:00+00:00,ETH,2712.5,2726.59,2705.93,2716.0,357.0082
2024-04-03 02:00:00+00:00,ETH,2716.0,2733.16,2703.2,2710.68,728.4895
2024-04-03 03:00:00+00:00,ETH,2710.68,2716.49,2673.93,2680.78,357.7134
2024-04-03 04:00:00+00:00,ETH,2680.78,2692.99,2641.93,2688.28,294.7274
2024-04-03 05:00:00+00:00,ETH,2688.28,2698.37,2671.9,2693.9,411.8659
2024-04-03 06:00:00+00:00,ETH,2693.9,2697.36,2686.32,2689.84,666.341
2024-04-03 07:00:00+00:00,ETH,2689.84,2714.75,2686.47,2690.84,267.7465
2024-04-03 08:00:00+00:00,ETH,2690.84,2712.71,2685.47,2706.45,851.8615
2024-04-03 09:00:00+00:00,ETH,2706.45,2713.46,2669.26,2679.23,546.1186
2024-04-03 10:00:00+00:00,ETH,2679.23,2688.16,2675.2,2677.33,390.1792
2024-04-03 11:00:00+00:00,ETH,2677.33,2700.46,2651.32,2657.52,325.1665
2024-04-03 12:00:00+00:00,ETH,2657.52,2671.13,2652.68,2666.61,632.0359
2024-04-03 13:00:00+00:00,ETH,2666.61,2672.39,2611.25,2636.07,318.5442
2024-04-03 14:00:00+00:00,ETH,2636.07,2642.8,2617.29,2642.49,400.2295
2024-04-03 15:00:00+00:00,ETH,2642.49,2654.93,2612.28,2637.51,500.6705
2024-04-03 16:00:00+00:00,ETH,2637.51,2656.37,2625.67,2627.79,399.1106
2024-04-03 17:00:00+00:00,ETH,2627.79,2650.97,2624.49,2640.89,421.5958
2024-04-03 18:00:00+00:00,ETH,2640.89,2664.36,2614.72,2660.17,897.4076
2024-04-03 19:00:00+00:00,ETH,2660.17,2700.06,2623.76,2676.02,738.7684
2024-04-03 20:00:00+00:00,ETH,2676.02,2676.1,2656.07,2675.89,492.3014
2024-04-03 21:00:00+00:00,ETH,2675.89,2712.77,2658.36,2708.12,406.7182
2024-04-03 22:00:00+00:00,ETH,2708.12,2717.03,2698.52,2703.4,973.7068
2024-04-03 23:00:00+00:00,ETH,2703.4,2723.62,2693.55,2717.18,446.9672
2024-04-04 00:00:00+00:00,ETH,2717.18,2727.6,2711.79,2714.18,712.4438
2024-04-04 01:00:00+00:00,ETH,2714.18,2719.85,2688.37,2692.08,474.5461
2024-04-04 02:00:00+00:00,ETH,2692.08,2705.99,2689.84,2698.06,270.2894
2024-04-04 03:00:00+00:00,ETH,2698.06,2708.07,2672.06,2690.48,533.5131
2024-04-04 04:00:00+00:00,ETH,2690.48,2706.79,2689.06,2698.18,1056.391
2024-04-04 05:00:00+00:00,ETH,2698.18,2728.32,2689.08,2720.32,633.731
2024-04-04 06:00:00+00:00,ETH,2720.32,2738.4,2694.54,2738.07,239.935
2024-04-04 07:00:00+00:00,ETH,2738.07,2771.12,2722.59,2755.75,436.5845
2024-04-04 08:00:00+00:00,ETH,2755.75,2822.24,2740.78,2785.35,571.1019
2024-04-04 09:00:00+00:00,ETH,2785.35,2806.78,2743.0,2775.44,532.4029
2024-04-04 10:00:00+00:00,ETH,2775.44,2777.67,2744.09,2766.91,581.5148
2024-04-04 11:00:00+00:00,ETH,2766.91,2809.49,2766.79,2785.67,411.408
2024-04-04 12:00:00+00:00,ETH,2785.67,2817.62,2767.41,2799.8,673.3279
2024-04-04 13:00:00+00:00,ETH,2799.8,2801.29,2772.37,2787.86,365.0305
2024-04-04 14:00:00+00:00,ETH,2787.86,2789.14,2772.94,2774.23,449.786
2024-04-04 15:00:00+00:00,ETH,2774.23,2782.39,2753.29,2776.14,631.0982
2024-04-04 16:00:00+00:00,ETH,2776.14,2816.51,2760.84,2802.31,616.2266
2024-04-04 17:00:00+00:00,ETH,2802.31,2813.29,2773.87,2786.51,668.3509
2024-04-04 18:00:00+00:00,ETH,2786.51,2787.01,2763.79,2775.03,344.8681
2024-04-04 19:00:00+00:00,ETH,2775.03,2803.51,2752.16,2764.17,479.9965
2024-04-04 20:00:00+00:00,ETH,2764.17,2774.33,2729.33,2732.46,404.1654
2024-04-04 21:00:00+00:00,ETH,2732.46,2763.65,2716.22,2755.91,311.3827
2024-04-04 22:00:00+00:00,ETH,2755.91,2777.88,2739.31,2769.72,444.7821
2024-04-04 23:00:00+00:00,ETH,2769.72,2770.93,2753.72,2755.28,785.9416
2024-04-05 00:00:00+00:00,ETH,2755.28,2785.83,2739.0,2761.31,740.8095
2024-04-05 01:00:00+00:00,ETH,2761.31,2790.1,2751.46,2770.94,298.4897
2024-04-05 02:00:00+00:00,ETH,2770.94,2783.3,2770.8,2771.22,463.0767
2024-04-05 03:00:00+00:00,ETH,2771.22,2782.54,2744.25,2749.81,451.508
2024-04-05 04:00:00+00:00,ETH,2749.81,2778.1,2727.29,2774.21,356.988
2024-04-05 05:00:00+00:00,ETH,2774.21,2787.83,2772.46,2772.62,260.4453
2024-04-05 06:00:00+00:00,ETH,2772.62,2803.56,2771.67,2790.77,402.5401
2024-04-05 07:00:00+00:00,ETH,2790.77,2825.17,2739.42,2769.8,377.1383
2024-04-05 08:00:00+00:00,ETH,2769.8,2775.41,2706.75,2737.2,585.6183
2024-04-05 09:00:00+00:00,ETH,2737.2,2797.84,2730.27,2753.28,687.3843
2024-04-05 10:00:00+00:00,ETH,2753.28,2757.15,2718.84,2727.07,716.9928
2024-04-05 11:00:00+00:00,ETH,2727.07,2756.16,2710.28,2729.89,494.0694
2024-04-05 12:00:00+00:00,ETH,2729.89,2737.28,2713.65,2714.96,517.9436
2024-04-05 13:00:00+00:00,ETH,2714.96,2742.54,2710.71,2722.0,375.4644
2024-04-05 14:00:00+00:00,ETH,2722.0,2732.52,2700.48,2700.76,505.9211
2024-04-05 15:00:00+00:00,ETH,2700.76,2713.83,2695.52,2709.76,554.7264
2024-04-05 16:00:00+00:00,ETH,2709.76,2757.53,2695.04,2747.72,731.3837
2024-04-05 17:00:00+00:00,ETH,2747.72,2750.62,2712.44,2747.64,426.124
2024-04-05 18:00:00+00:00,ETH,2747.64,2787.86,2744.86,2770.98,691.5597
2024-04-05 19:00:00+00:00,ETH,2770.98,2820.32,2752.73,2796.46,761.6495
2024-04-05 20:00:00+00:00,ETH,2796.46,2821.36,2780.11,2789.22,400.721
2024-04-05 21:00:00+00:00,ETH,2789.22,2830.88,2781.67,2801.49,612.5582
2024-04-05 22:00:00+00:00,ETH,2801.49,2816.78,2769.93,2797.92,888.5861
2024-04-05 23:00:00+00:00,ETH,2797.92,2800.29,2774.56,2791.04,610.5605
2024-04-06 00:00:00+00:00,ETH,2791.04,2810.58,2773.72,2802.88,447.8928
2024-04-06 01:00:00+00:00,ETH,2802.88,2811.35,2799.4,2807.21,516.2253
2024-04-06 02:00:00+00:00,ETH,2807.21,2823.47,2799.31,2817.55,382.8247
2024-04-06 03:00:00+00:00,ETH,2817.55,2836.03,2794.91,2811.52,652.4445
2024-04-06 04:00:00+00:00,ETH,2811.52,2845.96,2795.76,2819.96,417.3961
2024-04-06 05:00:00+00:00,ETH,2819.96,2837.21,2797.68,2836.58,504.1332
2024-04-06 06:00:00+00:00,ETH,2836.58,2867.24,2824.37,2839.18,739.1526
2024-04-06 07:00:00+00:00,ETH,2839.18,2874.06,2836.21,2850.34,554.9597
2024-04-06 08:00:00+00:00,ETH,2850.34,2856.69,2813.68,2816.44,628.2943
2024-04-06 09:00:00+00:00,ETH,2816.44,2825.5,2806.53,2823.55,610.0198
2024-04-06 10:00:00+00:00,ETH,2823.55,2835.2,2773.61,2782.33,366.5086
2024-04-06 11:00:00+00:00,ETH,2782.33,2788.32,2770.11,2771.15,687.5452
2024-04-06 12:00:00+00:00,ETH,2771.15,2781.61,2760.19,2774.39,973.2211
2024-04-06 13:00:00+00:00,ETH,2774.39,2785.06,2736.1,2768.35,688.7382
2024-04-06 14:00:00+00:00,ETH,2768.35,2772.42,2731.69,2745.93,810.385
2024-04-06 15:00:00+00:00,ETH,2745.93,2759.3,2741.96,2753.24,768.455
2024-04-06 16:00:00+00:00,ETH,2753.24,2780.82,2750.13,2770.35,370.2732
2024-04-06 17:00:00+00:00,ETH,2770.35,2792.89,2760.65,2762.53,351.4052
2024-04-06 18:00:00+00:00,ETH,2762.53,2796.29,2740.02,2774.16,226.3726
2024-04-06 19:00:00+00:00,ETH,2774.16,2806.36,2743.1,2800.77,726.7928
2024-04-06 20:00:00+00:00,ETH,2800.77,2803.42,2768.47,2790.13,482.023
2024-04-06 21:00:00+00:00,ETH,2790.13,2799.12,2771.41,2776.96,487.3148
2024-04-06 22:00:00+00:00,ETH,2776.96,2834.23,2767.14,2806.87,368.5085
2024-04-06 23:00:00+00:00,ETH,2806.87,2843.56,2792.07,2832.39,513.4782
2024-04-07 00:00:00+00:00,ETH,2832.39,2849.78,2817.5,2843.72,512.0112
2024-04-07 01:00:00+00:00,ETH,2843.72,2858.48,2804.35,2815.56,394.296
2024-04-07 02:00:00+00:00,ETH,2815.56,2870.0,2811.75,2855.36,706.4094
2024-04-07 03:00:00+00:00,ETH,2855.36,2866.4,2841.46,2856.57,707.0275
2024-04-07 04:00:00+00:00,ETH,2856.57,2898.97,2828.55,2868.68,308.4291
2024-04-07 05:00:00+00:00,ETH,2868.68,2877.69,2846.83,2867.78,531.5272
2024-04-07 06:00:00+00:00,ETH,2867.78,2869.78,2848.2,2861.73,309.4854
2024-04-07 07:00:00+00:00,ETH,2861.73,2864.19,2833.3,2837.59,473.959
2024-04-07 08:00:00+00:00,ETH,2837.59,2853.87,2815.42,2817.8,566.0381
2024-04-07 09:00:00+00:00,ETH,2817.8,2832.0,2781.13,2803.62,1061.2472
2024-04-07 10:00:00+00:00,ETH,2803.62,2842.63,2789.06,2789.95,584.2281
2024-04-07 11:00:00+00:00,ETH,2789.95,2794.6,2753.57,2767.36,572.633
2024-04-07 12:00:00+00:00,ETH,2767.36,2768.31,2738.22,2762.67,456.1825
2024-04-07 13:00:00+00:00,ETH,2762.67,2792.44,2755.47,2776.57,502.6953
2024-04-07 14:00:00+00:00,ETH,2776.57,2800.21,2752.06,2771.52,480.2144
2024-04-07 15:00:00+00:00,ETH,2771.52,2782.22,2755.75,2771.83,682.1215
2024-04-07 16:00:00+00:00,ETH,2771.83,2814.96,2747.16,2800.59,440.1815
2024-04-07 17:00:00+00:00,ETH,2800.59,2804.15,2753.7,2759.21,360.3512
2024-04-07 18:00:00+00:00,ETH,2759.21,2776.25,2749.91,2763.19,257.5925
2024-04-07 19:00:00+00:00,ETH,2763.19,2809.85,2739.47,2777.33,1025.768
2024-04-07 20:00:00+00:00,ETH,2777.33,2791.04,2769.71,2779.43,534.871
2024-04-07 21:00:00+00:00,ETH,2779.43,2780.9,2742.43,2745.3,277.818
2024-04-07 22:00:00+00:00,ETH,2745.3,2762.69,2730.56,2732.36,562.2481
2024-04-07 23:00:00+00:00,ETH,2732.36,2749.96,2717.98,2734.12,354.6604
2024-04-08 00:00:00+00:00,ETH,2734.12,2749.51,2690.22,2725.47,727.6765
2024-04-08 01:00:00+00:00,ETH,2725.47,2734.98,2706.62,2732.5,702.7803
2024-04-08 02:00:00+00:00,ETH,2732.5,2742.22,2718.06,2725.48,476.549
2024-04-08 03:00:00+00:00,ETH,2725.48,2726.37,2692.49,2707.41,519.2216
2024-04-08 04:00:00+00:00,ETH,2707.41,2713.19,2673.93,2694.39,613.0468
2024-04-08 05:00:00+00:00,ETH,2694.39,2699.68,2659.09,2674.15,797.8366
2024-04-08 06:00:00+00:00,ETH,2674.15,2711.43,2632.25,2671.66,580.2239
2024-04-08 07:00:00+00:00,ETH,2671.66,2691.76,2638.06,2682.74,569.5423
2024-04-08 08:00:00+00:00,ETH,2682.74,2697.19,2676.17,2676.87,596.0565
2024-04-08 09:00:00+00:00,ETH,2676.87,2690.48,2665.47,2682.55,752.8287
2024-04-08 10:00:00+00:00,ETH,2682.55,2687.63,2659.52,2673.86,448.2911
2024-04-08 11:00:00+00:00,ETH,2673.86,2682.13,2673.81,2674.38,415.1527
2024-04-08 12:00:00+00:00,ETH,2674.38,2689.43,2664.31,2675.41,719.1113
2024-04-08 13:00:00+00:00,ETH,2675.41,2679.12,2643.1,2648.04,372.969
2024-04-08 14:00:00+00:00,ETH,2648.04,2671.46,2641.32,2663.58,412.8507
2024-04-08 15:00:00+00:00,ETH,2663.58,2695.45,2649.42,2684.13,354.5255
2024-04-08 16:00:00+00:00,ETH,2684.13,2689.25,2655.34,2670.84,297.0992
2024-04-08 17:00:00+00:00,ETH,2670.84,2703.53,2644.93,2659.76,858.0388
2024-04-08 18:00:00+00:00,ETH,2659.76,2676.12,2643.68,2652.33,573.2874
2024-04-08 19:00:00+00:00,ETH,2652.33,2669.27,2610.22,2629.25,630.1275
2024-04-08 20:00:00+00:00,ETH,2629.25,2651.52,2592.67,2611.78,380.4066
2024-04-08 21:00:00+00:00,ETH,2611.78,2634.64,2581.0,2603.2,524.5938
2024-04-08 22:00:00+00:00,ETH,2603.2,2610.08,2568.65,2577.73,230.9697
2024-04-08 23:00:00+00:00,ETH,2577.73,2599.1,2552.05,2563.41,989.3476
2024-04-09 00:00:00+00:00,ETH,2563.41,2605.03,2541.94,2576.51,867.2815
2024-04-09 01:00:00+00:00,ETH,2576.51,2592.54,2563.16,2571.93,455.4402
2024-04-09 02:00:00+00:00,ETH,2571.93,2578.59,2556.17,2561.61,325.1464
2024-04-09 03:00:00+00:00,ETH,2561.61,2565.2,2550.46,2557.77,718.3456
2024-04-09 04:00:00+00:00,ETH,2557.77,2586.26,2543.22,2582.32,540.1429
2024-04-09 05:00:00+00:00,ETH,2582.32,2605.97,2557.16,2593.23,690.5125
2024-04-09 06:00:00+00:00,ETH,2593.23,2605.48,2565.14,2566.29,407.3493
2024-04-09 07:00:00+00:00,ETH,2566.29,2586.71,2556.13,2571.18,563.3196
2024-04-09 08:00:00+00:00,ETH,2571.18,2597.7,2533.46,2575.75,423.5136
2024-04-09 09:00:00+00:00,ETH,2575.75,2585.47,2526.78,2551.62,418.0252
2024-04-09 10:00:00+00:00,ETH,2551.62,2581.75,2538.43,2567.25,680.2501
2024-04-09 11:00:00+00:00,ETH,2567.25,2603.1,2558.09,2565.51,390.3168
2024-04-09 12:00:00+00:00,ETH,2565.51,2572.25,2538.86,2548.1,667.4332
2024-04-09 13:00:00+00:00,ETH,2548.1,2555.69,2544.9,2546.19,687.4536
2024-04-09 14:00:00+00:00,ETH,2546.19,2574.53,2514.72,2526.66,411.7913
2024-04-09 15:00:00+00:00,ETH,2526.66,2546.26,2507.01,2534.85,473.6361
2024-04-09 16:00:00+00:00,ETH,2534.85,2549.47,2506.13,2526.32,860.7658
2024-04-09 17:00:00+00:00,ETH,2526.32,2551.86,2481.76,2514.34,471.0075
2024-04-09 18:00:00+00:00,ETH,2514.34,2516.08,2465.11,2501.37,435.105
2024-04-09 19:00:00+00:00,ETH,2501.37,2517.44,2495.72,2503.12,430.9035
2024-04-09 20:00:00+00:00,ETH,2503.12,2526.05,2498.21,2506.5,422.385
2024-04-09 21:00:00+00:00,ETH,2506.5,2513.61,2485.01,2492.25,620.1747
2024-04-09 22:00:00+00:00,ETH,2492.25,2492.5,2456.2,2458.87,230.1984
2024-04-09 23:00:00+00:00,ETH,2458.87,2486.97,2429.5,2447.73,567.7127
2024-04-10 00:00:00+00:00,ETH,2447.73,2461.02,2430.34,2440.95,504.1212
2024-04-10 01:00:00+00:00,ETH,2440.95,2444.23,2433.89,2442.63,504.4054
2024-04-10 02:00:00+00:00,ETH,2442.63,2443.72,2428.56,2437.39,604.5982
2024-04-10 03:00:00+00:00,ETH,2437.39,2443.06,2404.35,2440.03,672.3337
2024-04-10 04:00:00+00:00,ETH,2440.03,2470.96,2423.02,2453.45,561.0916
2024-04-10 05:00:00+00:00,ETH,2453.45,2462.29,2438.83,2442.83,472.2903
2024-04-10 06:00:00+00:00,ETH,2442.83,2486.39,2436.28,2436.29,874.9587
2024-04-10 07:00:00+00:00,ETH,2436.29,2444.93,2425.65,2428.72,421.2564
2024-04-10 08:00:00+00:00,ETH,2428.72,2440.6,2412.19,2419.65,777.353
2024-04-10 09:00:00+00:00,ETH,2419.65,2428.92,2387.67,2423.93,468.9086
2024-04-10 10:00:00+00:00,ETH,2423.93,2437.09,2418.82,2428.0,771.7214
2024-04-10 11:00:00+00:00,ETH,2428.0,2458.1,2398.42,2449.96,368.0622
2024-04-10 12:00:00+00:00,ETH,2449.96,2460.5,2447.38,2456.87,852.0627
2024-04-10 13:00:00+00:00,ETH,2456.87,2466.21,2444.51,2454.34,407.9937
2024-04-10 14:00:00+00:00,ETH,2454.34,2455.94,2432.75,2433.69,325.7813
2024-04-10 15:00:00+00:00,ETH,2433.69,2450.32,2422.51,2449.23,693.0902
2024-04-10 16:00:00+00:00,ETH,2449.23,2484.14,2440.22,2443.56,600.2267
2024-04-10 17:00:00+00:00,ETH,2443.56,2449.94,2433.41,2443.64,796.2754
2024-04-10 18:00:00+00:00,ETH,2443.64,2496.28,2428.19,2480.65,464.9424
2024-04-10 19:00:00+00:00,ETH,2480.65,2485.46,2455.14,2474.99,320.7272
2024-04-10 20:00:00+00:00,ETH,2474.99,2491.94,2466.65,2483.53,301.1594
2024-04-10 21:00:00+00:00,ETH,2483.53,2484.41,2476.46,2479.27,451.063
2024-04-10 22:00:00+00:00,ETH,2479.27,2504.59,2472.8,2494.08,754.9443
2024-04-10 23:00:00+00:00,ETH,2494.08,2511.71,2491.79,2503.44,1198.6664
2024-04-11 00:00:00+00:00,ETH,2503.44,2558.06,2490.0,2519.2,359.0894
2024-04-11 01:00:00+00:00,ETH,2519.2,2540.57,2492.45,2501.89,488.5465
2024-04-11 02:00:00+00:00,ETH,2501.89,2521.94,2488.65,2509.2,660.9755
2024-04-11 03:00:00+00:00,ETH,2509.2,2528.28,2505.94,2512.88,568.1733
2024-04-11 04:00:00+00:00,ETH,2512.88,2524.29,2511.95,2519.91,449.4616
2024-04-11 05:00:00+00:00,ETH,2519.91,2530.99,2479.34,2495.56,590.1623
2024-04-11 06:00:00+00:00,ETH,2495.56,2507.49,2483.03,2498.14,523.4395
2024-04-11 07:00:00+00:00,ETH,2498.14,2530.57,2491.8,2502.36,376.4981
2024-04-11 08:00:00+00:00,ETH,2502.36,2518.1,2478.02,2514.26,539.6621
2024-04-11 09:00:00+00:00,ETH,2514.26,2529.98,2485.05,2529.49,468.0283
2024-04-11 10:00:00+00:00,ETH,2529.49,2547.42,2503.68,2513.49,404.4732
2024-04-11 11:00:00+00:00,ETH,2513.49,2528.96,2477.41,2490.05,560.0735
2024-04-11 12:00:00+00:00,ETH,2490.05,2536.56,2470.95,2517.39,791.9228
2024-04-11 13:00:00+00:00,ETH,2517.39,2538.56,2486.02,2506.94,752.4189
2024-04-11 14:00:00+00:00,ETH,2506.94,2534.18,2484.73,2526.87,649.2749
2024-04-11 15:00:00+00:00,ETH,2526.87,2571.94,2521.32,2549.47,836.5062
2024-04-11 16:00:00+00:00,ETH,2549.47,2585.03,2534.08,2562.81,464.0445
2024-04-11 17:00:00+00:00,ETH,2562.81,2587.17,2551.61,2581.54,333.1616
2024-04-11 18:00:00+00:00,ETH,2581.54,2582.76,2569.59,2577.46,575.1732
2024-04-11 19:00:00+00:00,ETH,2577.46,2603.85,2568.65,2579.24,557.0163
2024-04-11 20:00:00+00:00,ETH,2579.24,2596.82,2567.66,2591.69,536.8821
2024-04-11 21:00:00+00:00,ETH,2591.69,2609.49,2578.1,2583.19,596.8799
2024-04-11 22:00:00+00:00,ETH,2583.19,2584.83,2561.33,2571.91,549.7463
2024-04-11 23:00:00+00:00,ETH,2571.91,2610.84,2563.9,2565.72,453.2856
2024-04-12 00:00:00+00:00,ETH,2565.72,2572.75,2535.92,2537.51,478.5631
2024-04-12 01:00:00+00:00,ETH,2537.51,2552.47,2526.27,2547.09,372.2062
2024-04-12 02:00:00+00:00,ETH,2547.09,2553.0,2540.47,2545.97,678.5139
2024-04-12 03:00:00+00:00,ETH,2545.97,2573.92,2542.82,2569.24,619.3664
2024-04-12 04:00:00+00:00,ETH,2569.24,2578.76,2559.56,2575.91,411.1204
2024-04-12 05:00:00+00:00,ETH,2575.91,2607.52,2551.49,2602.5,422.3343
2024-04-12 06:00:00+00:00,ETH,2602.5,2651.66,2578.43,2618.08,364.9381
2024-04-12 07:00:00+00:00,ETH,2618.08,2636.99,2600.61,2626.32,678.7434
2024-04-12 08:00:00+00:00,ETH,2626.32,2647.72,2623.73,2646.2,840.5486
2024-04-12 09:00:00+00:00,ETH,2646.2,2662.41,2605.28,2625.11,661.1864
2024-04-12 10:00:00+00:00,ETH,2625.11,2654.11,2614.15,2641.73,330.565
2024-04-12 11:00:00+00:00,ETH,2641.73,2644.8,2634.19,2640.88,612.2777
2024-04-12 12:00:00+00:00,ETH,2640.88,2652.23,2604.04,2622.87,393.5872
2024-04-12 13:00:00+00:00,ETH,2622.87,2645.56,2588.78,2604.37,886.5878
2024-04-12 14:00:00+00:00,ETH,2604.37,2621.61,2583.49,2617.3,630.438
2024-04-12 15:00:00+00:00,ETH,2617.3,2623.85,2597.65,2621.17,989.3753
2024-04-12 16:00:00+00:00,ETH,2621.17,2627.55,2594.12,2613.97,368.7821
2024-04-12 17:00:00+00:00,ETH,2613.97,2623.57,2549.26,2579.97,584.3593
2024-04-12 18:00:00+00:00,ETH,2579.97,2598.02,2563.58,2578.76,323.4234
2024-04-12 19:00:00+00:00,ETH,2578.76,2590.28,2576.03,2586.97,371.3741
2024-04-12 20:00:00+00:00,ETH,2586.97,2598.01,2542.37,2570.13,338.9488
2024-04-12 21:00:00+00:00,ETH,2570.13,2575.63,2530.15,2560.99,718.4411
2024-04-12 22:00:00+00:00,ETH,2560.99,2568.59,2519.53,2545.97,716.1718
2024-04-12 23:00:00+00:00,ETH,2545.97,2565.4,2536.76,2562.38,460.5665
2024-04-13 00:00:00+00:00,ETH,2562.38,2588.97,2555.28,2562.6,447.1232
2024-04-13 01:00:00+00:00,ETH,2562.6,2565.73,2526.75,2556.14,386.0496
2024-04-13 02:00:00+00:00,ETH,2556.14,2565.27,2522.7,2538.46,466.7972
2024-04-13 03:00:00+00:00,ETH,2538.46,2589.35,2537.86,2566.7,673.8271
2024-04-13 04:00:00+00:00,ETH,2566.7,2573.33,2541.2,2556.44,540.5487
2024-04-13 05:00:00+00:00,ETH,2556.44,2575.08,2550.83,2569.59,487.6856
2024-04-13 06:00:00+00:00,ETH,2569.59,2595.72,2569.14,2584.58,331.1515
2024-04-13 07:00:00+00:00,ETH,2584.58,2596.64,2577.84,2579.58,621.0066
2024-04-13 08:00:00+00:00,ETH,2579.58,2642.71,2554.59,2588.86,540.8921
2024-04-13 09:00:00+00:00,ETH,2588.86,2602.4,2586.55,2588.2,351.6879
2024-04-13 10:00:00+00:00,ETH,2588.2,2610.23,2555.0,2573.84,853.5954
2024-04-13 11:00:00+00:00,ETH,2573.84,2591.53,2533.85,2561.48,530.9744
2024-04-13 12:00:00+00:00,ETH,2561.48,2570.9,2552.29,2559.59,851.9625
2024-04-13 13:00:00+00:00,ETH,2559.59,2617.93,2557.5,2578.22,399.4771
2024-04-13 14:00:00+00:00,ETH,2578.22,2622.93,2567.22,2572.95,532.7795
2024-04-13 15:00:00+00:00,ETH,2572.95,2576.89,2547.5,2574.75,791.2184
2024-04-13 16:00:00+00:00,ETH,2574.75,2622.26,2549.2,2589.15,1108.5087
2024-04-13 17:00:00+00:00,ETH,2589.15,2607.39,2581.37,2605.9,539.374
2024-04-13 18:00:00+00:00,ETH,2605.9,2617.75,2577.42,2587.0,739.6017
2024-04-13 19:00:00+00:00,ETH,2587.0,2649.81,2583.68,2629.1,934.0563
2024-04-13 20:00:00+00:00,ETH,2629.1,2667.96,2585.96,2644.74,786.0824
2024-04-13 21:00:00+00:00,ETH,2644.74,2685.17,2639.81,2639.81,678.2797
2024-04-13 22:00:00+00:00,ETH,2639.81,2649.68,2638.03,2646.41,225.8332
2024-04-13 23:00:00+00:00,ETH,2646.41,2692.31,2642.23,2668.16,448.0211
2024-04-14 00:00:00+00:00,ETH,2668.16,2674.92,2644.85,2656.39,291.5123
2024-04-14 01:00:00+00:00,ETH,2656.39,2663.91,2637.24,2652.45,894.4378
2024-04-14 02:00:00+00:00,ETH,2652.45,2653.82,2626.45,2643.73,544.2233
2024-04-14 03:00:00+00:00,ETH,2643.73,2645.42,2606.33,2621.75,450.3409
2024-04-14 04:00:00+00:00,ETH,2621.75,2626.24,2597.85,2615.9,581.9949
2024-04-14 05:00:00+00:00,ETH,2615.9,2630.42,2592.13,2612.55,535.412
2024-04-14 06:00:00+00:00,ETH,2612.55,2617.57,2572.61,2593.99,301.2651
2024-04-14 07:00:00+00:00,ETH,2593.99,2610.8,2590.76,2592.7,696.8956
2024-04-14 08:00:00+00:00,ETH,2592.7,2604.32,2590.19,2593.94,427.4924
2024-04-14 09:00:00+00:00,ETH,2593.94,2598.19,2584.34,2588.65,364.3909
2024-04-14 10:00:00+00:00,ETH,2588.65,2611.25,2579.79,2598.59,475.366
2024-04-14 11:00:00+00:00,ETH,2598.59,2609.93,2570.83,2580.75,560.8992
2024-04-14 12:00:00+00:00,ETH,2580.75,2592.67,2574.82,2588.97,320.8567
2024-04-14 13:00:00+00:00,ETH,2588.97,2629.36,2524.05,2536.47,333.1896
2024-04-14 14:00:00+00:00,ETH,2536.47,2590.89,2525.76,2570.38,816.3483
2024-04-14 15:00:00+00:00,ETH,2570.38,2579.75,2559.64,2570.29,664.16
2024-04-14 16:00:00+00:00,ETH,2570.29,2587.76,2536.74,2562.24,668.4719
2024-04-14 17:00:00+00:00,ETH,2562.24,2604.7,2549.92,2571.69,678.2827
2024-04-14 18:00:00+00:00,ETH,2571.69,2586.55,2561.15,2569.05,398.4939
2024-04-14 19:00:00+00:00,ETH,2569.05,2579.77,2536.9,2565.41,692.5325
2024-04-14 20:00:00+00:00,ETH,2565.41,2580.6,2536.16,2564.95,558.3634
2024-04-14 21:00:00+00:00,ETH,2564.95,2577.95,2554.96,2574.13,978.7214
2024-04-14 22:00:00+00:00,ETH,2574.13,2596.75,2550.85,2556.35,716.9254
2024-04-14 23:00:00+00:00,ETH,2556.35,2586.72,2525.62,2567.45,573.1175
2024-04-15 00:00:00+00:00,ETH,2567.45,2578.92,2556.93,2560.4,548.8995
2024-04-15 01:00:00+00:00,ETH,2560.4,2599.41,2550.57,2569.31,303.3279
2024-04-15 02:00:00+00:00,ETH,2569.31,2570.26,2498.76,2556.03,574.0307
2024-04-15 03:00:00+00:00,ETH,2556.03,2577.42,2513.78,2538.58,651.4397
2024-04-15 04:00:00+00:00,ETH,2538.58,2560.76,2524.01,2536.65,706.0219
2024-04-15 05:00:00+00:00,ETH,2536.65,2541.97,2499.65,2520.17,553.9057
2024-04-15 06:00:00+00:00,ETH,2520.17,2539.15,2509.19,2510.77,328.3259
2024-04-15 07:00:00+00:00,ETH,2510.77,2526.1,2503.45,2522.46,504.1218
2024-04-15 08:00:00+00:00,ETH,2522.46,2544.45,2502.93,2533.17,458.5232
2024-04-15 09:00:00+00:00,ETH,2533.17,2550.22,2514.56,2524.26,351.8543
2024-04-15 10:00:00+00:00,ETH,2524.26,2537.34,2516.01,2520.32,363.9046
2024-04-15 11:00:00+00:00,ETH,2520.32,2541.82,2514.49,2526.3,497.4858
2024-04-15 12:00:00+00:00,ETH,2526.3,2529.81,2489.05,2514.14,190.1819
2024-04-15 13:00:00+00:00,ETH,2514.14,2526.08,2468.87,2488.3,813.8273
2024-04-15 14:00:00+00:00,ETH,2488.3,2516.39,2464.19,2473.04,427.131
2024-04-15 15:00:00+00:00,ETH,2473.04,2495.59,2470.67,2488.73,276.0766
2024-04-15 16:00:00+00:00,ETH,2488.73,2524.72,2473.39,2514.02,924.3928
2024-04-15 17:00:00+00:00,ETH,2514.02,2529.17,2495.94,2519.74,689.0467
2024-04-15 18:00:00+00:00,ETH,2519.74,2533.03,2488.97,2500.18,363.4738
2024-04-15 19:00:00+00:00,ETH,2500.18,2509.5,2477.98,2505.34,709.3591
2024-04-15 20:00:00+00:00,ETH,2505.34,2522.94,2479.03,2511.31,756.4753
2024-04-15 21:00:00+00:00,ETH,2511.31,2522.76,2500.24,2517.96,495.843
2024-04-15 22:00:00+00:00,ETH,2517.96,2558.32,2479.8,2544.39,953.5543
2024-04-15 23:00:00+00:00,ETH,2544.39,2563.74,2524.55,2560.76,664.4271
2024-04-16 00:00:00+00:00,ETH,2560.76,2589.89,2540.72,2580.46,242.2287
2024-04-16 01:00:00+00:00,ETH,2580.46,2608.82,2567.45,2569.93,633.2083
2024-04-16 02:00:00+00:00,ETH,2569.93,2589.69,2563.08,2565.49,441.4378
2024-04-16 03:00:00+00:00,ETH,2565.49,2570.79,2556.59,2566.18,482.3656
2024-04-16 04:00:00+00:00,ETH,2566.18,2602.73,2562.69,2579.12,234.7237
2024-04-16 05:00:00+00:00,ETH,2579.12,2591.68,2578.07,2579.04,756.9296
2024-04-16 06:00:00+00:00,ETH,2579.04,2607.77,2550.63,2590.78,342.098
2024-04-16 07:00:00+00:00,ETH,2590.78,2608.45,2573.47,2607.29,453.7933
2024-04-16 08:00:00+00:00,ETH,2607.29,2623.04,2602.04,2613.88,722.192
2024-04-16 09:00:00+00:00,ETH,2613.88,2672.25,2598.53,2643.68,349.5711
2024-04-16 10:00:00+00:00,ETH,2643.68,2654.38,2620.58,2640.66,700.0685
2024-04-16 11:00:00+00:00,ETH,2640.66,2661.93,2609.82,2652.1,635.8448
2024-04-16 12:00:00+00:00,ETH,2652.1,2659.07,2634.98,2639.58,429.0991
2024-04-16 13:00:00+00:00,ETH,2639.58,2647.43,2637.1,2640.34,192.0562
2024-04-16 14:00:00+00:00,ETH,2640.34,2670.75,2635.13,2654.37,593.5895
2024-04-16 15:00:00+00:00,ETH,2654.37,2719.85,2650.02,2680.85,317.3946
2024-04-16 16:00:00+00:00,ETH,2680.85,2689.39,2678.25,2685.5,424.8029
2024-04-16 17:00:00+00:00,ETH,2685.5,2712.88,2676.99,2707.42,553.1442
2024-04-16 18:00:00+00:00,ETH,2707.42,2745.5,2678.82,2737.22,643.3493
2024-04-16 19:00:00+00:00,ETH,2737.22,2742.14,2707.34,2737.68,276.6928
2024-04-16 20:00:00+00:00,ETH,2737.68,2785.81,2730.02,2759.32,471.8892
2024-04-16 21:00:00+00:00,ETH,2759.32,2791.72,2750.74,2784.78,975.6342
2024-04-16 22:00:00+00:00,ETH,2784.78,2844.52,2749.89,2782.02,475.3849
2024-04-16 23:00:00+00:00,ETH,2782.02,2798.64,2763.31,2795.31,468.8577
2024-04-17 00:00:00+00:00,ETH,2795.31,2822.15,2741.11,2765.23,192.9087
2024-04-17 01:00:00+00:00,ETH,2765.23,2768.67,2730.26,2733.4,457.2886
2024-04-17 02:00:00+00:00,ETH,2733.4,2748.78,2690.52,2713.98,423.4332
2024-04-17 03:00:00+00:00,ETH,2713.98,2722.8,2684.79,2719.29,500.984
2024-04-17 04:00:00+00:00,ETH,2719.29,2734.02,2717.9,2730.84,403.7514
2024-04-17 05:00:00+00:00,ETH,2730.84,2731.34,2694.69,2701.74,368.8381
2024-04-17 06:00:00+00:00,ETH,2701.74,2709.57,2682.91,2698.13,444.4671
2024-04-17 07:00:00+00:00,ETH,2698.13,2706.47,2667.49,2695.7,532.2816
2024-04-17 08:00:00+00:00,ETH,2695.7,2729.96,2675.46,2675.47,518.9522
2024-04-17 09:00:00+00:00,ETH,2675.47,2717.48,2652.84,2670.25,544.6453
2024-04-17 10:00:00+00:00,ETH,2670.25,2688.75,2640.98,2686.64,895.3702
2024-04-17 11:00:00+00:00,ETH,2686.64,2700.43,2682.41,2686.75,713.5196
2024-04-17 12:00:00+00:00,ETH,2686.75,2726.64,2684.64,2702.86,343.2911
2024-04-17 13:00:00+00:00,ETH,2702.86,2743.24,2700.08,2716.36,397.7601
2024-04-17 14:00:00+00:00,ETH,2716.36,2742.2,2703.1,2725.9,427.2587
2024-04-17 15:00:00+00:00,ETH,2725.9,2750.23,2714.48,2724.12,639.1747
2024-04-17 16:00:00+00:00,ETH,2724.12,2749.36,2719.28,2729.53,643.4372
2024-04-17 17:00:00+00:00,ETH,2729.53,2736.51,2690.7,2712.74,758.2418
2024-04-17 18:00:00+00:00,ETH,2712.74,2736.14,2699.79,2733.35,411.0162
2024-04-17 19:00:00+00:00,ETH,2733.35,2788.34,2717.91,2763.49,310.8992
2024-04-17 20:00:00+00:00,ETH,2763.49,2782.96,2719.0,2743.19,460.0057
2024-04-17 21:00:00+00:00,ETH,2743.19,2773.74,2683.75,2724.62,685.0137
2024-04-17 22:00:00+00:00,ETH,2724.62,2729.88,2709.55,2724.2,462.1738
2024-04-17 23:00:00+00:00,ETH,2724.2,2724.43,2696.67,2703.1,913.8936
2024-04-18 00:00:00+00:00,ETH,2703.1,2713.38,2687.42,2712.33,436.0494
2024-04-18 01:00:00+00:00,ETH,2712.33,2720.66,2675.23,2692.05,256.512
2024-04-18 02:00:00+00:00,ETH,2692.05,2748.59,2691.74,2730.05,474.5642
2024-04-18 03:00:00+00:00,ETH,2730.05,2770.47,2724.19,2762.29,432.6442
2024-04-18 04:00:00+00:00,ETH,2762.29,2777.68,2753.77,2774.13,385.7542
2024-04-18 05:00:00+00:00,ETH,2774.13,2781.9,2749.51,2766.02,1171.9719
2024-04-18 06:00:00+00:00,ETH,2766.02,2789.54,2765.61,2786.26,664.1248
2024-04-18 07:00:00+00:00,ETH,2786.26,2787.18,2779.25,2779.49,389.974
2024-04-18 08:00:00+00:00,ETH,2779.49,2801.64,2744.56,2763.93,688.7599
2024-04-18 09:00:00+00:00,ETH,2763.93,2781.9,2721.02,2731.34,361.5458
2024-04-18 10:00:00+00:00,ETH,2731.34,2740.83,2703.45,2716.99,877.1079
2024-04-18 11:00:00+00:00,ETH,2716.99,2776.74,2716.41,2742.36,564.9666
2024-04-18 12:00:00+00:00,ETH,2742.36,2775.43,2738.9,2766.72,591.378
2024-04-18 13:00:00+00:00,ETH,2766.72,2791.47,2736.49,2776.82,311.3759
2024-04-18 14:00:00+00:00,ETH,2776.82,2789.73,2774.8,2776.43,468.1743
2024-04-18 15:00:00+00:00,ETH,2776.43,2780.15,2746.95,2751.86,369.186
2024-04-18 16:00:00+00:00,ETH,2751.86,2771.92,2713.62,2741.83,548.0682
2024-04-18 17:00:00+00:00,ETH,2741.83,2768.2,2673.4,2733.49,336.9489
2024-04-18 18:00:00+00:00,ETH,2733.49,2748.9,2730.4,2730.47,596.9346
2024-04-18 19:00:00+00:00,ETH,2730.47,2741.21,2706.55,2715.19,570.5888
2024-04-18 20:00:00+00:00,ETH,2715.19,2741.39,2712.01,2726.81,290.3786
2024-04-18 21:00:00+00:00,ETH,2726.81,2759.11,2705.56,2715.23,555.2632
2024-04-18 22:00:00+00:00,ETH,2715.23,2721.66,2693.33,2705.55,547.452
2024-04-18 23:00:00+00:00,ETH,2705.55,2721.92,2698.17,2715.26,382.7993
2024-04-19 00:00:00+00:00,ETH,2715.26,2728.22,2685.79,2722.61,235.0768
2024-04-19 01:00:00+00:00,ETH,2722.61,2744.18,2719.55,2740.71,445.8899
2024-04-19 02:00:00+00:00,ETH,2740.71,2747.8,2711.62,2727.84,482.8007
2024-04-19 03:00:00+00:00,ETH,2727.84,2743.64,2719.53,2742.03,431.2463
2024-04-19 04:00:00+00:00,ETH,2742.03,2746.68,2710.09,2714.09,351.6695
2024-04-19 05:00:00+00:00,ETH,2714.09,2725.97,2672.59,2709.69,543.173
2024-04-19 06:00:00+00:00,ETH,2709.69,2721.03,2689.99,2692.19,820.1535
2024-04-19 07:00:00+00:00,ETH,2692.19,2698.72,2679.04,2689.35,438.3511
2024-04-19 08:00:00+00:00,ETH,2689.35,2718.06,2676.93,2710.73,644.5928
2024-04-19 09:00:00+00:00,ETH,2710.73,2733.19,2668.37,2673.67,564.7575
2024-04-19 10:00:00+00:00,ETH,2673.67,2701.42,2665.26,2694.83,391.5203
2024-04-19 11:00:00+00:00,ETH,2694.83,2724.51,2685.39,2714.79,560.6482
2024-04-19 12:00:00+00:00,ETH,2714.79,2744.0,2700.9,2707.28,435.5885
2024-04-19 13:00:00+00:00,ETH,2707.28,2715.59,2689.16,2693.31,550.2725
2024-04-19 14:00:00+00:00,ETH,2693.31,2706.14,2689.84,2697.85,479.458
2024-04-19 15:00:00+00:00,ETH,2697.85,2712.82,2665.82,2667.04,304.219
2024-04-19 16:00:00+00:00,ETH,2667.04,2696.7,2666.04,2688.55,348.0754
2024-04-19 17:00:00+00:00,ETH,2688.55,2719.04,2686.09,2718.49,200.2181
2024-04-19 18:00:00+00:00,ETH,2718.49,2721.19,2693.21,2705.41,390.6025
2024-04-19 19:00:00+00:00,ETH,2705.41,2715.14,2677.94,2695.84,335.5941
2024-04-19 20:00:00+00:00,ETH,2695.84,2712.99,2692.2,2705.58,314.3381
2024-04-19 21:00:00+00:00,ETH,2705.58,2712.59,2691.63,2692.19,472.0618
2024-04-19 22:00:00+00:00,ETH,2692.19,2708.51,2667.71,2680.89,583.9025
2024-04-19 23:00:00+00:00,ETH,2680.89,2704.81,2679.89,2692.85,461.6722
2024-04-20 00:00:00+00:00,ETH,2692.85,2697.07,2675.89,2692.14,602.5487
2024-04-20 01:00:00+00:00,ETH,2692.14,2704.27,2691.62,2703.01,519.8718
2024-04-20 02:00:00+00:00,ETH,2703.01,2757.47,2688.29,2727.03,613.7858
2024-04-20 03:00:00+00:00,ETH,2727.03,2737.4,2691.31,2712.46,676.3633
2024-04-20 04:00:00+00:00,ETH,2712.46,2733.31,2705.32,2715.81,296.4546
2024-04-20 05:00:00+00:00,ETH,2715.81,2735.39,2690.42,2696.51,316.8594
2024-04-20 06:00:00+00:00,ETH,2696.51,2728.21,2664.89,2712.72,442.3231
2024-04-20 07:00:00+00:00,ETH,2712.72,2717.08,2698.54,2710.49,278.6784
2024-04-20 08:00:00+00:00,ETH,2710.49,2726.91,2700.96,2713.46,441.4836
2024-04-20 09:00:00+00:00,ETH,2713.46,2765.99,2679.38,2736.52,381.5741
2024-04-20 10:00:00+00:00,ETH,2736.52,2752.68,2704.98,2711.91,408.2214
2024-04-20 11:00:00+00:00,ETH,2711.91,2744.23,2705.53,2717.61,542.7008
2024-04-20 12:00:00+00:00,ETH,2717.61,2727.12,2689.72,2699.28,469.7623
2024-04-20 13:00:00+00:00,ETH,2699.28,2712.38,2691.82,2707.26,362.5591
2024-04-20 14:00:00+00:00,ETH,2707.26,2719.49,2650.24,2676.69,641.459
2024-04-20 15:00:00+00:00,ETH,2676.69,2681.37,2662.12,2668.97,522.3289
2024-04-20 16:00:00+00:00,ETH,2668.97,2678.14,2656.74,2661.64,792.659
2024-04-20 17:00:00+00:00,ETH,2661.64,2693.42,2627.79,2680.94,652.1037
2024-04-20 18:00:00+00:00,ETH,2680.94,2692.98,2671.75,2687.28,704.7826
2024-04-20 19:00:00+00:00,ETH,2687.28,2709.04,2658.07,2667.66,1097.9638
2024-04-20 20:00:00+00:00,ETH,2667.66,2691.9,2633.13,2656.3,337.8513
2024-04-20 21:00:00+00:00,ETH,2656.3,2679.42,2651.74,2673.43,331.1221
2024-04-20 22:00:00+00:00,ETH,2673.43,2708.9,2654.09,2667.89,381.1278
2024-04-20 23:00:00+00:00,ETH,2667.89,2680.5,2666.71,2670.84,629.6776
2024-04-21 00:00:00+00:00,ETH,2670.84,2697.23,2642.74,2662.69,452.7443
2024-04-21 01:00:00+00:00,ETH,2662.69,2677.42,2659.54,2676.58,397.6294
2024-04-21 02:00:00+00:00,ETH,2676.58,2698.4,2656.78,2693.73,536.1602
2024-04-21 03:00:00+00:00,ETH,2693.73,2733.72,2677.09,2729.86,469.7571
2024-04-21 04:00:00+00:00,ETH,2729.86,2732.28,2718.39,2718.82,213.9392
2024-04-21 05:00:00+00:00,ETH,2718.82,2735.18,2699.52,2707.92,416.0148
2024-04-21 06:00:00+00:00,ETH,2707.92,2717.33,2698.38,2710.25,601.855
2024-04-21 07:00:00+00:00,ETH,2710.25,2729.98,2669.73,2703.71,587.7893
2024-04-21 08:00:00+00:00,ETH,2703.71,2720.53,2671.89,2677.91,429.9911
2024-04-21 09:00:00+00:00,ETH,2677.91,2722.69,2669.31,2692.48,544.84
2024-04-21 10:00:00+00:00,ETH,2692.48,2714.86,2662.84,2710.23,374.5904
2024-04-21 11:00:00+00:00,ETH,2710.23,2739.33,2675.37,2686.41,621.1416
2024-04-21 12:00:00+00:00,ETH,2686.41,2697.84,2662.75,2678.48,571.184
2024-04-21 13:00:00+00:00,ETH,2678.48,2707.06,2657.38,2697.04,454.0489
2024-04-21 14:00:00+00:00,ETH,2697.04,2702.11,2655.43,2661.73,832.2679
2024-04-21 15:00:00+00:00,ETH,2661.73,2669.2,2659.58,2663.81,643.5921
2024-04-21 16:00:00+00:00,ETH,2663.81,2670.94,2658.55,2666.66,688.3171
2024-04-21 17:00:00+00:00,ETH,2666.66,2698.41,2598.48,2656.71,394.4381
2024-04-21 18:00:00+00:00,ETH,2656.71,2673.62,2638.51,2661.87,858.6037
2024-04-21 19:00:00+00:00,ETH,2661.87,2670.02,2639.2,2669.0,601.3993
2024-04-21 20:00:00+00:00,ETH,2669.0,2698.92,2643.79,2645.74,590.8714
2024-04-21 21:00:00+00:00,ETH,2645.74,2662.93,2603.1,2662.11,423.8636
2024-04-21 22:00:00+00:00,ETH,2662.11,2665.94,2643.58,2658.52,408.521
2024-04-21 23:00:00+00:00,ETH,2658.52,2705.04,2641.98,2682.55,886.3298
2024-04-22 00:00:00+00:00,ETH,2682.55,2683.89,2656.75,2659.81,393.3358
2024-04-22 01:00:00+00:00,ETH,2659.81,2660.47,2635.78,2651.85,495.8837
2024-04-22 02:00:00+00:00,ETH,2651.85,2679.43,2634.62,2639.24,677.5761
2024-04-22 03:00:00+00:00,ETH,2639.24,2642.41,2616.83,2629.62,333.0355
2024-04-22 04:00:00+00:00,ETH,2629.62,2676.39,2601.44,2664.36,671.5147
2024-04-22 05:00:00+00:00,ETH,2664.36,2671.53,2651.66,2657.24,515.1427
2024-04-22 06:00:00+00:00,ETH,2657.24,2663.26,2656.54,2656.84,526.9538
2024-04-22 07:00:00+00:00,ETH,2656.84,2691.12,2644.39,2654.44,517.3768
2024-04-22 08:00:00+00:00,ETH,2654.44,2657.96,2644.52,2646.04,375.1159
2024-04-22 09:00:00+00:00,ETH,2646.04,2662.28,2634.98,2635.56,406.3465
2024-04-22 10:00:00+00:00,ETH,2635.56,2681.6,2620.28,2646.12,571.512
2024-04-22 11:00:00+00:00,ETH,2646.12,2646.62,2629.48,2633.9,340.7407
2024-04-22 12:00:00+00:00,ETH,2633.9,2654.59,2609.04,2639.72,334.7812
2024-04-22 13:00:00+00:00,ETH,2639.72,2663.74,2624.67,2649.73,956.1316
2024-04-22 14:00:00+00:00,ETH,2649.73,2666.86,2640.12,2645.76,659.0418
2024-04-22 15:00:00+00:00,ETH,2645.76,2660.2,2641.72,2650.28,285.5405
2024-04-22 16:00:00+00:00,ETH,2650.28,2677.08,2630.67,2637.52,747.3499
2024-04-22 17:00:00+00:00,ETH,2637.52,2655.96,2630.09,2634.93,297.3756
2024-04-22 18:00:00+00:00,ETH,2634.93,2638.75,2603.51,2608.58,710.9436
2024-04-22 19:00:00+00:00,ETH,2608.58,2619.14,2571.79,2594.6,452.516
2024-04-22 20:00:00+00:00,ETH,2594.6,2609.29,2586.12,2598.32,696.534
2024-04-22 21:00:00+00:00,ETH,2598.32,2626.08,2589.34,2620.09,486.0047
2024-04-22 22:00:00+00:00,ETH,2620.09,2632.91,2617.1,2628.1,629.6218
2024-04-22 23:00:00+00:00,ETH,2628.1,2650.69,2612.84,2635.01,443.803
2024-04-23 00:00:00+00:00,ETH,2635.01,2659.69,2631.09,2646.86,449.8854
2024-04-23 01:00:00+00:00,ETH,2646.86,2667.32,2630.22,2633.77,504.3209
2024-04-23 02:00:00+00:00,ETH,2633.77,2672.31,2611.16,2629.08,492.4012
2024-04-23 03:00:00+00:00,ETH,2629.08,2633.36,2619.81,2622.28,479.9656
2024-04-23 04:00:00+00:00,ETH,2622.28,2654.23,2573.65,2594.68,374.8098
2024-04-23 05:00:00+00:00,ETH,2594.68,2596.23,2569.66,2573.09,728.8426
2024-04-23 06:00:00+00:00,ETH,2573.09,2580.41,2562.13,2578.71,539.2079
2024-04-23 07:00:00+00:00,ETH,2578.71,2603.7,2570.56,2596.79,590.1612
2024-04-23 08:00:00+00:00,ETH,2596.79,2626.17,2591.49,2601.98,484.2378
2024-04-23 09:00:00+00:00,ETH,2601.98,2610.98,2573.69,2584.42,1329.1029
2024-04-23 10:00:00+00:00,ETH,2584.42,2600.62,2557.7,2599.57,515.0216
2024-04-23 11:00:00+00:00,ETH,2599.57,2613.48,2576.48,2591.39,778.2766
2024-04-23 12:00:00+00:00,ETH,2591.39,2597.3,2568.65,2570.32,663.8907
2024-04-23 13:00:00+00:00,ETH,2570.32,2583.04,2569.25,2579.99,545.7842
2024-04-23 14:00:00+00:00,ETH,2579.99,2597.55,2567.81,2590.68,582.8601
2024-04-23 15:00:00+00:00,ETH,2590.68,2625.78,2533.94,2619.02,324.7204
2024-04-23 16:00:00+00:00,ETH,2619.02,2637.41,2609.05,2612.65,569.352
2024-04-23 17:00:00+00:00,ETH,2612.65,2646.51,2605.04,2633.09,590.3739
2024-04-23 18:00:00+00:00,ETH,2633.09,2639.11,2620.48,2630.22,586.6643
2024-04-23 19:00:00+00:00,ETH,2630.22,2641.97,2626.41,2638.91,390.0881
2024-04-23 20:00:00+00:00,ETH,2638.91,2682.02,2631.95,2665.02,412.4369
2024-04-23 21:00:00+00:00,ETH,2665.02,2674.7,2655.3,2671.78,591.1484
2024-04-23 22:00:00+00:00,ETH,2671.78,2712.34,2659.34,2686.14,321.7058
2024-04-23 23:00:00+00:00,ETH,2686.14,2715.39,2681.47,2706.94,812.2955
2024-04-24 00:00:00+00:00,ETH,2706.94,2736.45,2694.7,2726.89,741.8794
2024-04-24 01:00:00+00:00,ETH,2726.89,2736.95,2710.53,2717.58,815.8155
2024-04-24 02:00:00+00:00,ETH,2717.58,2746.55,2710.58,2743.91,570.5906
2024-04-24 03:00:00+00:00,ETH,2743.91,2767.3,2735.7,2741.82,304.8068
2024-04-24 04:00:00+00:00,ETH,2741.82,2760.06,2716.9,2731.28,571.3282
2024-04-24 05:00:00+00:00,ETH,2731.28,2732.79,2706.7,2732.25,336.8426
2024-04-24 06:00:00+00:00,ETH,2732.25,2776.62,2725.69,2763.18,307.9804
2024-04-24 07:00:00+00:00,ETH,2763.18,2767.8,2692.93,2753.16,256.2932
2024-04-24 08:00:00+00:00,ETH,2753.16,2779.08,2737.2,2767.75,316.9349
2024-04-24 09:00:00+00:00,ETH,2767.75,2781.52,2734.87,2763.21,424.6274
2024-04-24 10:00:00+00:00,ETH,2763.21,2806.79,2752.59,2801.47,775.419
2024-04-24 11:00:00+00:00,ETH,2801.47,2820.6,2759.21,2777.83,378.8001
2024-04-24 12:00:00+00:00,ETH,2777.83,2782.58,2747.97,2755.46,840.7238
2024-04-24 13:00:00+00:00,ETH,2755.46,2760.16,2728.7,2731.12,1116.9337
2024-04-24 14:00:00+00:00,ETH,2731.12,2751.61,2712.05,2727.64,423.7273
2024-04-24 15:00:00+00:00,ETH,2727.64,2733.88,2703.77,2733.86,532.8535
2024-04-24 16:00:00+00:00,ETH,2733.86,2748.84,2702.6,2711.38,555.6609
2024-04-24 17:00:00+00:00,ETH,2711.38,2723.02,2657.81,2677.85,427.6706
2024-04-24 18:00:00+00:00,ETH,2677.85,2691.74,2628.79,2669.38,480.6281
2024-04-24 19:00:00+00:00,ETH,2669.38,2696.44,2661.19,2688.05,914.5475
2024-04-24 20:00:00+00:00,ETH,2688.05,2707.59,2650.64,2656.86,420.567
2024-04-24 21:00:00+00:00,ETH,2656.86,2662.28,2626.82,2642.15,1104.7153
2024-04-24 22:00:00+00:00,ETH,2642.15,2661.37,2641.04,2657.69,926.9592
2024-04-24 23:00:00+00:00,ETH,2657.69,2687.55,2651.44,2654.02,508.2358
2024-04-25 00:00:00+00:00,ETH,2654.02,2680.91,2652.5,2655.01,482.298
2024-04-25 01:00:00+00:00,ETH,2655.01,2666.23,2629.68,2632.85,779.7409
2024-04-25 02:00:00+00:00,ETH,2632.85,2655.21,2627.54,2637.41,349.8049
2024-04-25 03:00:00+00:00,ETH,2637.41,2659.05,2614.39,2642.25,885.6873
2024-04-25 04:00:00+00:00,ETH,2642.25,2658.39,2623.72,2655.81,489.3189
2024-04-25 05:00:00+00:00,ETH,2655.81,2677.28,2647.57,2669.21,736.6068
2024-04-25 06:00:00+00:00,ETH,2669.21,2680.78,2652.66,2667.45,698.7857
2024-04-25 07:00:00+00:00,ETH,2667.45,2689.88,2660.47,2677.82,534.1325
2024-04-25 08:00:00+00:00,ETH,2677.82,2680.5,2645.8,2657.46,511.475
2024-04-25 09:00:00+00:00,ETH,2657.46,2658.85,2635.49,2650.03,249.3968
2024-04-25 10:00:00+00:00,ETH,2650.03,2661.58,2649.85,2661.29,332.2263
2024-04-25 11:00:00+00:00,ETH,2661.29,2676.93,2617.75,2631.82,337.2108
2024-04-25 12:00:00+00:00,ETH,2631.82,2631.86,2602.89,2611.91,249.9821
2024-04-25 13:00:00+00:00,ETH,2611.91,2614.58,2590.95,2601.13,441.7914
2024-04-25 14:00:00+00:00,ETH,2601.13,2620.07,2601.06,2609.53,571.8372
2024-04-25 15:00:00+00:00,ETH,2609.53,2621.07,2607.4,2615.99,991.2021
2024-04-25 16:00:00+00:00,ETH,2615.99,2643.89,2579.08,2598.85,263.4496
2024-04-25 17:00:00+00:00,ETH,2598.85,2606.06,2563.82,2600.98,731.0053
2024-04-25 18:00:00+00:00,ETH,2600.98,2629.99,2598.8,2620.44,565.6698
2024-04-25 19:00:00+00:00,ETH,2620.44,2643.3,2614.8,2640.44,649.2847
2024-04-25 20:00:00+00:00,ETH,2640.44,2656.63,2605.09,2611.96,436.3229
2024-04-25 21:00:00+00:00,ETH,2611.96,2618.29,2579.61,2604.8,325.948
2024-04-25 22:00:00+00:00,ETH,2604.8,2629.91,2602.35,2619.84,487.6208
2024-04-25 23:00:00+00:00,ETH,2619.84,2648.15,2605.49,2638.05,898.8539
2024-04-26 00:00:00+00:00,ETH,2638.05,2665.97,2602.74,2631.89,419.5583
2024-04-26 01:00:00+00:00,ETH,2631.89,2642.2,2609.03,2626.72,371.4332
2024-04-26 02:00:00+00:00,ETH,2626.72,2656.98,2598.81,2639.5,715.5223
2024-04-26 03:00:00+00:00,ETH,2639.5,2669.57,2631.31,2665.12,342.9641
2024-04-26 04:00:00+00:00,ETH,2665.12,2675.18,2650.62,2657.49,492.0396
2024-04-26 05:00:00+00:00,ETH,2657.49,2673.05,2609.36,2633.71,249.8263
2024-04-26 06:00:00+00:00,ETH,2633.71,2653.06,2604.18,2627.66,296.047
2024-04-26 07:00:00+00:00,ETH,2627.66,2648.14,2623.8,2639.73,588.602
2024-04-26 08:00:00+00:00,ETH,2639.73,2644.08,2596.85,2601.94,512.882
2024-04-26 09:00:00+00:00,ETH,2601.94,2628.76,2583.28,2586.34,422.9486
2024-04-26 10:00:00+00:00,ETH,2586.34,2605.0,2577.14,2592.34,331.6474
2024-04-26 11:00:00+00:00,ETH,2592.34,2609.99,2568.03,2579.45,464.8999
2024-04-26 12:00:00+00:00,ETH,2579.45,2594.06,2566.89,2574.92,513.897
2024-04-26 13:00:00+00:00,ETH,2574.92,2585.49,2560.12,2578.37,579.2181
2024-04-26 14:00:00+00:00,ETH,2578.37,2579.36,2557.75,2577.93,462.4562
2024-04-26 15:00:00+00:00,ETH,2577.93,2587.51,2533.32,2573.17,282.0419
2024-04-26 16:00:00+00:00,ETH,2573.17,2591.88,2556.31,2562.86,769.0299
2024-04-26 17:00:00+00:00,ETH,2562.86,2609.59,2560.24,2579.18,524.8631
2024-04-26 18:00:00+00:00,ETH,2579.18,2626.69,2565.35,2598.55,469.9076
2024-04-26 19:00:00+00:00,ETH,2598.55,2621.78,2597.35,2617.46,389.3185
2024-04-26 20:00:00+00:00,ETH,2617.46,2644.99,2612.45,2635.13,351.0218
2024-04-26 21:00:00+00:00,ETH,2635.13,2665.81,2633.42,2652.37,989.7346
2024-04-26 22:00:00+00:00,ETH,2652.37,2655.07,2637.13,2640.28,784.0815
2024-04-26 23:00:00+00:00,ETH,2640.28,2650.02,2624.36,2639.75,863.9918
2024-04-27 00:00:00+00:00,ETH,2639.75,2677.91,2607.77,2671.31,435.585
2024-04-27 01:00:00+00:00,ETH,2671.31,2673.78,2637.85,2649.98,287.9162
2024-04-27 02:00:00+00:00,ETH,2649.98,2668.45,2614.64,2635.27,635.6452
2024-04-27 03:00:00+00:00,ETH,2635.27,2651.84,2621.99,2633.05,834.7129
2024-04-27 04:00:00+00:00,ETH,2633.05,2643.04,2598.6,2623.92,522.7837
2024-04-27 05:00:00+00:00,ETH,2623.92,2691.39,2621.84,2643.08,618.3336
2024-04-27 06:00:00+00:00,ETH,2643.08,2646.14,2627.63,2636.34,404.3004
2024-04-27 07:00:00+00:00,ETH,2636.34,2651.38,2601.81,2626.42,626.0624
2024-04-27 08:00:00+00:00,ETH,2626.42,2627.67,2605.86,2611.13,438.8002
2024-04-27 09:00:00+00:00,ETH,2611.13,2613.34,2601.01,2607.39,508.9741
2024-04-27 10:00:00+00:00,ETH,2607.39,2608.18,2598.44,2600.7,453.9006
2024-04-27 11:00:00+00:00,ETH,2600.7,2611.27,2596.62,2596.94,557.8598
2024-04-27 12:00:00+00:00,ETH,2596.94,2609.6,2581.59,2594.45,544.3695
2024-04-27 13:00:00+00:00,ETH,2594.45,2604.98,2558.26,2593.17,374.1052
2024-04-27 14:00:00+00:00,ETH,2593.17,2623.92,2577.55,2600.13,634.2064
2024-04-27 15:00:00+00:00,ETH,2600.13,2612.29,2591.86,2593.64,796.8345
2024-04-27 16:00:00+00:00,ETH,2593.64,2624.86,2588.98,2616.46,529.9072
2024-04-27 17:00:00+00:00,ETH,2616.46,2644.11,2579.53,2604.12,518.2961
2024-04-27 18:00:00+00:00,ETH,2604.12,2626.12,2602.07,2619.57,604.37
2024-04-27 19:00:00+00:00,ETH,2619.57,2659.95,2597.41,2627.07,773.2172
2024-04-27 20:00:00+00:00,ETH,2627.07,2633.77,2620.5,2627.45,246.1159
2024-04-27 21:00:00+00:00,ETH,2627.45,2652.65,2614.77,2620.76,290.1349
2024-04-27 22:00:00+00:00,ETH,2620.76,2644.84,2597.33,2615.64,775.2039
2024-04-27 23:00:00+00:00,ETH,2615.64,2619.01,2613.89,2617.14,445.0179
2024-04-28 00:00:00+00:00,ETH,2617.14,2655.28,2596.18,2644.55,436.2293
2024-04-28 01:00:00+00:00,ETH,2644.55,2690.99,2637.5,2665.09,671.0185
2024-04-28 02:00:00+00:00,ETH,2665.09,2681.67,2617.38,2647.59,694.4904
2024-04-28 03:00:00+00:00,ETH,2647.59,2685.18,2636.11,2661.08,482.2187
2024-04-28 04:00:00+00:00,ETH,2661.08,2666.4,2648.29,2654.17,331.289
2024-04-28 05:00:00+00:00,ETH,2654.17,2663.94,2645.43,2654.71,407.1406
2024-04-28 06:00:00+00:00,ETH,2654.71,2692.96,2649.97,2673.41,415.3646
2024-04-28 07:00:00+00:00,ETH,2673.41,2686.85,2657.01,2668.34,539.3623
2024-04-28 08:00:00+00:00,ETH,2668.34,2678.89,2659.5,2675.41,335.7945
2024-04-28 09:00:00+00:00,ETH,2675.41,2692.29,2667.93,2688.33,474.9632
2024-04-28 10:00:00+00:00,ETH,2688.33,2697.22,2656.1,2682.37,413.6646
2024-04-28 11:00:00+00:00,ETH,2682.37,2690.14,2634.82,2666.41,339.0636
2024-04-28 12:00:00+00:00,ETH,2666.41,2703.16,2661.69,2670.32,326.7681
2024-04-28 13:00:00+00:00,ETH,2670.32,2713.47,2665.86,2668.67,527.3734
2024-04-28 14:00:00+00:00,ETH,2668.67,2679.53,2644.13,2652.16,402.3769
2024-04-28 15:00:00+00:00,ETH,2652.16,2695.88,2628.99,2676.36,299.9716
2024-04-28 16:00:00+00:00,ETH,2676.36,2747.83,2668.8,2709.37,360.1513
2024-04-28 17:00:00+00:00,ETH,2709.37,2741.49,2700.25,2724.62,455.178
2024-04-28 18:00:00+00:00,ETH,2724.62,2729.22,2694.08,2704.73,504.3348
2024-04-28 19:00:00+00:00,ETH,2704.73,2727.22,2697.52,2726.73,526.7724
2024-04-28 20:00:00+00:00,ETH,2726.73,2728.06,2721.36,2724.86,454.3856
2024-04-28 21:00:00+00:00,ETH,2724.86,2748.95,2712.3,2713.57,573.1327
2024-04-28 22:00:00+00:00,ETH,2713.57,2726.98,2671.98,2696.88,490.9454
2024-04-28 23:00:00+00:00,ETH,2696.88,2716.85,2689.73,2705.92,348.0781
2024-04-29 00:00:00+00:00,ETH,2705.92,2730.95,2673.06,2724.84,521.8068
2024-04-29 01:00:00+00:00,ETH,2724.84,2752.03,2717.42,2721.16,517.6686
2024-04-29 02:00:00+00:00,ETH,2721.16,2780.46,2716.71,2749.32,303.3944
2024-04-29 03:00:00+00:00,ETH,2749.32,2764.44,2702.69,2725.75,827.5335
2024-04-29 04:00:00+00:00,ETH,2725.75,2748.58,2674.77,2703.67,339.4946
2024-04-29 05:00:00+00:00,ETH,2703.67,2721.27,2693.74,2702.79,314.7671
2024-04-29 06:00:00+00:00,ETH,2702.79,2758.64,2689.65,2725.23,712.7403
2024-04-29 07:00:00+00:00,ETH,2725.23,2734.4,2710.66,2722.48,632.7127
2024-04-29 08:00:00+00:00,ETH,2722.48,2731.28,2694.51,2714.49,524.7669
2024-04-29 09:00:00+00:00,ETH,2714.49,2740.29,2712.75,2721.67,857.9066
2024-04-29 10:00:00+00:00,ETH,2721.67,2734.13,2720.04,2730.97,518.962
2024-04-29 11:00:00+00:00,ETH,2730.97,2742.67,2705.66,2717.26,1140.7895
2024-04-29 12:00:00+00:00,ETH,2717.26,2726.75,2678.4,2702.19,694.0288
2024-04-29 13:00:00+00:00,ETH,2702.19,2704.2,2656.4,2696.81,595.1
2024-04-29 14:00:00+00:00,ETH,2696.81,2731.55,2693.86,2709.27,638.3029
2024-04-29 15:00:00+00:00,ETH,2709.27,2716.05,2686.81,2696.15,480.819
2024-04-29 16:00:00+00:00,ETH,2696.15,2713.34,2694.23,2706.49,541.3245
2024-04-29 17:00:00+00:00,ETH,2706.49,2724.29,2692.96,2713.79,729.0574
2024-04-29 18:00:00+00:00,ETH,2713.79,2747.47,2712.97,2732.75,609.9206
2024-04-29 19:00:00+00:00,ETH,2732.75,2739.34,2710.77,2729.71,346.0824
2024-04-29 20:00:00+00:00,ETH,2729.71,2751.23,2721.44,2740.16,916.4615
2024-04-29 21:00:00+00:00,ETH,2740.16,2749.95,2722.53,2733.98,411.1978
2024-04-29 22:00:00+00:00,ETH,2733.98,2739.79,2711.9,2719.35,447.5782
2024-04-29 23:00:00+00:00,ETH,2719.35,2721.51,2706.86,2716.71,365.3149
2024-04-30 00:00:00+00:00,ETH,2716.71,2771.21,2705.62,2749.71,467.2199
2024-04-30 01:00:00+00:00,ETH,2749.71,2783.53,2725.96,2727.11,297.7341
2024-04-30 02:00:00+00:00,ETH,2727.11,2751.85,2713.08,2723.83,576.9238
2024-04-30 03:00:00+00:00,ETH,2723.83,2748.67,2721.02,2724.82,741.6173
2024-04-30 04:00:00+00:00,ETH,2724.82,2756.07,2722.91,2729.24,513.6657
2024-04-30 05:00:00+00:00,ETH,2729.24,2758.14,2702.98,2749.35,558.5864
2024-04-30 06:00:00+00:00,ETH,2749.35,2754.36,2743.89,2752.62,564.3246
2024-04-30 07:00:00+00:00,ETH,2752.62,2778.5,2746.16,2754.03,501.777
2024-04-30 08:00:00+00:00,ETH,2754.03,2770.75,2752.27,2761.84,565.1876
2024-04-30 09:00:00+00:00,ETH,2761.84,2764.77,2754.37,2764.07,504.8761
2024-04-30 10:00:00+00:00,ETH,2764.07,2801.76,2757.69,2777.92,594.623
2024-04-30 11:00:00+00:00,ETH,2777.92,2819.65,2763.4,2787.92,423.55
2024-04-30 12:00:00+00:00,ETH,2787.92,2835.9,2757.59,2787.88,425.4388
2024-04-30 13:00:00+00:00,ETH,2787.88,2846.67,2781.14,2807.24,701.3203
2024-04-30 14:00:00+00:00,ETH,2807.24,2848.92,2803.38,2843.66,505.1139
2024-04-30 15:00:00+00:00,ETH,2843.66,2860.0,2814.86,2836.74,846.7109
2024-04-30 16:00:00+00:00,ETH,2836.74,2848.45,2813.51,2831.96,346.8719
2024-04-30 17:00:00+00:00,ETH,2831.96,2835.62,2822.41,2825.84,644.9189
2024-04-30 18:00:00+00:00,ETH,2825.84,2841.69,2792.43,2799.76,578.2064
2024-04-30 19:00:00+00:00,ETH,2799.76,2811.43,2796.97,2808.59,432.4755
2024-04-30 20:00:00+00:00,ETH,2808.59,2815.55,2793.64,2795.23,359.2377
2024-04-30 21:00:00+00:00,ETH,2795.23,2834.75,2777.09,2789.66,657.3777
2024-04-30 22:00:00+00:00,ETH,2789.66,2791.76,2754.27,2764.65,533.1032
2024-04-30 23:00:00+00:00,ETH,2764.65,2774.98,2696.85,2737.7,467.9767
2024-05-01 00:00:00+00:00,ETH,2737.7,2747.35,2695.1,2710.86,736.2744
2024-05-01 01:00:00+00:00,ETH,2710.86,2734.42,2682.42,2709.86,467.5869
2024-05-01 02:00:00+00:00,ETH,2709.86,2750.28,2708.39,2747.27,655.3347
2024-05-01 03:00:00+00:00,ETH,2747.27,2751.66,2739.13,2751.47,627.7505
2024-05-01 04:00:00+00:00,ETH,2751.47,2753.7,2744.59,2749.12,640.3677
2024-05-01 05:00:00+00:00,ETH,2749.12,2756.43,2739.29,2740.89,860.0425
2024-05-01 06:00:00+00:00,ETH,2740.89,2767.43,2689.33,2740.25,507.8894
2024-05-01 07:00:00+00:00,ETH,2740.25,2745.11,2722.16,2734.53,475.7515
2024-05-01 08:00:00+00:00,ETH,2734.53,2769.31,2726.61,2753.5,868.4515
2024-05-01 09:00:00+00:00,ETH,2753.5,2789.84,2741.13,2765.83,267.995
2024-05-01 10:00:00+00:00,ETH,2765.83,2785.45,2759.47,2777.95,981.502
2024-05-01 11:00:00+00:00,ETH,2777.95,2815.19,2776.36,2793.28,452.6745
2024-05-01 12:00:00+00:00,ETH,2793.28,2801.52,2752.87,2764.31,445.9588
2024-05-01 13:00:00+00:00,ETH,2764.31,2800.07,2748.67,2756.97,445.0467
2024-05-01 14:00:00+00:00,ETH,2756.97,2780.49,2740.87,2773.38,736.737
2024-05-01 15:00:00+00:00,ETH,2773.38,2784.79,2739.96,2767.48,568.8539
2024-05-01 16:00:00+00:00,ETH,2767.48,2780.04,2746.18,2749.99,377.4757
2024-05-01 17:00:00+00:00,ETH,2749.99,2753.26,2732.39,2745.3,489.2912
2024-05-01 18:00:00+00:00,ETH,2745.3,2752.85,2707.43,2738.09,317.1411
2024-05-01 19:00:00+00:00,ETH,2738.09,2764.25,2737.74,2752.93,663.13
2024-05-01 20:00:00+00:00,ETH,2752.93,2762.07,2749.72,2761.46,381.024
2024-05-01 21:00:00+00:00,ETH,2761.46,2773.77,2724.68,2762.68,309.6844
2024-05-01 22:00:00+00:00,ETH,2762.68,2775.65,2743.43,2755.45,482.4322
2024-05-01 23:00:00+00:00,ETH,2755.45,2799.04,2749.77,2771.02,688.7575
2024-05-02 00:00:00+00:00,ETH,2771.02,2771.04,2735.99,2770.74,402.5151
2024-05-02 01:00:00+00:00,ETH,2770.74,2786.85,2746.6,2767.46,827.7317
2024-05-02 02:00:00+00:00,ETH,2767.46,2787.75,2754.04,2767.57,428.9553
2024-05-02 03:00:00+00:00,ETH,2767.57,2775.78,2741.7,2756.69,529.6922
2024-05-02 04:00:00+00:00,ETH,2756.69,2786.55,2728.76,2770.08,655.9447
2024-05-02 05:00:00+00:00,ETH,2770.08,2787.25,2764.91,2784.34,476.1162
2024-05-02 06:00:00+00:00,ETH,2784.34,2811.65,2760.53,2767.5,496.9217
2024-05-02 07:00:00+00:00,ETH,2767.5,2786.73,2755.77,2784.2,1706.8508
2024-05-02 08:00:00+00:00,ETH,2784.2,2810.25,2781.09,2792.27,743.1694
2024-05-02 09:00:00+00:00,ETH,2792.27,2819.76,2781.75,2796.32,463.1738
2024-05-02 10:00:00+00:00,ETH,2796.32,2801.88,2777.75,2800.35,664.9406
2024-05-02 11:00:00+00:00,ETH,2800.35,2814.53,2790.74,2791.89,462.4543
2024-05-02 12:00:00+00:00,ETH,2791.89,2793.65,2787.83,2792.91,560.4733
2024-05-02 13:00:00+00:00,ETH,2792.91,2830.52,2749.06,2772.57,499.3404
2024-05-02 14:00:00+00:00,ETH,2772.57,2777.84,2759.32,2775.38,613.9733
2024-05-02 15:00:00+00:00,ETH,2775.38,2793.49,2772.02,2776.98,453.988
2024-05-02 16:00:00+00:00,ETH,2776.98,2780.2,2757.16,2763.05,452.8987
2024-05-02 17:00:00+00:00,ETH,2763.05,2765.26,2740.47,2762.04,295.4927
2024-05-02 18:00:00+00:00,ETH,2762.04,2767.45,2690.86,2744.1,1037.037
2024-05-02 19:00:00+00:00,ETH,2744.1,2757.24,2741.3,2747.49,366.2737
2024-05-02 20:00:00+00:00,ETH,2747.49,2755.15,2741.3,2751.37,1219.476
2024-05-02 21:00:00+00:00,ETH,2751.37,2791.15,2701.71,2774.31,314.2069
2024-05-02 22:00:00+00:00,ETH,2774.31,2790.76,2756.46,2788.7,258.1989
2024-05-02 23:00:00+00:00,ETH,2788.7,2804.63,2786.64,2788.28,356.7611
2024-05-03 00:00:00+00:00,ETH,2788.28,2794.03,2757.15,2764.44,1010.9183
2024-05-03 01:00:00+00:00,ETH,2764.44,2802.25,2730.91,2797.48,1093.4002
2024-05-03 02:00:00+00:00,ETH,2797.48,2824.55,2794.52,2817.94,482.9895
2024-05-03 03:00:00+00:00,ETH,2817.94,2820.37,2806.53,2813.54,831.4194
2024-05-03 04:00:00+00:00,ETH,2813.54,2819.46,2808.48,2809.98,405.7268
2024-05-03 05:00:00+00:00,ETH,2809.98,2866.24,2756.13,2792.48,803.0689
2024-05-03 06:00:00+00:00,ETH,2792.48,2793.35,2769.93,2779.05,652.017
2024-05-03 07:00:00+00:00,ETH,2779.05,2832.84,2756.16,2760.94,435.0823
2024-05-03 08:00:00+00:00,ETH,2760.94,2789.13,2716.71,2744.59,301.2027
2024-05-03 09:00:00+00:00,ETH,2744.59,2755.62,2703.39,2713.4,407.5056
2024-05-03 10:00:00+00:00,ETH,2713.4,2735.22,2706.97,2725.48,458.7442
2024-05-03 11:00:00+00:00,ETH,2725.48,2745.27,2712.96,2738.98,650.9956
2024-05-03 12:00:00+00:00,ETH,2738.98,2769.59,2730.66,2763.57,849.4591
2024-05-03 13:00:00+00:00,ETH,2763.57,2768.4,2726.46,2761.88,380.8659
2024-05-03 14:00:00+00:00,ETH,2761.88,2791.34,2719.92,2741.84,301.4087
2024-05-03 15:00:00+00:00,ETH,2741.84,2780.93,2705.93,2758.51,578.9681
2024-05-03 16:00:00+00:00,ETH,2758.51,2805.61,2740.9,2780.59,557.0926
2024-05-03 17:00:00+00:00,ETH,2780.59,2799.25,2754.41,2757.84,437.5952
2024-05-03 18:00:00+00:00,ETH,2757.84,2776.56,2727.1,2730.87,295.3868
2024-05-03 19:00:00+00:00,ETH,2730.87,2761.66,2678.33,2707.25,347.6247
2024-05-03 20:00:00+00:00,ETH,2707.25,2725.97,2701.85,2702.29,476.1935
2024-05-03 21:00:00+00:00,ETH,2702.29,2707.58,2670.09,2680.55,677.8477
2024-05-03 22:00:00+00:00,ETH,2680.55,2711.58,2662.92,2701.83,443.7312
2024-05-03 23:00:00+00:00,ETH,2701.83,2723.45,2683.56,2692.4,550.4618
2024-05-04 00:00:00+00:00,ETH,2692.4,2705.01,2659.41,2680.83,612.644
2024-05-04 01:00:00+00:00,ETH,2680.83,2737.85,2671.17,2702.11,665.4892
2024-05-04 02:00:00+00:00,ETH,2702.11,2715.95,2646.72,2687.7,644.0628
2024-05-04 03:00:00+00:00,ETH,2687.7,2702.67,2665.24,2698.89,441.0049
2024-05-04 04:00:00+00:00,ETH,2698.89,2719.55,2673.28,2689.58,908.2404
2024-05-04 05:00:00+00:00,ETH,2689.58,2716.93,2669.85,2684.63,847.1898
2024-05-04 06:00:00+00:00,ETH,2684.63,2710.84,2645.09,2651.7,467.714
2024-05-04 07:00:00+00:00,ETH,2651.7,2655.38,2630.56,2641.0,626.9785
2024-05-04 08:00:00+00:00,ETH,2641.0,2655.35,2613.27,2652.18,508.5881
2024-05-04 09:00:00+00:00,ETH,2652.18,2672.95,2624.72,2661.63,274.0572
2024-05-04 10:00:00+00:00,ETH,2661.63,2663.4,2641.79,2662.12,516.8329
2024-05-04 11:00:00+00:00,ETH,2662.12,2694.83,2661.99,2673.54,429.1376
2024-05-04 12:00:00+00:00,ETH,2673.54,2694.03,2672.73,2693.96,415.9798
2024-05-04 13:00:00+00:00,ETH,2693.96,2714.36,2672.04,2685.19,711.5926
2024-05-04 14:00:00+00:00,ETH,2685.19,2723.43,2678.53,2711.68,239.8889
2024-05-04 15:00:00+00:00,ETH,2711.68,2713.89,2699.34,2700.15,638.3983
2024-05-04 16:00:00+00:00,ETH,2700.15,2704.38,2660.62,2671.14,229.3111
2024-05-04 17:00:00+00:00,ETH,2671.14,2680.74,2658.08,2663.07,421.9179
2024-05-04 18:00:00+00:00,ETH,2663.07,2689.75,2639.92,2656.93,230.8911
2024-05-04 19:00:00+00:00,ETH,2656.93,2670.56,2650.22,2655.51,526.1283
2024-05-04 20:00:00+00:00,ETH,2655.51,2682.44,2636.75,2661.81,895.2796
2024-05-04 21:00:00+00:00,ETH,2661.81,2669.08,2655.93,2665.66,426.0505
2024-05-04 22:00:00+00:00,ETH,2665.66,2688.22,2619.63,2636.61,490.512
2024-05-04 23:00:00+00:00,ETH,2636.61,2646.53,2624.36,2635.86,846.2483
2024-05-05 00:00:00+00:00,ETH,2635.86,2644.69,2601.59,2613.77,517.3029
2024-05-05 01:00:00+00:00,ETH,2613.77,2641.38,2602.06,2620.2,570.8611
2024-05-05 02:00:00+00:00,ETH,2620.2,2646.51,2609.91,2624.84,273.9239
2024-05-05 03:00:00+00:00,ETH,2624.84,2646.22,2618.57,2645.44,343.8542
2024-05-05 04:00:00+00:00,ETH,2645.44,2655.53,2610.36,2624.13,945.6468
2024-05-05 05:00:00+00:00,ETH,2624.13,2654.9,2618.58,2654.34,402.7664
2024-05-05 06:00:00+00:00,ETH,2654.34,2676.82,2650.91,2663.77,319.8559
2024-05-05 07:00:00+00:00,ETH,2663.77,2674.59,2632.33,2642.82,543.0262
2024-05-05 08:00:00+00:00,ETH,2642.82,2652.72,2642.57,2643.13,701.1026
2024-05-05 09:00:00+00:00,ETH,2643.13,2659.84,2640.9,2653.84,733.5289
2024-05-05 10:00:00+00:00,ETH,2653.84,2687.98,2640.28,2673.49,423.4593
2024-05-05 11:00:00+00:00,ETH,2673.49,2690.35,2662.26,2684.62,627.5601
2024-05-05 12:00:00+00:00,ETH,2684.62,2689.64,2667.25,2682.81,389.6903
2024-05-05 13:00:00+00:00,ETH,2682.81,2736.1,2678.74,2715.63,258.0276
2024-05-05 14:00:00+00:00,ETH,2715.63,2730.7,2713.1,2714.64,554.0534
2024-05-05 15:00:00+00:00,ETH,2714.64,2719.03,2669.43,2686.94,941.5212
2024-05-05 16:00:00+00:00,ETH,2686.94,2694.21,2674.67,2677.7,778.6148
2024-05-05 17:00:00+00:00,ETH,2677.7,2714.59,2653.88,2694.71,219.5505
2024-05-05 18:00:00+00:00,ETH,2694.71,2713.97,2689.95,2698.42,402.1466
2024-05-05 19:00:00+00:00,ETH,2698.42,2711.11,2677.29,2695.95,810.4257
2024-05-05 20:00:00+00:00,ETH,2695.95,2705.08,2678.25,2685.01,347.795
2024-05-05 21:00:00+00:00,ETH,2685.01,2692.55,2681.85,2688.62,693.7503
2024-05-05 22:00:00+00:00,ETH,2688.62,2701.92,2676.65,2684.82,512.6784
2024-05-05 23:00:00+00:00,ETH,2684.82,2706.42,2648.74,2665.55,799.5319
2024-05-06 00:00:00+00:00,ETH,2665.55,2672.16,2650.73,2654.66,266.4601
2024-05-06 01:00:00+00:00,ETH,2654.66,2672.98,2638.95,2654.96,252.0065
2024-05-06 02:00:00+00:00,ETH,2654.96,2687.9,2639.84,2672.52,423.736
2024-05-06 03:00:00+00:00,ETH,2672.52,2694.7,2657.78,2687.38,509.7266
2024-05-06 04:00:00+00:00,ETH,2687.38,2715.97,2677.67,2699.82,457.6425
2024-05-06 05:00:00+00:00,ETH,2699.82,2709.58,2698.85,2706.8,366.4628
2024-05-06 06:00:00+00:00,ETH,2706.8,2722.91,2681.44,2703.28,688.7214
2024-05-06 07:00:00+00:00,ETH,2703.28,2729.13,2682.15,2718.38,516.1587
2024-05-06 08:00:00+00:00,ETH,2718.38,2723.32,2692.94,2707.34,567.8453
2024-05-06 09:00:00+00:00,ETH,2707.34,2722.01,2684.61,2690.13,315.3421
2024-05-06 10:00:00+00:00,ETH,2690.13,2691.43,2671.67,2685.2,489.984
2024-05-06 11:00:00+00:00,ETH,2685.2,2710.72,2670.12,2703.52,859.0375
2024-05-06 12:00:00+00:00,ETH,2703.52,2713.87,2683.61,2688.75,768.1077
2024-05-06 13:00:00+00:00,ETH,2688.75,2696.19,2649.92,2678.91,541.3749
2024-05-06 14:00:00+00:00,ETH,2678.91,2710.04,2664.33,2700.32,517.3773
2024-05-06 15:00:00+00:00,ETH,2700.32,2730.09,2685.17,2706.67,699.0716
2024-05-06 16:00:00+00:00,ETH,2706.67,2725.73,2698.2,2717.86,613.6419
2024-05-06 17:00:00+00:00,ETH,2717.86,2741.95,2713.67,2714.1,363.4995
2024-05-06 18:00:00+00:00,ETH,2714.1,2745.07,2688.02,2744.68,918.5135
2024-05-06 19:00:00+00:00,ETH,2744.68,2767.5,2726.66,2751.34,306.9856
2024-05-06 20:00:00+00:00,ETH,2751.34,2788.56,2740.95,2769.16,540.2568
2024-05-06 21:00:00+00:00,ETH,2769.16,2773.05,2758.43,2767.7,423.2888
2024-05-06 22:00:00+00:00,ETH,2767.7,2777.65,2738.94,2754.86,424.026
2024-05-06 23:00:00+00:00,ETH,2754.86,2776.74,2708.43,2750.32,258.8923
2024-05-07 00:00:00+00:00,ETH,2750.32,2781.44,2703.83,2747.66,503.5589
2024-05-07 01:00:00+00:00,ETH,2747.66,2755.05,2738.31,2753.26,636.3983
2024-05-07 02:00:00+00:00,ETH,2753.26,2766.08,2720.56,2728.86,609.8119
2024-05-07 03:00:00+00:00,ETH,2728.86,2732.77,2680.37,2708.58,400.4942
2024-05-07 04:00:00+00:00,ETH,2708.58,2745.28,2695.99,2730.3,218.3636
2024-05-07 05:00:00+00:00,ETH,2730.3,2751.05,2712.09,2723.71,253.2075
2024-05-07 06:00:00+00:00,ETH,2723.71,2738.63,2710.26,2712.75,302.2682
2024-05-07 07:00:00+00:00,ETH,2712.75,2719.8,2669.33,2686.02,341.6193
2024-05-07 08:00:00+00:00,ETH,2686.02,2719.11,2635.02,2708.53,631.909
2024-05-07 09:00:00+00:00,ETH,2708.53,2741.4,2707.19,2716.52,686.8434
2024-05-07 10:00:00+00:00,ETH,2716.52,2732.55,2694.66,2714.18,468.2487
2024-05-07 11:00:00+00:00,ETH,2714.18,2720.94,2704.63,2716.75,385.4632
2024-05-07 12:00:00+00:00,ETH,2716.75,2756.82,2702.4,2755.45,1152.0218
2024-05-07 13:00:00+00:00,ETH,2755.45,2804.17,2740.94,2759.77,466.0934
2024-05-07 14:00:00+00:00,ETH,2759.77,2770.24,2722.5,2736.47,605.4627
2024-05-07 15:00:00+00:00,ETH,2736.47,2757.44,2717.26,2730.95,444.6525
2024-05-07 16:00:00+00:00,ETH,2730.95,2757.48,2729.01,2741.9,591.4596
2024-05-07 17:00:00+00:00,ETH,2741.9,2750.67,2728.8,2749.13,519.3272
2024-05-07 18:00:00+00:00,ETH,2749.13,2758.31,2713.44,2715.35,540.1354
2024-05-07 19:00:00+00:00,ETH,2715.35,2729.44,2700.95,2721.25,723.4373
2024-05-07 20:00:00+00:00,ETH,2721.25,2738.61,2714.03,2717.35,701.5358
2024-05-07 21:00:00+00:00,ETH,2717.35,2732.1,2700.88,2708.13,423.4147
2024-05-07 22:00:00+00:00,ETH,2708.13,2709.18,2685.16,2704.61,472.0259
2024-05-07 23:00:00+00:00,ETH,2704.61,2709.04,2698.67,2702.98,587.9622
2024-05-08 00:00:00+00:00,ETH,2702.98,2703.19,2684.47,2690.1,425.5519
2024-05-08 01:00:00+00:00,ETH,2690.1,2690.58,2671.76,2678.07,276.9538
2024-05-08 02:00:00+00:00,ETH,2678.07,2705.7,2669.8,2690.65,379.1201
2024-05-08 03:00:00+00:00,ETH,2690.65,2698.62,2686.55,2688.77,686.437
2024-05-08 04:00:00+00:00,ETH,2688.77,2709.89,2685.14,2695.72,307.7499
2024-05-08 05:00:00+00:00,ETH,2695.72,2727.95,2683.57,2693.12,383.561
2024-05-08 06:00:00+00:00,ETH,2693.12,2698.42,2639.08,2653.81,443.5626
2024-05-08 07:00:00+00:00,ETH,2653.81,2684.89,2628.63,2669.45,567.2669
2024-05-08 08:00:00+00:00,ETH,2669.45,2680.56,2639.16,2665.16,233.561
2024-05-08 09:00:00+00:00,ETH,2665.16,2672.91,2646.53,2659.79,438.8762
2024-05-08 10:00:00+00:00,ETH,2659.79,2671.9,2623.51,2667.24,666.4551
2024-05-08 11:00:00+00:00,ETH,2667.24,2686.27,2648.29,2654.19,495.604
2024-05-08 12:00:00+00:00,ETH,2654.19,2659.09,2641.75,2652.75,828.1489
2024-05-08 13:00:00+00:00,ETH,2652.75,2661.67,2622.11,2648.83,397.1678
2024-05-08 14:00:00+00:00,ETH,2648.83,2664.93,2630.84,2656.3,326.9028
2024-05-08 15:00:00+00:00,ETH,2656.3,2660.86,2597.52,2633.79,585.0483
2024-05-08 16:00:00+00:00,ETH,2633.79,2657.19,2615.93,2622.1,786.9956
2024-05-08 17:00:00+00:00,ETH,2622.1,2643.94,2611.74,2639.26,577.4202
2024-05-08 18:00:00+00:00,ETH,2639.26,2694.64,2636.79,2692.43,304.6846
2024-05-08 19:00:00+00:00,ETH,2692.43,2713.89,2651.17,2666.79,357.9834
2024-05-08 20:00:00+00:00,ETH,2666.79,2673.2,2610.97,2627.76,605.638
2024-05-08 21:00:00+00:00,ETH,2627.76,2671.87,2609.86,2659.43,467.9939
2024-05-08 22:00:00+00:00,ETH,2659.43,2673.67,2644.72,2653.11,563.8104
2024-05-08 23:00:00+00:00,ETH,2653.11,2661.85,2583.98,2647.73,305.6483
2024-05-09 00:00:00+00:00,ETH,2647.73,2654.71,2597.42,2654.35,239.7008
2024-05-09 01:00:00+00:00,ETH,2654.35,2672.09,2644.61,2669.07,482.7085
2024-05-09 02:00:00+00:00,ETH,2669.07,2674.61,2643.41,2654.08,343.15
2024-05-09 03:00:00+00:00,ETH,2654.08,2659.31,2622.88,2630.11,272.5528
2024-05-09 04:00:00+00:00,ETH,2630.11,2636.33,2588.16,2606.82,622.4701
2024-05-09 05:00:00+00:00,ETH,2606.82,2612.83,2593.98,2594.19,553.6159
2024-05-09 06:00:00+00:00,ETH,2594.19,2621.34,2574.77,2579.29,568.6697
2024-05-09 07:00:00+00:00,ETH,2579.29,2582.33,2551.1,2572.08,440.4007
2024-05-09 08:00:00+00:00,ETH,2572.08,2595.67,2561.59,2567.98,520.0773
2024-05-09 09:00:00+00:00,ETH,2567.98,2582.5,2563.66,2574.19,725.3565
2024-05-09 10:00:00+00:00,ETH,2574.19,2581.31,2568.9,2576.04,442.6147
2024-05-09 11:00:00+00:00,ETH,2576.04,2579.69,2548.09,2557.81,664.966
2024-05-09 12:00:00+00:00,ETH,2557.81,2565.94,2546.8,2563.82,531.7937
2024-05-09 13:00:00+00:00,ETH,2563.82,2568.06,2522.59,2544.73,682.4905
2024-05-09 14:00:00+00:00,ETH,2544.73,2559.09,2504.29,2557.31,293.3959
2024-05-09 15:00:00+00:00,ETH,2557.31,2584.47,2553.56,2578.14,384.2071
2024-05-09 16:00:00+00:00,ETH,2578.14,2636.74,2576.44,2616.3,348.4756
2024-05-09 17:00:00+00:00,ETH,2616.3,2638.63,2606.67,2631.68,830.9876
2024-05-09 18:00:00+00:00,ETH,2631.68,2656.71,2625.72,2655.19,272.9351
2024-05-09 19:00:00+00:00,ETH,2655.19,2678.24,2629.19,2669.21,494.8446
2024-05-09 20:00:00+00:00,ETH,2669.21,2690.43,2657.06,2683.8,391.8197
2024-05-09 21:00:00+00:00,ETH,2683.8,2725.75,2660.14,2696.55,378.4845
2024-05-09 22:00:00+00:00,ETH,2696.55,2700.96,2681.48,2685.27,905.6087
2024-05-09 23:00:00+00:00,ETH,2685.27,2707.2,2670.69,2674.67,478.8123
2024-05-10 00:00:00+00:00,ETH,2674.67,2678.97,2644.54,2650.93,854.0933
2024-05-10 01:00:00+00:00,ETH,2650.93,2656.46,2612.1,2640.92,1227.5002
2024-05-10 02:00:00+00:00,ETH,2640.92,2658.56,2634.63,2651.11,535.9077
2024-05-10 03:00:00+00:00,ETH,2651.11,2695.77,2626.21,2690.9,757.7267
2024-05-10 04:00:00+00:00,ETH,2690.9,2723.22,2690.38,2703.27,392.9864
2024-05-10 05:00:00+00:00,ETH,2703.27,2717.78,2691.11,2711.88,628.051
2024-05-10 06:00:00+00:00,ETH,2711.88,2721.65,2707.01,2714.99,1057.5557
2024-05-10 07:00:00+00:00,ETH,2714.99,2757.04,2707.94,2736.27,569.3832
2024-05-10 08:00:00+00:00,ETH,2736.27,2743.18,2723.66,2736.29,516.6073
2024-05-10 09:00:00+00:00,ETH,2736.29,2737.48,2716.06,2730.18,368.801
2024-05-10 10:00:00+00:00,ETH,2730.18,2732.99,2718.21,2726.28,551.071
2024-05-10 11:00:00+00:00,ETH,2726.28,2761.82,2704.41,2710.61,635.9632
2024-05-10 12:00:00+00:00,ETH,2710.61,2736.11,2682.21,2708.81,568.8974
2024-05-10 13:00:00+00:00,ETH,2708.81,2728.09,2677.68,2716.87,365.8491
2024-05-10 14:00:00+00:00,ETH,2716.87,2727.91,2714.25,2723.2,539.9912
2024-05-10 15:00:00+00:00,ETH,2723.2,2727.76,2719.37,2725.55,524.8927
2024-05-10 16:00:00+00:00,ETH,2725.55,2739.46,2700.71,2718.26,759.6157
2024-05-10 17:00:00+00:00,ETH,2718.26,2722.44,2702.09,2717.55,436.6051
2024-05-10 18:00:00+00:00,ETH,2717.55,2757.73,2712.51,2724.62,526.5049
2024-05-10 19:00:00+00:00,ETH,2724.62,2726.27,2717.02,2717.45,270.8935
2024-05-10 20:00:00+00:00,ETH,2717.45,2731.25,2692.12,2702.67,396.1906
2024-05-10 21:00:00+00:00,ETH,2702.67,2723.86,2687.85,2707.07,467.2727
2024-05-10 22:00:00+00:00,ETH,2707.07,2726.09,2706.84,2724.5,833.7625
2024-05-10 23:00:00+00:00,ETH,2724.5,2746.28,2710.28,2728.34,538.9656
2024-05-11 00:00:00+00:00,ETH,2728.34,2788.36,2728.09,2750.29,478.8292
2024-05-11 01:00:00+00:00,ETH,2750.29,2767.39,2745.78,2749.06,628.461
2024-05-11 02:00:00+00:00,ETH,2749.06,2772.38,2723.2,2767.68,348.703
2024-05-11 03:00:00+00:00,ETH,2767.68,2799.43,2761.33,2796.66,429.9256
2024-05-11 04:00:00+00:00,ETH,2796.66,2812.22,2765.11,2790.9,557.5189
2024-05-11 05:00:00+00:00,ETH,2790.9,2826.12,2774.75,2784.26,411.5538
2024-05-11 06:00:00+00:00,ETH,2784.26,2795.09,2781.92,2787.06,357.3909
2024-05-11 07:00:00+00:00,ETH,2787.06,2826.24,2747.11,2762.6,400.8714
2024-05-11 08:00:00+00:00,ETH,2762.6,2772.24,2725.61,2736.55,385.6681
2024-05-11 09:00:00+00:00,ETH,2736.55,2756.46,2726.99,2755.37,553.4802
2024-05-11 10:00:00+00:00,ETH,2755.37,2772.72,2741.17,2754.87,425.1819
2024-05-11 11:00:00+00:00,ETH,2754.87,2796.09,2701.11,2775.93,866.6091
2024-05-11 12:00:00+00:00,ETH,2775.93,2816.75,2756.37,2759.75,676.452
2024-05-11 13:00:00+00:00,ETH,2759.75,2760.43,2723.02,2735.56,549.5047
2024-05-11 14:00:00+00:00,ETH,2735.56,2754.06,2728.92,2750.86,734.8122
2024-05-11 15:00:00+00:00,ETH,2750.86,2770.12,2735.34,2765.02,504.1301
2024-05-11 16:00:00+00:00,ETH,2765.02,2772.26,2729.21,2748.93,1182.6088
2024-05-11 17:00:00+00:00,ETH,2748.93,2763.58,2745.54,2756.79,1156.6883
2024-05-11 18:00:00+00:00,ETH,2756.79,2781.53,2738.22,2771.13,523.0429
2024-05-11 19:00:00+00:00,ETH,2771.13,2797.67,2750.04,2783.92,578.447
2024-05-11 20:00:00+00:00,ETH,2783.92,2786.98,2753.46,2782.51,552.4741
2024-05-11 21:00:00+00:00,ETH,2782.51,2796.22,2750.44,2778.7,250.3963
2024-05-11 22:00:00+00:00,ETH,2778.7,2852.22,2741.16,2759.32,1012.2591
2024-05-11 23:00:00+00:00,ETH,2759.32,2772.16,2737.49,2767.24,405.3975
2024-05-12 00:00:00+00:00,ETH,2767.24,2802.81,2745.81,2775.26,470.7951
2024-05-12 01:00:00+00:00,ETH,2775.26,2790.31,2745.47,2762.41,352.7496
2024-05-12 02:00:00+00:00,ETH,2762.41,2769.69,2749.13,2767.59,753.7851
2024-05-12 03:00:00+00:00,ETH,2767.59,2786.36,2732.81,2753.66,577.4513
2024-05-12 04:00:00+00:00,ETH,2753.66,2784.6,2711.73,2747.55,419.2192
2024-05-12 05:00:00+00:00,ETH,2747.55,2781.31,2737.89,2776.51,736.7857
2024-05-12 06:00:00+00:00,ETH,2776.51,2796.41,2752.83,2764.32,522.8992
2024-05-12 07:00:00+00:00,ETH,2764.32,2773.22,2760.49,2761.01,292.8117
2024-05-12 08:00:00+00:00,ETH,2761.01,2807.77,2751.46,2768.92,994.2174
2024-05-12 09:00:00+00:00,ETH,2768.92,2774.48,2753.62,2755.84,797.4236
2024-05-12 10:00:00+00:00,ETH,2755.84,2778.89,2745.17,2769.48,404.1399
2024-05-12 11:00:00+00:00,ETH,2769.48,2795.59,2716.32,2744.97,355.6976
2024-05-12 12:00:00+00:00,ETH,2744.97,2756.62,2718.47,2738.99,564.0341
2024-05-12 13:00:00+00:00,ETH,2738.99,2750.56,2735.97,2749.89,610.8054
2024-05-12 14:00:00+00:00,ETH,2749.89,2781.93,2739.05,2769.53,490.3953
2024-05-12 15:00:00+00:00,ETH,2769.53,2813.03,2750.08,2794.78,441.7275
2024-05-12 16:00:00+00:00,ETH,2794.78,2826.72,2772.32,2802.11,432.8256
2024-05-12 17:00:00+00:00,ETH,2802.11,2826.19,2789.52,2808.67,505.5044
2024-05-12 18:00:00+00:00,ETH,2808.67,2837.69,2803.26,2829.28,238.5679
2024-05-12 19:00:00+00:00,ETH,2829.28,2839.86,2824.23,2836.59,750.3669
2024-05-12 20:00:00+00:00,ETH,2836.59,2877.58,2811.08,2862.31,478.8127
2024-05-12 21:00:00+00:00,ETH,2862.31,2878.38,2826.24,2852.93,307.3986
2024-05-12 22:00:00+00:00,ETH,2852.93,2865.16,2824.54,2834.36,386.5022
2024-05-12 23:00:00+00:00,ETH,2834.36,2872.67,2820.73,2825.19,334.1227
2024-05-13 00:00:00+00:00,ETH,2825.19,2839.67,2798.38,2838.08,391.8671
2024-05-13 01:00:00+00:00,ETH,2838.08,2846.25,2820.97,2822.42,677.0656
2024-05-13 02:00:00+00:00,ETH,2822.42,2833.9,2779.85,2818.12,517.7984
2024-05-13 03:00:00+00:00,ETH,2818.12,2823.0,2816.0,2820.56,220.6901
2024-05-13 04:00:00+00:00,ETH,2820.56,2826.0,2806.1,2807.21,463.2175
2024-05-13 05:00:00+00:00,ETH,2807.21,2822.35,2764.25,2785.61,611.8302
2024-05-13 06:00:00+00:00,ETH,2785.61,2789.81,2755.92,2763.56,743.7542
2024-05-13 07:00:00+00:00,ETH,2763.56,2781.03,2762.43,2766.21,370.7802
2024-05-13 08:00:00+00:00,ETH,2766.21,2777.42,2749.84,2756.32,307.216
2024-05-13 09:00:00+00:00,ETH,2756.32,2766.63,2748.78,2758.36,827.5463
2024-05-13 10:00:00+00:00,ETH,2758.36,2777.14,2724.64,2748.51,408.5332
2024-05-13 11:00:00+00:00,ETH,2748.51,2753.97,2740.16,2752.29,548.075
2024-05-13 12:00:00+00:00,ETH,2752.29,2765.09,2730.96,2750.88,511.3874
2024-05-13 13:00:00+00:00,ETH,2750.88,2774.61,2733.43,2761.51,445.6507
2024-05-13 14:00:00+00:00,ETH,2761.51,2829.8,2745.99,2787.55,438.3458
2024-05-13 15:00:00+00:00,ETH,2787.55,2794.8,2766.0,2772.28,615.3555
2024-05-13 16:00:00+00:00,ETH,2772.28,2785.67,2750.36,2752.36,571.6504
2024-05-13 17:00:00+00:00,ETH,2752.36,2776.8,2730.22,2765.67,636.9942
2024-05-13 18:00:00+00:00,ETH,2765.67,2774.67,2721.29,2771.44,723.2816
2024-05-13 19:00:00+00:00,ETH,2771.44,2874.4,2742.83,2805.88,361.212
2024-05-13 20:00:00+00:00,ETH,2805.88,2840.04,2771.48,2783.03,484.4872
2024-05-13 21:00:00+00:00,ETH,2783.03,2788.76,2744.61,2760.46,346.1383
2024-05-13 22:00:00+00:00,ETH,2760.46,2789.46,2759.53,2778.77,345.0118
2024-05-13 23:00:00+00:00,ETH,2778.77,2787.59,2772.13,2778.46,468.5367
2024-05-14 00:00:00+00:00,ETH,2778.46,2804.09,2765.7,2782.02,312.3609
2024-05-14 01:00:00+00:00,ETH,2782.02,2802.95,2738.9,2770.31,318.9158
2024-05-14 02:00:00+00:00,ETH,2770.31,2820.11,2722.4,2761.46,425.7793
2024-05-14 03:00:00+00:00,ETH,2761.46,2775.71,2754.61,2767.57,451.172
2024-05-14 04:00:00+00:00,ETH,2767.57,2778.08,2757.91,2773.86,756.181
2024-05-14 05:00:00+00:00,ETH,2773.86,2791.48,2766.86,2776.02,392.1814
2024-05-14 06:00:00+00:00,ETH,2776.02,2815.52,2757.68,2794.81,511.5615
2024-05-14 07:00:00+00:00,ETH,2794.81,2806.16,2782.74,2785.9,398.3458
2024-05-14 08:00:00+00:00,ETH,2785.9,2806.35,2769.84,2789.51,1260.1057
2024-05-14 09:00:00+00:00,ETH,2789.51,2801.32,2782.98,2798.11,574.0001
2024-05-14 10:00:00+00:00,ETH,2798.11,2803.97,2776.59,2791.18,618.8614
2024-05-14 11:00:00+00:00,ETH,2791.18,2794.11,2759.01,2765.87,426.8788
2024-05-14 12:00:00+00:00,ETH,2765.87,2800.05,2739.03,2783.49,545.3066
2024-05-14 13:00:00+00:00,ETH,2783.49,2827.04,2773.43,2818.53,379.0406
2024-05-14 14:00:00+00:00,ETH,2818.53,2875.72,2810.1,2864.65,430.6853
2024-05-14 15:00:00+00:00,ETH,2864.65,2877.85,2827.2,2871.51,555.7893
2024-05-14 16:00:00+00:00,ETH,2871.51,2892.08,2842.19,2861.57,653.943
2024-05-14 17:00:00+00:00,ETH,2861.57,2881.32,2848.43,2874.79,254.8752
2024-05-14 18:00:00+00:00,ETH,2874.79,2907.78,2858.08,2901.42,798.6058
2024-05-14 19:00:00+00:00,ETH,2901.42,2914.5,2890.77,2900.26,239.4875
2024-05-14 20:00:00+00:00,ETH,2900.26,2916.47,2894.52,2906.7,611.5825
2024-05-14 21:00:00+00:00,ETH,2906.7,2909.72,2868.84,2893.82,387.9794
2024-05-14 22:00:00+00:00,ETH,2893.82,2923.86,2882.59,2912.82,517.291
2024-05-14 23:00:00+00:00,ETH,2912.82,2922.24,2892.29,2912.5,535.8799
2024-05-15 00:00:00+00:00,ETH,2912.5,2934.71,2880.45,2894.03,527.1256
2024-05-15 01:00:00+00:00,ETH,2894.03,2931.08,2893.15,2907.68,787.1482
2024-05-15 02:00:00+00:00,ETH,2907.68,2917.03,2891.61,2911.99,286.1201
2024-05-15 03:00:00+00:00,ETH,2911.99,2934.88,2899.43,2930.88,655.5301
2024-05-15 04:00:00+00:00,ETH,2930.88,2941.52,2920.35,2926.85,918.5746
2024-05-15 05:00:00+00:00,ETH,2926.85,2945.68,2907.38,2935.23,532.2229
2024-05-15 06:00:00+00:00,ETH,2935.23,2946.8,2923.94,2936.05,489.9135
2024-05-15 07:00:00+00:00,ETH,2936.05,3024.87,2923.99,2924.94,397.5532
2024-05-15 08:00:00+00:00,ETH,2924.94,2956.02,2896.24,2908.78,339.727
2024-05-15 09:00:00+00:00,ETH,2908.78,2934.18,2902.01,2910.99,860.7725
2024-05-15 10:00:00+00:00,ETH,2910.99,2913.85,2899.88,2902.73,452.0567
2024-05-15 11:00:00+00:00,ETH,2902.73,2913.16,2891.18,2893.26,649.7257
2024-05-15 12:00:00+00:00,ETH,2893.26,2910.64,2875.88,2902.63,353.4876
2024-05-15 13:00:00+00:00,ETH,2902.63,2926.37,2860.32,2877.48,550.2002
2024-05-15 14:00:00+00:00,ETH,2877.48,2902.12,2875.19,2887.45,644.5925
2024-05-15 15:00:00+00:00,ETH,2887.45,2904.45,2874.19,2878.61,480.9604
2024-05-15 16:00:00+00:00,ETH,2878.61,2942.87,2866.26,2921.96,388.9376
2024-05-15 17:00:00+00:00,ETH,2921.96,2949.71,2911.51,2941.45,647.5237
2024-05-15 18:00:00+00:00,ETH,2941.45,2959.56,2937.33,2956.76,763.3961
2024-05-15 19:00:00+00:00,ETH,2956.76,2965.39,2955.45,2957.95,394.9866
2024-05-15 20:00:00+00:00,ETH,2957.95,2963.85,2942.3,2943.31,826.7746
2024-05-15 21:00:00+00:00,ETH,2943.31,2954.6,2936.98,2941.32,196.6613
2024-05-15 22:00:00+00:00,ETH,2941.32,2947.7,2935.8,2947.2,317.5987
2024-05-15 23:00:00+00:00,ETH,2947.2,2994.77,2937.24,2964.54,379.4738
2024-05-16 00:00:00+00:00,ETH,2964.54,2995.87,2962.45,2968.1,302.0226
2024-05-16 01:00:00+00:00,ETH,2968.1,2973.9,2946.48,2962.44,597.6204
2024-05-16 02:00:00+00:00,ETH,2962.44,2975.68,2942.3,2955.08,417.1403
2024-05-16 03:00:00+00:00,ETH,2955.08,2956.44,2947.27,2956.0,783.4752
2024-05-16 04:00:00+00:00,ETH,2956.0,2958.64,2911.08,2938.86,471.3297
2024-05-16 05:00:00+00:00,ETH,2938.86,2952.65,2933.83,2934.33,369.5379
2024-05-16 06:00:00+00:00,ETH,2934.33,2958.51,2913.77,2956.41,520.732
2024-05-16 07:00:00+00:00,ETH,2956.41,2972.54,2934.7,2950.0,446.1358
2024-05-16 08:00:00+00:00,ETH,2950.0,2970.2,2947.5,2960.68,930.9431
2024-05-16 09:00:00+00:00,ETH,2960.68,2973.96,2946.01,2948.91,489.206
2024-05-16 10:00:00+00:00,ETH,2948.91,2998.21,2911.22,2983.06,373.7948
2024-05-16 11:00:00+00:00,ETH,2983.06,2984.13,2974.83,2976.35,839.256
2024-05-16 12:00:00+00:00,ETH,2976.35,2989.42,2959.03,2972.77,821.1724
2024-05-16 13:00:00+00:00,ETH,2972.77,2993.59,2958.86,2962.86,659.6651
2024-05-16 14:00:00+00:00,ETH,2962.86,2973.24,2937.14,2942.32,543.4551
2024-05-16 15:00:00+00:00,ETH,2942.32,2996.07,2931.96,2974.93,334.3269
2024-05-16 16:00:00+00:00,ETH,2974.93,2975.77,2950.25,2950.98,477.9855
2024-05-16 17:00:00+00:00,ETH,2950.98,2982.74,2939.58,2979.95,494.7773
2024-05-16 18:00:00+00:00,ETH,2979.95,2985.28,2964.88,2973.27,467.6608
2024-05-16 19:00:00+00:00,ETH,2973.27,2980.78,2931.51,2973.24,543.7392
2024-05-16 20:00:00+00:00,ETH,2973.24,3010.96,2965.74,2999.14,217.2404
2024-05-16 21:00:00+00:00,ETH,2999.14,3017.54,2991.45,3003.25,355.1922
2024-05-16 22:00:00+00:00,ETH,3003.25,3004.49,2957.09,2975.06,290.6147
2024-05-16 23:00:00+00:00,ETH,2975.06,2993.13,2940.96,2977.63,359.0389
2024-05-17 00:00:00+00:00,ETH,2977.63,2995.29,2958.82,2988.69,756.1584
2024-05-17 01:00:00+00:00,ETH,2988.69,3023.9,2972.1,2973.41,316.1072
2024-05-17 02:00:00+00:00,ETH,2973.41,3017.54,2938.21,2959.75,363.0557
2024-05-17 03:00:00+00:00,ETH,2959.75,2984.5,2947.41,2947.48,256.2667
2024-05-17 04:00:00+00:00,ETH,2947.48,2951.75,2921.84,2927.89,279.271
2024-05-17 05:00:00+00:00,ETH,2927.89,2928.39,2881.16,2911.4,365.6507
2024-05-17 06:00:00+00:00,ETH,2911.4,2944.94,2903.65,2929.65,435.8638
2024-05-17 07:00:00+00:00,ETH,2929.65,2943.65,2916.91,2918.54,229.5431
2024-05-17 08:00:00+00:00,ETH,2918.54,2993.85,2888.4,2949.93,448.0858
2024-05-17 09:00:00+00:00,ETH,2949.93,2969.98,2931.0,2951.99,1043.1897
2024-05-17 10:00:00+00:00,ETH,2951.99,2974.1,2949.66,2962.33,897.2563
2024-05-17 11:00:00+00:00,ETH,2962.33,2970.93,2941.42,2947.69,452.6879
2024-05-17 12:00:00+00:00,ETH,2947.69,2952.05,2919.97,2930.24,486.9494
2024-05-17 13:00:00+00:00,ETH,2930.24,2958.96,2881.89,2911.08,673.5205
2024-05-17 14:00:00+00:00,ETH,2911.08,2942.63,2896.9,2902.8,249.8616
2024-05-17 15:00:00+00:00,ETH,2902.8,2928.82,2893.07,2923.79,452.6823
2024-05-17 16:00:00+00:00,ETH,2923.79,2941.43,2923.29,2932.61,576.8947
2024-05-17 17:00:00+00:00,ETH,2932.61,3000.53,2927.67,2955.39,501.0134
2024-05-17 18:00:00+00:00,ETH,2955.39,2964.17,2920.73,2957.66,280.8932
2024-05-17 19:00:00+00:00,ETH,2957.66,2998.71,2935.28,2944.03,460.6542
2024-05-17 20:00:00+00:00,ETH,2944.03,2967.46,2930.86,2952.72,497.7976
2024-05-17 21:00:00+00:00,ETH,2952.72,2970.65,2945.63,2960.55,426.8722
2024-05-17 22:00:00+00:00,ETH,2960.55,2970.15,2947.89,2957.82,722.1028
2024-05-17 23:00:00+00:00,ETH,2957.82,2963.22,2939.24,2958.56,498.615
2024-05-18 00:00:00+00:00,ETH,2958.56,2985.24,2926.97,2974.8,494.0781
2024-05-18 01:00:00+00:00,ETH,2974.8,3034.54,2962.85,3016.32,353.6168
2024-05-18 02:00:00+00:00,ETH,3016.32,3031.47,2972.73,2991.28,607.8486
2024-05-18 03:00:00+00:00,ETH,2991.28,2998.24,2974.32,2995.27,356.2248
2024-05-18 04:00:00+00:00,ETH,2995.27,3016.52,2917.84,2962.82,363.9958
2024-05-18 05:00:00+00:00,ETH,2962.82,2976.33,2950.47,2975.49,264.1544
2024-05-18 06:00:00+00:00,ETH,2975.49,3032.2,2973.57,3008.59,407.1932
2024-05-18 07:00:00+00:00,ETH,3008.59,3025.01,2978.73,3000.2,276.2858
2024-05-18 08:00:00+00:00,ETH,3000.2,3028.44,2975.32,3006.89,534.4062
2024-05-18 09:00:00+00:00,ETH,3006.89,3018.69,2989.4,3010.9,334.8134
2024-05-18 10:00:00+00:00,ETH,3010.9,3014.09,2965.28,2993.42,613.9199
2024-05-18 11:00:00+00:00,ETH,2993.42,2994.48,2968.54,2985.34,363.3406
2024-05-18 12:00:00+00:00,ETH,2985.34,3000.49,2960.3,2974.39,568.1067
2024-05-18 13:00:00+00:00,ETH,2974.39,2978.59,2936.72,2967.07,503.1643
2024-05-18 14:00:00+00:00,ETH,2967.07,2969.18,2938.99,2941.73,813.7705
2024-05-18 15:00:00+00:00,ETH,2941.73,2962.39,2921.7,2950.49,578.4569
2024-05-18 16:00:00+00:00,ETH,2950.49,2954.33,2948.06,2951.3,351.0946
2024-05-18 17:00:00+00:00,ETH,2951.3,2974.63,2928.7,2965.61,661.8068
2024-05-18 18:00:00+00:00,ETH,2965.61,3005.93,2937.84,2989.42,696.764
2024-05-18 19:00:00+00:00,ETH,2989.42,3015.72,2969.26,3001.39,245.9527
2024-05-18 20:00:00+00:00,ETH,3001.39,3012.56,2959.9,2976.56,380.8094
2024-05-18 21:00:00+00:00,ETH,2976.56,2996.47,2974.92,2985.68,409.1607
2024-05-18 22:00:00+00:00,ETH,2985.68,3040.6,2973.31,3008.66,677.2344
2024-05-18 23:00:00+00:00,ETH,3008.66,3059.76,3005.02,3041.19,634.8784
2024-05-19 00:00:00+00:00,ETH,3041.19,3063.87,3027.76,3053.77,487.1753
2024-05-19 01:00:00+00:00,ETH,3053.77,3057.93,3041.05,3054.79,631.805
2024-05-19 02:00:00+00:00,ETH,3054.79,3058.34,3007.11,3022.65,360.6161
2024-05-19 03:00:00+00:00,ETH,3022.65,3055.54,3012.49,3042.79,545.6472
2024-05-19 04:00:00+00:00,ETH,3042.79,3068.96,3042.35,3048.63,265.0357
2024-05-19 05:00:00+00:00,ETH,3048.63,3049.23,3013.43,3018.18,382.701
2024-05-19 06:00:00+00:00,ETH,3018.18,3044.92,2986.12,2996.58,349.8615
2024-05-19 07:00:00+00:00,ETH,2996.58,3032.08,2965.17,2978.46,480.3979
2024-05-19 08:00:00+00:00,ETH,2978.46,3024.53,2963.95,2987.33,501.8017
2024-05-19 09:00:00+00:00,ETH,2987.33,2998.35,2931.12,2968.46,727.2129
2024-05-19 10:00:00+00:00,ETH,2968.46,2972.0,2960.85,2970.51,711.5778
2024-05-19 11:00:00+00:00,ETH,2970.51,2991.03,2955.4,2975.68,551.9902
2024-05-19 12:00:00+00:00,ETH,2975.68,2995.09,2973.26,2981.92,612.4873
2024-05-19 13:00:00+00:00,ETH,2981.92,2996.51,2963.95,2984.01,419.917
2024-05-19 14:00:00+00:00,ETH,2984.01,3030.32,2967.68,2974.5,428.5876
2024-05-19 15:00:00+00:00,ETH,2974.5,3014.29,2961.97,2988.84,387.0673
2024-05-19 16:00:00+00:00,ETH,2988.84,2993.6,2964.97,2972.77,293.1196
2024-05-19 17:00:00+00:00,ETH,2972.77,2976.87,2959.13,2967.3,344.2381
2024-05-19 18:00:00+00:00,ETH,2967.3,2973.78,2941.09,2947.85,590.5336
2024-05-19 19:00:00+00:00,ETH,2947.85,2982.23,2938.66,2969.02,414.0936
2024-05-19 20:00:00+00:00,ETH,2969.02,2988.37,2928.98,2947.44,846.6933
2024-05-19 21:00:00+00:00,ETH,2947.44,2997.77,2922.07,2968.25,516.9162
2024-05-19 22:00:00+00:00,ETH,2968.25,3000.13,2930.97,2986.29,566.0211
2024-05-19 23:00:00+00:00,ETH,2986.29,3007.37,2938.27,2999.4,485.2198
2024-05-20 00:00:00+00:00,ETH,2999.4,3004.56,2990.17,3001.23,322.4721
2024-05-20 01:00:00+00:00,ETH,3001.23,3007.77,2989.5,3004.79,490.6154
2024-05-20 02:00:00+00:00,ETH,3004.79,3006.6,2984.2,2993.5,361.8671
2024-05-20 03:00:00+00:00,ETH,2993.5,3005.16,2940.83,2955.62,577.7429
2024-05-20 04:00:00+00:00,ETH,2955.62,2984.86,2944.65,2968.59,221.7861
2024-05-20 05:00:00+00:00,ETH,2968.59,3009.95,2967.45,2985.3,420.4941
2024-05-20 06:00:00+00:00,ETH,2985.3,2993.81,2984.8,2988.46,680.1725
2024-05-20 07:00:00+00:00,ETH,2988.46,3016.94,2980.08,2983.68,1161.6261
2024-05-20 08:00:00+00:00,ETH,2983.68,3031.93,2934.44,2948.48,716.1211
2024-05-20 09:00:00+00:00,ETH,2948.48,2973.96,2888.95,2966.45,412.3073
2024-05-20 10:00:00+00:00,ETH,2966.45,2989.04,2945.4,2949.76,685.3711
2024-05-20 11:00:00+00:00,ETH,2949.76,2952.77,2937.31,2951.82,309.5164
2024-05-20 12:00:00+00:00,ETH,2951.82,2962.94,2938.33,2940.27,405.9957
2024-05-20 13:00:00+00:00,ETH,2940.27,2943.4,2920.25,2926.74,474.5149
2024-05-20 14:00:00+00:00,ETH,2926.74,2979.03,2904.44,2948.54,336.4561
2024-05-20 15:00:00+00:00,ETH,2948.54,2988.08,2933.94,2941.22,399.0344
2024-05-20 16:00:00+00:00,ETH,2941.22,2950.57,2919.96,2945.94,514.6282
2024-05-20 17:00:00+00:00,ETH,2945.94,2966.21,2935.76,2955.81,575.4118
2024-05-20 18:00:00+00:00,ETH,2955.81,2959.49,2926.64,2931.55,486.9077
2024-05-20 19:00:00+00:00,ETH,2931.55,2933.4,2917.55,2922.17,621.6398
2024-05-20 20:00:00+00:00,ETH,2922.17,2960.95,2887.67,2923.68,257.5951
2024-05-20 21:00:00+00:00,ETH,2923.68,2937.69,2911.47,2916.78,520.3667
2024-05-20 22:00:00+00:00,ETH,2916.78,2936.07,2878.11,2906.56,847.1114
2024-05-20 23:00:00+00:00,ETH,2906.56,2913.78,2877.48,2887.22,364.2669
2024-05-21 00:00:00+00:00,ETH,2887.22,2922.26,2876.13,2880.39,647.8137
2024-05-21 01:00:00+00:00,ETH,2880.39,2883.81,2871.34,2873.17,702.5487
2024-05-21 02:00:00+00:00,ETH,2873.17,2882.9,2858.82,2879.32,659.2445
2024-05-21 03:00:00+00:00,ETH,2879.32,2912.54,2875.3,2900.56,423.0964
2024-05-21 04:00:00+00:00,ETH,2900.56,2934.17,2895.96,2926.2,702.1066
2024-05-21 05:00:00+00:00,ETH,2926.2,2988.27,2901.45,2983.86,559.895
2024-05-21 06:00:00+00:00,ETH,2983.86,3024.56,2969.63,3011.26,246.7796
2024-05-21 07:00:00+00:00,ETH,3011.26,3021.27,3002.76,3010.63,673.4299
2024-05-21 08:00:00+00:00,ETH,3010.63,3051.45,3002.4,3035.73,443.0076
2024-05-21 09:00:00+00:00,ETH,3035.73,3103.0,3028.71,3065.85,700.7914
2024-05-21 10:00:00+00:00,ETH,3065.85,3085.15,3056.81,3079.08,530.9257
2024-05-21 11:00:00+00:00,ETH,3079.08,3083.52,3051.61,3064.41,588.0782
2024-05-21 12:00:00+00:00,ETH,3064.41,3087.2,3063.91,3081.34,708.7687
2024-05-21 13:00:00+00:00,ETH,3081.34,3152.38,3076.88,3083.2,506.7994
2024-05-21 14:00:00+00:00,ETH,3083.2,3095.09,3024.84,3035.07,595.9255
2024-05-21 15:00:00+00:00,ETH,3035.07,3045.52,3031.15,3042.92,413.2267
2024-05-21 16:00:00+00:00,ETH,3042.92,3062.5,3040.82,3052.63,199.5389
2024-05-21 17:00:00+00:00,ETH,3052.63,3084.81,3036.3,3055.95,717.7849
2024-05-21 18:00:00+00:00,ETH,3055.95,3092.63,3036.97,3059.74,599.8416
2024-05-21 19:00:00+00:00,ETH,3059.74,3081.49,3032.02,3061.44,316.696
2024-05-21 20:00:00+00:00,ETH,3061.44,3084.2,3055.61,3061.48,550.1166
2024-05-21 21:00:00+00:00,ETH,3061.48,3113.86,3029.58,3098.68,448.4153
2024-05-21 22:00:00+00:00,ETH,3098.68,3139.12,3038.1,3068.75,630.0731
2024-05-21 23:00:00+00:00,ETH,3068.75,3073.73,3056.14,3073.66,758.6148
2024-05-22 00:00:00+00:00,ETH,3073.66,3093.52,3064.02,3079.23,589.011
2024-05-22 01:00:00+00:00,ETH,3079.23,3092.39,3046.38,3081.92,630.5077
2024-05-22 02:00:00+00:00,ETH,3081.92,3107.32,3050.35,3095.02,521.4398
2024-05-22 03:00:00+00:00,ETH,3095.02,3116.28,3090.31,3106.76,405.11
2024-05-22 04:00:00+00:00,ETH,3106.76,3143.57,3072.09,3092.6,359.739
2024-05-22 05:00:00+00:00,ETH,3092.6,3114.96,3061.84,3077.41,425.2706
2024-05-22 06:00:00+00:00,ETH,3077.41,3078.45,3068.37,3075.38,427.3758
2024-05-22 07:00:00+00:00,ETH,3075.38,3081.9,3029.62,3067.21,506.7683
2024-05-22 08:00:00+00:00,ETH,3067.21,3096.12,3055.61,3082.33,258.797
2024-05-22 09:00:00+00:00,ETH,3082.33,3138.43,3014.26,3069.37,714.1369
2024-05-22 10:00:00+00:00,ETH,3069.37,3101.55,3047.05,3062.89,291.9165
2024-05-22 11:00:00+00:00,ETH,3062.89,3065.06,3056.42,3061.87,332.5365
2024-05-22 12:00:00+00:00,ETH,3061.87,3094.71,3047.38,3061.92,569.66
2024-05-22 13:00:00+00:00,ETH,3061.92,3083.94,3059.97,3074.42,488.1853
2024-05-22 14:00:00+00:00,ETH,3074.42,3085.83,3040.46,3048.04,822.5457
2024-05-22 15:00:00+00:00,ETH,3048.04,3071.72,3040.4,3043.1,345.9692
2024-05-22 16:00:00+00:00,ETH,3043.1,3085.45,3019.65,3021.61,581.5689
2024-05-22 17:00:00+00:00,ETH,3021.61,3048.36,3000.11,3038.72,444.2084
2024-05-22 18:00:00+00:00,ETH,3038.72,3068.52,3008.81,3023.76,354.4759
2024-05-22 19:00:00+00:00,ETH,3023.76,3068.97,2998.33,3038.33,418.6411
2024-05-22 20:00:00+00:00,ETH,3038.33,3049.68,3027.06,3037.36,445.9861
2024-05-22 21:00:00+00:00,ETH,3037.36,3063.58,3011.14,3053.49,563.0845
2024-05-22 22:00:00+00:00,ETH,3053.49,3055.22,3031.4,3052.94,676.9338
2024-05-22 23:00:00+00:00,ETH,3052.94,3092.8,3042.47,3068.0,336.9032
2024-05-23 00:00:00+00:00,ETH,3068.0,3081.38,3056.57,3080.6,666.1634
2024-05-23 01:00:00+00:00,ETH,3080.6,3083.28,3062.4,3074.09,685.5561
2024-05-23 02:00:00+00:00,ETH,3074.09,3076.01,3070.0,3072.85,529.6014
2024-05-23 03:00:00+00:00,ETH,3072.85,3077.31,3065.77,3071.37,328.8551
2024-05-23 04:00:00+00:00,ETH,3071.37,3101.4,3066.35,3096.6,578.6232
2024-05-23 05:00:00+00:00,ETH,3096.6,3137.62,3095.62,3129.69,686.5443
2024-05-23 06:00:00+00:00,ETH,3129.69,3161.83,3121.2,3141.12,538.141
2024-05-23 07:00:00+00:00,ETH,3141.12,3145.67,3121.69,3145.5,263.54
2024-05-23 08:00:00+00:00,ETH,3145.5,3162.38,3121.69,3132.18,524.7068
2024-05-23 09:00:00+00:00,ETH,3132.18,3147.91,3114.3,3115.88,713.86
2024-05-23 10:00:00+00:00,ETH,3115.88,3122.47,3097.85,3117.04,492.8257
2024-05-23 11:00:00+00:00,ETH,3117.04,3153.38,3081.11,3140.98,536.6018
2024-05-23 12:00:00+00:00,ETH,3140.98,3170.72,3083.85,3107.52,835.5985
2024-05-23 13:00:00+00:00,ETH,3107.52,3170.69,3103.33,3125.49,795.875
2024-05-23 14:00:00+00:00,ETH,3125.49,3161.88,3074.85,3140.77,466.3063
2024-05-23 15:00:00+00:00,ETH,3140.77,3177.41,3120.05,3150.04,521.0542
2024-05-23 16:00:00+00:00,ETH,3150.04,3154.26,3118.01,3143.22,338.7268
2024-05-23 17:00:00+00:00,ETH,3143.22,3161.18,3129.55,3135.54,332.9761
2024-05-23 18:00:00+00:00,ETH,3135.54,3147.02,3118.0,3124.15,496.8069
2024-05-23 19:00:00+00:00,ETH,3124.15,3161.27,3046.05,3070.46,336.5306
2024-05-23 20:00:00+00:00,ETH,3070.46,3099.08,3065.19,3074.91,478.604
2024-05-23 21:00:00+00:00,ETH,3074.91,3133.26,3062.8,3105.33,454.3978
2024-05-23 22:00:00+00:00,ETH,3105.33,3123.1,3098.92,3111.4,614.9494
2024-05-23 23:00:00+00:00,ETH,3111.4,3114.3,3081.67,3095.09,603.8311
2024-05-24 00:00:00+00:00,ETH,3095.09,3104.24,3084.88,3095.23,311.8126
2024-05-24 01:00:00+00:00,ETH,3095.23,3140.28,3088.82,3123.77,398.2223
2024-05-24 02:00:00+00:00,ETH,3123.77,3129.06,3078.54,3103.25,663.3673
2024-05-24 03:00:00+00:00,ETH,3103.25,3132.25,3076.88,3088.28,440.1416
2024-05-24 04:00:00+00:00,ETH,3088.28,3110.27,3074.73,3095.48,658.7753
2024-05-24 05:00:00+00:00,ETH,3095.48,3144.35,3088.58,3108.83,908.544
2024-05-24 06:00:00+00:00,ETH,3108.83,3122.51,3102.98,3111.9,514.5891
2024-05-24 07:00:00+00:00,ETH,3111.9,3112.48,3061.21,3086.29,763.9714
2024-05-24 08:00:00+00:00,ETH,3086.29,3108.45,3066.34,3075.98,613.5287
2024-05-24 09:00:00+00:00,ETH,3075.98,3080.56,3048.77,3062.6,297.8603
2024-05-24 10:00:00+00:00,ETH,3062.6,3079.98,3001.65,3039.47,845.5494
2024-05-24 11:00:00+00:00,ETH,3039.47,3041.01,3005.63,3009.36,326.1262
2024-05-24 12:00:00+00:00,ETH,3009.36,3017.33,2997.48,3000.6,522.4245
2024-05-24 13:00:00+00:00,ETH,3000.6,3021.55,2957.68,2985.29,418.8459
2024-05-24 14:00:00+00:00,ETH,2985.29,2985.77,2944.0,2974.68,618.7237
2024-05-24 15:00:00+00:00,ETH,2974.68,2991.9,2933.51,2948.29,254.9173
2024-05-24 16:00:00+00:00,ETH,2948.29,2961.97,2933.68,2950.08,563.5391
2024-05-24 17:00:00+00:00,ETH,2950.08,2964.87,2942.38,2950.53,337.7173
2024-05-24 18:00:00+00:00,ETH,2950.53,2967.81,2930.53,2931.37,892.3307
2024-05-24 19:00:00+00:00,ETH,2931.37,2947.88,2899.78,2923.01,485.575
2024-05-24 20:00:00+00:00,ETH,2923.01,2925.33,2910.83,2912.76,665.1312
2024-05-24 21:00:00+00:00,ETH,2912.76,2939.34,2908.94,2936.42,444.8598
2024-05-24 22:00:00+00:00,ETH,2936.42,2954.9,2933.43,2942.11,534.5437
2024-05-24 23:00:00+00:00,ETH,2942.11,2970.36,2922.54,2956.13,319.8913
2024-05-25 00:00:00+00:00,ETH,2956.13,2979.68,2949.8,2972.9,784.7712
2024-05-25 01:00:00+00:00,ETH,2972.9,2998.26,2963.41,2990.39,489.5749
2024-05-25 02:00:00+00:00,ETH,2990.39,3022.88,2985.08,2998.0,1154.967
2024-05-25 03:00:00+00:00,ETH,2998.0,3019.26,2929.89,2952.44,227.2386
2024-05-25 04:00:00+00:00,ETH,2952.44,2968.61,2951.88,2952.68,939.554
2024-05-25 05:00:00+00:00,ETH,2952.68,2963.18,2947.45,2957.9,684.6148
2024-05-25 06:00:00+00:00,ETH,2957.9,2962.62,2918.69,2942.09,416.1495
2024-05-25 07:00:00+00:00,ETH,2942.09,2971.35,2912.83,2958.76,459.9963
2024-05-25 08:00:00+00:00,ETH,2958.76,2961.45,2943.22,2954.86,549.6979
2024-05-25 09:00:00+00:00,ETH,2954.86,2983.71,2936.5,2948.49,682.7948
2024-05-25 10:00:00+00:00,ETH,2948.49,3011.75,2932.91,2987.14,526.9731
2024-05-25 11:00:00+00:00,ETH,2987.14,3003.17,2980.8,2981.77,1143.247
2024-05-25 12:00:00+00:00,ETH,2981.77,3025.18,2977.79,2993.07,358.5283
2024-05-25 13:00:00+00:00,ETH,2993.07,3059.72,2967.27,3033.92,1028.8788
2024-05-25 14:00:00+00:00,ETH,3033.92,3058.33,3009.64,3051.33,303.1424
2024-05-25 15:00:00+00:00,ETH,3051.33,3060.19,3021.94,3035.96,340.1377
2024-05-25 16:00:00+00:00,ETH,3035.96,3072.34,2981.74,3006.44,806.9535
2024-05-25 17:00:00+00:00,ETH,3006.44,3015.41,2974.47,2975.34,541.8544
2024-05-25 18:00:00+00:00,ETH,2975.34,2986.51,2971.65,2983.38,366.2872
2024-05-25 19:00:00+00:00,ETH,2983.38,2991.75,2970.39,2991.6,658.7636
2024-05-25 20:00:00+00:00,ETH,2991.6,3000.49,2974.18,2984.58,459.3979
2024-05-25 21:00:00+00:00,ETH,2984.58,3008.49,2976.7,2988.51,478.5523
2024-05-25 22:00:00+00:00,ETH,2988.51,2990.78,2973.74,2985.83,655.0624
2024-05-25 23:00:00+00:00,ETH,2985.83,2987.78,2961.08,2984.25,929.0277
2024-05-26 00:00:00+00:00,ETH,2984.25,3020.16,2972.43,3009.85,474.5511
2024-05-26 01:00:00+00:00,ETH,3009.85,3023.6,2994.13,2998.89,339.6376
2024-05-26 02:00:00+00:00,ETH,2998.89,3041.0,2978.81,2979.98,586.8609
2024-05-26 03:00:00+00:00,ETH,2979.98,3015.82,2957.78,2985.4,741.4296
2024-05-26 04:00:00+00:00,ETH,2985.4,3026.39,2955.2,3022.24,445.1952
2024-05-26 05:00:00+00:00,ETH,3022.24,3029.5,3005.96,3007.3,660.8526
2024-05-26 06:00:00+00:00,ETH,3007.3,3007.46,2993.15,3004.21,477.8953
2024-05-26 07:00:00+00:00,ETH,3004.21,3041.53,2984.32,2996.33,453.486
2024-05-26 08:00:00+00:00,ETH,2996.33,3005.2,2981.05,3004.29,745.6014
2024-05-26 09:00:00+00:00,ETH,3004.29,3017.83,2995.66,3002.05,201.278
2024-05-26 10:00:00+00:00,ETH,3002.05,3018.09,2982.86,3008.36,428.2879
2024-05-26 11:00:00+00:00,ETH,3008.36,3010.22,2979.18,2993.28,387.5293
2024-05-26 12:00:00+00:00,ETH,2993.28,3015.1,2984.31,2990.65,519.2475
2024-05-26 13:00:00+00:00,ETH,2990.65,3012.21,2945.61,2960.79,545.5799
2024-05-26 14:00:00+00:00,ETH,2960.79,2963.96,2910.45,2924.0,582.1458
2024-05-26 15:00:00+00:00,ETH,2924.0,2941.27,2907.46,2917.35,549.8165
2024-05-26 16:00:00+00:00,ETH,2917.35,2934.09,2914.27,2921.43,410.3173
2024-05-26 17:00:00+00:00,ETH,2921.43,2922.08,2892.92,2908.28,565.9165
2024-05-26 18:00:00+00:00,ETH,2908.28,2933.86,2881.0,2930.34,377.983
2024-05-26 19:00:00+00:00,ETH,2930.34,2942.33,2925.06,2926.25,512.8918
2024-05-26 20:00:00+00:00,ETH,2926.25,2937.26,2912.09,2917.31,333.4337
2024-05-26 21:00:00+00:00,ETH,2917.31,2929.88,2908.26,2927.0,366.1884
2024-05-26 22:00:00+00:00,ETH,2927.0,2971.13,2914.25,2930.76,979.58
2024-05-26 23:00:00+00:00,ETH,2930.76,2951.09,2904.4,2912.97,568.744
2024-05-27 00:00:00+00:00,ETH,2912.97,2937.87,2879.58,2892.66,355.5164
2024-05-27 01:00:00+00:00,ETH,2892.66,2960.34,2880.18,2947.73,819.5069
2024-05-27 02:00:00+00:00,ETH,2947.73,2968.42,2925.27,2967.37,435.607
2024-05-27 03:00:00+00:00,ETH,2967.37,2975.12,2951.49,2961.76,518.9488
2024-05-27 04:00:00+00:00,ETH,2961.76,2995.42,2954.56,2974.66,583.4417
2024-05-27 05:00:00+00:00,ETH,2974.66,2985.96,2955.88,2979.33,869.3056
2024-05-27 06:00:00+00:00,ETH,2979.33,3013.65,2978.64,3012.32,445.932
2024-05-27 07:00:00+00:00,ETH,3012.32,3016.48,3010.17,3016.37,237.9855
2024-05-27 08:00:00+00:00,ETH,3016.37,3026.04,3016.19,3022.98,556.325
2024-05-27 09:00:00+00:00,ETH,3022.98,3076.19,3006.59,3058.14,284.7009
2024-05-27 10:00:00+00:00,ETH,3058.14,3059.95,3023.6,3033.27,507.0676
2024-05-27 11:00:00+00:00,ETH,3033.27,3071.61,3022.15,3056.7,543.1092
2024-05-27 12:00:00+00:00,ETH,3056.7,3071.9,3012.62,3028.24,464.8469
2024-05-27 13:00:00+00:00,ETH,3028.24,3051.3,3024.31,3048.3,267.8988
2024-05-27 14:00:00+00:00,ETH,3048.3,3077.12,3002.76,3015.04,427.533
2024-05-27 15:00:00+00:00,ETH,3015.04,3018.7,2997.01,3008.79,649.0445
2024-05-27 16:00:00+00:00,ETH,3008.79,3021.49,2999.43,3006.57,713.0156
2024-05-27 17:00:00+00:00,ETH,3006.57,3028.01,3005.18,3012.52,806.3441
2024-05-27 18:00:00+00:00,ETH,3012.52,3040.01,3010.42,3014.55,683.7377
2024-05-27 19:00:00+00:00,ETH,3014.55,3027.05,3004.29,3008.36,522.4207
2024-05-27 20:00:00+00:00,ETH,3008.36,3017.71,2969.6,2971.24,328.6165
2024-05-27 21:00:00+00:00,ETH,2971.24,3017.86,2962.71,2998.36,752.1524
2024-05-27 22:00:00+00:00,ETH,2998.36,3061.23,2982.94,2993.07,371.3219
2024-05-27 23:00:00+00:00,ETH,2993.07,3001.52,2972.45,2995.14,633.3158
2024-05-28 00:00:00+00:00,ETH,2995.14,3018.73,2936.8,2976.54,562.9836
2024-05-28 01:00:00+00:00,ETH,2976.54,3031.63,2966.0,2992.01,719.7275
2024-05-28 02:00:00+00:00,ETH,2992.01,2993.81,2927.13,2968.94,425.0137
2024-05-28 03:00:00+00:00,ETH,2968.94,2972.18,2958.73,2965.03,654.058
2024-05-28 04:00:00+00:00,ETH,2965.03,2967.47,2925.91,2947.54,243.0099
2024-05-28 05:00:00+00:00,ETH,2947.54,2969.59,2931.24,2955.12,453.3444
2024-05-28 06:00:00+00:00,ETH,2955.12,2960.23,2943.37,2952.14,482.7803
2024-05-28 07:00:00+00:00,ETH,2952.14,2962.8,2928.96,2961.73,524.8545
2024-05-28 08:00:00+00:00,ETH,2961.73,2996.37,2953.61,2958.61,685.8431
2024-05-28 09:00:00+00:00,ETH,2958.61,2960.48,2924.98,2938.56,1074.8375
2024-05-28 10:00:00+00:00,ETH,2938.56,2969.04,2901.48,2967.08,315.3637
2024-05-28 11:00:00+00:00,ETH,2967.08,2973.49,2959.89,2964.7,645.7659
2024-05-28 12:00:00+00:00,ETH,2964.7,2984.88,2949.18,2970.93,558.6477
2024-05-28 13:00:00+00:00,ETH,2970.93,2986.19,2922.38,2969.94,324.9218
2024-05-28 14:00:00+00:00,ETH,2969.94,2978.55,2939.0,2951.46,329.7328
2024-05-28 15:00:00+00:00,ETH,2951.46,2973.02,2937.95,2967.62,1177.7701
2024-05-28 16:00:00+00:00,ETH,2967.62,2980.73,2945.11,2955.98,670.6311
2024-05-28 17:00:00+00:00,ETH,2955.98,2979.68,2924.33,2967.84,629.2076
2024-05-28 18:00:00+00:00,ETH,2967.84,2978.21,2951.63,2970.43,364.7363
2024-05-28 19:00:00+00:00,ETH,2970.43,2977.55,2937.49,2976.34,363.3369
2024-05-28 20:00:00+00:00,ETH,2976.34,3002.53,2934.91,2963.33,246.6623
2024-05-28 21:00:00+00:00,ETH,2963.33,2971.86,2898.14,2924.62,429.7118
2024-05-28 22:00:00+00:00,ETH,2924.62,2947.74,2890.78,2929.29,632.0349
2024-05-28 23:00:00+00:00,ETH,2929.29,2948.86,2915.47,2924.84,395.2311
2024-05-29 00:00:00+00:00,ETH,2924.84,2927.13,2906.0,2906.37,503.5273
2024-05-29 01:00:00+00:00,ETH,2906.37,2908.99,2891.28,2900.1,566.3731
2024-05-29 02:00:00+00:00,ETH,2900.1,2942.35,2885.95,2931.99,512.1912
2024-05-29 03:00:00+00:00,ETH,2931.99,2961.62,2911.49,2942.83,286.9403
2024-05-29 04:00:00+00:00,ETH,2942.83,2970.58,2936.7,2951.29,390.2043
2024-05-29 05:00:00+00:00,ETH,2951.29,2964.25,2950.7,2956.08,495.5021
2024-05-29 06:00:00+00:00,ETH,2956.08,2961.09,2949.65,2952.51,503.9559
2024-05-29 07:00:00+00:00,ETH,2952.51,2954.48,2928.45,2946.47,406.5056
2024-05-29 08:00:00+00:00,ETH,2946.47,2947.15,2934.2,2946.66,957.9636
2024-05-29 09:00:00+00:00,ETH,2946.66,2971.85,2915.71,2923.19,711.4665
2024-05-29 10:00:00+00:00,ETH,2923.19,2931.5,2894.52,2929.16,600.6518
2024-05-29 11:00:00+00:00,ETH,2929.16,2929.17,2909.14,2929.14,902.4142
2024-05-29 12:00:00+00:00,ETH,2929.14,2941.02,2921.57,2927.68,582.2632
2024-05-29 13:00:00+00:00,ETH,2927.68,2939.63,2913.81,2914.18,400.6111
2024-05-29 14:00:00+00:00,ETH,2914.18,2942.48,2894.28,2934.55,454.0373
2024-05-29 15:00:00+00:00,ETH,2934.55,2954.38,2921.64,2952.78,647.0703
2024-05-29 16:00:00+00:00,ETH,2952.78,3000.04,2917.46,2969.5,392.0925
2024-05-29 17:00:00+00:00,ETH,2969.5,2989.85,2956.58,2974.48,638.5598
2024-05-29 18:00:00+00:00,ETH,2974.48,2980.5,2966.46,2967.59,465.8104
2024-05-29 19:00:00+00:00,ETH,2967.59,2976.0,2954.95,2958.02,576.7194
2024-05-29 20:00:00+00:00,ETH,2958.02,2970.37,2946.4,2969.85,607.7826
2024-05-29 21:00:00+00:00,ETH,2969.85,3000.66,2960.33,2991.79,423.2304
2024-05-29 22:00:00+00:00,ETH,2991.79,3011.06,2981.25,2988.04,736.7629
2024-05-29 23:00:00+00:00,ETH,2988.04,3000.13,2947.56,2964.97,587.8677
2024-05-30 00:00:00+00:00,ETH,2964.97,2985.26,2956.86,2973.08,614.541
2024-05-30 01:00:00+00:00,ETH,2973.08,2989.73,2928.93,2978.5,427.9853
2024-05-30 02:00:00+00:00,ETH,2978.5,2997.84,2942.29,2980.38,680.5778
2024-05-30 03:00:00+00:00,ETH,2980.38,2988.58,2935.96,2954.27,663.9052
2024-05-30 04:00:00+00:00,ETH,2954.27,2971.3,2919.15,2952.62,367.4007
2024-05-30 05:00:00+00:00,ETH,2952.62,2975.35,2933.62,2972.65,667.8436
2024-05-30 06:00:00+00:00,ETH,2972.65,2975.1,2960.64,2965.01,525.3145
2024-05-30 07:00:00+00:00,ETH,2965.01,2967.45,2955.82,2959.36,543.705
2024-05-30 08:00:00+00:00,ETH,2959.36,2986.48,2949.83,2954.61,536.3112
2024-05-30 09:00:00+00:00,ETH,2954.61,2966.19,2936.05,2955.9,319.1579
2024-05-30 10:00:00+00:00,ETH,2955.9,2980.6,2922.55,2938.65,783.2849
2024-05-30 11:00:00+00:00,ETH,2938.65,2956.37,2920.45,2925.62,412.5946
2024-05-30 12:00:00+00:00,ETH,2925.62,2936.21,2916.66,2923.87,360.8246
2024-05-30 13:00:00+00:00,ETH,2923.87,2967.99,2905.75,2943.43,569.1634
2024-05-30 14:00:00+00:00,ETH,2943.43,2974.77,2939.19,2965.28,883.4768
2024-05-30 15:00:00+00:00,ETH,2965.28,2995.96,2954.71,2960.86,743.4052
2024-05-30 16:00:00+00:00,ETH,2960.86,2962.83,2911.86,2936.91,806.4386
2024-05-30 17:00:00+00:00,ETH,2936.91,2937.47,2901.22,2913.45,619.8425
2024-05-30 18:00:00+00:00,ETH,2913.45,2932.29,2897.78,2907.88,695.952
2024-05-30 19:00:00+00:00,ETH,2907.88,2912.06,2872.64,2877.96,593.6635
2024-05-30 20:00:00+00:00,ETH,2877.96,2891.34,2847.36,2885.89,720.7543
2024-05-30 21:00:00+00:00,ETH,2885.89,2923.62,2876.91,2898.74,486.2012
2024-05-30 22:00:00+00:00,ETH,2898.74,2919.98,2867.16,2907.25,1105.0276
2024-05-30 23:00:00+00:00,ETH,2907.25,2925.11,2889.85,2900.64,711.6398
2024-05-31 00:00:00+00:00,ETH,2900.64,2930.79,2848.95,2894.82,634.2151
2024-05-31 01:00:00+00:00,ETH,2894.82,2946.13,2887.19,2918.45,409.3121
2024-05-31 02:00:00+00:00,ETH,2918.45,2936.76,2892.83,2936.22,732.0084
2024-05-31 03:00:00+00:00,ETH,2936.22,2952.67,2923.42,2938.3,365.4455
2024-05-31 04:00:00+00:00,ETH,2938.3,2974.03,2934.81,2941.95,1010.8557
2024-05-31 05:00:00+00:00,ETH,2941.95,2958.01,2915.85,2937.19,448.8318
2024-05-31 06:00:00+00:00,ETH,2937.19,2945.92,2929.26,2931.69,529.8161
2024-05-31 07:00:00+00:00,ETH,2931.69,2934.09,2893.95,2901.36,371.5286
2024-05-31 08:00:00+00:00,ETH,2901.36,2907.25,2873.56,2881.57,519.0625
2024-05-31 09:00:00+00:00,ETH,2881.57,2922.3,2860.74,2891.07,293.3958
2024-05-31 10:00:00+00:00,ETH,2891.07,2891.49,2857.58,2861.7,593.5628
2024-05-31 11:00:00+00:00,ETH,2861.7,2880.34,2854.74,2879.97,319.4171
2024-05-31 12:00:00+00:00,ETH,2879.97,2932.62,2861.21,2924.51,367.0725
2024-05-31 13:00:00+00:00,ETH,2924.51,2963.96,2901.85,2934.94,608.9527
2024-05-31 14:00:00+00:00,ETH,2934.94,2953.14,2910.44,2939.03,554.5501
2024-05-31 15:00:00+00:00,ETH,2939.03,2963.6,2917.47,2956.03,281.7576
2024-05-31 16:00:00+00:00,ETH,2956.03,2981.29,2920.72,2933.68,562.7027
2024-05-31 17:00:00+00:00,ETH,2933.68,2968.23,2927.99,2957.95,410.3431
2024-05-31 18:00:00+00:00,ETH,2957.95,2961.25,2940.44,2947.37,410.596
2024-05-31 19:00:00+00:00,ETH,2947.37,2961.08,2940.26,2948.13,472.7694
2024-05-31 20:00:00+00:00,ETH,2948.13,2961.54,2937.31,2939.61,387.8642
2024-05-31 21:00:00+00:00,ETH,2939.61,2954.3,2924.14,2926.88,1063.3803
2024-05-31 22:00:00+00:00,ETH,2926.88,2941.74,2895.44,2898.65,617.6926
2024-05-31 23:00:00+00:00,ETH,2898.65,2901.29,2867.87,2890.92,261.9858
2024-06-01 00:00:00+00:00,ETH,2890.92,2893.4,2871.6,2892.56,255.8578
2024-06-01 01:00:00+00:00,ETH,2892.56,2936.17,2878.74,2879.11,539.9851
2024-06-01 02:00:00+00:00,ETH,2879.11,2894.73,2845.85,2867.87,616.6078
2024-06-01 03:00:00+00:00,ETH,2867.87,2873.79,2840.98,2872.81,264.005
2024-06-01 04:00:00+00:00,ETH,2872.81,2884.38,2848.33,2849.01,660.9148
2024-06-01 05:00:00+00:00,ETH,2849.01,2861.7,2802.06,2843.64,605.911
2024-06-01 06:00:00+00:00,ETH,2843.64,2888.88,2842.39,2866.05,612.5381
2024-06-01 07:00:00+00:00,ETH,2866.05,2868.5,2834.06,2852.04,462.5558
2024-06-01 08:00:00+00:00,ETH,2852.04,2883.02,2848.65,2882.9,481.1565
2024-06-01 09:00:00+00:00,ETH,2882.9,2897.0,2838.57,2858.58,220.1274
2024-06-01 10:00:00+00:00,ETH,2858.58,2864.6,2809.19,2823.34,771.4088
2024-06-01 11:00:00+00:00,ETH,2823.34,2848.94,2797.47,2831.34,460.2646
2024-06-01 12:00:00+00:00,ETH,2831.34,2856.52,2825.95,2836.11,616.1826
2024-06-01 13:00:00+00:00,ETH,2836.11,2885.81,2832.65,2867.35,319.6456
2024-06-01 14:00:00+00:00,ETH,2867.35,2888.17,2821.3,2836.04,303.4009
2024-06-01 15:00:00+00:00,ETH,2836.04,2849.77,2825.4,2831.67,538.6125
2024-06-01 16:00:00+00:00,ETH,2831.67,2852.97,2821.77,2827.79,623.8924
2024-06-01 17:00:00+00:00,ETH,2827.79,2858.28,2823.92,2855.89,697.0181
2024-06-01 18:00:00+00:00,ETH,2855.89,2885.7,2833.84,2872.74,855.1252
2024-06-01 19:00:00+00:00,ETH,2872.74,2877.15,2833.02,2863.0,924.9023
2024-06-01 20:00:00+00:00,ETH,2863.0,2933.69,2835.56,2892.83,328.2838
2024-06-01 21:00:00+00:00,ETH,2892.83,2924.8,2847.4,2880.89,408.1804
2024-06-01 22:00:00+00:00,ETH,2880.89,2893.24,2869.46,2889.36,638.2277
2024-06-01 23:00:00+00:00,ETH,2889.36,2911.3,2874.57,2888.15,623.4205
2024-06-02 00:00:00+00:00,ETH,2888.15,2908.84,2876.66,2878.98,420.9275
2024-06-02 01:00:00+00:00,ETH,2878.98,2892.73,2850.12,2874.12,1120.1284
2024-06-02 02:00:00+00:00,ETH,2874.12,2885.75,2864.36,2870.72,422.3423
2024-06-02 03:00:00+00:00,ETH,2870.72,2882.21,2840.9,2854.6,403.3618
2024-06-02 04:00:00+00:00,ETH,2854.6,2855.48,2824.1,2846.64,698.9677
2024-06-02 05:00:00+00:00,ETH,2846.64,2872.53,2842.42,2871.23,668.2505
2024-06-02 06:00:00+00:00,ETH,2871.23,2882.02,2817.38,2859.8,1132.0921
2024-06-02 07:00:00+00:00,ETH,2859.8,2864.17,2856.69,2862.25,501.4187
2024-06-02 08:00:00+00:00,ETH,2862.25,2886.46,2847.96,2879.33,370.6067
2024-06-02 09:00:00+00:00,ETH,2879.33,2881.4,2871.55,2873.55,569.8271
2024-06-02 10:00:00+00:00,ETH,2873.55,2894.15,2863.73,2888.08,577.2719
2024-06-02 11:00:00+00:00,ETH,2888.08,2909.53,2875.53,2903.9,385.2907
2024-06-02 12:00:00+00:00,ETH,2903.9,2906.15,2899.55,2899.69,575.5305
2024-06-02 13:00:00+00:00,ETH,2899.69,2952.23,2896.36,2918.68,454.5388
2024-06-02 14:00:00+00:00,ETH,2918.68,2938.85,2898.91,2936.71,583.6045
2024-06-02 15:00:00+00:00,ETH,2936.71,2988.83,2928.38,2947.7,815.0511
2024-06-02 16:00:00+00:00,ETH,2947.7,2967.03,2938.08,2964.77,492.0617
2024-06-02 17:00:00+00:00,ETH,2964.77,2968.46,2938.86,2961.37,424.1009
2024-06-02 18:00:00+00:00,ETH,2961.37,3010.65,2948.43,2980.08,862.7202
2024-06-02 19:00:00+00:00,ETH,2980.08,3020.29,2976.05,3015.05,741.3
2024-06-02 20:00:00+00:00,ETH,3015.05,3025.1,3008.67,3009.3,394.6536
2024-06-02 21:00:00+00:00,ETH,3009.3,3045.74,3004.84,3021.87,696.8002
2024-06-02 22:00:00+00:00,ETH,3021.87,3054.59,3003.99,3026.41,562.3697
2024-06-02 23:00:00+00:00,ETH,3026.41,3052.25,2991.69,2999.84,408.9144
2024-06-03 00:00:00+00:00,ETH,2999.84,3030.46,2962.1,3027.36,421.9365
2024-06-03 01:00:00+00:00,ETH,3027.36,3033.54,2994.53,3010.87,991.0295
2024-06-03 02:00:00+00:00,ETH,3010.87,3062.33,3008.36,3051.57,437.6969
2024-06-03 03:00:00+00:00,ETH,3051.57,3073.72,3015.13,3019.2,451.3491
2024-06-03 04:00:00+00:00,ETH,3019.2,3032.2,2990.29,3021.56,742.457
2024-06-03 05:00:00+00:00,ETH,3021.56,3057.74,2995.6,3046.5,1362.5666
2024-06-03 06:00:00+00:00,ETH,3046.5,3061.97,3031.41,3055.97,631.5162
2024-06-03 07:00:00+00:00,ETH,3055.97,3085.19,3028.97,3056.84,441.0603
2024-06-03 08:00:00+00:00,ETH,3056.84,3076.31,3039.01,3071.96,533.163
2024-06-03 09:00:00+00:00,ETH,3071.96,3098.19,3070.78,3084.46,559.0457
2024-06-03 10:00:00+00:00,ETH,3084.46,3103.89,3055.75,3060.31,669.7285
2024-06-03 11:00:00+00:00,ETH,3060.31,3077.17,3005.65,3008.49,554.8034
2024-06-03 12:00:00+00:00,ETH,3008.49,3041.62,3003.54,3015.97,509.0951
2024-06-03 13:00:00+00:00,ETH,3015.97,3032.32,2993.12,3013.02,405.915
2024-06-03 14:00:00+00:00,ETH,3013.02,3014.25,2995.94,3010.55,451.3775
2024-06-03 15:00:00+00:00,ETH,3010.55,3026.83,3008.26,3022.76,484.7858
2024-06-03 16:00:00+00:00,ETH,3022.76,3056.98,3012.96,3051.37,597.1989
2024-06-03 17:00:00+00:00,ETH,3051.37,3076.71,3031.35,3066.56,326.8882
2024-06-03 18:00:00+00:00,ETH,3066.56,3079.25,3036.83,3044.85,438.2788
2024-06-03 19:00:00+00:00,ETH,3044.85,3062.72,3043.59,3047.97,261.7193
2024-06-03 20:00:00+00:00,ETH,3047.97,3081.86,3033.44,3055.53,559.3884
2024-06-03 21:00:00+00:00,ETH,3055.53,3067.61,3051.59,3055.07,517.1348
2024-06-03 22:00:00+00:00,ETH,3055.07,3066.56,3015.57,3035.06,467.0114
2024-06-03 23:00:00+00:00,ETH,3035.06,3073.2,3022.4,3050.99,674.2614
2024-06-04 00:00:00+00:00,ETH,3050.99,3063.41,3025.99,3040.35,645.9847
2024-06-04 01:00:00+00:00,ETH,3040.35,3040.69,3019.09,3032.6,588.3518
2024-06-04 02:00:00+00:00,ETH,3032.6,3075.51,3030.68,3040.0,539.8626
2024-06-04 03:00:00+00:00,ETH,3040.0,3069.18,3017.54,3055.76,627.9221
2024-06-04 04:00:00+00:00,ETH,3055.76,3066.88,3038.85,3047.61,624.6036
2024-06-04 05:00:00+00:00,ETH,3047.61,3100.12,3036.47,3054.12,640.8997
2024-06-04 06:00:00+00:00,ETH,3054.12,3072.25,3041.2,3056.62,504.3972
2024-06-04 07:00:00+00:00,ETH,3056.62,3084.99,3046.68,3072.05,1107.3746
2024-06-04 08:00:00+00:00,ETH,3072.05,3095.3,3049.0,3053.22,376.4449
2024-06-04 09:00:00+00:00,ETH,3053.22,3055.57,3025.61,3029.32,787.8228
2024-06-04 10:00:00+00:00,ETH,3029.32,3031.08,2996.39,3015.31,300.332
2024-06-04 11:00:00+00:00,ETH,3015.31,3031.98,2991.96,3013.74,895.669
2024-06-04 12:00:00+00:00,ETH,3013.74,3046.94,2987.99,3010.79,899.1399
2024-06-04 13:00:00+00:00,ETH,3010.79,3013.05,2988.3,2988.43,402.9293
2024-06-04 14:00:00+00:00,ETH,2988.43,3009.68,2987.86,3006.57,412.1512
2024-06-04 15:00:00+00:00,ETH,3006.57,3013.81,2957.42,2977.14,710.4557
2024-06-04 16:00:00+00:00,ETH,2977.14,2997.07,2948.17,2951.91,436.7932
2024-06-04 17:00:00+00:00,ETH,2951.91,2998.85,2924.57,2932.82,898.5062
2024-06-04 18:00:00+00:00,ETH,2932.82,2963.45,2932.04,2946.32,362.2432
2024-06-04 19:00:00+00:00,ETH,2946.32,2954.21,2915.57,2927.61,333.1994
2024-06-04 20:00:00+00:00,ETH,2927.61,2942.71,2916.01,2924.44,847.3841
2024-06-04 21:00:00+00:00,ETH,2924.44,2936.34,2885.45,2895.3,752.9478
2024-06-04 22:00:00+00:00,ETH,2895.3,2917.84,2875.99,2896.15,504.0103
2024-06-04 23:00:00+00:00,ETH,2896.15,2922.55,2847.35,2874.78,179.4867
2024-06-05 00:00:00+00:00,ETH,2874.78,2905.35,2865.15,2894.38,958.1215
2024-06-05 01:00:00+00:00,ETH,2894.38,2926.25,2873.33,2912.11,265.6391
2024-06-05 02:00:00+00:00,ETH,2912.11,2972.21,2908.02,2943.48,340.159
2024-06-05 03:00:00+00:00,ETH,2943.48,2953.68,2901.2,2939.56,461.4074
2024-06-05 04:00:00+00:00,ETH,2939.56,2954.25,2915.93,2922.32,205.9282
2024-06-05 05:00:00+00:00,ETH,2922.32,2928.11,2891.92,2898.79,953.5156
2024-06-05 06:00:00+00:00,ETH,2898.79,2936.85,2885.84,2931.7,442.1457
2024-06-05 07:00:00+00:00,ETH,2931.7,2945.63,2905.36,2943.15,408.4589
2024-06-05 08:00:00+00:00,ETH,2943.15,2945.31,2894.25,2925.42,385.5708
2024-06-05 09:00:00+00:00,ETH,2925.42,2925.94,2905.76,2918.59,418.7805
2024-06-05 10:00:00+00:00,ETH,2918.59,2926.51,2904.42,2924.69,719.6344
2024-06-05 11:00:00+00:00,ETH,2924.69,2936.35,2901.14,2917.21,320.7202
2024-06-05 12:00:00+00:00,ETH,2917.21,2951.81,2879.58,2941.67,326.9553
2024-06-05 13:00:00+00:00,ETH,2941.67,2982.76,2930.64,2966.14,654.6817
2024-06-05 14:00:00+00:00,ETH,2966.14,2969.84,2935.63,2936.66,448.7836
2024-06-05 15:00:00+00:00,ETH,2936.66,2991.87,2935.15,2963.3,330.2217
2024-06-05 16:00:00+00:00,ETH,2963.3,3011.38,2926.74,2976.75,409.7182
2024-06-05 17:00:00+00:00,ETH,2976.75,2976.92,2911.05,2960.55,574.327
2024-06-05 18:00:00+00:00,ETH,2960.55,2964.22,2952.34,2955.22,497.1536
2024-06-05 19:00:00+00:00,ETH,2955.22,2960.63,2909.22,2929.32,651.5236
2024-06-05 20:00:00+00:00,ETH,2929.32,2960.6,2909.45,2928.18,586.5509
2024-06-05 21:00:00+00:00,ETH,2928.18,2946.36,2896.28,2912.46,376.5903
2024-06-05 22:00:00+00:00,ETH,2912.46,2921.15,2851.74,2902.15,283.4441
2024-06-05 23:00:00+00:00,ETH,2902.15,2915.91,2881.01,2894.35,404.0428
2024-06-06 00:00:00+00:00,ETH,2894.35,2934.58,2867.61,2881.56,483.9193
2024-06-06 01:00:00+00:00,ETH,2881.56,2897.21,2880.45,2892.58,265.886
2024-06-06 02:00:00+00:00,ETH,2892.58,2895.57,2853.52,2861.56,640.637
2024-06-06 03:00:00+00:00,ETH,2861.56,2881.16,2828.74,2874.3,464.6777
2024-06-06 04:00:00+00:00,ETH,2874.3,2900.69,2867.88,2876.2,555.6468
2024-06-06 05:00:00+00:00,ETH,2876.2,2889.53,2858.43,2866.64,389.0488
2024-06-06 06:00:00+00:00,ETH,2866.64,2875.51,2836.37,2843.87,470.0803
2024-06-06 07:00:00+00:00,ETH,2843.87,2847.57,2779.74,2797.44,380.9148
2024-06-06 08:00:00+00:00,ETH,2797.44,2825.54,2771.6,2819.52,354.6203
2024-06-06 09:00:00+00:00,ETH,2819.52,2851.7,2778.67,2793.07,520.4801
2024-06-06 10:00:00+00:00,ETH,2793.07,2805.7,2786.35,2802.07,370.8182
2024-06-06 11:00:00+00:00,ETH,2802.07,2803.94,2778.77,2784.82,603.0876
2024-06-06 12:00:00+00:00,ETH,2784.82,2795.9,2783.38,2788.85,699.3247
2024-06-06 13:00:00+00:00,ETH,2788.85,2828.75,2743.13,2763.6,411.8805
2024-06-06 14:00:00+00:00,ETH,2763.6,2778.62,2728.27,2770.72,292.2704
2024-06-06 15:00:00+00:00,ETH,2770.72,2773.27,2747.36,2749.45,385.1745
2024-06-06 16:00:00+00:00,ETH,2749.45,2761.64,2749.22,2761.37,1141.7286
2024-06-06 17:00:00+00:00,ETH,2761.37,2779.37,2754.49,2767.12,404.016
2024-06-06 18:00:00+00:00,ETH,2767.12,2771.88,2706.62,2716.48,1099.4977
2024-06-06 19:00:00+00:00,ETH,2716.48,2736.59,2676.58,2698.27,1087.9801
2024-06-06 20:00:00+00:00,ETH,2698.27,2747.28,2697.21,2741.3,981.7064
2024-06-06 21:00:00+00:00,ETH,2741.3,2786.44,2735.87,2753.82,540.5095
2024-06-06 22:00:00+00:00,ETH,2753.82,2780.74,2746.39,2777.95,478.3264
2024-06-06 23:00:00+00:00,ETH,2777.95,2789.99,2767.13,2768.61,613.9184
2024-06-07 00:00:00+00:00,ETH,2768.61,2770.13,2732.99,2746.57,457.0988
2024-06-07 01:00:00+00:00,ETH,2746.57,2762.88,2701.33,2723.96,417.3866
2024-06-07 02:00:00+00:00,ETH,2723.96,2741.2,2704.09,2717.15,856.7549
2024-06-07 03:00:00+00:00,ETH,2717.15,2733.07,2689.25,2704.9,303.3922
2024-06-07 04:00:00+00:00,ETH,2704.9,2730.79,2702.42,2706.94,962.9806
2024-06-07 05:00:00+00:00,ETH,2706.94,2722.62,2683.36,2686.44,288.0287
2024-06-07 06:00:00+00:00,ETH,2686.44,2697.32,2670.02,2693.24,835.2317
2024-06-07 07:00:00+00:00,ETH,2693.24,2706.8,2637.65,2667.8,389.4702
2024-06-07 08:00:00+00:00,ETH,2667.8,2694.01,2636.98,2651.59,500.0672
2024-06-07 09:00:00+00:00,ETH,2651.59,2667.27,2644.46,2657.76,627.1234
2024-06-07 10:00:00+00:00,ETH,2657.76,2679.42,2649.86,2677.46,661.4551
2024-06-07 11:00:00+00:00,ETH,2677.46,2728.05,2663.07,2697.03,508.0138
2024-06-07 12:00:00+00:00,ETH,2697.03,2708.38,2680.55,2700.06,314.3944
2024-06-07 13:00:00+00:00,ETH,2700.06,2726.95,2688.02,2709.02,589.7159
2024-06-07 14:00:00+00:00,ETH,2709.02,2715.61,2680.15,2684.67,1084.0995
2024-06-07 15:00:00+00:00,ETH,2684.67,2717.83,2659.17,2698.15,406.1142
2024-06-07 16:00:00+00:00,ETH,2698.15,2715.52,2692.72,2706.39,972.5568
2024-06-07 17:00:00+00:00,ETH,2706.39,2710.31,2676.62,2701.09,655.2928
2024-06-07 18:00:00+00:00,ETH,2701.09,2718.45,2681.04,2715.97,768.3821
2024-06-07 19:00:00+00:00,ETH,2715.97,2722.83,2713.29,2720.21,309.5623
2024-06-07 20:00:00+00:00,ETH,2720.21,2721.09,2709.54,2720.14,232.8978
2024-06-07 21:00:00+00:00,ETH,2720.14,2721.54,2698.43,2716.37,659.3549
2024-06-07 22:00:00+00:00,ETH,2716.37,2741.02,2700.72,2713.97,635.353
2024-06-07 23:00:00+00:00,ETH,2713.97,2718.72,2693.92,2717.55,306.1077
2024-06-08 00:00:00+00:00,ETH,2717.55,2738.0,2639.88,2681.79,619.9988
2024-06-08 01:00:00+00:00,ETH,2681.79,2695.89,2673.71,2691.46,699.0481
2024-06-08 02:00:00+00:00,ETH,2691.46,2722.22,2664.56,2711.26,523.0248
2024-06-08 03:00:00+00:00,ETH,2711.26,2711.26,2675.17,2690.42,800.9237
2024-06-08 04:00:00+00:00,ETH,2690.42,2707.49,2665.54,2671.45,535.0891
2024-06-08 05:00:00+00:00,ETH,2671.45,2676.86,2661.22,2669.73,623.0194
2024-06-08 06:00:00+00:00,ETH,2669.73,2700.87,2663.03,2691.72,733.7196
2024-06-08 07:00:00+00:00,ETH,2691.72,2711.82,2668.49,2689.46,618.8642
2024-06-08 08:00:00+00:00,ETH,2689.46,2702.68,2679.88,2680.28,338.931
2024-06-08 09:00:00+00:00,ETH,2680.28,2713.37,2651.98,2665.46,325.9897
2024-06-08 10:00:00+00:00,ETH,2665.46,2711.93,2664.3,2704.97,510.4131
2024-06-08 11:00:00+00:00,ETH,2704.97,2749.65,2667.15,2726.52,502.6076
2024-06-08 12:00:00+00:00,ETH,2726.52,2733.79,2716.68,2719.03,399.3286
2024-06-08 13:00:00+00:00,ETH,2719.03,2779.06,2716.04,2755.47,404.6373
2024-06-08 14:00:00+00:00,ETH,2755.47,2763.67,2752.44,2760.08,305.2681
2024-06-08 15:00:00+00:00,ETH,2760.08,2760.85,2703.25,2734.2,379.0073
2024-06-08 16:00:00+00:00,ETH,2734.2,2734.87,2708.9,2717.7,619.8181
2024-06-08 17:00:00+00:00,ETH,2717.7,2726.38,2704.48,2716.99,660.8015
2024-06-08 18:00:00+00:00,ETH,2716.99,2727.59,2662.95,2688.67,559.0553
2024-06-08 19:00:00+00:00,ETH,2688.67,2689.44,2663.9,2666.31,545.2486
2024-06-08 20:00:00+00:00,ETH,2666.31,2684.21,2656.09,2662.86,473.6117
2024-06-08 21:00:00+00:00,ETH,2662.86,2681.18,2646.83,2668.18,444.3128
2024-06-08 22:00:00+00:00,ETH,2668.18,2688.31,2646.28,2662.64,467.8032
2024-06-08 23:00:00+00:00,ETH,2662.64,2691.91,2655.36,2684.18,940.0733
2024-06-09 00:00:00+00:00,ETH,2684.18,2702.68,2667.08,2675.58,143.6782
2024-06-09 01:00:00+00:00,ETH,2675.58,2677.67,2670.78,2671.38,447.5301
2024-06-09 02:00:00+00:00,ETH,2671.38,2702.28,2656.19,2668.44,896.7152
2024-06-09 03:00:00+00:00,ETH,2668.44,2669.74,2645.69,2651.42,494.1039
2024-06-09 04:00:00+00:00,ETH,2651.42,2673.26,2637.4,2656.96,797.9651
2024-06-09 05:00:00+00:00,ETH,2656.96,2673.18,2645.13,2651.66,649.1907
2024-06-09 06:00:00+00:00,ETH,2651.66,2675.79,2640.95,2667.43,817.3814
2024-06-09 07:00:00+00:00,ETH,2667.43,2677.22,2626.63,2644.35,288.9254
2024-06-09 08:00:00+00:00,ETH,2644.35,2653.04,2628.23,2636.68,489.6274
2024-06-09 09:00:00+00:00,ETH,2636.68,2640.89,2580.73,2610.12,557.5201
2024-06-09 10:00:00+00:00,ETH,2610.12,2611.04,2574.54,2589.07,403.647
2024-06-09 11:00:00+00:00,ETH,2589.07,2592.81,2556.43,2582.03,744.0886
2024-06-09 12:00:00+00:00,ETH,2582.03,2615.98,2538.84,2568.04,282.8478
2024-06-09 13:00:00+00:00,ETH,2568.04,2589.69,2551.98,2583.12,754.2396
2024-06-09 14:00:00+00:00,ETH,2583.12,2614.49,2571.6,2603.17,486.2486
2024-06-09 15:00:00+00:00,ETH,2603.17,2606.04,2584.11,2591.26,766.7903
2024-06-09 16:00:00+00:00,ETH,2591.26,2601.59,2578.85,2588.32,498.9459
2024-06-09 17:00:00+00:00,ETH,2588.32,2608.28,2586.34,2589.05,543.8268
2024-06-09 18:00:00+00:00,ETH,2589.05,2597.48,2562.41,2590.47,537.9653
2024-06-09 19:00:00+00:00,ETH,2590.47,2605.84,2572.54,2584.97,438.2816
2024-06-09 20:00:00+00:00,ETH,2584.97,2610.58,2564.24,2609.49,364.4441
2024-06-09 21:00:00+00:00,ETH,2609.49,2624.93,2597.86,2602.6,749.8964
2024-06-09 22:00:00+00:00,ETH,2602.6,2621.85,2602.08,2611.81,535.86
2024-06-09 23:00:00+00:00,ETH,2611.81,2648.75,2589.0,2601.58,613.9209
2024-06-10 00:00:00+00:00,ETH,2601.58,2611.82,2593.43,2606.32,755.5326
2024-06-10 01:00:00+00:00,ETH,2606.32,2623.02,2593.35,2620.93,1316.5852
2024-06-10 02:00:00+00:00,ETH,2620.93,2636.71,2580.69,2617.69,441.5274
2024-06-10 03:00:00+00:00,ETH,2617.69,2658.09,2614.67,2636.43,573.7587
2024-06-10 04:00:00+00:00,ETH,2636.43,2649.34,2619.15,2631.92,430.2008
2024-06-10 05:00:00+00:00,ETH,2631.92,2650.55,2629.7,2634.74,611.1188
2024-06-10 06:00:00+00:00,ETH,2634.74,2648.12,2624.28,2636.33,654.7309
2024-06-10 07:00:00+00:00,ETH,2636.33,2676.27,2629.28,2653.18,262.7768
2024-06-10 08:00:00+00:00,ETH,2653.18,2656.54,2628.06,2636.62,571.8066
2024-06-10 09:00:00+00:00,ETH,2636.62,2639.18,2608.52,2623.55,622.5156
2024-06-10 10:00:00+00:00,ETH,2623.55,2646.35,2595.3,2609.32,762.3361
2024-06-10 11:00:00+00:00,ETH,2609.32,2629.13,2589.3,2597.57,465.4064
2024-06-10 12:00:00+00:00,ETH,2597.57,2603.77,2559.37,2585.28,457.0068
2024-06-10 13:00:00+00:00,ETH,2585.28,2597.08,2549.06,2566.15,539.7719
2024-06-10 14:00:00+00:00,ETH,2566.15,2571.06,2548.13,2560.19,304.3908
2024-06-10 15:00:00+00:00,ETH,2560.19,2581.66,2552.41,2572.4,519.9102
2024-06-10 16:00:00+00:00,ETH,2572.4,2594.48,2526.73,2576.54,600.9797
2024-06-10 17:00:00+00:00,ETH,2576.54,2615.85,2568.78,2604.97,303.3421
2024-06-10 18:00:00+00:00,ETH,2604.97,2628.25,2584.69,2592.48,411.9005
2024-06-10 19:00:00+00:00,ETH,2592.48,2593.46,2552.4,2571.37,1133.7473
2024-06-10 20:00:00+00:00,ETH,2571.37,2575.25,2522.85,2557.03,860.5008
2024-06-10 21:00:00+00:00,ETH,2557.03,2569.3,2543.76,2546.98,402.751
2024-06-10 22:00:00+00:00,ETH,2546.98,2557.99,2540.76,2543.63,695.1526
2024-06-10 23:00:00+00:00,ETH,2543.63,2546.51,2506.41,2544.25,436.8613
2024-06-11 00:00:00+00:00,ETH,2544.25,2554.38,2532.55,2533.02,595.917
2024-06-11 01:00:00+00:00,ETH,2533.02,2580.09,2525.98,2567.83,364.902
2024-06-11 02:00:00+00:00,ETH,2567.83,2591.29,2558.26,2587.67,359.6109
2024-06-11 03:00:00+00:00,ETH,2587.67,2594.48,2577.55,2583.94,546.5162
2024-06-11 04:00:00+00:00,ETH,2583.94,2585.34,2569.6,2569.94,718.4394
2024-06-11 05:00:00+00:00,ETH,2569.94,2586.2,2558.41,2561.03,656.6078
2024-06-11 06:00:00+00:00,ETH,2561.03,2590.84,2544.23,2574.1,406.6053
2024-06-11 07:00:00+00:00,ETH,2574.1,2586.27,2554.02,2578.38,389.1274
2024-06-11 08:00:00+00:00,ETH,2578.38,2583.02,2557.15,2561.77,365.5388
2024-06-11 09:00:00+00:00,ETH,2561.77,2568.35,2527.11,2550.95,1136.205
2024-06-11 10:00:00+00:00,ETH,2550.95,2563.26,2517.96,2534.7,430.151
2024-06-11 11:00:00+00:00,ETH,2534.7,2573.18,2531.33,2542.26,1069.5958
2024-06-11 12:00:00+00:00,ETH,2542.26,2574.49,2517.0,2566.65,288.5327
2024-06-11 13:00:00+00:00,ETH,2566.65,2587.97,2559.09,2586.3,451.5666
2024-06-11 14:00:00+00:00,ETH,2586.3,2597.38,2575.58,2578.35,673.3222
2024-06-11 15:00:00+00:00,ETH,2578.35,2587.76,2577.14,2582.88,996.7216
2024-06-11 16:00:00+00:00,ETH,2582.88,2597.78,2552.56,2567.95,742.6261
2024-06-11 17:00:00+00:00,ETH,2567.95,2595.3,2558.73,2573.92,436.3045
2024-06-11 18:00:00+00:00,ETH,2573.92,2596.28,2570.48,2582.96,343.1841
2024-06-11 19:00:00+00:00,ETH,2582.96,2600.1,2537.19,2549.36,473.967
2024-06-11 20:00:00+00:00,ETH,2549.36,2574.66,2518.52,2543.38,488.179
2024-06-11 21:00:00+00:00,ETH,2543.38,2587.24,2524.5,2533.98,407.0533
2024-06-11 22:00:00+00:00,ETH,2533.98,2588.87,2506.09,2521.21,601.0529
2024-06-11 23:00:00+00:00,ETH,2521.21,2551.52,2479.86,2507.96,436.9494
2024-06-12 00:00:00+00:00,ETH,2507.96,2543.26,2507.31,2541.28,360.2943
2024-06-12 01:00:00+00:00,ETH,2541.28,2554.09,2533.78,2543.36,726.2304
2024-06-12 02:00:00+00:00,ETH,2543.36,2545.88,2525.8,2535.4,826.2208
2024-06-12 03:00:00+00:00,ETH,2535.4,2546.44,2514.69,2523.52,746.5803
2024-06-12 04:00:00+00:00,ETH,2523.52,2528.12,2503.35,2516.3,692.3075
2024-06-12 05:00:00+00:00,ETH,2516.3,2543.09,2471.24,2502.99,490.9227
2024-06-12 06:00:00+00:00,ETH,2502.99,2534.35,2499.47,2503.1,589.8224
2024-06-12 07:00:00+00:00,ETH,2503.1,2516.34,2452.12,2483.74,614.0776
2024-06-12 08:00:00+00:00,ETH,2483.74,2492.21,2469.43,2476.1,346.0953
2024-06-12 09:00:00+00:00,ETH,2476.1,2507.6,2472.41,2485.74,510.8327
2024-06-12 10:00:00+00:00,ETH,2485.74,2542.97,2477.4,2497.59,669.3147
2024-06-12 11:00:00+00:00,ETH,2497.59,2516.85,2465.58,2466.66,382.9781
2024-06-12 12:00:00+00:00,ETH,2466.66,2492.63,2452.53,2475.89,378.2663
2024-06-12 13:00:00+00:00,ETH,2475.89,2498.82,2453.29,2465.06,537.2384
2024-06-12 14:00:00+00:00,ETH,2465.06,2502.45,2445.12,2481.39,655.3762
2024-06-12 15:00:00+00:00,ETH,2481.39,2492.29,2454.97,2464.93,368.2406
2024-06-12 16:00:00+00:00,ETH,2464.93,2470.4,2458.18,2459.65,1121.2452
2024-06-12 17:00:00+00:00,ETH,2459.65,2469.66,2448.65,2460.8,449.2235
2024-06-12 18:00:00+00:00,ETH,2460.8,2485.19,2428.02,2472.79,452.4907
2024-06-12 19:00:00+00:00,ETH,2472.79,2510.4,2435.25,2485.17,572.1052
2024-06-12 20:00:00+00:00,ETH,2485.17,2491.1,2467.54,2473.06,600.0949
2024-06-12 21:00:00+00:00,ETH,2473.06,2506.19,2439.73,2461.11,418.1445
2024-06-12 22:00:00+00:00,ETH,2461.11,2485.91,2415.7,2476.93,452.5987
2024-06-12 23:00:00+00:00,ETH,2476.93,2513.74,2466.35,2467.48,278.4331
2024-06-13 00:00:00+00:00,ETH,2467.48,2513.94,2443.86,2493.2,449.1816
2024-06-13 01:00:00+00:00,ETH,2493.2,2532.15,2492.97,2502.5,725.1189
2024-06-13 02:00:00+00:00,ETH,2502.5,2534.86,2482.55,2485.65,638.4767
2024-06-13 03:00:00+00:00,ETH,2485.65,2511.65,2483.7,2498.78,492.0983
2024-06-13 04:00:00+00:00,ETH,2498.78,2522.97,2477.76,2503.09,322.5068
2024-06-13 05:00:00+00:00,ETH,2503.09,2514.42,2487.81,2500.75,508.2774
2024-06-13 06:00:00+00:00,ETH,2500.75,2508.64,2481.07,2494.74,627.3855
2024-06-13 07:00:00+00:00,ETH,2494.74,2536.84,2492.41,2506.15,585.6828
2024-06-13 08:00:00+00:00,ETH,2506.15,2532.68,2460.59,2493.53,1066.0011
2024-06-13 09:00:00+00:00,ETH,2493.53,2510.22,2470.41,2481.97,659.8024
2024-06-13 10:00:00+00:00,ETH,2481.97,2506.12,2451.49,2472.51,405.7953
2024-06-13 11:00:00+00:00,ETH,2472.51,2483.6,2457.52,2464.81,406.6559
2024-06-13 12:00:00+00:00,ETH,2464.81,2472.46,2434.15,2467.51,531.9019
2024-06-13 13:00:00+00:00,ETH,2467.51,2483.87,2460.64,2471.71,404.876
2024-06-13 14:00:00+00:00,ETH,2471.71,2511.55,2440.61,2482.71,253.9781
2024-06-13 15:00:00+00:00,ETH,2482.71,2520.43,2464.5,2514.01,642.9187
2024-06-13 16:00:00+00:00,ETH,2514.01,2527.88,2485.62,2524.44,395.1293
2024-06-13 17:00:00+00:00,ETH,2524.44,2538.17,2512.96,2517.58,357.6467
2024-06-13 18:00:00+00:00,ETH,2517.58,2543.64,2481.94,2520.46,286.2574
2024-06-13 19:00:00+00:00,ETH,2520.46,2533.08,2499.85,2520.14,566.357
2024-06-13 20:00:00+00:00,ETH,2520.14,2536.58,2490.57,2500.9,599.943
2024-06-13 21:00:00+00:00,ETH,2500.9,2520.43,2500.15,2505.72,370.4712
2024-06-13 22:00:00+00:00,ETH,2505.72,2527.06,2485.97,2488.08,570.7222
2024-06-13 23:00:00+00:00,ETH,2488.08,2494.1,2472.77,2491.06,703.4185
2024-06-14 00:00:00+00:00,ETH,2491.06,2501.06,2485.02,2486.61,369.2021
2024-06-14 01:00:00+00:00,ETH,2486.61,2488.2,2458.73,2463.7,386.2435
2024-06-14 02:00:00+00:00,ETH,2463.7,2499.65,2457.68,2474.81,701.0136
2024-06-14 03:00:00+00:00,ETH,2474.81,2489.11,2454.11,2482.55,625.1708
2024-06-14 04:00:00+00:00,ETH,2482.55,2536.03,2476.53,2498.53,302.8214
2024-06-14 05:00:00+00:00,ETH,2498.53,2501.39,2470.4,2486.49,757.2928
2024-06-14 06:00:00+00:00,ETH,2486.49,2525.14,2478.03,2484.47,386.5005
2024-06-14 07:00:00+00:00,ETH,2484.47,2510.31,2470.2,2492.06,658.3074
2024-06-14 08:00:00+00:00,ETH,2492.06,2528.06,2484.62,2525.55,548.185
2024-06-14 09:00:00+00:00,ETH,2525.55,2528.33,2515.37,2525.93,744.4847
2024-06-14 10:00:00+00:00,ETH,2525.93,2548.64,2506.47,2519.07,461.1438
2024-06-14 11:00:00+00:00,ETH,2519.07,2539.93,2488.28,2507.09,426.7937
2024-06-14 12:00:00+00:00,ETH,2507.09,2538.98,2500.22,2527.82,386.6511
2024-06-14 13:00:00+00:00,ETH,2527.82,2563.93,2526.9,2545.6,564.4691
2024-06-14 14:00:00+00:00,ETH,2545.6,2577.4,2512.44,2541.68,697.9789
2024-06-14 15:00:00+00:00,ETH,2541.68,2550.86,2525.26,2546.9,290.6266
2024-06-14 16:00:00+00:00,ETH,2546.9,2583.29,2538.2,2571.28,582.8027
2024-06-14 17:00:00+00:00,ETH,2571.28,2594.34,2571.23,2580.22,774.2889
2024-06-14 18:00:00+00:00,ETH,2580.22,2581.35,2567.35,2569.35,350.6755
2024-06-14 19:00:00+00:00,ETH,2569.35,2574.59,2555.34,2565.19,344.2184
2024-06-14 20:00:00+00:00,ETH,2565.19,2587.01,2552.8,2569.26,458.3056
2024-06-14 21:00:00+00:00,ETH,2569.26,2606.74,2564.25,2599.45,698.3207
2024-06-14 22:00:00+00:00,ETH,2599.45,2616.11,2564.31,2574.48,480.2921
2024-06-14 23:00:00+00:00,ETH,2574.48,2609.34,2572.67,2582.21,655.8879
2024-06-15 00:00:00+00:00,ETH,2582.21,2598.99,2578.11,2583.2,568.6617
2024-06-15 01:00:00+00:00,ETH,2583.2,2632.13,2579.43,2614.33,416.5275
2024-06-15 02:00:00+00:00,ETH,2614.33,2645.88,2614.01,2626.26,501.4487
2024-06-15 03:00:00+00:00,ETH,2626.26,2631.43,2612.34,2624.97,456.1039
2024-06-15 04:00:00+00:00,ETH,2624.97,2647.22,2623.63,2624.22,353.1477
2024-06-15 05:00:00+00:00,ETH,2624.22,2631.0,2581.49,2622.59,923.0919
2024-06-15 06:00:00+00:00,ETH,2622.59,2634.15,2615.7,2629.48,636.8002
2024-06-15 07:00:00+00:00,ETH,2629.48,2668.32,2629.06,2639.81,392.665
2024-06-15 08:00:00+00:00,ETH,2639.81,2648.27,2619.6,2624.78,502.7925
2024-06-15 09:00:00+00:00,ETH,2624.78,2636.71,2610.5,2616.09,820.7594
2024-06-15 10:00:00+00:00,ETH,2616.09,2642.34,2602.7,2621.54,295.0862
2024-06-15 11:00:00+00:00,ETH,2621.54,2642.08,2616.29,2624.5,453.3139
2024-06-15 12:00:00+00:00,ETH,2624.5,2632.34,2605.79,2617.99,749.6396
2024-06-15 13:00:00+00:00,ETH,2617.99,2625.63,2569.14,2587.47,494.8601
2024-06-15 14:00:00+00:00,ETH,2587.47,2594.59,2568.43,2574.06,379.179
2024-06-15 15:00:00+00:00,ETH,2574.06,2606.67,2551.28,2568.28,1015.085
2024-06-15 16:00:00+00:00,ETH,2568.28,2576.55,2560.11,2561.41,296.9624
2024-06-15 17:00:00+00:00,ETH,2561.41,2589.19,2559.64,2578.37,724.2656
2024-06-15 18:00:00+00:00,ETH,2578.37,2608.37,2555.33,2571.4,317.8517
2024-06-15 19:00:00+00:00,ETH,2571.4,2577.73,2554.26,2563.09,407.8993
2024-06-15 20:00:00+00:00,ETH,2563.09,2575.93,2547.61,2575.47,509.8806
2024-06-15 21:00:00+00:00,ETH,2575.47,2589.57,2571.49,2587.22,436.6692
2024-06-15 22:00:00+00:00,ETH,2587.22,2594.68,2556.31,2567.45,288.3088
2024-06-15 23:00:00+00:00,ETH,2567.45,2587.37,2562.38,2583.58,430.6884
2024-06-16 00:00:00+00:00,ETH,2583.58,2617.75,2557.13,2596.92,317.5815
2024-06-16 01:00:00+00:00,ETH,2596.92,2598.09,2583.54,2587.04,408.0858
2024-06-16 02:00:00+00:00,ETH,2587.04,2597.03,2533.72,2567.91,518.0299
2024-06-16 03:00:00+00:00,ETH,2567.91,2620.63,2558.32,2579.16,332.3012
2024-06-16 04:00:00+00:00,ETH,2579.16,2599.15,2552.36,2575.69,509.0418
2024-06-16 05:00:00+00:00,ETH,2575.69,2588.81,2562.31,2565.29,460.9097
2024-06-16 06:00:00+00:00,ETH,2565.29,2575.62,2524.82,2560.18,303.6118
2024-06-16 07:00:00+00:00,ETH,2560.18,2569.22,2519.58,2538.76,690.6918
2024-06-16 08:00:00+00:00,ETH,2538.76,2552.58,2535.32,2541.94,457.2236
2024-06-16 09:00:00+00:00,ETH,2541.94,2574.97,2522.93,2553.62,693.8006
2024-06-16 10:00:00+00:00,ETH,2553.62,2582.86,2551.49,2557.0,453.6708
2024-06-16 11:00:00+00:00,ETH,2557.0,2570.92,2525.42,2562.48,533.0155
2024-06-16 12:00:00+00:00,ETH,2562.48,2575.92,2554.51,2556.73,360.768
2024-06-16 13:00:00+00:00,ETH,2556.73,2567.82,2552.25,2562.43,389.6821
2024-06-16 14:00:00+00:00,ETH,2562.43,2580.67,2561.0,2577.6,679.519
2024-06-16 15:00:00+00:00,ETH,2577.6,2582.47,2539.44,2556.8,461.5291
2024-06-16 16:00:00+00:00,ETH,2556.8,2570.1,2527.39,2536.47,1638.4789
2024-06-16 17:00:00+00:00,ETH,2536.47,2555.42,2516.41,2538.66,564.5821
2024-06-16 18:00:00+00:00,ETH,2538.66,2542.54,2520.56,2535.21,487.1232
2024-06-16 19:00:00+00:00,ETH,2535.21,2549.27,2516.48,2520.96,206.7184
2024-06-16 20:00:00+00:00,ETH,2520.96,2536.5,2518.71,2534.34,386.3289
2024-06-16 21:00:00+00:00,ETH,2534.34,2574.16,2515.09,2538.96,652.7658
2024-06-16 22:00:00+00:00,ETH,2538.96,2547.26,2529.22,2530.74,563.3074
2024-06-16 23:00:00+00:00,ETH,2530.74,2565.72,2522.08,2550.46,615.4771
2024-06-17 00:00:00+00:00,ETH,2550.46,2559.42,2521.87,2535.91,574.2601
2024-06-17 01:00:00+00:00,ETH,2535.91,2549.78,2490.46,2506.04,769.4676
2024-06-17 02:00:00+00:00,ETH,2506.04,2516.81,2455.37,2486.46,500.4543
2024-06-17 03:00:00+00:00,ETH,2486.46,2497.52,2475.07,2478.11,273.8177
2024-06-17 04:00:00+00:00,ETH,2478.11,2483.99,2462.61,2479.94,514.1041
2024-06-17 05:00:00+00:00,ETH,2479.94,2488.05,2447.26,2487.76,787.7673
2024-06-17 06:00:00+00:00,ETH,2487.76,2496.48,2457.02,2477.88,575.1571
2024-06-17 07:00:00+00:00,ETH,2477.88,2496.56,2472.13,2487.53,665.2205
2024-06-17 08:00:00+00:00,ETH,2487.53,2502.53,2487.21,2495.02,404.5608
2024-06-17 09:00:00+00:00,ETH,2495.02,2509.01,2478.85,2483.81,280.7203
2024-06-17 10:00:00+00:00,ETH,2483.81,2535.16,2439.19,2510.23,325.3041
2024-06-17 11:00:00+00:00,ETH,2510.23,2544.84,2503.68,2533.96,618.3796
2024-06-17 12:00:00+00:00,ETH,2533.96,2538.27,2521.83,2532.1,415.6799
2024-06-17 13:00:00+00:00,ETH,2532.1,2550.88,2522.0,2544.72,662.1264
2024-06-17 14:00:00+00:00,ETH,2544.72,2568.26,2520.64,2540.36,355.0529
2024-06-17 15:00:00+00:00,ETH,2540.36,2561.93,2537.4,2538.96,418.2049
2024-06-17 16:00:00+00:00,ETH,2538.96,2540.98,2514.13,2532.19,741.7483
2024-06-17 17:00:00+00:00,ETH,2532.19,2570.29,2506.27,2537.26,598.3145
2024-06-17 18:00:00+00:00,ETH,2537.26,2540.8,2501.71,2516.99,712.6254
2024-06-17 19:00:00+00:00,ETH,2516.99,2532.69,2501.14,2524.54,847.6372
2024-06-17 20:00:00+00:00,ETH,2524.54,2540.8,2514.93,2525.85,337.0121
2024-06-17 21:00:00+00:00,ETH,2525.85,2573.14,2521.81,2539.01,588.0978
2024-06-17 22:00:00+00:00,ETH,2539.01,2557.64,2532.88,2555.85,557.0453
2024-06-17 23:00:00+00:00,ETH,2555.85,2565.12,2554.56,2559.91,420.1624
2024-06-18 00:00:00+00:00,ETH,2559.91,2568.89,2544.75,2564.37,741.692
2024-06-18 01:00:00+00:00,ETH,2564.37,2564.54,2530.9,2555.02,412.062
2024-06-18 02:00:00+00:00,ETH,2555.02,2557.72,2508.01,2532.9,862.9893
2024-06-18 03:00:00+00:00,ETH,2532.9,2538.03,2532.18,2537.61,516.3357
2024-06-18 04:00:00+00:00,ETH,2537.61,2566.67,2529.48,2553.26,262.0963
2024-06-18 05:00:00+00:00,ETH,2553.26,2565.97,2549.58,2564.43,468.25
2024-06-18 06:00:00+00:00,ETH,2564.43,2605.76,2542.54,2559.93,540.3721
2024-06-18 07:00:00+00:00,ETH,2559.93,2560.47,2523.02,2545.23,327.2048
2024-06-18 08:00:00+00:00,ETH,2545.23,2556.04,2537.85,2543.8,554.5345
2024-06-18 09:00:00+00:00,ETH,2543.8,2565.36,2531.7,2551.77,420.7564
2024-06-18 10:00:00+00:00,ETH,2551.77,2557.26,2516.93,2547.69,860.612
2024-06-18 11:00:00+00:00,ETH,2547.69,2588.05,2536.4,2558.46,337.5408
2024-06-18 12:00:00+00:00,ETH,2558.46,2566.06,2539.53,2565.08,710.8018
2024-06-18 13:00:00+00:00,ETH,2565.08,2568.44,2526.19,2547.11,395.9442
2024-06-18 14:00:00+00:00,ETH,2547.11,2553.45,2523.39,2535.47,369.897
2024-06-18 15:00:00+00:00,ETH,2535.47,2546.72,2527.11,2531.78,764.1431
2024-06-18 16:00:00+00:00,ETH,2531.78,2587.1,2504.88,2560.77,430.2632
2024-06-18 17:00:00+00:00,ETH,2560.77,2577.61,2553.72,2566.26,355.9166
2024-06-18 18:00:00+00:00,ETH,2566.26,2593.53,2535.4,2582.2,479.3514
2024-06-18 19:00:00+00:00,ETH,2582.2,2600.38,2564.03,2571.98,410.0869
2024-06-18 20:00:00+00:00,ETH,2571.98,2602.61,2549.59,2555.41,328.9834
2024-06-18 21:00:00+00:00,ETH,2555.41,2573.73,2541.36,2552.4,397.8753
2024-06-18 22:00:00+00:00,ETH,2552.4,2561.98,2551.1,2558.84,687.9319
2024-06-18 23:00:00+00:00,ETH,2558.84,2567.9,2548.86,2564.66,704.3531
2024-06-19 00:00:00+00:00,ETH,2564.66,2575.27,2543.12,2561.79,1098.4107
2024-06-19 01:00:00+00:00,ETH,2561.79,2581.41,2557.92,2581.32,215.7417
2024-06-19 02:00:00+00:00,ETH,2581.32,2600.72,2573.68,2589.38,406.7059
2024-06-19 03:00:00+00:00,ETH,2589.38,2592.46,2555.31,2579.09,530.3287
2024-06-19 04:00:00+00:00,ETH,2579.09,2639.79,2575.62,2617.28,427.062
2024-06-19 05:00:00+00:00,ETH,2617.28,2632.72,2612.25,2629.15,552.1616
2024-06-19 06:00:00+00:00,ETH,2629.15,2632.33,2603.83,2626.35,324.7805
2024-06-19 07:00:00+00:00,ETH,2626.35,2659.81,2624.11,2629.44,500.2062
2024-06-19 08:00:00+00:00,ETH,2629.44,2643.31,2613.34,2631.42,983.6317
2024-06-19 09:00:00+00:00,ETH,2631.42,2639.07,2587.98,2602.59,389.1987
2024-06-19 10:00:00+00:00,ETH,2602.59,2606.89,2585.79,2593.84,532.4213
2024-06-19 11:00:00+00:00,ETH,2593.84,2606.49,2592.31,2602.8,396.3707
2024-06-19 12:00:00+00:00,ETH,2602.8,2630.64,2595.85,2608.5,775.0792
2024-06-19 13:00:00+00:00,ETH,2608.5,2626.03,2604.49,2618.35,673.2898
2024-06-19 14:00:00+00:00,ETH,2618.35,2638.24,2613.56,2623.0,437.475
2024-06-19 15:00:00+00:00,ETH,2623.0,2660.83,2610.29,2657.45,613.7369
2024-06-19 16:00:00+00:00,ETH,2657.45,2665.18,2634.94,2653.28,583.8266
2024-06-19 17:00:00+00:00,ETH,2653.28,2675.31,2643.44,2649.1,670.7929
2024-06-19 18:00:00+00:00,ETH,2649.1,2684.07,2610.64,2644.79,422.3696
2024-06-19 19:00:00+00:00,ETH,2644.79,2648.14,2634.37,2637.71,880.9648
2024-06-19 20:00:00+00:00,ETH,2637.71,2696.15,2627.25,2685.77,594.1618
2024-06-19 21:00:00+00:00,ETH,2685.77,2686.18,2675.08,2682.5,620.6726
2024-06-19 22:00:00+00:00,ETH,2682.5,2701.05,2669.84,2682.59,368.5378
2024-06-19 23:00:00+00:00,ETH,2682.59,2707.91,2680.08,2703.4,658.7952
2024-06-20 00:00:00+00:00,ETH,2703.4,2728.11,2690.33,2695.74,605.185
2024-06-20 01:00:00+00:00,ETH,2695.74,2732.02,2693.71,2726.36,444.3575
2024-06-20 02:00:00+00:00,ETH,2726.36,2734.14,2721.14,2733.23,525.8057
2024-06-20 03:00:00+00:00,ETH,2733.23,2739.66,2717.42,2727.57,1006.2714
2024-06-20 04:00:00+00:00,ETH,2727.57,2769.48,2718.48,2735.54,617.2521
2024-06-20 05:00:00+00:00,ETH,2735.54,2748.91,2729.38,2739.37,474.7228
2024-06-20 06:00:00+00:00,ETH,2739.37,2764.4,2707.37,2751.29,516.1694
2024-06-20 07:00:00+00:00,ETH,2751.29,2779.28,2719.46,2741.58,490.4846
2024-06-20 08:00:00+00:00,ETH,2741.58,2774.27,2725.12,2736.01,677.5478
2024-06-20 09:00:00+00:00,ETH,2736.01,2774.92,2715.06,2770.26,424.8537
2024-06-20 10:00:00+00:00,ETH,2770.26,2782.15,2757.64,2778.18,863.2395
2024-06-20 11:00:00+00:00,ETH,2778.18,2787.46,2757.25,2768.62,426.2679
2024-06-20 12:00:00+00:00,ETH,2768.62,2811.72,2713.75,2763.84,703.9711
2024-06-20 13:00:00+00:00,ETH,2763.84,2776.6,2755.38,2772.34,654.7328
2024-06-20 14:00:00+00:00,ETH,2772.34,2773.67,2750.07,2760.06,333.9172
2024-06-20 15:00:00+00:00,ETH,2760.06,2783.83,2759.09,2772.22,492.1891
2024-06-20 16:00:00+00:00,ETH,2772.22,2792.91,2747.52,2777.34,458.1768
2024-06-20 17:00:00+00:00,ETH,2777.34,2784.9,2739.59,2750.3,474.7839
2024-06-20 18:00:00+00:00,ETH,2750.3,2758.02,2734.93,2737.83,531.9974
2024-06-20 19:00:00+00:00,ETH,2737.83,2741.88,2730.62,2738.0,290.2694
2024-06-20 20:00:00+00:00,ETH,2738.0,2739.05,2718.83,2731.86,423.8446
2024-06-20 21:00:00+00:00,ETH,2731.86,2733.8,2724.52,2733.51,546.5913
2024-06-20 22:00:00+00:00,ETH,2733.51,2742.0,2705.46,2715.06,252.1826
2024-06-20 23:00:00+00:00,ETH,2715.06,2750.68,2696.08,2703.42,449.5758
2024-06-21 00:00:00+00:00,ETH,2703.42,2724.14,2685.95,2718.57,381.4278
2024-06-21 01:00:00+00:00,ETH,2718.57,2731.28,2686.3,2710.9,649.4292
2024-06-21 02:00:00+00:00,ETH,2710.9,2718.77,2676.97,2693.89,707.6615
2024-06-21 03:00:00+00:00,ETH,2693.89,2697.87,2683.06,2683.1,1040.8242
2024-06-21 04:00:00+00:00,ETH,2683.1,2700.17,2660.89,2682.85,600.8514
2024-06-21 05:00:00+00:00,ETH,2682.85,2692.38,2650.76,2684.58,376.6921
2024-06-21 06:00:00+00:00,ETH,2684.58,2690.87,2677.46,2682.87,757.8892
2024-06-21 07:00:00+00:00,ETH,2682.87,2688.93,2670.11,2675.84,334.2827
2024-06-21 08:00:00+00:00,ETH,2675.84,2690.76,2664.42,2684.78,447.3295
2024-06-21 09:00:00+00:00,ETH,2684.78,2705.57,2663.29,2693.25,486.8924
2024-06-21 10:00:00+00:00,ETH,2693.25,2719.32,2664.07,2671.18,525.148
2024-06-21 11:00:00+00:00,ETH,2671.18,2720.45,2665.93,2709.61,735.4042
2024-06-21 12:00:00+00:00,ETH,2709.61,2764.32,2688.69,2726.74,363.8694
2024-06-21 13:00:00+00:00,ETH,2726.74,2737.71,2703.55,2726.79,352.9713
2024-06-21 14:00:00+00:00,ETH,2726.79,2731.8,2717.86,2731.62,463.9967
2024-06-21 15:00:00+00:00,ETH,2731.62,2764.2,2730.66,2734.53,431.1837
2024-06-21 16:00:00+00:00,ETH,2734.53,2789.17,2719.04,2754.13,530.0012
2024-06-21 17:00:00+00:00,ETH,2754.13,2756.89,2737.56,2750.19,362.8763
2024-06-21 18:00:00+00:00,ETH,2750.19,2771.87,2740.04,2740.88,651.9282
2024-06-21 19:00:00+00:00,ETH,2740.88,2760.38,2723.39,2740.94,524.9555
2024-06-21 20:00:00+00:00,ETH,2740.94,2753.88,2702.26,2716.71,388.0055
2024-06-21 21:00:00+00:00,ETH,2716.71,2746.62,2658.88,2663.51,400.2452
2024-06-21 22:00:00+00:00,ETH,2663.51,2671.92,2639.36,2662.63,257.0307
2024-06-21 23:00:00+00:00,ETH,2662.63,2709.31,2644.31,2675.91,420.4112
2024-06-22 00:00:00+00:00,ETH,2675.91,2695.97,2638.22,2644.89,529.6097
2024-06-22 01:00:00+00:00,ETH,2644.89,2670.53,2626.41,2629.57,415.4857
2024-06-22 02:00:00+00:00,ETH,2629.57,2649.61,2609.43,2618.12,328.4246
2024-06-22 03:00:00+00:00,ETH,2618.12,2641.13,2615.57,2624.83,1455.5722
2024-06-22 04:00:00+00:00,ETH,2624.83,2666.81,2618.8,2640.86,547.5839
2024-06-22 05:00:00+00:00,ETH,2640.86,2649.04,2636.0,2647.29,298.6166
2024-06-22 06:00:00+00:00,ETH,2647.29,2652.5,2633.07,2644.72,446.3868
2024-06-22 07:00:00+00:00,ETH,2644.72,2655.14,2636.13,2648.73,437.6471
2024-06-22 08:00:00+00:00,ETH,2648.73,2666.28,2639.07,2662.39,605.2981
2024-06-22 09:00:00+00:00,ETH,2662.39,2696.19,2636.68,2670.46,448.7077
2024-06-22 10:00:00+00:00,ETH,2670.46,2675.02,2656.33,2662.48,853.7666
2024-06-22 11:00:00+00:00,ETH,2662.48,2680.37,2619.83,2635.96,735.9927
2024-06-22 12:00:00+00:00,ETH,2635.96,2694.13,2616.98,2665.49,319.2666
2024-06-22 13:00:00+00:00,ETH,2665.49,2678.63,2629.74,2632.12,432.115
2024-06-22 14:00:00+00:00,ETH,2632.12,2710.21,2630.61,2659.25,483.2149
2024-06-22 15:00:00+00:00,ETH,2659.25,2666.2,2638.4,2659.34,320.1809
2024-06-22 16:00:00+00:00,ETH,2659.34,2675.31,2643.77,2669.35,389.9391
2024-06-22 17:00:00+00:00,ETH,2669.35,2690.04,2655.4,2677.07,392.8112
2024-06-22 18:00:00+00:00,ETH,2677.07,2720.55,2659.87,2682.53,444.4273
2024-06-22 19:00:00+00:00,ETH,2682.53,2709.14,2661.44,2691.24,766.3079
2024-06-22 20:00:00+00:00,ETH,2691.24,2708.59,2668.22,2679.81,658.3562
2024-06-22 21:00:00+00:00,ETH,2679.81,2717.79,2658.18,2686.86,306.9527
2024-06-22 22:00:00+00:00,ETH,2686.86,2698.82,2652.6,2659.01,540.3341
2024-06-22 23:00:00+00:00,ETH,2659.01,2681.59,2622.93,2675.58,849.5796
2024-06-23 00:00:00+00:00,ETH,2675.58,2676.3,2617.19,2647.56,420.1713
2024-06-23 01:00:00+00:00,ETH,2647.56,2654.85,2626.48,2635.91,475.0937
2024-06-23 02:00:00+00:00,ETH,2635.91,2660.77,2626.24,2645.54,543.9158
2024-06-23 03:00:00+00:00,ETH,2645.54,2692.58,2604.71,2672.47,439.5789
2024-06-23 04:00:00+00:00,ETH,2672.47,2688.28,2662.07,2681.72,572.0981
2024-06-23 05:00:00+00:00,ETH,2681.72,2682.11,2626.62,2647.51,743.7946
2024-06-23 06:00:00+00:00,ETH,2647.51,2670.97,2631.2,2651.84,522.2446
2024-06-23 07:00:00+00:00,ETH,2651.84,2659.07,2642.55,2642.72,378.4846
2024-06-23 08:00:00+00:00,ETH,2642.72,2664.48,2632.28,2643.65,608.5939
2024-06-23 09:00:00+00:00,ETH,2643.65,2684.77,2631.19,2672.65,410.9581
2024-06-23 10:00:00+00:00,ETH,2672.65,2684.81,2668.26,2679.39,760.3359
2024-06-23 11:00:00+00:00,ETH,2679.39,2684.32,2657.69,2675.36,602.8756
2024-06-23 12:00:00+00:00,ETH,2675.36,2675.37,2634.73,2650.38,265.1144
2024-06-23 13:00:00+00:00,ETH,2650.38,2671.51,2614.29,2629.36,476.855
2024-06-23 14:00:00+00:00,ETH,2629.36,2630.62,2624.5,2626.96,458.452
2024-06-23 15:00:00+00:00,ETH,2626.96,2640.29,2623.45,2635.54,497.0941
2024-06-23 16:00:00+00:00,ETH,2635.54,2656.52,2583.23,2637.6,428.4427
2024-06-23 17:00:00+00:00,ETH,2637.6,2639.38,2612.98,2623.36,586.2706
2024-06-23 18:00:00+00:00,ETH,2623.36,2649.05,2607.86,2636.31,789.6067
2024-06-23 19:00:00+00:00,ETH,2636.31,2654.92,2604.01,2620.1,754.875
2024-06-23 20:00:00+00:00,ETH,2620.1,2637.91,2586.01,2617.38,358.7337
2024-06-23 21:00:00+00:00,ETH,2617.38,2644.78,2594.37,2638.11,369.5887
2024-06-23 22:00:00+00:00,ETH,2638.11,2664.44,2572.83,2623.64,588.7158
2024-06-23 23:00:00+00:00,ETH,2623.64,2629.44,2599.38,2619.89,738.9457
2024-06-24 00:00:00+00:00,ETH,2619.89,2633.23,2590.26,2626.08,353.5958
2024-06-24 01:00:00+00:00,ETH,2626.08,2643.36,2591.29,2593.63,479.4495
2024-06-24 02:00:00+00:00,ETH,2593.63,2601.49,2589.86,2595.69,581.622
2024-06-24 03:00:00+00:00,ETH,2595.69,2598.75,2579.15,2598.46,479.2713
2024-06-24 04:00:00+00:00,ETH,2598.46,2601.41,2566.73,2570.68,583.2491
2024-06-24 05:00:00+00:00,ETH,2570.68,2585.05,2557.04,2574.47,686.5359
2024-06-24 06:00:00+00:00,ETH,2574.47,2575.63,2529.94,2547.79,332.0408
2024-06-24 07:00:00+00:00,ETH,2547.79,2578.14,2534.53,2570.38,552.3005
2024-06-24 08:00:00+00:00,ETH,2570.38,2579.29,2565.6,2571.95,420.9347
2024-06-24 09:00:00+00:00,ETH,2571.95,2604.59,2541.11,2552.81,297.9194
2024-06-24 10:00:00+00:00,ETH,2552.81,2562.74,2518.25,2522.27,304.8573
2024-06-24 11:00:00+00:00,ETH,2522.27,2561.64,2507.82,2550.42,360.7652
2024-06-24 12:00:00+00:00,ETH,2550.42,2565.35,2533.09,2551.33,544.4927
2024-06-24 13:00:00+00:00,ETH,2551.33,2579.81,2532.05,2578.14,1000.3408
2024-06-24 14:00:00+00:00,ETH,2578.14,2579.0,2548.09,2552.49,578.141
2024-06-24 15:00:00+00:00,ETH,2552.49,2573.39,2534.46,2557.11,260.3823
2024-06-24 16:00:00+00:00,ETH,2557.11,2580.82,2533.49,2565.03,341.3025
2024-06-24 17:00:00+00:00,ETH,2565.03,2567.06,2557.66,2560.4,355.3521
2024-06-24 18:00:00+00:00,ETH,2560.4,2568.68,2526.02,2540.55,587.3494
2024-06-24 19:00:00+00:00,ETH,2540.55,2552.42,2538.26,2541.86,921.1349
2024-06-24 20:00:00+00:00,ETH,2541.86,2562.66,2514.42,2537.27,456.5672
2024-06-24 21:00:00+00:00,ETH,2537.27,2568.2,2537.08,2556.36,663.4089
2024-06-24 22:00:00+00:00,ETH,2556.36,2559.05,2524.18,2549.96,700.5753
2024-06-24 23:00:00+00:00,ETH,2549.96,2559.3,2521.78,2549.13,478.9327
2024-06-25 00:00:00+00:00,ETH,2549.13,2553.87,2548.92,2551.04,378.964
2024-06-25 01:00:00+00:00,ETH,2551.04,2596.7,2548.18,2574.03,293.2804
2024-06-25 02:00:00+00:00,ETH,2574.03,2589.11,2571.19,2583.8,747.0401
2024-06-25 03:00:00+00:00,ETH,2583.8,2608.8,2570.19,2594.65,503.8577
2024-06-25 04:00:00+00:00,ETH,2594.65,2601.58,2557.73,2574.91,940.8769
2024-06-25 05:00:00+00:00,ETH,2574.91,2616.95,2559.93,2606.87,489.4708
2024-06-25 06:00:00+00:00,ETH,2606.87,2639.33,2583.24,2585.75,571.1894
2024-06-25 07:00:00+00:00,ETH,2585.75,2591.17,2580.96,2587.62,441.1898
2024-06-25 08:00:00+00:00,ETH,2587.62,2605.93,2564.05,2566.83,432.3413
2024-06-25 09:00:00+00:00,ETH,2566.83,2583.93,2563.83,2582.94,956.1553
2024-06-25 10:00:00+00:00,ETH,2582.94,2614.01,2566.85,2569.93,478.6633
2024-06-25 11:00:00+00:00,ETH,2569.93,2572.8,2510.07,2546.42,349.7418
2024-06-25 12:00:00+00:00,ETH,2546.42,2550.37,2516.15,2540.69,365.305
2024-06-25 13:00:00+00:00,ETH,2540.69,2555.68,2529.66,2550.45,326.9584
2024-06-25 14:00:00+00:00,ETH,2550.45,2589.21,2525.41,2559.64,777.6061
2024-06-25 15:00:00+00:00,ETH,2559.64,2582.88,2512.74,2526.38,572.6063
2024-06-25 16:00:00+00:00,ETH,2526.38,2544.29,2488.47,2500.85,630.0604
2024-06-25 17:00:00+00:00,ETH,2500.85,2511.06,2490.82,2501.43,454.6525
2024-06-25 18:00:00+00:00,ETH,2501.43,2564.24,2495.95,2522.95,757.8021
2024-06-25 19:00:00+00:00,ETH,2522.95,2551.41,2508.58,2533.25,677.5956
2024-06-25 20:00:00+00:00,ETH,2533.25,2534.93,2508.64,2513.35,393.3454
2024-06-25 21:00:00+00:00,ETH,2513.35,2537.71,2481.86,2487.37,506.6256
2024-06-25 22:00:00+00:00,ETH,2487.37,2491.53,2476.66,2477.7,829.6226
2024-06-25 23:00:00+00:00,ETH,2477.7,2496.39,2450.9,2463.66,384.0038
2024-06-26 00:00:00+00:00,ETH,2463.66,2485.97,2456.8,2478.28,644.1162
2024-06-26 01:00:00+00:00,ETH,2478.28,2491.72,2467.22,2486.68,706.2843
2024-06-26 02:00:00+00:00,ETH,2486.68,2490.78,2451.74,2462.67,805.4156
2024-06-26 03:00:00+00:00,ETH,2462.67,2495.9,2454.81,2458.85,539.8826
2024-06-26 04:00:00+00:00,ETH,2458.85,2486.5,2443.08,2451.45,743.6906
2024-06-26 05:00:00+00:00,ETH,2451.45,2454.99,2410.44,2442.39,397.3894
2024-06-26 06:00:00+00:00,ETH,2442.39,2467.09,2436.46,2459.29,424.2826
2024-06-26 07:00:00+00:00,ETH,2459.29,2479.52,2448.76,2463.82,370.6417
2024-06-26 08:00:00+00:00,ETH,2463.82,2532.96,2435.94,2479.43,511.0901
2024-06-26 09:00:00+00:00,ETH,2479.43,2485.44,2474.92,2475.52,415.3419
2024-06-26 10:00:00+00:00,ETH,2475.52,2497.3,2473.86,2497.0,278.6138
2024-06-26 11:00:00+00:00,ETH,2497.0,2514.88,2452.47,2461.0,658.9584
2024-06-26 12:00:00+00:00,ETH,2461.0,2477.51,2406.43,2441.39,596.0377
2024-06-26 13:00:00+00:00,ETH,2441.39,2447.65,2417.69,2429.28,423.8777
2024-06-26 14:00:00+00:00,ETH,2429.28,2449.24,2407.87,2419.44,416.9503
2024-06-26 15:00:00+00:00,ETH,2419.44,2423.89,2382.32,2413.7,578.0216
2024-06-26 16:00:00+00:00,ETH,2413.7,2438.9,2411.55,2420.61,498.1178
2024-06-26 17:00:00+00:00,ETH,2420.61,2444.88,2414.94,2424.94,488.94
2024-06-26 18:00:00+00:00,ETH,2424.94,2449.23,2412.73,2437.84,334.6147
2024-06-26 19:00:00+00:00,ETH,2437.84,2451.04,2423.28,2434.48,385.8834
2024-06-26 20:00:00+00:00,ETH,2434.48,2479.09,2424.11,2426.16,739.4006
2024-06-26 21:00:00+00:00,ETH,2426.16,2426.95,2409.47,2412.35,226.1951
2024-06-26 22:00:00+00:00,ETH,2412.35,2434.92,2375.26,2422.96,551.7151
2024-06-26 23:00:00+00:00,ETH,2422.96,2445.82,2405.08,2436.17,358.9797
2024-06-27 00:00:00+00:00,ETH,2436.17,2456.53,2428.79,2448.19,474.3948
2024-06-27 01:00:00+00:00,ETH,2448.19,2460.38,2405.36,2425.8,461.4592
2024-06-27 02:00:00+00:00,ETH,2425.8,2435.81,2412.52,2430.13,473.4638
2024-06-27 03:00:00+00:00,ETH,2430.13,2465.42,2421.34,2436.62,522.3397
2024-06-27 04:00:00+00:00,ETH,2436.62,2455.24,2411.48,2446.16,334.0585
2024-06-27 05:00:00+00:00,ETH,2446.16,2461.97,2410.56,2442.03,700.6699
2024-06-27 06:00:00+00:00,ETH,2442.03,2467.61,2415.96,2460.03,699.8554
2024-06-27 07:00:00+00:00,ETH,2460.03,2480.14,2450.14,2470.53,501.0599
2024-06-27 08:00:00+00:00,ETH,2470.53,2481.74,2446.26,2473.1,464.9306
2024-06-27 09:00:00+00:00,ETH,2473.1,2493.56,2457.22,2461.03,518.1123
2024-06-27 10:00:00+00:00,ETH,2461.03,2463.04,2413.14,2419.06,418.4351
2024-06-27 11:00:00+00:00,ETH,2419.06,2444.87,2400.01,2436.77,404.5782
2024-06-27 12:00:00+00:00,ETH,2436.77,2437.55,2425.34,2435.89,591.5358
2024-06-27 13:00:00+00:00,ETH,2435.89,2462.3,2419.53,2442.11,830.1968
2024-06-27 14:00:00+00:00,ETH,2442.11,2454.07,2437.5,2449.29,329.5806
2024-06-27 15:00:00+00:00,ETH,2449.29,2483.46,2446.75,2449.6,537.7452
2024-06-27 16:00:00+00:00,ETH,2449.6,2457.62,2440.83,2453.63,752.7565
2024-06-27 17:00:00+00:00,ETH,2453.63,2468.67,2434.74,2444.03,709.4285
2024-06-27 18:00:00+00:00,ETH,2444.03,2470.81,2441.78,2464.33,302.6664
2024-06-27 19:00:00+00:00,ETH,2464.33,2499.24,2456.68,2492.66,325.8537
2024-06-27 20:00:00+00:00,ETH,2492.66,2529.98,2479.52,2505.31,433.4656
2024-06-27 21:00:00+00:00,ETH,2505.31,2511.4,2480.67,2494.61,879.9854
2024-06-27 22:00:00+00:00,ETH,2494.61,2530.36,2458.64,2464.52,285.3706
2024-06-27 23:00:00+00:00,ETH,2464.52,2493.1,2451.11,2482.07,712.833
2024-06-28 00:00:00+00:00,ETH,2482.07,2498.63,2457.02,2476.63,294.9876
2024-06-28 01:00:00+00:00,ETH,2476.63,2479.27,2451.38,2460.46,234.4876
2024-06-28 02:00:00+00:00,ETH,2460.46,2465.91,2438.95,2462.8,540.0878
2024-06-28 03:00:00+00:00,ETH,2462.8,2488.13,2439.63,2477.77,433.8693
2024-06-28 04:00:00+00:00,ETH,2477.77,2498.48,2465.45,2484.71,376.1138
2024-06-28 05:00:00+00:00,ETH,2484.71,2494.72,2473.47,2492.55,816.0252
2024-06-28 06:00:00+00:00,ETH,2492.55,2539.78,2486.74,2521.81,363.0226
2024-06-28 07:00:00+00:00,ETH,2521.81,2550.05,2505.78,2523.55,618.9327
2024-06-28 08:00:00+00:00,ETH,2523.55,2542.16,2508.45,2522.53,606.0134
2024-06-28 09:00:00+00:00,ETH,2522.53,2537.37,2511.48,2529.38,476.2169
2024-06-28 10:00:00+00:00,ETH,2529.38,2530.45,2506.52,2522.56,742.0368
2024-06-28 11:00:00+00:00,ETH,2522.56,2547.6,2507.52,2530.56,326.516
2024-06-28 12:00:00+00:00,ETH,2530.56,2565.06,2520.34,2563.03,933.2713
2024-06-28 13:00:00+00:00,ETH,2563.03,2574.78,2559.67,2566.52,500.4401
2024-06-28 14:00:00+00:00,ETH,2566.52,2594.11,2550.54,2572.87,606.3029
2024-06-28 15:00:00+00:00,ETH,2572.87,2576.48,2555.7,2559.09,602.3283
2024-06-28 16:00:00+00:00,ETH,2559.09,2562.46,2536.29,2539.46,354.7621
2024-06-28 17:00:00+00:00,ETH,2539.46,2558.97,2536.04,2551.52,772.2039
2024-06-28 18:00:00+00:00,ETH,2551.52,2552.09,2512.98,2523.95,390.2032
2024-06-28 19:00:00+00:00,ETH,2523.95,2560.59,2503.5,2537.84,395.4214
2024-06-28 20:00:00+00:00,ETH,2537.84,2565.07,2517.64,2542.26,482.6608
2024-06-28 21:00:00+00:00,ETH,2542.26,2570.55,2540.78,2558.78,424.7497
2024-06-28 22:00:00+00:00,ETH,2558.78,2578.79,2509.96,2528.12,393.8216
2024-06-28 23:00:00+00:00,ETH,2528.12,2557.87,2526.35,2540.75,686.8515
2024-06-29 00:00:00+00:00,ETH,2540.75,2708.39,2452.29,2625.42,16981.0984
2024-06-29 01:00:00+00:00,ETH,2625.42,2639.95,2561.42,2589.15,12810.0408
2024-06-29 02:00:00+00:00,ETH,2589.15,2654.53,2489.08,2548.31,13617.3794
2024-06-29 03:00:00+00:00,ETH,2548.31,2709.18,2445.35,2490.21,6070.4895
2024-06-29 04:00:00+00:00,ETH,2490.21,2548.94,2355.09,2541.52,6498.8445
2024-06-29 05:00:00+00:00,ETH,2541.52,2783.63,2527.01,2710.93,10094.494
2024-06-29 06:00:00+00:00,ETH,2710.93,2806.58,2656.69,2692.19,15062.0125
2024-06-29 07:00:00+00:00,ETH,2692.19,2856.9,2670.88,2739.4,6721.8305
2024-06-29 08:00:00+00:00,ETH,2739.4,2757.99,2572.51,2707.02,18691.9044
2024-06-29 09:00:00+00:00,ETH,2707.02,2768.78,2532.57,2613.62,8348.5342
2024-06-29 10:00:00+00:00,ETH,2613.62,2714.62,2485.66,2596.76,19498.0342
2024-06-29 11:00:00+00:00,ETH,2596.76,2604.35,2399.72,2535.68,9343.4896
2024-06-29 12:00:00+00:00,ETH,2535.68,2547.76,2398.59,2486.0,4651.3154
2024-06-29 13:00:00+00:00,ETH,2486.0,2509.2,2398.75,2413.37,8816.3218
2024-06-29 14:00:00+00:00,ETH,2413.37,2437.38,2291.65,2434.48,21714.6373
2024-06-29 15:00:00+00:00,ETH,2434.48,2554.16,2295.26,2477.55,8873.1743
2024-06-29 16:00:00+00:00,ETH,2477.55,2478.57,2307.76,2447.72,13729.9064
2024-06-29 17:00:00+00:00,ETH,2447.72,2659.51,2278.53,2624.49,9899.9252
2024-06-29 18:00:00+00:00,ETH,2624.49,2682.31,2492.86,2548.93,13873.8923
2024-06-29 19:00:00+00:00,ETH,2548.93,2645.79,2353.11,2411.12,6255.9607
2024-06-29 20:00:00+00:00,ETH,2411.12,2411.85,2348.14,2375.77,14185.2585
2024-06-29 21:00:00+00:00,ETH,2375.77,2468.73,2172.91,2343.7,16909.7362
2024-06-29 22:00:00+00:00,ETH,2343.7,2529.21,2154.16,2256.98,11108.2119
2024-06-29 23:00:00+00:00,ETH,2256.98,2471.41,2190.56,2359.76,17131.4713
2024-06-30 00:00:00+00:00,ETH,2359.76,2376.94,2353.85,2374.52,4212.3695
2024-06-30 01:00:00+00:00,ETH,2374.52,2459.78,2308.68,2423.77,15307.0811
2024-06-30 02:00:00+00:00,ETH,2423.77,2452.86,2287.44,2300.32,9459.1208
2024-06-30 03:00:00+00:00,ETH,2300.32,2571.08,2258.58,2399.25,14583.8992
2024-06-30 04:00:00+00:00,ETH,2399.25,2413.61,2249.35,2285.23,8481.9307
2024-06-30 05:00:00+00:00,ETH,2285.23,2315.05,2230.78,2308.96,8731.9758
2024-06-30 06:00:00+00:00,ETH,2308.96,2405.14,2189.26,2238.16,12147.6457
2024-06-30 07:00:00+00:00,ETH,2238.16,2278.76,2122.22,2256.7,9464.3976
2024-06-30 08:00:00+00:00,ETH,2256.7,2321.2,2186.89,2254.77,9623.0991
2024-06-30 09:00:00+00:00,ETH,2254.77,2580.37,2243.42,2326.8,10412.1653
2024-06-30 10:00:00+00:00,ETH,2326.8,2336.03,2295.52,2302.56,8072.3943
2024-06-30 11:00:00+00:00,ETH,2302.56,2322.64,2200.51,2246.49,15058.4613
2024-06-30 12:00:00+00:00,ETH,2246.49,2247.35,2204.34,2220.64,8973.6376
2024-06-30 13:00:00+00:00,ETH,2220.64,2313.51,2024.82,2144.08,10423.6967
2024-06-30 14:00:00+00:00,ETH,2144.08,2316.92,2126.19,2192.69,12309.2342
2024-06-30 15:00:00+00:00,ETH,2192.69,2273.54,2098.75,2178.5,21514.1719
2024-06-30 16:00:00+00:00,ETH,2178.5,2212.7,2160.56,2208.13,16736.0315
2024-06-30 17:00:00+00:00,ETH,2208.13,2364.9,2101.38,2274.61,16802.8602
2024-06-30 18:00:00+00:00,ETH,2274.61,2340.28,2149.34,2183.05,10545.9772
2024-06-30 19:00:00+00:00,ETH,2183.05,2234.46,2178.08,2216.13,13603.5011
2024-06-30 20:00:00+00:00,ETH,2216.13,2254.16,2137.64,2164.01,16255.7838
2024-06-30 21:00:00+00:00,ETH,2164.01,2179.75,2036.01,2130.44,12559.594
2024-06-30 22:00:00+00:00,ETH,2130.44,2132.32,2049.35,2123.05,11034.7077
2024-06-30 23:00:00+00:00,ETH,2123.05,2159.85,1987.06,2050.22,10121.0352
2024-07-01 00:00:00+00:00,ETH,2050.22,2065.34,1882.95,1953.84,8188.0617
2024-07-01 01:00:00+00:00,ETH,1953.84,1971.99,1933.59,1935.56,14105.838
2024-07-01 02:00:00+00:00,ETH,1935.56,1970.41,1800.3,1922.17,13809.0862
2024-07-01 03:00:00+00:00,ETH,1922.17,1968.58,1883.62,1966.87,12240.3311
2024-07-01 04:00:00+00:00,ETH,1966.87,2047.99,1877.92,1932.71,8184.6396
2024-07-01 05:00:00+00:00,ETH,1932.71,1980.19,1853.29,1868.52,5550.4092
2024-07-01 06:00:00+00:00,ETH,1868.52,1915.51,1815.14,1857.96,18775.2752
2024-07-01 07:00:00+00:00,ETH,1857.96,1932.72,1773.72,1797.73,8537.6288
2024-07-01 08:00:00+00:00,ETH,1797.73,1883.7,1789.16,1852.76,12982.1946
2024-07-01 09:00:00+00:00,ETH,1852.76,1918.74,1820.82,1835.85,21361.5225
2024-07-01 10:00:00+00:00,ETH,1835.85,1949.71,1733.16,1853.76,5881.4392
2024-07-01 11:00:00+00:00,ETH,1853.76,1863.75,1813.37,1815.97,9365.8023
2024-07-01 12:00:00+00:00,ETH,1815.97,1868.85,1771.55,1827.56,17930.9145
2024-07-01 13:00:00+00:00,ETH,1827.56,1924.16,1813.81,1842.9,7057.4983
2024-07-01 14:00:00+00:00,ETH,1842.9,1924.67,1822.9,1842.78,12428.5955
2024-07-01 15:00:00+00:00,ETH,1842.78,1926.0,1815.85,1876.75,8470.5239
2024-07-01 16:00:00+00:00,ETH,1876.75,1901.15,1861.69,1882.24,6549.6357
2024-07-01 17:00:00+00:00,ETH,1882.24,1935.3,1789.4,1884.31,6439.6165
2024-07-01 18:00:00+00:00,ETH,1884.31,1931.77,1880.24,1901.45,8027.6607
2024-07-01 19:00:00+00:00,ETH,1901.45,2003.49,1827.34,1851.34,7936.9049
2024-07-01 20:00:00+00:00,ETH,1851.34,1931.47,1803.36,1892.2,8193.9664
2024-07-01 21:00:00+00:00,ETH,1892.2,1903.91,1856.2,1870.18,9936.8145
2024-07-01 22:00:00+00:00,ETH,1870.18,1885.32,1782.02,1883.0,13796.0201
2024-07-01 23:00:00+00:00,ETH,1883.0,1980.27,1860.39,1911.79,6564.2879
2024-07-02 00:00:00+00:00,ETH,1911.79,1984.4,1888.85,1962.33,8407.3739
2024-07-02 01:00:00+00:00,ETH,1962.33,1985.65,1917.75,1972.74,5691.7385
2024-07-02 02:00:00+00:00,ETH,1972.74,2040.34,1936.84,2005.43,5529.6883
2024-07-02 03:00:00+00:00,ETH,2005.43,2013.85,1980.67,1995.26,8045.615
2024-07-02 04:00:00+00:00,ETH,1995.26,2042.04,1981.25,2002.88,7052.3266
2024-07-02 05:00:00+00:00,ETH,2002.88,2113.35,1993.84,2011.92,6789.9918
2024-07-02 06:00:00+00:00,ETH,2011.92,2056.74,1960.68,2050.19,5617.9507
2024-07-02 07:00:00+00:00,ETH,2050.19,2086.3,2026.46,2078.76,5134.0354
2024-07-02 08:00:00+00:00,ETH,2078.76,2147.78,2077.42,2116.95,4643.3491
2024-07-02 09:00:00+00:00,ETH,2116.95,2142.43,2113.55,2122.34,3423.474
2024-07-02 10:00:00+00:00,ETH,2122.34,2156.54,2061.44,2063.56,7200.5917
2024-07-02 11:00:00+00:00,ETH,2063.56,2091.54,2017.7,2018.02,3608.1948
2024-07-02 12:00:00+00:00,ETH,2018.02,2036.89,1997.39,1997.47,2465.5761
2024-07-02 13:00:00+00:00,ETH,1997.47,2018.36,1989.57,2000.0,1992.2799
2024-07-02 14:00:00+00:00,ETH,2000.0,2000.19,1965.24,1970.12,1557.4374
2024-07-02 15:00:00+00:00,ETH,1970.12,2003.99,1918.11,1975.58,1796.9739
2024-07-02 16:00:00+00:00,ETH,1975.58,1996.89,1969.98,1995.72,431.0451
2024-07-02 17:00:00+00:00,ETH,1995.72,2020.75,1975.26,1984.98,608.2692
2024-07-02 18:00:00+00:00,ETH,1984.98,1987.18,1973.17,1976.02,374.1009
2024-07-02 19:00:00+00:00,ETH,1976.02,1981.38,1975.47,1976.12,380.3977
2024-07-02 20:00:00+00:00,ETH,1976.12,1985.97,1964.34,1971.93,350.1806
2024-07-02 21:00:00+00:00,ETH,1971.93,1987.06,1967.52,1975.21,621.0555
2024-07-02 22:00:00+00:00,ETH,1975.21,1990.34,1974.22,1990.2,439.8585
2024-07-02 23:00:00+00:00,ETH,1990.2,1992.93,1973.8,1978.44,560.4842
2024-07-03 00:00:00+00:00,ETH,1978.44,2013.8,1970.08,1993.09,290.1701
2024-07-03 01:00:00+00:00,ETH,1993.09,2012.42,1991.86,2009.04,1332.2419
2024-07-03 02:00:00+00:00,ETH,2009.04,2027.31,1990.04,2008.68,260.7449
2024-07-03 03:00:00+00:00,ETH,2008.68,2028.45,2008.01,2025.69,500.3335
2024-07-03 04:00:00+00:00,ETH,2025.69,2030.98,1997.27,2007.73,458.1237
2024-07-03 05:00:00+00:00,ETH,2007.73,2025.64,1985.72,2012.19,556.0152
2024-07-03 06:00:00+00:00,ETH,2012.19,2021.13,1976.47,1995.8,523.295
2024-07-03 07:00:00+00:00,ETH,1995.8,2004.72,1966.64,1993.23,342.832
2024-07-03 08:00:00+00:00,ETH,1993.23,1994.59,1977.38,1990.61,566.8971
2024-07-03 09:00:00+00:00,ETH,1990.61,1996.4,1969.72,1996.15,751.4363
2024-07-03 10:00:00+00:00,ETH,1996.15,2026.54,1986.81,2006.99,598.2671
2024-07-03 11:00:00+00:00,ETH,2006.99,2027.95,2001.58,2003.1,391.4402
2024-07-03 12:00:00+00:00,ETH,2003.1,2014.11,1987.14,2008.26,383.6212
2024-07-03 13:00:00+00:00,ETH,2008.26,2028.64,1991.72,2007.94,271.8431
2024-07-03 14:00:00+00:00,ETH,2007.94,2017.13,2002.19,2014.79,515.1509
2024-07-03 15:00:00+00:00,ETH,2014.79,2021.83,2011.82,2016.03,319.3328
2024-07-03 16:00:00+00:00,ETH,2016.03,2041.42,1996.17,2016.23,530.8996
2024-07-03 17:00:00+00:00,ETH,2016.23,2051.72,2007.53,2045.34,507.8771
2024-07-03 18:00:00+00:00,ETH,2045.34,2046.91,2030.2,2039.06,516.487
2024-07-03 19:00:00+00:00,ETH,2039.06,2046.33,2021.03,2040.79,698.6423
2024-07-03 20:00:00+00:00,ETH,2040.79,2054.84,2013.33,2023.75,409.4945
2024-07-03 21:00:00+00:00,ETH,2023.75,2035.41,2021.09,2021.84,429.4753
2024-07-03 22:00:00+00:00,ETH,2021.84,2025.88,1995.77,1999.84,585.7865
2024-07-03 23:00:00+00:00,ETH,1999.84,2036.45,1976.01,2028.19,400.5432
2024-07-04 00:00:00+00:00,ETH,2028.19,2052.87,2014.26,2043.06,369.708
2024-07-04 01:00:00+00:00,ETH,2043.06,2057.92,2013.29,2021.97,575.6292
2024-07-04 02:00:00+00:00,ETH,2021.97,2052.53,1995.45,2031.49,709.2187
2024-07-04 03:00:00+00:00,ETH,2031.49,2042.8,2017.17,2042.43,527.5999
2024-07-04 04:00:00+00:00,ETH,2042.43,2048.23,2027.65,2031.66,460.373
2024-07-04 05:00:00+00:00,ETH,2031.66,2045.87,2015.46,2041.8,689.4092
2024-07-04 06:00:00+00:00,ETH,2041.8,2052.75,2017.36,2035.31,696.1171
2024-07-04 07:00:00+00:00,ETH,2035.31,2061.41,2024.78,2024.89,251.8921
2024-07-04 08:00:00+00:00,ETH,2024.89,2031.48,2015.76,2017.25,517.2864
2024-07-04 09:00:00+00:00,ETH,2017.25,2040.6,1998.43,2039.04,639.0795
2024-07-04 10:00:00+00:00,ETH,2039.04,2070.45,2019.88,2043.76,810.4439
2024-07-04 11:00:00+00:00,ETH,2043.76,2061.32,2039.16,2059.82,784.0866
2024-07-04 12:00:00+00:00,ETH,2059.82,2077.58,2048.17,2069.7,767.2705
2024-07-04 13:00:00+00:00,ETH,2069.7,2075.64,2062.77,2064.75,555.04
2024-07-04 14:00:00+00:00,ETH,2064.75,2069.12,2032.33,2047.2,681.0939
2024-07-04 15:00:00+00:00,ETH,2047.2,2053.65,2033.78,2039.51,758.8001
2024-07-04 16:00:00+00:00,ETH,2039.51,2042.47,2034.65,2037.41,521.8143
2024-07-04 17:00:00+00:00,ETH,2037.41,2047.35,2018.09,2032.05,507.3639
2024-07-04 18:00:00+00:00,ETH,2032.05,2048.57,2015.51,2021.53,372.8082
2024-07-04 19:00:00+00:00,ETH,2021.53,2027.19,1992.04,2012.39,528.929
2024-07-04 20:00:00+00:00,ETH,2012.39,2016.28,1993.35,2002.42,365.8987
2024-07-04 21:00:00+00:00,ETH,2002.42,2003.12,2000.83,2001.53,324.2876
2024-07-04 22:00:00+00:00,ETH,2001.53,2037.06,1994.09,2017.05,652.3062
2024-07-04 23:00:00+00:00,ETH,2017.05,2021.24,2012.14,2018.73,620.6274
2024-07-05 00:00:00+00:00,ETH,2018.73,2045.32,2012.54,2019.89,322.7795
2024-07-05 01:00:00+00:00,ETH,2019.89,2042.86,2007.83,2015.48,467.7305
2024-07-05 02:00:00+00:00,ETH,2015.48,2042.62,2013.81,2021.12,598.6623
2024-07-05 03:00:00+00:00,ETH,2021.12,2034.15,2012.4,2028.83,531.5805
2024-07-05 04:00:00+00:00,ETH,2028.83,2033.25,2020.07,2025.98,349.9149
2024-07-05 05:00:00+00:00,ETH,2025.98,2028.29,2009.97,2026.81,430.1549
2024-07-05 06:00:00+00:00,ETH,2026.81,2045.48,2026.46,2040.75,531.7142
2024-07-05 07:00:00+00:00,ETH,2040.75,2052.25,2038.81,2044.11,478.9364
2024-07-05 08:00:00+00:00,ETH,2044.11,2047.49,2012.26,2044.66,324.8482
2024-07-05 09:00:00+00:00,ETH,2044.66,2056.75,2042.02,2049.65,428.8642
2024-07-05 10:00:00+00:00,ETH,2049.65,2059.49,2047.03,2057.83,412.5837
2024-07-05 11:00:00+00:00,ETH,2057.83,2058.44,2040.2,2058.09,540.2674
2024-07-05 12:00:00+00:00,ETH,2058.09,2076.62,2043.69,2051.36,602.6131
2024-07-05 13:00:00+00:00,ETH,2051.36,2057.82,2048.09,2049.92,704.5311
2024-07-05 14:00:00+00:00,ETH,2049.92,2066.99,2045.38,2063.05,702.6706
2024-07-05 15:00:00+00:00,ETH,2063.05,2067.15,2056.83,2066.4,659.9082
2024-07-05 16:00:00+00:00,ETH,2066.4,2077.45,2024.3,2044.24,343.7051
2024-07-05 17:00:00+00:00,ETH,2044.24,2085.56,2044.01,2054.55,421.795
2024-07-05 18:00:00+00:00,ETH,2054.55,2073.8,2045.9,2051.02,492.8328
2024-07-05 19:00:00+00:00,ETH,2051.02,2054.7,2038.59,2043.95,476.0485
2024-07-05 20:00:00+00:00,ETH,2043.95,2064.67,2029.06,2056.48,426.2708
2024-07-05 21:00:00+00:00,ETH,2056.48,2073.94,2030.19,2067.65,369.4944
2024-07-05 22:00:00+00:00,ETH,2067.65,2094.53,2059.36,2063.63,361.5419
2024-07-05 23:00:00+00:00,ETH,2063.63,2072.89,2045.62,2045.94,509.2978
2024-07-06 00:00:00+00:00,ETH,2045.94,2055.05,2006.73,2023.45,361.6403
2024-07-06 01:00:00+00:00,ETH,2023.45,2024.21,2014.9,2016.89,586.2255
2024-07-06 02:00:00+00:00,ETH,2016.89,2033.22,2004.64,2009.72,433.2657
2024-07-06 03:00:00+00:00,ETH,2009.72,2015.79,1984.77,1991.39,318.0463
2024-07-06 04:00:00+00:00,ETH,1991.39,2013.74,1988.45,2007.76,827.5221
2024-07-06 05:00:00+00:00,ETH,2007.76,2017.15,1999.01,2000.66,832.1788
2024-07-06 06:00:00+00:00,ETH,2000.66,2031.05,1989.02,2011.88,359.1769
2024-07-06 07:00:00+00:00,ETH,2011.88,2015.09,1967.21,1991.2,608.583
2024-07-06 08:00:00+00:00,ETH,1991.2,1998.03,1983.09,1987.2,441.174
2024-07-06 09:00:00+00:00,ETH,1987.2,2011.74,1961.21,1990.1,459.1511
2024-07-06 10:00:00+00:00,ETH,1990.1,1992.28,1979.71,1986.79,321.0989
2024-07-06 11:00:00+00:00,ETH,1986.79,1998.64,1969.34,1982.14,416.1309
2024-07-06 12:00:00+00:00,ETH,1982.14,2032.78,1977.47,2018.5,1480.3541
2024-07-06 13:00:00+00:00,ETH,2018.5,2037.2,2015.63,2036.14,730.9959
2024-07-06 14:00:00+00:00,ETH,2036.14,2064.31,2019.96,2060.09,486.9438
2024-07-06 15:00:00+00:00,ETH,2060.09,2066.62,2040.69,2051.93,483.1666
2024-07-06 16:00:00+00:00,ETH,2051.93,2067.33,2014.03,2062.6,584.1286
2024-07-06 17:00:00+00:00,ETH,2062.6,2066.06,2055.46,2055.75,579.9665
2024-07-06 18:00:00+00:00,ETH,2055.75,2083.86,2034.81,2067.33,483.3203
2024-07-06 19:00:00+00:00,ETH,2067.33,2069.85,2020.34,2039.96,526.1532
2024-07-06 20:00:00+00:00,ETH,2039.96,2041.61,2019.94,2034.46,408.2309
2024-07-06 21:00:00+00:00,ETH,2034.46,2041.69,2025.19,2026.11,1101.2467
2024-07-06 22:00:00+00:00,ETH,2026.11,2033.23,2004.71,2004.98,762.476
2024-07-06 23:00:00+00:00,ETH,2004.98,2019.77,1978.92,1994.4,411.8742
2024-07-07 00:00:00+00:00,ETH,1994.4,2003.6,1980.16,2002.56,506.9728
2024-07-07 01:00:00+00:00,ETH,2002.56,2020.12,2000.11,2011.36,636.8508
2024-07-07 02:00:00+00:00,ETH,2011.36,2034.27,1988.04,2023.91,467.2426
2024-07-07 03:00:00+00:00,ETH,2023.91,2043.56,2006.16,2018.13,613.1344
2024-07-07 04:00:00+00:00,ETH,2018.13,2022.46,2013.36,2016.0,383.5749
2024-07-07 05:00:00+00:00,ETH,2016.0,2042.86,2010.47,2033.63,449.7538
2024-07-07 06:00:00+00:00,ETH,2033.63,2035.03,2007.26,2014.08,426.1222
2024-07-07 07:00:00+00:00,ETH,2014.08,2034.11,2002.16,2019.57,425.689
2024-07-07 08:00:00+00:00,ETH,2019.57,2034.32,2015.45,2020.65,254.8904
2024-07-07 09:00:00+00:00,ETH,2020.65,2065.91,2002.27,2044.41,665.8375
2024-07-07 10:00:00+00:00,ETH,2044.41,2045.82,2041.38,2043.74,497.5412
2024-07-07 11:00:00+00:00,ETH,2043.74,2060.66,2018.92,2034.12,926.1389
2024-07-07 12:00:00+00:00,ETH,2034.12,2042.06,2027.41,2036.18,243.4086
2024-07-07 13:00:00+00:00,ETH,2036.18,2056.14,2009.49,2025.81,440.979
2024-07-07 14:00:00+00:00,ETH,2025.81,2050.57,2004.76,2034.17,454.0471
2024-07-07 15:00:00+00:00,ETH,2034.17,2065.58,2027.02,2042.54,306.7875
2024-07-07 16:00:00+00:00,ETH,2042.54,2051.64,2026.06,2030.98,312.6255
2024-07-07 17:00:00+00:00,ETH,2030.98,2039.04,1989.55,2018.15,409.7777
2024-07-07 18:00:00+00:00,ETH,2018.15,2025.38,2004.15,2022.95,371.001
2024-07-07 19:00:00+00:00,ETH,2022.95,2040.98,1999.78,2021.06,638.4667
2024-07-07 20:00:00+00:00,ETH,2021.06,2043.17,2020.92,2031.61,670.3642
2024-07-07 21:00:00+00:00,ETH,2031.61,2051.4,2029.06,2039.88,701.6447
2024-07-07 22:00:00+00:00,ETH,2039.88,2058.57,2038.85,2053.32,669.1594
2024-07-07 23:00:00+00:00,ETH,2053.32,2062.68,2047.24,2059.47,964.4406
2024-07-08 00:00:00+00:00,ETH,2059.47,2081.5,2053.08,2062.55,363.6454
2024-07-08 01:00:00+00:00,ETH,2062.55,2081.93,2040.68,2056.88,474.709
2024-07-08 02:00:00+00:00,ETH,2056.88,2066.95,2054.16,2062.04,700.9709
2024-07-08 03:00:00+00:00,ETH,2062.04,2075.28,2056.06,2068.62,591.6277
2024-07-08 04:00:00+00:00,ETH,2068.62,2087.07,2037.87,2043.86,484.0765
2024-07-08 05:00:00+00:00,ETH,2043.86,2060.23,2032.98,2039.53,361.7466
2024-07-08 06:00:00+00:00,ETH,2039.53,2061.15,2028.62,2052.52,1009.3856
2024-07-08 07:00:00+00:00,ETH,2052.52,2069.76,2051.83,2064.72,847.8238
2024-07-08 08:00:00+00:00,ETH,2064.72,2101.02,2063.3,2088.24,875.9348
2024-07-08 09:00:00+00:00,ETH,2088.24,2101.48,2055.64,2067.06,218.0106
2024-07-08 10:00:00+00:00,ETH,2067.06,2080.32,2033.88,2072.14,547.5615
2024-07-08 11:00:00+00:00,ETH,2072.14,2096.12,2053.27,2072.36,408.5078
2024-07-08 12:00:00+00:00,ETH,2072.36,2097.15,2068.93,2081.31,285.5616
2024-07-08 13:00:00+00:00,ETH,2081.31,2092.83,2051.04,2081.68,495.2841
2024-07-08 14:00:00+00:00,ETH,2081.68,2100.58,2071.37,2087.5,482.0065
2024-07-08 15:00:00+00:00,ETH,2087.5,2108.26,2056.8,2082.52,923.4163
2024-07-08 16:00:00+00:00,ETH,2082.52,2089.69,2078.99,2084.16,667.4472
2024-07-08 17:00:00+00:00,ETH,2084.16,2135.36,2078.69,2099.35,446.3077
2024-07-08 18:00:00+00:00,ETH,2099.35,2110.86,2054.06,2074.5,480.6626
2024-07-08 19:00:00+00:00,ETH,2074.5,2097.38,2053.8,2073.73,547.1264
2024-07-08 20:00:00+00:00,ETH,2073.73,2079.3,2045.62,2051.87,672.6079
2024-07-08 21:00:00+00:00,ETH,2051.87,2076.55,2048.82,2062.45,481.8331
2024-07-08 22:00:00+00:00,ETH,2062.45,2070.68,2039.48,2043.56,720.0287
2024-07-08 23:00:00+00:00,ETH,2043.56,2055.97,2035.76,2054.83,442.4231
2024-07-09 00:00:00+00:00,ETH,2054.83,2081.41,2054.62,2069.37,530.7247
2024-07-09 01:00:00+00:00,ETH,2069.37,2077.77,2057.84,2060.56,609.4736
2024-07-09 02:00:00+00:00,ETH,2060.56,2085.59,2010.29,2045.93,606.842
2024-07-09 03:00:00+00:00,ETH,2045.93,2054.74,2024.81,2050.39,431.9655
2024-07-09 04:00:00+00:00,ETH,2050.39,2062.86,2038.69,2048.42,697.1987
2024-07-09 05:00:00+00:00,ETH,2048.42,2063.34,2038.76,2060.32,336.6428
2024-07-09 06:00:00+00:00,ETH,2060.32,2066.69,2036.52,2060.36,528.0085
2024-07-09 07:00:00+00:00,ETH,2060.36,2069.0,2054.64,2059.1,425.1112
2024-07-09 08:00:00+00:00,ETH,2059.1,2072.56,2035.96,2056.32,695.2481
2024-07-09 09:00:00+00:00,ETH,2056.32,2058.53,2042.69,2048.02,646.1303
2024-07-09 10:00:00+00:00,ETH,2048.02,2051.51,2044.07,2046.24,447.5639
2024-07-09 11:00:00+00:00,ETH,2046.24,2068.87,2020.43,2025.5,430.8816
2024-07-09 12:00:00+00:00,ETH,2025.5,2035.36,2000.49,2023.78,481.4519
2024-07-09 13:00:00+00:00,ETH,2023.78,2068.36,2010.19,2053.67,401.3765
2024-07-09 14:00:00+00:00,ETH,2053.67,2064.21,2034.98,2038.59,582.9893
2024-07-09 15:00:00+00:00,ETH,2038.59,2050.75,2023.84,2028.2,583.3779
2024-07-09 16:00:00+00:00,ETH,2028.2,2047.96,2001.4,2018.5,351.1397
2024-07-09 17:00:00+00:00,ETH,2018.5,2034.23,1996.85,2029.28,671.9388
2024-07-09 18:00:00+00:00,ETH,2029.28,2048.2,2017.14,2047.01,412.4417
2024-07-09 19:00:00+00:00,ETH,2047.01,2073.25,2017.05,2060.2,565.7386
2024-07-09 20:00:00+00:00,ETH,2060.2,2067.61,2029.34,2034.91,1016.3837
2024-07-09 21:00:00+00:00,ETH,2034.91,2059.4,2034.78,2042.57,598.374
2024-07-09 22:00:00+00:00,ETH,2042.57,2062.51,2022.9,2054.65,1275.0819
2024-07-09 23:00:00+00:00,ETH,2054.65,2057.63,2048.42,2053.79,414.8745
2024-07-10 00:00:00+00:00,ETH,2053.79,2054.07,2025.65,2048.87,340.2418
2024-07-10 01:00:00+00:00,ETH,2048.87,2062.24,2034.05,2045.24,642.6156
2024-07-10 02:00:00+00:00,ETH,2045.24,2069.81,2040.78,2055.21,458.8401
2024-07-10 03:00:00+00:00,ETH,2055.21,2079.12,2052.61,2061.13,456.5991
2024-07-10 04:00:00+00:00,ETH,2061.13,2092.74,2042.76,2062.37,497.2422
2024-07-10 05:00:00+00:00,ETH,2062.37,2078.67,2031.22,2040.64,267.6008
2024-07-10 06:00:00+00:00,ETH,2040.64,2047.64,2039.13,2047.42,353.3653
2024-07-10 07:00:00+00:00,ETH,2047.42,2066.59,2042.4,2050.12,757.7675
2024-07-10 08:00:00+00:00,ETH,2050.12,2070.45,2031.98,2038.13,1219.1773
2024-07-10 09:00:00+00:00,ETH,2038.13,2041.34,2018.46,2037.87,683.1582
2024-07-10 10:00:00+00:00,ETH,2037.87,2050.67,2024.54,2043.42,1001.2175
2024-07-10 11:00:00+00:00,ETH,2043.42,2056.01,2013.26,2015.03,336.0404
2024-07-10 12:00:00+00:00,ETH,2015.03,2028.39,2011.03,2019.68,607.3827
2024-07-10 13:00:00+00:00,ETH,2019.68,2039.28,2016.74,2023.69,437.1146
2024-07-10 14:00:00+00:00,ETH,2023.69,2051.97,2006.39,2038.64,549.7121
2024-07-10 15:00:00+00:00,ETH,2038.64,2047.51,2027.88,2043.81,395.8773
2024-07-10 16:00:00+00:00,ETH,2043.81,2057.39,2038.27,2050.87,365.3492
2024-07-10 17:00:00+00:00,ETH,2050.87,2052.1,2032.11,2049.37,519.5744
2024-07-10 18:00:00+00:00,ETH,2049.37,2081.5,2046.12,2048.81,427.633
2024-07-10 19:00:00+00:00,ETH,2048.81,2059.84,2029.78,2037.49,352.7486
2024-07-10 20:00:00+00:00,ETH,2037.49,2055.07,2024.87,2025.49,278.8702
2024-07-10 21:00:00+00:00,ETH,2025.49,2035.46,2003.72,2023.74,512.612
2024-07-10 22:00:00+00:00,ETH,2023.74,2024.04,2013.32,2015.89,466.2649
2024-07-10 23:00:00+00:00,ETH,2015.89,2051.74,2006.79,2011.25,808.3288
2024-07-11 00:00:00+00:00,ETH,2011.25,2022.3,2007.78,2014.08,396.5458
2024-07-11 01:00:00+00:00,ETH,2014.08,2023.38,2006.79,2008.87,483.4164
2024-07-11 02:00:00+00:00,ETH,2008.87,2036.85,2003.87,2018.58,876.8524
2024-07-11 03:00:00+00:00,ETH,2018.58,2022.51,2010.84,2020.23,469.4643
2024-07-11 04:00:00+00:00,ETH,2020.23,2037.05,2013.44,2033.0,538.9163
2024-07-11 05:00:00+00:00,ETH,2033.0,2036.75,1977.15,2004.69,471.2844
2024-07-11 06:00:00+00:00,ETH,2004.69,2018.81,2000.23,2012.5,563.582
2024-07-11 07:00:00+00:00,ETH,2012.5,2054.14,1987.0,2033.94,504.8137
2024-07-11 08:00:00+00:00,ETH,2033.94,2041.05,2013.6,2023.26,474.3053
2024-07-11 09:00:00+00:00,ETH,2023.26,2039.31,1990.89,2006.01,639.8068
2024-07-11 10:00:00+00:00,ETH,2006.01,2011.45,2004.87,2010.38,413.1935
2024-07-11 11:00:00+00:00,ETH,2010.38,2014.82,1997.47,2003.01,400.4987
2024-07-11 12:00:00+00:00,ETH,2003.01,2013.78,1978.03,2010.05,635.2134
2024-07-11 13:00:00+00:00,ETH,2010.05,2011.72,1977.16,1982.85,566.3304
2024-07-11 14:00:00+00:00,ETH,1982.85,1992.58,1960.64,1985.49,651.6768
2024-07-11 15:00:00+00:00,ETH,1985.49,1994.44,1981.69,1983.82,534.2367
2024-07-11 16:00:00+00:00,ETH,1983.82,2006.21,1955.93,1994.59,367.234
2024-07-11 17:00:00+00:00,ETH,1994.59,1995.89,1985.53,1986.88,512.5632
2024-07-11 18:00:00+00:00,ETH,1986.88,2002.83,1960.49,1972.82,520.4348
2024-07-11 19:00:00+00:00,ETH,1972.82,2006.93,1968.17,1976.99,250.7149
2024-07-11 20:00:00+00:00,ETH,1976.99,1984.9,1969.93,1973.91,852.3456
2024-07-11 21:00:00+00:00,ETH,1973.91,2005.67,1965.03,1967.58,600.6295
2024-07-11 22:00:00+00:00,ETH,1967.58,1984.04,1963.15,1968.63,346.363
2024-07-11 23:00:00+00:00,ETH,1968.63,2007.71,1964.3,1981.79,540.3781
2024-07-12 00:00:00+00:00,ETH,1981.79,2004.86,1964.62,1999.86,426.9393
2024-07-12 01:00:00+00:00,ETH,1999.86,2011.51,1990.42,2011.13,373.4166
2024-07-12 02:00:00+00:00,ETH,2011.13,2018.47,1985.75,2007.0,470.7633
2024-07-12 03:00:00+00:00,ETH,2007.0,2022.47,1999.97,2020.32,306.7836
2024-07-12 04:00:00+00:00,ETH,2020.32,2043.48,2017.34,2033.27,577.6035
2024-07-12 05:00:00+00:00,ETH,2033.27,2047.9,2021.36,2021.62,947.1486
2024-07-12 06:00:00+00:00,ETH,2021.62,2037.26,2008.4,2009.33,514.2131
2024-07-12 07:00:00+00:00,ETH,2009.33,2025.82,1978.92,2015.5,357.3589
2024-07-12 08:00:00+00:00,ETH,2015.5,2021.7,1998.96,2005.43,747.6597
2024-07-12 09:00:00+00:00,ETH,2005.43,2032.8,1998.93,2014.38,528.3131
2024-07-12 10:00:00+00:00,ETH,2014.38,2020.92,1975.44,1985.38,796.4889
2024-07-12 11:00:00+00:00,ETH,1985.38,1986.19,1966.95,1969.57,457.6706
2024-07-12 12:00:00+00:00,ETH,1969.57,1971.23,1943.28,1961.14,506.4386
2024-07-12 13:00:00+00:00,ETH,1961.14,1973.36,1958.15,1970.95,569.8129
2024-07-12 14:00:00+00:00,ETH,1970.95,1985.5,1940.06,1969.01,462.8613
2024-07-12 15:00:00+00:00,ETH,1969.01,1988.95,1944.93,1978.21,523.1744
2024-07-12 16:00:00+00:00,ETH,1978.21,1996.72,1975.77,1987.07,693.6967
2024-07-12 17:00:00+00:00,ETH,1987.07,1995.67,1981.93,1993.92,523.9464
2024-07-12 18:00:00+00:00,ETH,1993.92,2006.62,1967.47,1979.78,629.6782
2024-07-12 19:00:00+00:00,ETH,1979.78,1989.79,1968.34,1987.18,312.8884
2024-07-12 20:00:00+00:00,ETH,1987.18,2007.63,1984.65,1990.96,736.358
2024-07-12 21:00:00+00:00,ETH,1990.96,2008.15,1988.39,2003.35,570.2826
2024-07-12 22:00:00+00:00,ETH,2003.35,2007.13,1950.44,1995.1,327.0846
2024-07-12 23:00:00+00:00,ETH,1995.1,2001.01,1976.64,1988.54,264.2388
2024-07-13 00:00:00+00:00,ETH,1988.54,2000.64,1937.86,1958.33,448.3138
2024-07-13 01:00:00+00:00,ETH,1958.33,1981.68,1933.79,1978.61,487.3555
2024-07-13 02:00:00+00:00,ETH,1978.61,1985.48,1960.92,1967.31,707.4578
2024-07-13 03:00:00+00:00,ETH,1967.31,1989.34,1955.1,1975.69,552.046
2024-07-13 04:00:00+00:00,ETH,1975.69,2018.09,1971.99,1988.54,479.1081
2024-07-13 05:00:00+00:00,ETH,1988.54,2006.63,1951.93,1982.02,580.764
2024-07-13 06:00:00+00:00,ETH,1982.02,2001.09,1959.52,1982.71,605.4319
2024-07-13 07:00:00+00:00,ETH,1982.71,1993.46,1960.21,1981.21,300.0105
2024-07-13 08:00:00+00:00,ETH,1981.21,1981.24,1967.59,1979.63,401.1861
2024-07-13 09:00:00+00:00,ETH,1979.63,1986.04,1959.34,1984.05,743.7133
2024-07-13 10:00:00+00:00,ETH,1984.05,2000.45,1974.84,1981.07,388.205
2024-07-13 11:00:00+00:00,ETH,1981.07,1994.34,1973.43,1975.23,453.9619
2024-07-13 12:00:00+00:00,ETH,1975.23,1989.41,1969.98,1988.2,499.6072
2024-07-13 13:00:00+00:00,ETH,1988.2,1991.33,1962.59,1973.36,416.5782
2024-07-13 14:00:00+00:00,ETH,1973.36,1974.88,1966.53,1974.2,571.7438
2024-07-13 15:00:00+00:00,ETH,1974.2,1977.39,1941.45,1965.62,478.2949
2024-07-13 16:00:00+00:00,ETH,1965.62,1976.8,1954.11,1960.0,747.6405
2024-07-13 17:00:00+00:00,ETH,1960.0,1985.85,1956.08,1969.15,468.0576
2024-07-13 18:00:00+00:00,ETH,1969.15,1988.29,1966.02,1975.47,373.1344
2024-07-13 19:00:00+00:00,ETH,1975.47,1995.52,1967.88,1974.1,803.0769
2024-07-13 20:00:00+00:00,ETH,1974.1,1985.03,1923.07,1950.96,189.8382
2024-07-13 21:00:00+00:00,ETH,1950.96,1951.0,1948.98,1950.33,476.8863
2024-07-13 22:00:00+00:00,ETH,1950.33,1951.26,1923.41,1935.91,335.2063
2024-07-13 23:00:00+00:00,ETH,1935.91,1937.51,1912.86,1936.84,506.6483
2024-07-14 00:00:00+00:00,ETH,1936.84,1950.78,1908.6,1930.19,625.638
2024-07-14 01:00:00+00:00,ETH,1930.19,1941.33,1891.92,1909.15,490.7778
2024-07-14 02:00:00+00:00,ETH,1909.15,1913.15,1889.9,1906.11,489.3255
2024-07-14 03:00:00+00:00,ETH,1906.11,1927.56,1892.07,1910.11,235.2301
2024-07-14 04:00:00+00:00,ETH,1910.11,1940.31,1898.04,1939.52,572.6773
2024-07-14 05:00:00+00:00,ETH,1939.52,1944.43,1913.01,1917.22,328.8202
2024-07-14 06:00:00+00:00,ETH,1917.22,1943.5,1900.85,1934.77,793.4825
2024-07-14 07:00:00+00:00,ETH,1934.77,1939.47,1887.37,1927.81,382.5063
2024-07-14 08:00:00+00:00,ETH,1927.81,1947.22,1922.32,1934.9,743.3354
2024-07-14 09:00:00+00:00,ETH,1934.9,1951.13,1893.96,1939.48,425.0338
2024-07-14 10:00:00+00:00,ETH,1939.48,1946.71,1924.75,1930.69,644.8988
2024-07-14 11:00:00+00:00,ETH,1930.69,1949.73,1917.05,1945.82,597.0301
2024-07-14 12:00:00+00:00,ETH,1945.82,1958.08,1925.99,1943.71,459.5807
2024-07-14 13:00:00+00:00,ETH,1943.71,1950.61,1930.58,1934.18,364.4139
2024-07-14 14:00:00+00:00,ETH,1934.18,1941.78,1929.83,1929.98,527.7191
2024-07-14 15:00:00+00:00,ETH,1929.98,1949.72,1911.68,1914.18,323.1969
2024-07-14 16:00:00+00:00,ETH,1914.18,1927.03,1894.41,1920.78,560.6025
2024-07-14 17:00:00+00:00,ETH,1920.78,1939.39,1912.05,1918.71,905.2652
2024-07-14 18:00:00+00:00,ETH,1918.71,1943.28,1904.75,1908.7,796.5712
2024-07-14 19:00:00+00:00,ETH,1908.7,1917.39,1892.19,1917.3,529.7003
2024-07-14 20:00:00+00:00,ETH,1917.3,1923.5,1902.37,1910.31,736.8357
2024-07-14 21:00:00+00:00,ETH,1910.31,1950.36,1902.47,1926.67,791.7239
2024-07-14 22:00:00+00:00,ETH,1926.67,1942.49,1925.75,1930.35,452.3389
2024-07-14 23:00:00+00:00,ETH,1930.35,1935.0,1895.0,1916.84,1051.6826
2024-07-15 00:00:00+00:00,ETH,1916.84,1926.06,1902.53,1909.14,446.5258
2024-07-15 01:00:00+00:00,ETH,1909.14,1934.32,1900.35,1905.06,457.5275
2024-07-15 02:00:00+00:00,ETH,1905.06,1909.84,1899.07,1908.33,450.5218
2024-07-15 03:00:00+00:00,ETH,1908.33,1917.2,1878.9,1886.07,375.1578
2024-07-15 04:00:00+00:00,ETH,1886.07,1896.72,1882.87,1893.78,569.924
2024-07-15 05:00:00+00:00,ETH,1893.78,1909.01,1890.94,1896.61,483.7591
2024-07-15 06:00:00+00:00,ETH,1896.61,1901.8,1891.76,1894.12,409.2404
2024-07-15 07:00:00+00:00,ETH,1894.12,1912.03,1846.82,1866.91,395.4897
2024-07-15 08:00:00+00:00,ETH,1866.91,1869.73,1847.04,1855.73,355.0626
2024-07-15 09:00:00+00:00,ETH,1855.73,1876.4,1849.25,1870.23,308.0192
2024-07-15 10:00:00+00:00,ETH,1870.23,1880.87,1850.43,1860.65,634.502
2024-07-15 11:00:00+00:00,ETH,1860.65,1870.42,1853.31,1861.66,253.7182
2024-07-15 12:00:00+00:00,ETH,1861.66,1863.6,1851.51,1854.9,1014.0269
2024-07-15 13:00:00+00:00,ETH,1854.9,1872.02,1853.93,1868.35,634.6301
2024-07-15 14:00:00+00:00,ETH,1868.35,1886.27,1856.96,1873.71,477.2459
2024-07-15 15:00:00+00:00,ETH,1873.71,1878.7,1848.75,1863.33,476.1566
2024-07-15 16:00:00+00:00,ETH,1863.33,1873.2,1848.55,1852.23,664.1236
2024-07-15 17:00:00+00:00,ETH,1852.23,1867.17,1847.19,1852.68,372.9994
2024-07-15 18:00:00+00:00,ETH,1852.68,1856.23,1852.51,1853.81,491.4047
2024-07-15 19:00:00+00:00,ETH,1853.81,1859.31,1835.04,1840.84,632.3243
2024-07-15 20:00:00+00:00,ETH,1840.84,1849.76,1832.56,1836.52,607.9503
2024-07-15 21:00:00+00:00,ETH,1836.52,1844.47,1833.83,1836.3,691.4984
2024-07-15 22:00:00+00:00,ETH,1836.3,1853.79,1820.79,1836.19,496.6356
2024-07-15 23:00:00+00:00,ETH,1836.19,1860.78,1823.46,1851.32,537.2534
2024-07-16 00:00:00+00:00,ETH,1851.32,1858.11,1843.72,1848.67,452.8039
2024-07-16 01:00:00+00:00,ETH,1848.67,1855.31,1826.62,1842.63,485.2671
2024-07-16 02:00:00+00:00,ETH,1842.63,1871.7,1839.23,1868.26,417.1362
2024-07-16 03:00:00+00:00,ETH,1868.26,1871.89,1847.17,1851.56,574.0471
2024-07-16 04:00:00+00:00,ETH,1851.56,1863.91,1846.11,1853.96,856.2516
2024-07-16 05:00:00+00:00,ETH,1853.96,1865.45,1836.87,1860.85,666.3716
2024-07-16 06:00:00+00:00,ETH,1860.85,1869.96,1835.5,1839.79,512.6565
2024-07-16 07:00:00+00:00,ETH,1839.79,1865.34,1822.58,1834.57,322.7259
2024-07-16 08:00:00+00:00,ETH,1834.57,1850.0,1811.46,1827.48,700.674
2024-07-16 09:00:00+00:00,ETH,1827.48,1848.82,1814.49,1838.89,250.7116
2024-07-16 10:00:00+00:00,ETH,1838.89,1845.39,1823.35,1834.18,669.7236
2024-07-16 11:00:00+00:00,ETH,1834.18,1838.5,1829.79,1831.88,363.9044
2024-07-16 12:00:00+00:00,ETH,1831.88,1836.16,1818.41,1822.91,396.1303
2024-07-16 13:00:00+00:00,ETH,1822.91,1825.51,1808.69,1809.96,558.0988
2024-07-16 14:00:00+00:00,ETH,1809.96,1825.68,1808.49,1815.95,311.241
2024-07-16 15:00:00+00:00,ETH,1815.95,1840.52,1799.14,1806.31,702.8276
2024-07-16 16:00:00+00:00,ETH,1806.31,1816.7,1797.78,1800.71,650.7804
2024-07-16 17:00:00+00:00,ETH,1800.71,1818.55,1770.91,1794.94,280.5309
2024-07-16 18:00:00+00:00,ETH,1794.94,1797.3,1779.59,1788.49,509.4423
2024-07-16 19:00:00+00:00,ETH,1788.49,1807.44,1770.0,1780.72,325.2486
2024-07-16 20:00:00+00:00,ETH,1780.72,1786.41,1757.23,1776.2,803.6104
2024-07-16 21:00:00+00:00,ETH,1776.2,1790.42,1764.34,1790.02,610.6044
2024-07-16 22:00:00+00:00,ETH,1790.02,1812.93,1781.19,1803.75,328.8185
2024-07-16 23:00:00+00:00,ETH,1803.75,1825.5,1797.66,1802.46,314.6365
2024-07-17 00:00:00+00:00,ETH,1802.46,1819.85,1788.36,1815.07,518.4391
2024-07-17 01:00:00+00:00,ETH,1815.07,1822.04,1803.27,1816.79,396.3634
2024-07-17 02:00:00+00:00,ETH,1816.79,1838.32,1809.86,1820.31,319.7331
2024-07-17 03:00:00+00:00,ETH,1820.31,1821.95,1808.19,1810.65,568.7967
2024-07-17 04:00:00+00:00,ETH,1810.65,1812.43,1802.21,1812.19,791.6335
2024-07-17 05:00:00+00:00,ETH,1812.19,1833.73,1804.82,1805.07,373.1656
2024-07-17 06:00:00+00:00,ETH,1805.07,1823.18,1798.71,1803.93,697.686
2024-07-17 07:00:00+00:00,ETH,1803.93,1819.19,1793.66,1809.43,335.502
2024-07-17 08:00:00+00:00,ETH,1809.43,1821.21,1809.1,1810.93,568.2471
2024-07-17 09:00:00+00:00,ETH,1810.93,1819.72,1803.2,1812.42,574.1233
2024-07-17 10:00:00+00:00,ETH,1812.42,1832.02,1798.1,1808.39,368.2992
2024-07-17 11:00:00+00:00,ETH,1808.39,1823.07,1791.38,1794.48,411.4511
2024-07-17 12:00:00+00:00,ETH,1794.48,1806.37,1775.49,1799.08,347.2534
2024-07-17 13:00:00+00:00,ETH,1799.08,1815.05,1793.26,1809.53,525.8618
2024-07-17 14:00:00+00:00,ETH,1809.53,1825.51,1800.19,1820.44,486.2787
2024-07-17 15:00:00+00:00,ETH,1820.44,1827.99,1816.7,1817.17,300.7198
2024-07-17 16:00:00+00:00,ETH,1817.17,1825.14,1813.36,1818.4,520.0102
2024-07-17 17:00:00+00:00,ETH,1818.4,1830.75,1787.51,1807.66,437.493
2024-07-17 18:00:00+00:00,ETH,1807.66,1821.93,1778.45,1796.33,575.25
2024-07-17 19:00:00+00:00,ETH,1796.33,1806.17,1784.85,1805.79,282.3556
2024-07-17 20:00:00+00:00,ETH,1805.79,1824.03,1804.21,1817.91,435.8159
2024-07-17 21:00:00+00:00,ETH,1817.91,1825.66,1814.17,1814.59,615.5696
2024-07-17 22:00:00+00:00,ETH,1814.59,1822.42,1780.29,1797.09,547.9874
2024-07-17 23:00:00+00:00,ETH,1797.09,1820.47,1792.35,1807.8,247.7181
2024-07-18 00:00:00+00:00,ETH,1807.8,1829.0,1802.01,1811.22,793.3674
2024-07-18 01:00:00+00:00,ETH,1811.22,1829.41,1785.76,1821.44,764.6609
2024-07-18 02:00:00+00:00,ETH,1821.44,1835.99,1818.82,1820.09,572.4055
2024-07-18 03:00:00+00:00,ETH,1820.09,1833.28,1799.26,1816.85,457.0663
2024-07-18 04:00:00+00:00,ETH,1816.85,1824.55,1809.04,1815.02,385.7071
2024-07-18 05:00:00+00:00,ETH,1815.02,1822.84,1810.78,1812.2,844.4797
2024-07-18 06:00:00+00:00,ETH,1812.2,1818.87,1808.14,1818.1,364.7308
2024-07-18 07:00:00+00:00,ETH,1818.1,1825.09,1818.06,1821.53,638.4085
2024-07-18 08:00:00+00:00,ETH,1821.53,1829.37,1809.12,1828.86,486.7466
2024-07-18 09:00:00+00:00,ETH,1828.86,1862.11,1815.7,1823.32,586.3461
2024-07-18 10:00:00+00:00,ETH,1823.32,1835.64,1806.04,1812.0,629.6312
2024-07-18 11:00:00+00:00,ETH,1812.0,1843.73,1804.92,1821.81,471.5754
2024-07-18 12:00:00+00:00,ETH,1821.81,1835.46,1799.64,1800.68,825.7929
2024-07-18 13:00:00+00:00,ETH,1800.68,1803.42,1792.44,1796.88,587.3715
2024-07-18 14:00:00+00:00,ETH,1796.88,1809.24,1796.6,1803.8,796.4575
2024-07-18 15:00:00+00:00,ETH,1803.8,1805.81,1800.95,1802.09,511.766
2024-07-18 16:00:00+00:00,ETH,1802.09,1806.81,1789.59,1794.86,561.5782
2024-07-18 17:00:00+00:00,ETH,1794.86,1796.77,1788.5,1793.14,499.3728
2024-07-18 18:00:00+00:00,ETH,1793.14,1804.14,1781.09,1797.63,310.1295
2024-07-18 19:00:00+00:00,ETH,1797.63,1800.88,1776.63,1779.79,307.4919
2024-07-18 20:00:00+00:00,ETH,1779.79,1784.22,1765.38,1780.19,377.5421
2024-07-18 21:00:00+00:00,ETH,1780.19,1792.6,1767.34,1784.75,379.0222
2024-07-18 22:00:00+00:00,ETH,1784.75,1808.19,1783.37,1789.54,351.1839
2024-07-18 23:00:00+00:00,ETH,1789.54,1799.2,1782.61,1786.16,828.9561
2024-07-19 00:00:00+00:00,ETH,1786.16,1794.4,1766.04,1772.09,790.6206
2024-07-19 01:00:00+00:00,ETH,1772.09,1778.43,1755.97,1759.97,325.6852
2024-07-19 02:00:00+00:00,ETH,1759.97,1775.29,1759.33,1761.31,889.1234
2024-07-19 03:00:00+00:00,ETH,1761.31,1778.97,1758.09,1776.93,411.6148
2024-07-19 04:00:00+00:00,ETH,1776.93,1794.02,1767.32,1776.17,514.9814
2024-07-19 05:00:00+00:00,ETH,1776.17,1789.32,1776.16,1787.16,291.9766
2024-07-19 06:00:00+00:00,ETH,1787.16,1814.34,1772.82,1779.87,429.0308
2024-07-19 07:00:00+00:00,ETH,1779.87,1782.07,1766.63,1775.88,728.0219
2024-07-19 08:00:00+00:00,ETH,1775.88,1787.66,1760.09,1764.96,712.4213
2024-07-19 09:00:00+00:00,ETH,1764.96,1783.01,1763.79,1773.15,691.1575
2024-07-19 10:00:00+00:00,ETH,1773.15,1782.18,1755.66,1770.58,376.9992
2024-07-19 11:00:00+00:00,ETH,1770.58,1789.76,1769.66,1780.1,671.3008
2024-07-19 12:00:00+00:00,ETH,1780.1,1785.67,1759.69,1768.26,690.7491
2024-07-19 13:00:00+00:00,ETH,1768.26,1801.66,1763.86,1790.02,570.7347
2024-07-19 14:00:00+00:00,ETH,1790.02,1802.58,1774.4,1785.09,470.7613
2024-07-19 15:00:00+00:00,ETH,1785.09,1797.23,1785.02,1790.86,343.9988
2024-07-19 16:00:00+00:00,ETH,1790.86,1816.28,1786.88,1786.89,461.7515
2024-07-19 17:00:00+00:00,ETH,1786.89,1801.77,1777.3,1795.56,757.9282
2024-07-19 18:00:00+00:00,ETH,1795.56,1803.19,1782.61,1798.22,607.7666
2024-07-19 19:00:00+00:00,ETH,1798.22,1809.31,1781.96,1791.79,507.1717
2024-07-19 20:00:00+00:00,ETH,1791.79,1804.8,1771.36,1773.81,431.3121
2024-07-19 21:00:00+00:00,ETH,1773.81,1803.07,1772.45,1790.99,559.5069
2024-07-19 22:00:00+00:00,ETH,1790.99,1803.9,1770.7,1780.27,653.4517
2024-07-19 23:00:00+00:00,ETH,1780.27,1809.34,1775.81,1800.63,299.6871
2024-07-20 00:00:00+00:00,ETH,1800.63,1810.97,1792.47,1809.12,570.7458
2024-07-20 01:00:00+00:00,ETH,1809.12,1835.6,1800.52,1824.52,425.7696
2024-07-20 02:00:00+00:00,ETH,1824.52,1844.88,1822.82,1829.26,346.9398
2024-07-20 03:00:00+00:00,ETH,1829.26,1832.82,1805.41,1818.17,657.52
2024-07-20 04:00:00+00:00,ETH,1818.17,1827.12,1808.15,1813.1,576.3401
2024-07-20 05:00:00+00:00,ETH,1813.1,1818.98,1804.64,1809.92,513.0854
2024-07-20 06:00:00+00:00,ETH,1809.92,1821.03,1794.21,1804.89,784.8213
2024-07-20 07:00:00+00:00,ETH,1804.89,1809.05,1799.63,1799.78,497.9863
2024-07-20 08:00:00+00:00,ETH,1799.78,1808.14,1775.97,1794.23,739.1112
2024-07-20 09:00:00+00:00,ETH,1794.23,1838.17,1793.07,1822.34,599.6655
2024-07-20 10:00:00+00:00,ETH,1822.34,1857.26,1818.55,1835.06,541.4865
2024-07-20 11:00:00+00:00,ETH,1835.06,1845.92,1815.31,1834.58,684.366
2024-07-20 12:00:00+00:00,ETH,1834.58,1834.66,1814.19,1823.37,712.9917
2024-07-20 13:00:00+00:00,ETH,1823.37,1834.65,1819.37,1820.43,346.3289
2024-07-20 14:00:00+00:00,ETH,1820.43,1825.14,1803.47,1819.34,782.6246
2024-07-20 15:00:00+00:00,ETH,1819.34,1847.92,1812.63,1832.8,374.0597
2024-07-20 16:00:00+00:00,ETH,1832.8,1844.4,1820.42,1827.48,907.9652
2024-07-20 17:00:00+00:00,ETH,1827.48,1846.34,1808.11,1822.68,769.3532
2024-07-20 18:00:00+00:00,ETH,1822.68,1837.27,1816.5,1835.79,624.5723
2024-07-20 19:00:00+00:00,ETH,1835.79,1836.5,1818.65,1836.31,1021.1989
2024-07-20 20:00:00+00:00,ETH,1836.31,1853.65,1829.73,1849.51,608.9279
2024-07-20 21:00:00+00:00,ETH,1849.51,1874.88,1845.23,1851.28,298.4516
2024-07-20 22:00:00+00:00,ETH,1851.28,1866.87,1841.14,1853.12,627.0959
2024-07-20 23:00:00+00:00,ETH,1853.12,1871.12,1838.58,1857.65,494.3694
2024-07-21 00:00:00+00:00,ETH,1857.65,1883.04,1853.1,1870.13,482.978
2024-07-21 01:00:00+00:00,ETH,1870.13,1872.57,1861.52,1869.13,822.0474
2024-07-21 02:00:00+00:00,ETH,1869.13,1888.77,1859.52,1882.44,283.7749
2024-07-21 03:00:00+00:00,ETH,1882.44,1897.14,1875.24,1876.16,335.566
2024-07-21 04:00:00+00:00,ETH,1876.16,1897.03,1859.21,1877.4,619.3532
2024-07-21 05:00:00+00:00,ETH,1877.4,1904.82,1862.82,1867.35,421.6311
2024-07-21 06:00:00+00:00,ETH,1867.35,1885.47,1862.78,1881.11,585.7444
2024-07-21 07:00:00+00:00,ETH,1881.11,1884.42,1863.44,1871.05,439.5454
2024-07-21 08:00:00+00:00,ETH,1871.05,1885.3,1870.02,1870.37,284.9082
2024-07-21 09:00:00+00:00,ETH,1870.37,1878.66,1855.98,1875.75,506.5244
2024-07-21 10:00:00+00:00,ETH,1875.75,1899.76,1860.66,1882.41,696.3002
2024-07-21 11:00:00+00:00,ETH,1882.41,1901.35,1881.53,1885.84,295.2199
2024-07-21 12:00:00+00:00,ETH,1885.84,1917.67,1882.36,1895.73,327.2814
2024-07-21 13:00:00+00:00,ETH,1895.73,1916.57,1889.57,1911.95,412.9011
2024-07-21 14:00:00+00:00,ETH,1911.95,1925.78,1892.73,1899.0,587.5642
2024-07-21 15:00:00+00:00,ETH,1899.0,1908.98,1883.82,1905.73,340.7189
2024-07-21 16:00:00+00:00,ETH,1905.73,1913.02,1886.31,1909.38,544.0649
2024-07-21 17:00:00+00:00,ETH,1909.38,1911.6,1877.77,1904.72,358.6719
2024-07-21 18:00:00+00:00,ETH,1904.72,1906.69,1889.41,1906.19,480.2207
2024-07-21 19:00:00+00:00,ETH,1906.19,1920.01,1886.88,1889.24,520.9527
2024-07-21 20:00:00+00:00,ETH,1889.24,1889.92,1862.0,1871.63,471.9086
2024-07-21 21:00:00+00:00,ETH,1871.63,1890.8,1861.01,1878.01,547.0045
2024-07-21 22:00:00+00:00,ETH,1878.01,1882.89,1866.65,1876.2,462.6626
2024-07-21 23:00:00+00:00,ETH,1876.2,1881.57,1875.49,1877.07,698.2123
2024-07-22 00:00:00+00:00,ETH,1877.07,1889.18,1843.96,1861.6,708.8851
2024-07-22 01:00:00+00:00,ETH,1861.6,1876.94,1860.99,1874.99,726.4245
2024-07-22 02:00:00+00:00,ETH,1874.99,1883.61,1862.99,1880.06,537.6544
2024-07-22 03:00:00+00:00,ETH,1880.06,1890.06,1861.56,1871.29,569.185
2024-07-22 04:00:00+00:00,ETH,1871.29,1881.03,1859.2,1860.89,504.2068
2024-07-22 05:00:00+00:00,ETH,1860.89,1865.36,1843.28,1844.32,230.0905
2024-07-22 06:00:00+00:00,ETH,1844.32,1865.72,1834.59,1843.47,450.1827
2024-07-22 07:00:00+00:00,ETH,1843.47,1855.53,1834.82,1841.02,676.889
2024-07-22 08:00:00+00:00,ETH,1841.02,1848.22,1821.89,1825.77,326.9539
2024-07-22 09:00:00+00:00,ETH,1825.77,1830.55,1802.19,1819.27,606.8619
2024-07-22 10:00:00+00:00,ETH,1819.27,1835.73,1819.25,1833.67,260.9087
2024-07-22 11:00:00+00:00,ETH,1833.67,1841.6,1812.03,1814.0,454.1625
2024-07-22 12:00:00+00:00,ETH,1814.0,1823.29,1803.41,1814.54,384.3888
2024-07-22 13:00:00+00:00,ETH,1814.54,1816.07,1799.17,1810.46,533.6478
2024-07-22 14:00:00+00:00,ETH,1810.46,1823.27,1807.81,1816.44,595.5241
2024-07-22 15:00:00+00:00,ETH,1816.44,1820.86,1791.83,1795.12,568.5173
2024-07-22 16:00:00+00:00,ETH,1795.12,1820.25,1768.93,1789.62,374.4132
2024-07-22 17:00:00+00:00,ETH,1789.62,1804.85,1786.25,1796.64,422.2058
2024-07-22 18:00:00+00:00,ETH,1796.64,1825.36,1786.15,1813.81,476.8996
2024-07-22 19:00:00+00:00,ETH,1813.81,1835.7,1801.7,1809.91,849.3052
2024-07-22 20:00:00+00:00,ETH,1809.91,1812.04,1781.92,1797.37,662.2428
2024-07-22 21:00:00+00:00,ETH,1797.37,1801.16,1795.25,1798.17,602.8966
2024-07-22 22:00:00+00:00,ETH,1798.17,1820.74,1774.77,1786.08,694.3921
2024-07-22 23:00:00+00:00,ETH,1786.08,1811.37,1755.35,1798.43,702.7421
2024-07-23 00:00:00+00:00,ETH,1798.43,1810.83,1783.23,1803.71,499.9639
2024-07-23 01:00:00+00:00,ETH,1803.71,1807.21,1782.43,1796.4,429.8782
2024-07-23 02:00:00+00:00,ETH,1796.4,1805.57,1793.35,1803.11,672.7318
2024-07-23 03:00:00+00:00,ETH,1803.11,1807.08,1774.53,1779.62,531.4713
2024-07-23 04:00:00+00:00,ETH,1779.62,1787.16,1748.59,1770.58,342.3515
2024-07-23 05:00:00+00:00,ETH,1770.58,1782.26,1767.82,1776.51,699.6179
2024-07-23 06:00:00+00:00,ETH,1776.51,1796.52,1769.56,1771.91,678.5637
2024-07-23 07:00:00+00:00,ETH,1771.91,1778.92,1769.56,1770.39,248.123
2024-07-23 08:00:00+00:00,ETH,1770.39,1794.19,1767.84,1789.76,422.7578
2024-07-23 09:00:00+00:00,ETH,1789.76,1813.89,1780.92,1789.1,395.6255
2024-07-23 10:00:00+00:00,ETH,1789.1,1820.88,1770.16,1794.74,482.0644
2024-07-23 11:00:00+00:00,ETH,1794.74,1800.1,1774.76,1780.8,469.9724
2024-07-23 12:00:00+00:00,ETH,1780.8,1782.06,1773.92,1781.67,471.9598
2024-07-23 13:00:00+00:00,ETH,1781.67,1798.07,1758.27,1797.66,854.7401
2024-07-23 14:00:00+00:00,ETH,1797.66,1802.0,1789.23,1795.35,933.7712
2024-07-23 15:00:00+00:00,ETH,1795.35,1805.75,1792.08,1796.28,386.5584
2024-07-23 16:00:00+00:00,ETH,1796.28,1800.13,1776.89,1793.82,414.3441
2024-07-23 17:00:00+00:00,ETH,1793.82,1806.48,1772.57,1786.45,749.0484
2024-07-23 18:00:00+00:00,ETH,1786.45,1794.44,1786.32,1787.11,541.5951
2024-07-23 19:00:00+00:00,ETH,1787.11,1813.26,1783.1,1802.98,386.4483
2024-07-23 20:00:00+00:00,ETH,1802.98,1817.37,1787.06,1798.28,556.3524
2024-07-23 21:00:00+00:00,ETH,1798.28,1809.27,1788.85,1805.06,175.0413
2024-07-23 22:00:00+00:00,ETH,1805.06,1824.72,1785.97,1810.28,188.1157
2024-07-23 23:00:00+00:00,ETH,1810.28,1840.8,1793.9,1826.87,640.0384
2024-07-24 00:00:00+00:00,ETH,1826.87,1829.58,1814.67,1819.53,828.9266
2024-07-24 01:00:00+00:00,ETH,1819.53,1828.43,1789.41,1798.61,705.2604
2024-07-24 02:00:00+00:00,ETH,1798.61,1819.73,1791.28,1816.17,314.5666
2024-07-24 03:00:00+00:00,ETH,1816.17,1827.26,1802.18,1823.82,556.6124
2024-07-24 04:00:00+00:00,ETH,1823.82,1836.81,1821.04,1824.35,1163.7863
2024-07-24 05:00:00+00:00,ETH,1824.35,1827.38,1813.05,1824.91,363.8807
2024-07-24 06:00:00+00:00,ETH,1824.91,1844.3,1821.35,1831.47,690.2571
2024-07-24 07:00:00+00:00,ETH,1831.47,1848.73,1830.07,1833.29,383.9128
2024-07-24 08:00:00+00:00,ETH,1833.29,1854.91,1819.4,1848.47,469.6622
2024-07-24 09:00:00+00:00,ETH,1848.47,1863.43,1843.84,1848.56,646.5679
2024-07-24 10:00:00+00:00,ETH,1848.56,1854.3,1839.2,1841.8,441.0555
2024-07-24 11:00:00+00:00,ETH,1841.8,1858.16,1830.51,1845.26,502.516
2024-07-24 12:00:00+00:00,ETH,1845.26,1853.2,1836.51,1852.65,353.5548
2024-07-24 13:00:00+00:00,ETH,1852.65,1859.99,1817.1,1831.38,626.9806
2024-07-24 14:00:00+00:00,ETH,1831.38,1844.84,1819.46,1824.0,514.009
2024-07-24 15:00:00+00:00,ETH,1824.0,1828.95,1806.4,1815.91,436.185
2024-07-24 16:00:00+00:00,ETH,1815.91,1816.99,1800.92,1816.89,284.3407
2024-07-24 17:00:00+00:00,ETH,1816.89,1817.64,1791.82,1814.39,629.3449
2024-07-24 18:00:00+00:00,ETH,1814.39,1840.32,1811.89,1834.7,315.2795
2024-07-24 19:00:00+00:00,ETH,1834.7,1836.33,1818.62,1833.41,489.4328
2024-07-24 20:00:00+00:00,ETH,1833.41,1839.18,1820.38,1822.9,637.5783
2024-07-24 21:00:00+00:00,ETH,1822.9,1829.97,1795.7,1811.82,580.8648
2024-07-24 22:00:00+00:00,ETH,1811.82,1823.44,1800.41,1813.89,455.9438
2024-07-24 23:00:00+00:00,ETH,1813.89,1824.28,1809.03,1819.61,825.6321
2024-07-25 00:00:00+00:00,ETH,1819.61,1832.64,1817.61,1827.59,565.2217
2024-07-25 01:00:00+00:00,ETH,1827.59,1838.29,1818.65,1835.97,541.5439
2024-07-25 02:00:00+00:00,ETH,1835.97,1840.32,1831.41,1836.71,380.6991
2024-07-25 03:00:00+00:00,ETH,1836.71,1839.6,1820.08,1832.75,376.7549
2024-07-25 04:00:00+00:00,ETH,1832.75,1855.37,1824.66,1841.03,421.3909
2024-07-25 05:00:00+00:00,ETH,1841.03,1845.6,1836.61,1838.27,428.9614
2024-07-25 06:00:00+00:00,ETH,1838.27,1851.95,1821.52,1850.94,469.3755
2024-07-25 07:00:00+00:00,ETH,1850.94,1865.8,1850.42,1860.44,343.1316
2024-07-25 08:00:00+00:00,ETH,1860.44,1862.47,1843.77,1845.62,668.6103
2024-07-25 09:00:00+00:00,ETH,1845.62,1856.91,1822.29,1834.4,467.283
2024-07-25 10:00:00+00:00,ETH,1834.4,1838.25,1833.17,1836.85,666.1052
2024-07-25 11:00:00+00:00,ETH,1836.85,1847.11,1836.43,1845.58,752.8503
2024-07-25 12:00:00+00:00,ETH,1845.58,1851.91,1843.0,1846.56,692.8129
2024-07-25 13:00:00+00:00,ETH,1846.56,1866.92,1830.31,1842.7,443.6616
2024-07-25 14:00:00+00:00,ETH,1842.7,1867.12,1832.6,1849.0,902.7006
2024-07-25 15:00:00+00:00,ETH,1849.0,1856.55,1835.7,1846.59,596.0324
2024-07-25 16:00:00+00:00,ETH,1846.59,1861.6,1829.81,1838.91,561.7321
2024-07-25 17:00:00+00:00,ETH,1838.91,1847.35,1832.81,1844.03,387.5502
2024-07-25 18:00:00+00:00,ETH,1844.03,1851.2,1839.93,1848.5,330.8956
2024-07-25 19:00:00+00:00,ETH,1848.5,1853.51,1821.07,1844.43,476.9718
2024-07-25 20:00:00+00:00,ETH,1844.43,1870.53,1831.03,1859.03,428.1614
2024-07-25 21:00:00+00:00,ETH,1859.03,1868.58,1825.87,1843.78,766.9865
2024-07-25 22:00:00+00:00,ETH,1843.78,1853.92,1842.03,1843.0,282.8707
2024-07-25 23:00:00+00:00,ETH,1843.0,1856.37,1823.02,1844.79,794.7343
2024-07-26 00:00:00+00:00,ETH,1844.79,1847.39,1814.68,1835.52,581.2979
2024-07-26 01:00:00+00:00,ETH,1835.52,1842.79,1821.2,1830.0,378.0855
2024-07-26 02:00:00+00:00,ETH,1830.0,1840.43,1818.81,1835.83,416.8191
2024-07-26 03:00:00+00:00,ETH,1835.83,1838.47,1831.07,1837.03,1051.2874
2024-07-26 04:00:00+00:00,ETH,1837.03,1840.7,1825.7,1838.33,407.6551
2024-07-26 05:00:00+00:00,ETH,1838.33,1845.8,1827.83,1836.28,618.1415
2024-07-26 06:00:00+00:00,ETH,1836.28,1849.5,1809.42,1824.71,506.1669
2024-07-26 07:00:00+00:00,ETH,1824.71,1841.9,1810.54,1829.91,813.2708
2024-07-26 08:00:00+00:00,ETH,1829.91,1841.04,1818.57,1834.11,417.0692
2024-07-26 09:00:00+00:00,ETH,1834.11,1847.54,1816.34,1821.5,444.5007
2024-07-26 10:00:00+00:00,ETH,1821.5,1823.0,1799.34,1810.59,551.7481
2024-07-26 11:00:00+00:00,ETH,1810.59,1817.66,1809.16,1817.16,472.1332
2024-07-26 12:00:00+00:00,ETH,1817.16,1834.47,1799.46,1801.87,497.094
2024-07-26 13:00:00+00:00,ETH,1801.87,1823.35,1782.99,1818.05,490.1776
2024-07-26 14:00:00+00:00,ETH,1818.05,1839.21,1799.04,1827.83,426.9682
2024-07-26 15:00:00+00:00,ETH,1827.83,1837.78,1804.82,1810.18,376.4997
2024-07-26 16:00:00+00:00,ETH,1810.18,1823.18,1803.06,1814.27,570.3219
2024-07-26 17:00:00+00:00,ETH,1814.27,1823.17,1811.5,1819.89,510.8352
2024-07-26 18:00:00+00:00,ETH,1819.89,1837.54,1768.09,1804.61,536.809
2024-07-26 19:00:00+00:00,ETH,1804.61,1816.91,1796.68,1814.4,558.382
2024-07-26 20:00:00+00:00,ETH,1814.4,1815.35,1801.42,1802.72,479.4955
2024-07-26 21:00:00+00:00,ETH,1802.72,1821.3,1788.05,1792.9,418.0824
2024-07-26 22:00:00+00:00,ETH,1792.9,1812.55,1789.01,1810.56,540.4461
2024-07-26 23:00:00+00:00,ETH,1810.56,1817.49,1796.82,1809.14,341.5925
2024-07-27 00:00:00+00:00,ETH,1809.14,1826.31,1789.99,1815.56,561.2093
2024-07-27 01:00:00+00:00,ETH,1815.56,1823.44,1808.71,1809.16,896.0291
2024-07-27 02:00:00+00:00,ETH,1809.16,1833.49,1804.51,1809.86,542.9266
2024-07-27 03:00:00+00:00,ETH,1809.86,1821.27,1794.92,1816.79,849.2142
2024-07-27 04:00:00+00:00,ETH,1816.79,1819.28,1805.33,1805.4,438.0392
2024-07-27 05:00:00+00:00,ETH,1805.4,1824.75,1805.1,1820.52,587.5424
2024-07-27 06:00:00+00:00,ETH,1820.52,1844.63,1820.04,1843.82,1204.4498
2024-07-27 07:00:00+00:00,ETH,1843.82,1848.35,1830.38,1841.05,897.4561
2024-07-27 08:00:00+00:00,ETH,1841.05,1846.22,1836.14,1844.26,453.5404
2024-07-27 09:00:00+00:00,ETH,1844.26,1875.75,1842.86,1858.8,744.9345
2024-07-27 10:00:00+00:00,ETH,1858.8,1877.9,1856.83,1870.24,655.2696
2024-07-27 11:00:00+00:00,ETH,1870.24,1873.9,1852.48,1865.04,431.9252
2024-07-27 12:00:00+00:00,ETH,1865.04,1890.02,1862.99,1873.33,581.5941
2024-07-27 13:00:00+00:00,ETH,1873.33,1881.41,1851.01,1854.04,509.096
2024-07-27 14:00:00+00:00,ETH,1854.04,1872.44,1853.77,1867.52,324.345
2024-07-27 15:00:00+00:00,ETH,1867.52,1872.48,1847.48,1858.61,436.4587
2024-07-27 16:00:00+00:00,ETH,1858.61,1863.91,1857.43,1860.52,462.8461
2024-07-27 17:00:00+00:00,ETH,1860.52,1885.19,1857.7,1881.82,773.4418
2024-07-27 18:00:00+00:00,ETH,1881.82,1908.95,1870.28,1890.42,284.9936
2024-07-27 19:00:00+00:00,ETH,1890.42,1913.05,1887.66,1909.36,400.1349
2024-07-27 20:00:00+00:00,ETH,1909.36,1918.92,1895.53,1900.71,830.7415
2024-07-27 21:00:00+00:00,ETH,1900.71,1909.46,1884.17,1890.43,533.7723
2024-07-27 22:00:00+00:00,ETH,1890.43,1893.89,1858.41,1886.52,566.2891
2024-07-27 23:00:00+00:00,ETH,1886.52,1893.63,1883.89,1887.46,1203.1612
2024-07-28 00:00:00+00:00,ETH,1887.46,1922.73,1885.93,1914.3,416.9166
2024-07-28 01:00:00+00:00,ETH,1914.3,1922.18,1897.8,1911.21,506.3363
2024-07-28 02:00:00+00:00,ETH,1911.21,1935.09,1908.36,1914.02,389.9659
2024-07-28 03:00:00+00:00,ETH,1914.02,1951.56,1894.02,1928.35,906.3925
2024-07-28 04:00:00+00:00,ETH,1928.35,1950.25,1910.37,1912.25,584.9234
2024-07-28 05:00:00+00:00,ETH,1912.25,1915.76,1897.0,1906.84,756.3413
2024-07-28 06:00:00+00:00,ETH,1906.84,1912.66,1877.89,1883.88,537.3321
2024-07-28 07:00:00+00:00,ETH,1883.88,1905.34,1870.39,1876.43,951.5332
2024-07-28 08:00:00+00:00,ETH,1876.43,1887.37,1870.44,1873.31,598.8567
2024-07-28 09:00:00+00:00,ETH,1873.31,1900.42,1857.9,1892.76,435.1254
2024-07-28 10:00:00+00:00,ETH,1892.76,1900.14,1880.39,1890.03,472.5741
2024-07-28 11:00:00+00:00,ETH,1890.03,1895.16,1870.56,1884.2,937.3867
2024-07-28 12:00:00+00:00,ETH,1884.2,1889.0,1854.26,1859.88,312.4624
2024-07-28 13:00:00+00:00,ETH,1859.88,1866.61,1852.85,1857.9,349.8573
2024-07-28 14:00:00+00:00,ETH,1857.9,1873.69,1853.12,1865.93,519.8943
2024-07-28 15:00:00+00:00,ETH,1865.93,1876.51,1862.96,1871.85,272.6272
2024-07-28 16:00:00+00:00,ETH,1871.85,1881.77,1862.52,1863.88,904.2526
2024-07-28 17:00:00+00:00,ETH,1863.88,1891.5,1855.11,1890.24,421.7022
2024-07-28 18:00:00+00:00,ETH,1890.24,1908.47,1855.33,1867.44,527.3934
2024-07-28 19:00:00+00:00,ETH,1867.44,1875.71,1862.41,1869.07,455.6461
2024-07-28 20:00:00+00:00,ETH,1869.07,1887.25,1868.77,1878.01,294.9636
2024-07-28 21:00:00+00:00,ETH,1878.01,1881.86,1869.06,1869.66,573.0273
2024-07-28 22:00:00+00:00,ETH,1869.66,1876.41,1859.62,1864.39,464.6497
2024-07-28 23:00:00+00:00,ETH,1864.39,1879.3,1852.67,1857.03,549.7944
2024-07-29 00:00:00+00:00,ETH,1857.03,1882.1,1849.95,1852.07,317.0123
2024-07-29 01:00:00+00:00,ETH,1852.07,1871.56,1844.24,1856.98,923.3802
2024-07-29 02:00:00+00:00,ETH,1856.98,1876.79,1842.84,1872.74,585.4935
2024-07-29 03:00:00+00:00,ETH,1872.74,1893.69,1863.51,1890.38,460.6183
2024-07-29 04:00:00+00:00,ETH,1890.38,1909.65,1873.94,1899.84,313.9947
2024-07-29 05:00:00+00:00,ETH,1899.84,1902.75,1887.66,1899.88,547.4957
2024-07-29 06:00:00+00:00,ETH,1899.88,1910.32,1895.08,1902.47,591.1144
2024-07-29 07:00:00+00:00,ETH,1902.47,1941.54,1901.02,1931.0,281.654
2024-07-29 08:00:00+00:00,ETH,1931.0,1944.38,1925.32,1930.21,543.9826
2024-07-29 09:00:00+00:00,ETH,1930.21,1935.86,1924.44,1927.68,457.1874
2024-07-29 10:00:00+00:00,ETH,1927.68,1935.93,1922.03,1927.51,297.5292
2024-07-29 11:00:00+00:00,ETH,1927.51,1938.25,1925.7,1932.46,588.0648
2024-07-29 12:00:00+00:00,ETH,1932.46,1943.28,1904.58,1931.79,466.3968
2024-07-29 13:00:00+00:00,ETH,1931.79,1950.73,1925.05,1940.23,353.0044
2024-07-29 14:00:00+00:00,ETH,1940.23,1957.15,1933.64,1941.75,823.707
2024-07-29 15:00:00+00:00,ETH,1941.75,1949.29,1925.4,1931.6,678.3926
2024-07-29 16:00:00+00:00,ETH,1931.6,1938.79,1915.4,1916.1,336.582
2024-07-29 17:00:00+00:00,ETH,1916.1,1925.38,1912.81,1920.21,384.2945
2024-07-29 18:00:00+00:00,ETH,1920.21,1922.36,1909.9,1913.89,392.4733
2024-07-29 19:00:00+00:00,ETH,1913.89,1940.64,1904.45,1932.85,323.9417
2024-07-29 20:00:00+00:00,ETH,1932.85,1957.06,1930.41,1931.09,531.6036
2024-07-29 21:00:00+00:00,ETH,1931.09,1943.4,1921.25,1929.2,594.7945
2024-07-29 22:00:00+00:00,ETH,1929.2,1944.24,1914.12,1936.98,335.9768
2024-07-29 23:00:00+00:00,ETH,1936.98,1955.68,1911.88,1941.89,402.6354
2024-07-30 00:00:00+00:00,ETH,1941.89,1945.47,1912.25,1929.22,613.0308
2024-07-30 01:00:00+00:00,ETH,1929.22,1934.44,1914.68,1915.41,615.9839
2024-07-30 02:00:00+00:00,ETH,1915.41,1921.54,1890.12,1907.62,484.1271
2024-07-30 03:00:00+00:00,ETH,1907.62,1915.4,1892.48,1901.64,182.9838
2024-07-30 04:00:00+00:00,ETH,1901.64,1924.61,1891.56,1896.54,670.0365
2024-07-30 05:00:00+00:00,ETH,1896.54,1897.96,1876.29,1892.4,349.1119
2024-07-30 06:00:00+00:00,ETH,1892.4,1903.09,1869.72,1875.53,528.6056
2024-07-30 07:00:00+00:00,ETH,1875.53,1883.59,1849.82,1863.07,499.6454
2024-07-30 08:00:00+00:00,ETH,1863.07,1867.18,1845.21,1861.33,403.4932
2024-07-30 09:00:00+00:00,ETH,1861.33,1865.51,1842.6,1850.86,528.0939
2024-07-30 10:00:00+00:00,ETH,1850.86,1856.48,1845.28,1849.1,268.2086
2024-07-30 11:00:00+00:00,ETH,1849.1,1875.57,1843.04,1860.0,437.3493
2024-07-30 12:00:00+00:00,ETH,1860.0,1869.85,1842.72,1861.63,677.6558
2024-07-30 13:00:00+00:00,ETH,1861.63,1884.59,1829.59,1851.33,348.005
2024-07-30 14:00:00+00:00,ETH,1851.33,1885.29,1840.68,1879.19,522.8194
2024-07-30 15:00:00+00:00,ETH,1879.19,1887.36,1871.53,1872.19,618.3032
2024-07-30 16:00:00+00:00,ETH,1872.19,1872.46,1864.13,1867.34,885.4404
2024-07-30 17:00:00+00:00,ETH,1867.34,1885.92,1857.57,1866.44,463.5141
2024-07-30 18:00:00+00:00,ETH,1866.44,1893.74,1841.12,1856.19,570.6637
2024-07-30 19:00:00+00:00,ETH,1856.19,1866.88,1853.27,1860.35,373.9858
2024-07-30 20:00:00+00:00,ETH,1860.35,1889.14,1856.68,1876.2,547.864
2024-07-30 21:00:00+00:00,ETH,1876.2,1889.7,1865.64,1869.87,428.1924
2024-07-30 22:00:00+00:00,ETH,1869.87,1870.52,1862.28,1867.8,335.7636
2024-07-30 23:00:00+00:00,ETH,1867.8,1879.63,1863.49,1868.7,745.3668
2024-07-31 00:00:00+00:00,ETH,1868.7,1875.24,1834.14,1839.87,750.3107
2024-07-31 01:00:00+00:00,ETH,1839.87,1844.03,1819.45,1831.34,476.0685
2024-07-31 02:00:00+00:00,ETH,1831.34,1836.85,1827.09,1834.59,705.0747
2024-07-31 03:00:00+00:00,ETH,1834.59,1838.89,1830.24,1830.64,544.0956
2024-07-31 04:00:00+00:00,ETH,1830.64,1837.37,1814.02,1815.73,670.2359
2024-07-31 05:00:00+00:00,ETH,1815.73,1827.15,1809.04,1811.66,478.6923
2024-07-31 06:00:00+00:00,ETH,1811.66,1814.74,1797.53,1798.08,530.0605
2024-07-31 07:00:00+00:00,ETH,1798.08,1824.42,1779.27,1811.22,770.4907
2024-07-31 08:00:00+00:00,ETH,1811.22,1815.61,1803.05,1803.64,638.1429
2024-07-31 09:00:00+00:00,ETH,1803.64,1812.12,1790.05,1808.69,524.6806
2024-07-31 10:00:00+00:00,ETH,1808.69,1817.49,1794.6,1803.56,268.2078
2024-07-31 11:00:00+00:00,ETH,1803.56,1814.58,1797.44,1804.38,527.1405
2024-07-31 12:00:00+00:00,ETH,1804.38,1816.83,1775.62,1813.21,542.5379
2024-07-31 13:00:00+00:00,ETH,1813.21,1817.59,1805.31,1810.01,598.7733
2024-07-31 14:00:00+00:00,ETH,1810.01,1825.37,1795.25,1816.31,502.6294
2024-07-31 15:00:00+00:00,ETH,1816.31,1830.78,1797.7,1807.8,1012.1308
2024-07-31 16:00:00+00:00,ETH,1807.8,1843.72,1806.16,1809.46,409.1872
2024-07-31 17:00:00+00:00,ETH,1809.46,1824.08,1808.83,1820.44,351.9924
2024-07-31 18:00:00+00:00,ETH,1820.44,1823.19,1802.29,1823.1,436.2057
2024-07-31 19:00:00+00:00,ETH,1823.1,1831.46,1822.95,1824.08,512.6869
2024-07-31 20:00:00+00:00,ETH,1824.08,1833.07,1800.73,1805.55,238.308
2024-07-31 21:00:00+00:00,ETH,1805.55,1813.94,1803.55,1812.91,301.9892
2024-07-31 22:00:00+00:00,ETH,1812.91,1858.5,1800.16,1846.42,415.6639
2024-07-31 23:00:00+00:00,ETH,1846.42,1867.09,1836.63,1854.43,1242.2025
2024-08-01 00:00:00+00:00,ETH,1854.43,1862.22,1848.52,1857.75,358.3351
2024-08-01 01:00:00+00:00,ETH,1857.75,1893.33,1845.79,1869.51,486.7715
2024-08-01 02:00:00+00:00,ETH,1869.51,1883.94,1836.63,1880.49,352.261
2024-08-01 03:00:00+00:00,ETH,1880.49,1895.31,1866.14,1889.69,266.7593
2024-08-01 04:00:00+00:00,ETH,1889.69,1905.1,1881.69,1893.21,470.8889
2024-08-01 05:00:00+00:00,ETH,1893.21,1901.29,1867.98,1878.34,502.4414
2024-08-01 06:00:00+00:00,ETH,1878.34,1886.61,1862.88,1883.31,437.8942
2024-08-01 07:00:00+00:00,ETH,1883.31,1910.87,1879.45,1886.24,822.7904
2024-08-01 08:00:00+00:00,ETH,1886.24,1912.86,1884.5,1896.98,586.9062
2024-08-01 09:00:00+00:00,ETH,1896.98,1904.08,1886.86,1898.36,372.5152
2024-08-01 10:00:00+00:00,ETH,1898.36,1902.49,1869.1,1889.37,301.9504
2024-08-01 11:00:00+00:00,ETH,1889.37,1903.13,1880.33,1890.74,326.6526
2024-08-01 12:00:00+00:00,ETH,1890.74,1906.12,1878.2,1878.99,562.8075
2024-08-01 13:00:00+00:00,ETH,1878.99,1884.16,1859.05,1872.03,398.8629
2024-08-01 14:00:00+00:00,ETH,1872.03,1886.4,1864.72,1883.01,603.9996
2024-08-01 15:00:00+00:00,ETH,1883.01,1893.7,1843.29,1851.84,502.0564
2024-08-01 16:00:00+00:00,ETH,1851.84,1852.39,1848.95,1851.33,735.3232
2024-08-01 17:00:00+00:00,ETH,1851.33,1854.65,1847.0,1847.13,307.185
2024-08-01 18:00:00+00:00,ETH,1847.13,1860.1,1841.21,1852.31,409.9588
2024-08-01 19:00:00+00:00,ETH,1852.31,1880.04,1843.45,1875.21,1007.1304
2024-08-01 20:00:00+00:00,ETH,1875.21,1884.27,1867.43,1881.63,963.7604
2024-08-01 21:00:00+00:00,ETH,1881.63,1896.32,1873.92,1889.27,554.2626
2024-08-01 22:00:00+00:00,ETH,1889.27,1912.58,1880.14,1897.8,465.7937
2024-08-01 23:00:00+00:00,ETH,1897.8,1913.54,1878.32,1879.78,991.4622
2024-08-02 00:00:00+00:00,ETH,1879.78,1902.86,1858.19,1890.14,461.5665
2024-08-02 01:00:00+00:00,ETH,1890.14,1901.35,1876.84,1892.42,333.3588
2024-08-02 02:00:00+00:00,ETH,1892.42,1903.81,1864.51,1880.85,1178.3962
2024-08-02 03:00:00+00:00,ETH,1880.85,1909.58,1880.63,1906.45,500.6692
2024-08-02 04:00:00+00:00,ETH,1906.45,1911.82,1900.55,1907.38,310.7465
2024-08-02 05:00:00+00:00,ETH,1907.38,1921.02,1890.05,1891.31,435.1358
2024-08-02 06:00:00+00:00,ETH,1891.31,1894.3,1885.29,1886.75,567.4484
2024-08-02 07:00:00+00:00,ETH,1886.75,1888.83,1880.0,1886.53,444.6284
2024-08-02 08:00:00+00:00,ETH,1886.53,1910.29,1868.65,1897.64,761.1802
2024-08-02 09:00:00+00:00,ETH,1897.64,1908.25,1887.4,1894.4,360.6817
2024-08-02 10:00:00+00:00,ETH,1894.4,1912.58,1887.89,1902.22,377.4113
2024-08-02 11:00:00+00:00,ETH,1902.22,1906.13,1886.43,1893.22,602.618
2024-08-02 12:00:00+00:00,ETH,1893.22,1896.43,1886.61,1894.34,674.1343
2024-08-02 13:00:00+00:00,ETH,1894.34,1899.23,1888.56,1890.13,784.6555
2024-08-02 14:00:00+00:00,ETH,1890.13,1907.14,1855.95,1867.71,398.6878
2024-08-02 15:00:00+00:00,ETH,1867.71,1883.16,1863.48,1877.34,322.0412
2024-08-02 16:00:00+00:00,ETH,1877.34,1893.5,1859.29,1866.73,555.59
2024-08-02 17:00:00+00:00,ETH,1866.73,1875.39,1851.85,1852.6,580.5484
2024-08-02 18:00:00+00:00,ETH,1852.6,1865.62,1844.59,1857.08,759.1247
2024-08-02 19:00:00+00:00,ETH,1857.08,1864.18,1854.09,1861.41,505.9186
2024-08-02 20:00:00+00:00,ETH,1861.41,1867.64,1853.95,1865.22,701.9965
2024-08-02 21:00:00+00:00,ETH,1865.22,1876.2,1852.79,1867.19,363.3378
2024-08-02 22:00:00+00:00,ETH,1867.19,1891.5,1865.55,1878.42,611.5382
2024-08-02 23:00:00+00:00,ETH,1878.42,1890.05,1838.3,1859.16,572.2679
2024-08-03 00:00:00+00:00,ETH,1859.16,1875.21,1851.96,1861.84,343.9727
2024-08-03 01:00:00+00:00,ETH,1861.84,1882.34,1849.3,1869.3,788.827
2024-08-03 02:00:00+00:00,ETH,1869.3,1871.51,1840.45,1840.95,524.8711
2024-08-03 03:00:00+00:00,ETH,1840.95,1843.25,1833.72,1839.23,548.1915
2024-08-03 04:00:00+00:00,ETH,1839.23,1846.47,1818.05,1825.38,1051.4102
2024-08-03 05:00:00+00:00,ETH,1825.38,1829.52,1814.07,1815.0,262.5668
2024-08-03 06:00:00+00:00,ETH,1815.0,1829.16,1809.28,1811.36,532.5713
2024-08-03 07:00:00+00:00,ETH,1811.36,1818.02,1807.41,1816.79,591.9411
2024-08-03 08:00:00+00:00,ETH,1816.79,1844.58,1798.56,1831.52,890.0399
2024-08-03 09:00:00+00:00,ETH,1831.52,1846.14,1808.31,1810.29,300.7241
2024-08-03 10:00:00+00:00,ETH,1810.29,1820.14,1777.81,1785.0,431.4318
2024-08-03 11:00:00+00:00,ETH,1785.0,1811.54,1774.66,1803.95,507.2249
2024-08-03 12:00:00+00:00,ETH,1803.95,1811.13,1782.2,1797.21,626.6282
2024-08-03 13:00:00+00:00,ETH,1797.21,1799.17,1780.16,1795.3,453.6728
2024-08-03 14:00:00+00:00,ETH,1795.3,1815.7,1789.34,1806.13,1179.2974
2024-08-03 15:00:00+00:00,ETH,1806.13,1813.93,1804.05,1813.31,486.4616
2024-08-03 16:00:00+00:00,ETH,1813.31,1817.44,1799.32,1801.19,416.5813
2024-08-03 17:00:00+00:00,ETH,1801.19,1802.64,1795.01,1800.8,293.3155
2024-08-03 18:00:00+00:00,ETH,1800.8,1802.93,1789.57,1800.89,660.4979
2024-08-03 19:00:00+00:00,ETH,1800.89,1806.87,1794.16,1802.89,612.2548
2024-08-03 20:00:00+00:00,ETH,1802.89,1819.3,1789.18,1811.4,491.659
2024-08-03 21:00:00+00:00,ETH,1811.4,1819.57,1791.42,1801.07,909.58
2024-08-03 22:00:00+00:00,ETH,1801.07,1811.62,1793.0,1806.16,678.0352
2024-08-03 23:00:00+00:00,ETH,1806.16,1814.59,1785.63,1786.08,298.0427
2024-08-04 00:00:00+00:00,ETH,1786.08,1790.14,1752.53,1772.74,620.6803
2024-08-04 01:00:00+00:00,ETH,1772.74,1786.09,1772.54,1776.64,532.6977
2024-08-04 02:00:00+00:00,ETH,1776.64,1800.68,1775.06,1791.81,366.3843
2024-08-04 03:00:00+00:00,ETH,1791.81,1811.05,1790.88,1800.03,397.5912
2024-08-04 04:00:00+00:00,ETH,1800.03,1800.09,1774.67,1788.19,350.3045
2024-08-04 05:00:00+00:00,ETH,1788.19,1805.18,1774.47,1796.33,423.1615
2024-08-04 06:00:00+00:00,ETH,1796.33,1810.31,1779.26,1796.06,392.2071
2024-08-04 07:00:00+00:00,ETH,1796.06,1827.57,1769.51,1810.49,251.2722
2024-08-04 08:00:00+00:00,ETH,1810.49,1837.28,1784.14,1807.7,343.1106
2024-08-04 09:00:00+00:00,ETH,1807.7,1822.42,1781.24,1817.54,649.4081
2024-08-04 10:00:00+00:00,ETH,1817.54,1820.93,1779.71,1784.54,748.2609
2024-08-04 11:00:00+00:00,ETH,1784.54,1795.78,1777.12,1781.23,871.3062
2024-08-04 12:00:00+00:00,ETH,1781.23,1783.32,1754.41,1778.92,427.133
2024-08-04 13:00:00+00:00,ETH,1778.92,1789.64,1760.79,1769.13,532.5546
2024-08-04 14:00:00+00:00,ETH,1769.13,1780.73,1749.04,1750.24,715.1351
2024-08-04 15:00:00+00:00,ETH,1750.24,1762.39,1746.46,1752.96,579.2568
2024-08-04 16:00:00+00:00,ETH,1752.96,1765.01,1730.86,1749.42,375.2429
2024-08-04 17:00:00+00:00,ETH,1749.42,1762.24,1741.66,1761.41,596.0656
2024-08-04 18:00:00+00:00,ETH,1761.41,1767.59,1745.51,1745.7,490.4734
2024-08-04 19:00:00+00:00,ETH,1745.7,1756.33,1744.46,1751.94,458.7148
2024-08-04 20:00:00+00:00,ETH,1751.94,1760.18,1709.09,1732.63,395.2109
2024-08-04 21:00:00+00:00,ETH,1732.63,1739.93,1708.57,1717.3,278.1056
2024-08-04 22:00:00+00:00,ETH,1717.3,1735.5,1711.45,1731.17,464.2871
2024-08-04 23:00:00+00:00,ETH,1731.17,1734.98,1720.09,1722.03,587.6232
2024-08-05 00:00:00+00:00,ETH,1722.03,1736.12,1707.65,1714.04,915.5338
2024-08-05 01:00:00+00:00,ETH,1714.04,1721.22,1700.2,1706.27,506.6362
2024-08-05 02:00:00+00:00,ETH,1706.27,1736.52,1678.09,1731.82,493.8417
2024-08-05 03:00:00+00:00,ETH,1731.82,1743.81,1716.3,1727.84,302.6514
2024-08-05 04:00:00+00:00,ETH,1727.84,1743.45,1712.52,1727.68,528.3586
2024-08-05 05:00:00+00:00,ETH,1727.68,1757.6,1720.82,1744.33,573.2365
2024-08-05 06:00:00+00:00,ETH,1744.33,1757.89,1719.99,1720.13,323.4533
2024-08-05 07:00:00+00:00,ETH,1720.13,1736.53,1708.82,1710.12,557.5283
2024-08-05 08:00:00+00:00,ETH,1710.12,1711.9,1704.31,1708.2,589.8022
2024-08-05 09:00:00+00:00,ETH,1708.2,1734.36,1704.27,1723.49,352.0526
2024-08-05 10:00:00+00:00,ETH,1723.49,1737.11,1710.06,1736.79,519.7033
2024-08-05 11:00:00+00:00,ETH,1736.79,1754.93,1721.33,1745.67,339.4036
2024-08-05 12:00:00+00:00,ETH,1745.67,1754.93,1732.45,1746.32,592.6469
2024-08-05 13:00:00+00:00,ETH,1746.32,1765.52,1714.52,1726.49,324.2979
2024-08-05 14:00:00+00:00,ETH,1726.49,1731.7,1715.93,1727.57,467.9229
2024-08-05 15:00:00+00:00,ETH,1727.57,1744.84,1707.57,1721.5,613.1585
2024-08-05 16:00:00+00:00,ETH,1721.5,1724.41,1712.75,1716.49,555.297
2024-08-05 17:00:00+00:00,ETH,1716.49,1725.04,1707.96,1724.43,741.3089
2024-08-05 18:00:00+00:00,ETH,1724.43,1760.8,1716.31,1753.04,405.1087
2024-08-05 19:00:00+00:00,ETH,1753.04,1765.53,1745.37,1750.87,550.9959
2024-08-05 20:00:00+00:00,ETH,1750.87,1756.38,1721.98,1735.39,578.2935
2024-08-05 21:00:00+00:00,ETH,1735.39,1742.24,1731.24,1741.02,753.2966
2024-08-05 22:00:00+00:00,ETH,1741.02,1750.36,1735.52,1745.32,562.3308
2024-08-05 23:00:00+00:00,ETH,1745.32,1747.78,1742.34,1742.48,855.9098
2024-08-06 00:00:00+00:00,ETH,1742.48,1743.41,1719.2,1730.97,486.888
2024-08-06 01:00:00+00:00,ETH,1730.97,1752.57,1714.53,1724.42,611.315
2024-08-06 02:00:00+00:00,ETH,1724.42,1725.09,1716.47,1721.02,788.633
2024-08-06 03:00:00+00:00,ETH,1721.02,1740.01,1714.95,1737.09,338.1838
2024-08-06 04:00:00+00:00,ETH,1737.09,1753.82,1721.99,1737.71,352.8828
2024-08-06 05:00:00+00:00,ETH,1737.71,1738.92,1708.93,1735.0,478.4622
2024-08-06 06:00:00+00:00,ETH,1735.0,1746.7,1719.29,1724.76,385.3141
2024-08-06 07:00:00+00:00,ETH,1724.76,1736.35,1724.46,1734.09,455.7307
2024-08-06 08:00:00+00:00,ETH,1734.09,1744.61,1725.29,1733.01,437.9568
2024-08-06 09:00:00+00:00,ETH,1733.01,1740.07,1715.71,1721.92,346.2502
2024-08-06 10:00:00+00:00,ETH,1721.92,1733.65,1714.53,1733.61,343.7582
2024-08-06 11:00:00+00:00,ETH,1733.61,1755.24,1713.58,1733.1,264.3487
2024-08-06 12:00:00+00:00,ETH,1733.1,1739.25,1726.28,1736.55,522.6646
2024-08-06 13:00:00+00:00,ETH,1736.55,1746.71,1736.4,1742.64,405.7025
2024-08-06 14:00:00+00:00,ETH,1742.64,1762.64,1730.94,1750.53,528.9953
2024-08-06 15:00:00+00:00,ETH,1750.53,1770.02,1734.02,1749.48,401.5994
2024-08-06 16:00:00+00:00,ETH,1749.48,1776.69,1739.62,1755.27,584.0095
2024-08-06 17:00:00+00:00,ETH,1755.27,1786.92,1746.41,1769.09,565.9567
2024-08-06 18:00:00+00:00,ETH,1769.09,1786.59,1762.09,1784.56,298.0068
2024-08-06 19:00:00+00:00,ETH,1784.56,1789.08,1763.83,1770.55,385.835
2024-08-06 20:00:00+00:00,ETH,1770.55,1785.95,1761.74,1770.53,632.4147
2024-08-06 21:00:00+00:00,ETH,1770.53,1793.94,1756.16,1783.12,632.4154
2024-08-06 22:00:00+00:00,ETH,1783.12,1815.15,1781.04,1810.25,556.5043
2024-08-06 23:00:00+00:00,ETH,1810.25,1817.53,1808.53,1812.81,578.7437
2024-08-07 00:00:00+00:00,ETH,1812.81,1819.8,1804.17,1811.66,681.326
2024-08-07 01:00:00+00:00,ETH,1811.66,1814.35,1785.02,1793.51,570.7055
2024-08-07 02:00:00+00:00,ETH,1793.51,1800.95,1786.16,1797.73,331.8973
2024-08-07 03:00:00+00:00,ETH,1797.73,1811.8,1788.13,1806.59,326.4665
2024-08-07 04:00:00+00:00,ETH,1806.59,1825.98,1791.19,1821.27,586.7977
2024-08-07 05:00:00+00:00,ETH,1821.27,1828.33,1819.26,1827.2,754.4325
2024-08-07 06:00:00+00:00,ETH,1827.2,1855.46,1800.0,1846.53,399.1818
2024-08-07 07:00:00+00:00,ETH,1846.53,1868.86,1838.15,1854.33,542.1172
2024-08-07 08:00:00+00:00,ETH,1854.33,1874.05,1850.57,1870.29,389.5899
2024-08-07 09:00:00+00:00,ETH,1870.29,1900.4,1862.44,1887.99,359.4701
2024-08-07 10:00:00+00:00,ETH,1887.99,1892.55,1879.79,1887.68,485.9625
2024-08-07 11:00:00+00:00,ETH,1887.68,1897.5,1874.47,1894.32,443.1922
2024-08-07 12:00:00+00:00,ETH,1894.32,1897.45,1857.66,1861.05,398.7762
2024-08-07 13:00:00+00:00,ETH,1861.05,1872.95,1852.95,1860.66,408.7399
2024-08-07 14:00:00+00:00,ETH,1860.66,1861.56,1845.92,1851.52,343.2986
2024-08-07 15:00:00+00:00,ETH,1851.52,1855.8,1827.87,1841.75,979.7556
2024-08-07 16:00:00+00:00,ETH,1841.75,1849.74,1835.47,1835.85,367.189
2024-08-07 17:00:00+00:00,ETH,1835.85,1853.91,1825.91,1846.25,543.0845
2024-08-07 18:00:00+00:00,ETH,1846.25,1853.2,1839.04,1848.53,680.5877
2024-08-07 19:00:00+00:00,ETH,1848.53,1856.58,1821.22,1826.94,440.4878
2024-08-07 20:00:00+00:00,ETH,1826.94,1840.02,1805.07,1823.48,340.2483
2024-08-07 21:00:00+00:00,ETH,1823.48,1830.17,1812.42,1817.02,493.2835
2024-08-07 22:00:00+00:00,ETH,1817.02,1832.18,1815.82,1823.43,655.098
2024-08-07 23:00:00+00:00,ETH,1823.43,1840.23,1814.41,1824.71,531.8167
2024-08-08 00:00:00+00:00,ETH,1824.71,1838.51,1812.76,1828.17,313.5415
2024-08-08 01:00:00+00:00,ETH,1828.17,1828.73,1816.02,1820.29,680.252
2024-08-08 02:00:00+00:00,ETH,1820.29,1822.96,1795.14,1800.6,584.7257
2024-08-08 03:00:00+00:00,ETH,1800.6,1805.58,1788.65,1789.78,761.6146
2024-08-08 04:00:00+00:00,ETH,1789.78,1794.65,1781.16,1786.65,576.8182
2024-08-08 05:00:00+00:00,ETH,1786.65,1801.06,1768.53,1789.32,451.2896
2024-08-08 06:00:00+00:00,ETH,1789.32,1810.27,1783.5,1808.34,729.1443
2024-08-08 07:00:00+00:00,ETH,1808.34,1818.87,1790.58,1792.74,625.8317
2024-08-08 08:00:00+00:00,ETH,1792.74,1809.94,1768.3,1779.18,768.5291
2024-08-08 09:00:00+00:00,ETH,1779.18,1812.21,1768.52,1803.69,384.7469
2024-08-08 10:00:00+00:00,ETH,1803.69,1818.57,1787.06,1795.55,310.6385
2024-08-08 11:00:00+00:00,ETH,1795.55,1837.5,1791.11,1805.13,804.5289
2024-08-08 12:00:00+00:00,ETH,1805.13,1816.85,1787.27,1795.69,330.9949
2024-08-08 13:00:00+00:00,ETH,1795.69,1796.07,1790.14,1790.4,233.3255
2024-08-08 14:00:00+00:00,ETH,1790.4,1800.03,1776.92,1783.68,461.8287
2024-08-08 15:00:00+00:00,ETH,1783.68,1800.37,1775.64,1782.87,849.9185
2024-08-08 16:00:00+00:00,ETH,1782.87,1790.11,1760.84,1783.53,577.5301
2024-08-08 17:00:00+00:00,ETH,1783.53,1802.55,1759.81,1781.28,416.5993
2024-08-08 18:00:00+00:00,ETH,1781.28,1790.26,1778.62,1778.66,536.8394
2024-08-08 19:00:00+00:00,ETH,1778.66,1786.9,1765.39,1767.2,506.4727
2024-08-08 20:00:00+00:00,ETH,1767.2,1771.77,1739.73,1771.39,332.699
2024-08-08 21:00:00+00:00,ETH,1771.39,1798.62,1763.07,1794.69,378.8473
2024-08-08 22:00:00+00:00,ETH,1794.69,1806.53,1788.24,1791.43,506.3829
2024-08-08 23:00:00+00:00,ETH,1791.43,1794.71,1779.33,1780.32,367.2521
2024-08-09 00:00:00+00:00,ETH,1780.32,1803.49,1765.28,1792.58,440.103
2024-08-09 01:00:00+00:00,ETH,1792.58,1811.8,1786.8,1797.66,781.7475
2024-08-09 02:00:00+00:00,ETH,1797.66,1802.11,1780.53,1780.65,468.1076
2024-08-09 03:00:00+00:00,ETH,1780.65,1781.38,1774.11,1776.94,556.8512
2024-08-09 04:00:00+00:00,ETH,1776.94,1786.67,1774.36,1784.88,837.7556
2024-08-09 05:00:00+00:00,ETH,1784.88,1786.09,1767.93,1775.65,786.6336
2024-08-09 06:00:00+00:00,ETH,1775.65,1779.04,1768.41,1770.55,251.9751
2024-08-09 07:00:00+00:00,ETH,1770.55,1781.45,1761.09,1773.62,656.0884
2024-08-09 08:00:00+00:00,ETH,1773.62,1773.88,1765.55,1769.24,568.6488
2024-08-09 09:00:00+00:00,ETH,1769.24,1777.5,1751.74,1766.0,469.5926
2024-08-09 10:00:00+00:00,ETH,1766.0,1798.87,1756.27,1779.88,303.1913
2024-08-09 11:00:00+00:00,ETH,1779.88,1781.58,1753.25,1770.13,297.737
2024-08-09 12:00:00+00:00,ETH,1770.13,1777.42,1759.15,1762.46,401.7263
2024-08-09 13:00:00+00:00,ETH,1762.46,1764.36,1747.24,1753.26,503.0117
2024-08-09 14:00:00+00:00,ETH,1753.26,1766.83,1750.37,1760.27,305.8746
2024-08-09 15:00:00+00:00,ETH,1760.27,1777.05,1742.28,1754.97,406.8811
2024-08-09 16:00:00+00:00,ETH,1754.97,1773.24,1745.27,1764.89,312.3197
2024-08-09 17:00:00+00:00,ETH,1764.89,1779.02,1753.45,1770.1,668.0443
2024-08-09 18:00:00+00:00,ETH,1770.1,1773.95,1768.16,1770.39,381.9201
2024-08-09 19:00:00+00:00,ETH,1770.39,1786.12,1760.41,1777.57,258.7187
2024-08-09 20:00:00+00:00,ETH,1777.57,1782.37,1755.38,1757.39,463.737
2024-08-09 21:00:00+00:00,ETH,1757.39,1769.87,1743.91,1747.94,341.6027
2024-08-09 22:00:00+00:00,ETH,1747.94,1773.0,1737.68,1764.97,359.6977
2024-08-09 23:00:00+00:00,ETH,1764.97,1809.88,1762.21,1781.47,657.8565
2024-08-10 00:00:00+00:00,ETH,1781.47,1787.37,1748.23,1761.01,413.4425
2024-08-10 01:00:00+00:00,ETH,1761.01,1774.21,1759.18,1771.13,289.0963
2024-08-10 02:00:00+00:00,ETH,1771.13,1795.63,1737.24,1758.33,512.8693
2024-08-10 03:00:00+00:00,ETH,1758.33,1761.5,1752.77,1757.8,536.5576
2024-08-10 04:00:00+00:00,ETH,1757.8,1759.91,1733.53,1746.72,394.5525
2024-08-10 05:00:00+00:00,ETH,1746.72,1749.01,1730.42,1748.33,487.249
2024-08-10 06:00:00+00:00,ETH,1748.33,1751.07,1718.84,1746.09,314.5576
2024-08-10 07:00:00+00:00,ETH,1746.09,1761.55,1744.21,1757.49,465.4853
2024-08-10 08:00:00+00:00,ETH,1757.49,1769.88,1742.32,1762.54,932.8684
2024-08-10 09:00:00+00:00,ETH,1762.54,1765.26,1753.81,1755.02,369.9664
2024-08-10 10:00:00+00:00,ETH,1755.02,1765.82,1746.62,1758.43,367.3798
2024-08-10 11:00:00+00:00,ETH,1758.43,1760.99,1738.18,1751.8,807.2251
2024-08-10 12:00:00+00:00,ETH,1751.8,1754.85,1749.95,1752.24,500.1708
2024-08-10 13:00:00+00:00,ETH,1752.24,1769.26,1742.33,1762.7,759.149
2024-08-10 14:00:00+00:00,ETH,1762.7,1772.27,1752.5,1767.16,752.5314
2024-08-10 15:00:00+00:00,ETH,1767.16,1799.03,1764.34,1788.81,424.0047
2024-08-10 16:00:00+00:00,ETH,1788.81,1793.67,1769.18,1793.47,432.7594
2024-08-10 17:00:00+00:00,ETH,1793.47,1821.75,1781.94,1796.1,720.4651
2024-08-10 18:00:00+00:00,ETH,1796.1,1816.0,1787.35,1813.01,652.9377
2024-08-10 19:00:00+00:00,ETH,1813.01,1828.64,1809.29,1819.46,510.0679
2024-08-10 20:00:00+00:00,ETH,1819.46,1841.76,1809.8,1820.3,596.2939
2024-08-10 21:00:00+00:00,ETH,1820.3,1823.13,1815.37,1820.23,293.0612
2024-08-10 22:00:00+00:00,ETH,1820.23,1820.32,1787.76,1797.99,381.6781
2024-08-10 23:00:00+00:00,ETH,1797.99,1803.67,1788.57,1790.96,411.8112
2024-08-11 00:00:00+00:00,ETH,1790.96,1831.31,1782.04,1806.6,602.6551
2024-08-11 01:00:00+00:00,ETH,1806.6,1830.24,1805.82,1820.19,641.2264
2024-08-11 02:00:00+00:00,ETH,1820.19,1831.06,1813.43,1829.35,461.3793
2024-08-11 03:00:00+00:00,ETH,1829.35,1836.35,1813.45,1814.51,598.8002
2024-08-11 04:00:00+00:00,ETH,1814.51,1850.23,1811.73,1843.94,263.4846
2024-08-11 05:00:00+00:00,ETH,1843.94,1845.22,1805.01,1811.87,869.9645
2024-08-11 06:00:00+00:00,ETH,1811.87,1838.98,1807.71,1835.66,462.0507
2024-08-11 07:00:00+00:00,ETH,1835.66,1841.25,1829.97,1830.15,271.0779
2024-08-11 08:00:00+00:00,ETH,1830.15,1854.29,1828.76,1851.45,306.4273
2024-08-11 09:00:00+00:00,ETH,1851.45,1862.46,1832.24,1842.76,492.9074
2024-08-11 10:00:00+00:00,ETH,1842.76,1845.39,1830.84,1843.17,233.6684
2024-08-11 11:00:00+00:00,ETH,1843.17,1865.25,1842.32,1855.16,462.1811
2024-08-11 12:00:00+00:00,ETH,1855.16,1864.14,1854.73,1863.04,387.3911
2024-08-11 13:00:00+00:00,ETH,1863.04,1877.42,1860.49,1868.07,564.284
2024-08-11 14:00:00+00:00,ETH,1868.07,1871.48,1847.99,1860.69,391.3425
2024-08-11 15:00:00+00:00,ETH,1860.69,1871.26,1845.36,1854.21,405.4924
2024-08-11 16:00:00+00:00,ETH,1854.21,1864.7,1844.24,1850.92,463.7499
2024-08-11 17:00:00+00:00,ETH,1850.92,1857.92,1827.0,1855.75,406.9753
2024-08-11 18:00:00+00:00,ETH,1855.75,1884.12,1851.31,1862.58,287.1013
2024-08-11 19:00:00+00:00,ETH,1862.58,1877.07,1855.51,1866.51,587.9195
2024-08-11 20:00:00+00:00,ETH,1866.51,1888.91,1861.45,1878.1,355.7298
2024-08-11 21:00:00+00:00,ETH,1878.1,1878.91,1847.9,1863.59,253.2264
2024-08-11 22:00:00+00:00,ETH,1863.59,1874.34,1851.22,1851.96,739.2652
2024-08-11 23:00:00+00:00,ETH,1851.96,1853.34,1846.3,1848.1,355.5111
2024-08-12 00:00:00+00:00,ETH,1848.1,1857.23,1831.57,1846.15,616.7204
2024-08-12 01:00:00+00:00,ETH,1846.15,1862.16,1782.8,1831.84,390.1974
2024-08-12 02:00:00+00:00,ETH,1831.84,1839.29,1824.52,1825.23,380.4077
2024-08-12 03:00:00+00:00,ETH,1825.23,1848.82,1810.35,1812.04,293.8566
2024-08-12 04:00:00+00:00,ETH,1812.04,1816.69,1786.96,1798.47,812.3503
2024-08-12 05:00:00+00:00,ETH,1798.47,1827.94,1796.53,1806.29,375.6464
2024-08-12 06:00:00+00:00,ETH,1806.29,1816.62,1784.18,1806.62,221.3404
2024-08-12 07:00:00+00:00,ETH,1806.62,1807.01,1805.83,1806.51,915.8334
2024-08-12 08:00:00+00:00,ETH,1806.51,1828.48,1805.43,1815.42,349.4272
2024-08-12 09:00:00+00:00,ETH,1815.42,1825.25,1806.53,1821.94,374.4473
2024-08-12 10:00:00+00:00,ETH,1821.94,1829.5,1819.94,1824.3,360.0959
2024-08-12 11:00:00+00:00,ETH,1824.3,1834.97,1787.99,1788.51,489.7781
2024-08-12 12:00:00+00:00,ETH,1788.51,1795.48,1775.87,1784.16,652.1657
2024-08-12 13:00:00+00:00,ETH,1784.16,1801.82,1775.97,1795.88,636.3329
2024-08-12 14:00:00+00:00,ETH,1795.88,1803.41,1769.24,1791.85,483.7137
2024-08-12 15:00:00+00:00,ETH,1791.85,1797.3,1781.86,1789.2,359.7881
2024-08-12 16:00:00+00:00,ETH,1789.2,1806.43,1781.31,1800.91,403.922
2024-08-12 17:00:00+00:00,ETH,1800.91,1815.37,1798.8,1806.38,1001.8469
2024-08-12 18:00:00+00:00,ETH,1806.38,1845.78,1805.96,1820.15,313.2695
2024-08-12 19:00:00+00:00,ETH,1820.15,1825.89,1808.66,1810.11,224.1755
2024-08-12 20:00:00+00:00,ETH,1810.11,1829.15,1801.69,1821.59,501.2502
2024-08-12 21:00:00+00:00,ETH,1821.59,1852.53,1816.17,1827.6,362.6153
2024-08-12 22:00:00+00:00,ETH,1827.6,1840.68,1804.32,1810.39,572.9587
2024-08-12 23:00:00+00:00,ETH,1810.39,1826.6,1791.75,1818.18,800.9596
2024-08-13 00:00:00+00:00,ETH,1818.18,1822.55,1810.8,1822.4,500.1569
2024-08-13 01:00:00+00:00,ETH,1822.4,1833.43,1780.64,1807.64,752.9042
2024-08-13 02:00:00+00:00,ETH,1807.64,1811.55,1794.19,1796.36,506.1905
2024-08-13 03:00:00+00:00,ETH,1796.36,1816.86,1770.96,1782.03,642.8909
2024-08-13 04:00:00+00:00,ETH,1782.03,1823.25,1774.51,1812.66,476.9052
2024-08-13 05:00:00+00:00,ETH,1812.66,1817.98,1794.84,1801.78,189.2534
2024-08-13 06:00:00+00:00,ETH,1801.78,1816.22,1797.35,1812.74,463.5735
2024-08-13 07:00:00+00:00,ETH,1812.74,1822.52,1810.66,1811.45,408.1292
2024-08-13 08:00:00+00:00,ETH,1811.45,1812.27,1799.28,1801.44,610.8265
2024-08-13 09:00:00+00:00,ETH,1801.44,1802.5,1786.11,1797.01,418.131
2024-08-13 10:00:00+00:00,ETH,1797.01,1802.31,1784.97,1791.7,681.1637
2024-08-13 11:00:00+00:00,ETH,1791.7,1806.22,1780.24,1784.94,577.9707
2024-08-13 12:00:00+00:00,ETH,1784.94,1801.53,1783.52,1784.58,988.5219
2024-08-13 13:00:00+00:00,ETH,1784.58,1786.07,1755.57,1770.28,366.3783
2024-08-13 14:00:00+00:00,ETH,1770.28,1774.98,1747.47,1761.59,200.4262
2024-08-13 15:00:00+00:00,ETH,1761.59,1775.9,1729.37,1754.63,446.7845
2024-08-13 16:00:00+00:00,ETH,1754.63,1767.98,1749.73,1767.83,530.6921
2024-08-13 17:00:00+00:00,ETH,1767.83,1785.61,1742.53,1752.97,360.4054
2024-08-13 18:00:00+00:00,ETH,1752.97,1778.25,1748.49,1766.44,417.2249
2024-08-13 19:00:00+00:00,ETH,1766.44,1774.08,1766.38,1773.47,457.3429
2024-08-13 20:00:00+00:00,ETH,1773.47,1787.32,1760.29,1772.42,958.93
2024-08-13 21:00:00+00:00,ETH,1772.42,1793.05,1755.34,1756.17,512.2566
2024-08-13 22:00:00+00:00,ETH,1756.17,1756.72,1745.11,1745.71,842.5567
2024-08-13 23:00:00+00:00,ETH,1745.71,1756.85,1742.24,1747.7,391.0805
2024-08-14 00:00:00+00:00,ETH,1747.7,1759.15,1729.32,1751.1,450.5698
2024-08-14 01:00:00+00:00,ETH,1751.1,1759.53,1741.01,1743.16,524.0588
2024-08-14 02:00:00+00:00,ETH,1743.16,1747.4,1732.09,1735.2,543.6411
2024-08-14 03:00:00+00:00,ETH,1735.2,1739.61,1705.2,1708.99,333.861
2024-08-14 04:00:00+00:00,ETH,1708.99,1718.49,1693.71,1701.97,379.7597
2024-08-14 05:00:00+00:00,ETH,1701.97,1714.45,1696.81,1711.35,965.5459
2024-08-14 06:00:00+00:00,ETH,1711.35,1733.56,1695.11,1702.63,467.7994
2024-08-14 07:00:00+00:00,ETH,1702.63,1716.15,1694.38,1713.98,814.3979
2024-08-14 08:00:00+00:00,ETH,1713.98,1736.43,1703.17,1720.93,257.6037
2024-08-14 09:00:00+00:00,ETH,1720.93,1737.81,1716.39,1732.55,513.5167
2024-08-14 10:00:00+00:00,ETH,1732.55,1749.13,1730.6,1744.99,735.8197
2024-08-14 11:00:00+00:00,ETH,1744.99,1748.62,1739.09,1741.0,437.4773
2024-08-14 12:00:00+00:00,ETH,1741.0,1762.17,1718.98,1719.55,409.6814
2024-08-14 13:00:00+00:00,ETH,1719.55,1723.79,1717.03,1720.63,511.1599
2024-08-14 14:00:00+00:00,ETH,1720.63,1745.34,1703.65,1714.52,742.8131
2024-08-14 15:00:00+00:00,ETH,1714.52,1727.81,1708.64,1720.05,386.0044
2024-08-14 16:00:00+00:00,ETH,1720.05,1723.83,1698.11,1703.62,345.3694
2024-08-14 17:00:00+00:00,ETH,1703.62,1728.54,1701.42,1724.53,351.7
2024-08-14 18:00:00+00:00,ETH,1724.53,1726.32,1695.55,1700.48,475.8914
2024-08-14 19:00:00+00:00,ETH,1700.48,1714.93,1688.95,1707.91,528.1776
2024-08-14 20:00:00+00:00,ETH,1707.91,1712.58,1705.57,1711.11,498.9039
2024-08-14 21:00:00+00:00,ETH,1711.11,1718.31,1704.28,1712.14,538.1276
2024-08-14 22:00:00+00:00,ETH,1712.14,1712.19,1691.18,1701.11,593.8158
2024-08-14 23:00:00+00:00,ETH,1701.11,1707.07,1687.77,1688.8,647.5147
2024-08-15 00:00:00+00:00,ETH,1688.8,1697.6,1672.81,1677.06,358.5728
2024-08-15 01:00:00+00:00,ETH,1677.06,1683.91,1670.73,1682.09,370.6078
2024-08-15 02:00:00+00:00,ETH,1682.09,1695.31,1677.33,1688.44,385.4686
2024-08-15 03:00:00+00:00,ETH,1688.44,1692.41,1667.32,1673.62,731.3508
2024-08-15 04:00:00+00:00,ETH,1673.62,1686.79,1667.03,1674.28,378.6028
2024-08-15 05:00:00+00:00,ETH,1674.28,1681.91,1666.43,1677.3,596.788
2024-08-15 06:00:00+00:00,ETH,1677.3,1685.61,1662.24,1670.81,1092.6763
2024-08-15 07:00:00+00:00,ETH,1670.81,1673.12,1645.87,1657.86,328.7198
2024-08-15 08:00:00+00:00,ETH,1657.86,1665.1,1639.19,1646.82,402.8889
2024-08-15 09:00:00+00:00,ETH,1646.82,1657.07,1641.47,1643.74,480.4838
2024-08-15 10:00:00+00:00,ETH,1643.74,1651.98,1616.33,1620.57,318.8951
2024-08-15 11:00:00+00:00,ETH,1620.57,1640.4,1615.43,1617.42,366.2994
2024-08-15 12:00:00+00:00,ETH,1617.42,1623.05,1591.23,1599.23,407.1173
2024-08-15 13:00:00+00:00,ETH,1599.23,1613.05,1595.29,1609.58,387.616
2024-08-15 14:00:00+00:00,ETH,1609.58,1624.76,1599.5,1616.73,494.6708
2024-08-15 15:00:00+00:00,ETH,1616.73,1621.45,1616.26,1620.34,268.6689
2024-08-15 16:00:00+00:00,ETH,1620.34,1632.92,1612.0,1612.44,272.6536
2024-08-15 17:00:00+00:00,ETH,1612.44,1618.51,1608.83,1615.24,891.6196
2024-08-15 18:00:00+00:00,ETH,1615.24,1621.92,1604.23,1620.53,533.9425
2024-08-15 19:00:00+00:00,ETH,1620.53,1658.08,1606.45,1644.8,288.5878
2024-08-15 20:00:00+00:00,ETH,1644.8,1660.99,1640.43,1648.23,315.8335
2024-08-15 21:00:00+00:00,ETH,1648.23,1680.89,1646.2,1665.28,293.9059
2024-08-15 22:00:00+00:00,ETH,1665.28,1667.85,1662.91,1667.13,221.079
2024-08-15 23:00:00+00:00,ETH,1667.13,1669.87,1662.89,1665.54,460.451
2024-08-16 00:00:00+00:00,ETH,1665.54,1681.43,1650.51,1665.86,546.1744
2024-08-16 01:00:00+00:00,ETH,1665.86,1678.48,1663.04,1669.07,367.4704
2024-08-16 02:00:00+00:00,ETH,1669.07,1672.32,1659.7,1662.34,642.5634
2024-08-16 03:00:00+00:00,ETH,1662.34,1668.55,1656.39,1657.74,655.2222
2024-08-16 04:00:00+00:00,ETH,1657.74,1670.47,1654.48,1666.16,563.6417
2024-08-16 05:00:00+00:00,ETH,1666.16,1684.2,1662.68,1678.12,548.9947
2024-08-16 06:00:00+00:00,ETH,1678.12,1684.26,1665.96,1675.64,537.8269
2024-08-16 07:00:00+00:00,ETH,1675.64,1677.8,1655.94,1667.36,841.9936
2024-08-16 08:00:00+00:00,ETH,1667.36,1685.48,1653.5,1660.44,683.0312
2024-08-16 09:00:00+00:00,ETH,1660.44,1664.17,1651.71,1660.93,389.8032
2024-08-16 10:00:00+00:00,ETH,1660.93,1665.42,1645.16,1645.22,505.6362
2024-08-16 11:00:00+00:00,ETH,1645.22,1653.77,1618.18,1624.8,586.5055
2024-08-16 12:00:00+00:00,ETH,1624.8,1644.89,1618.43,1634.01,577.1004
2024-08-16 13:00:00+00:00,ETH,1634.01,1635.37,1623.2,1631.15,345.0466
2024-08-16 14:00:00+00:00,ETH,1631.15,1649.01,1611.99,1623.82,290.1488
2024-08-16 15:00:00+00:00,ETH,1623.82,1628.5,1614.03,1626.48,444.4031
2024-08-16 16:00:00+00:00,ETH,1626.48,1634.24,1610.07,1612.0,378.0458
2024-08-16 17:00:00+00:00,ETH,1612.0,1620.72,1597.79,1618.29,827.7822
2024-08-16 18:00:00+00:00,ETH,1618.29,1621.01,1604.7,1612.03,680.4705
2024-08-16 19:00:00+00:00,ETH,1612.03,1615.86,1595.07,1596.93,390.3908
2024-08-16 20:00:00+00:00,ETH,1596.93,1630.95,1580.07,1602.68,748.1629
2024-08-16 21:00:00+00:00,ETH,1602.68,1607.29,1601.21,1604.52,675.3917
2024-08-16 22:00:00+00:00,ETH,1604.52,1623.4,1593.95,1607.79,539.6101
2024-08-16 23:00:00+00:00,ETH,1607.79,1612.15,1600.65,1604.28,892.8152
2024-08-17 00:00:00+00:00,ETH,1604.28,1612.77,1578.09,1602.48,480.1302
2024-08-17 01:00:00+00:00,ETH,1602.48,1605.93,1591.87,1596.17,661.0036
2024-08-17 02:00:00+00:00,ETH,1596.17,1608.26,1585.06,1605.47,596.741
2024-08-17 03:00:00+00:00,ETH,1605.47,1608.44,1588.28,1601.34,317.0201
2024-08-17 04:00:00+00:00,ETH,1601.34,1616.03,1591.37,1598.18,354.1121
2024-08-17 05:00:00+00:00,ETH,1598.18,1606.97,1598.07,1605.86,532.6918
2024-08-17 06:00:00+00:00,ETH,1605.86,1628.3,1599.47,1614.91,845.9159
2024-08-17 07:00:00+00:00,ETH,1614.91,1618.02,1600.64,1607.26,374.4269
2024-08-17 08:00:00+00:00,ETH,1607.26,1616.47,1588.47,1609.2,581.2666
2024-08-17 09:00:00+00:00,ETH,1609.2,1620.89,1590.78,1605.0,418.4109
2024-08-17 10:00:00+00:00,ETH,1605.0,1634.68,1598.04,1622.98,365.1809
2024-08-17 11:00:00+00:00,ETH,1622.98,1633.86,1615.34,1618.23,909.2972
2024-08-17 12:00:00+00:00,ETH,1618.23,1629.92,1610.45,1611.88,366.6118
2024-08-17 13:00:00+00:00,ETH,1611.88,1616.05,1595.06,1598.84,488.9521
2024-08-17 14:00:00+00:00,ETH,1598.84,1616.16,1590.71,1594.74,353.5459
2024-08-17 15:00:00+00:00,ETH,1594.74,1626.02,1584.33,1605.79,860.3296
2024-08-17 16:00:00+00:00,ETH,1605.79,1614.88,1603.01,1603.51,253.6568
2024-08-17 17:00:00+00:00,ETH,1603.51,1611.81,1601.64,1608.32,266.531
2024-08-17 18:00:00+00:00,ETH,1608.32,1608.64,1590.12,1591.26,728.6034
2024-08-17 19:00:00+00:00,ETH,1591.26,1606.05,1583.33,1591.6,565.2553
2024-08-17 20:00:00+00:00,ETH,1591.6,1595.75,1590.93,1593.27,493.6364
2024-08-17 21:00:00+00:00,ETH,1593.27,1623.65,1592.2,1622.66,764.5336
2024-08-17 22:00:00+00:00,ETH,1622.66,1640.26,1616.44,1627.52,813.3231
2024-08-17 23:00:00+00:00,ETH,1627.52,1669.91,1615.73,1641.36,300.2097
2024-08-18 00:00:00+00:00,ETH,1641.36,1650.11,1625.68,1637.72,638.6303
2024-08-18 01:00:00+00:00,ETH,1637.72,1646.38,1625.81,1633.69,371.3054
2024-08-18 02:00:00+00:00,ETH,1633.69,1636.6,1625.26,1632.94,378.9354
2024-08-18 03:00:00+00:00,ETH,1632.94,1646.14,1627.51,1630.57,630.4804
2024-08-18 04:00:00+00:00,ETH,1630.57,1643.33,1624.56,1639.49,757.962
2024-08-18 05:00:00+00:00,ETH,1639.49,1640.77,1632.26,1635.4,486.5645
2024-08-18 06:00:00+00:00,ETH,1635.4,1643.54,1625.36,1641.86,795.8837
2024-08-18 07:00:00+00:00,ETH,1641.86,1646.26,1633.9,1644.59,431.5484
2024-08-18 08:00:00+00:00,ETH,1644.59,1656.45,1634.12,1635.92,634.8625
2024-08-18 09:00:00+00:00,ETH,1635.92,1650.71,1618.33,1640.56,867.3917
2024-08-18 10:00:00+00:00,ETH,1640.56,1644.97,1611.79,1634.08,393.698
2024-08-18 11:00:00+00:00,ETH,1634.08,1641.09,1623.5,1637.2,727.2762
2024-08-18 12:00:00+00:00,ETH,1637.2,1641.15,1622.8,1623.69,484.5373
2024-08-18 13:00:00+00:00,ETH,1623.69,1627.06,1600.98,1617.01,295.4966
2024-08-18 14:00:00+00:00,ETH,1617.01,1624.71,1597.26,1600.22,406.8515
2024-08-18 15:00:00+00:00,ETH,1600.22,1617.4,1585.8,1602.42,521.6311
2024-08-18 16:00:00+00:00,ETH,1602.42,1641.62,1587.71,1629.52,425.6591
2024-08-18 17:00:00+00:00,ETH,1629.52,1641.0,1618.13,1623.87,659.5665
2024-08-18 18:00:00+00:00,ETH,1623.87,1636.31,1598.33,1609.0,773.7003
2024-08-18 19:00:00+00:00,ETH,1609.0,1619.37,1598.63,1616.54,387.116
2024-08-18 20:00:00+00:00,ETH,1616.54,1622.1,1610.71,1614.64,350.9876
2024-08-18 21:00:00+00:00,ETH,1614.64,1626.67,1599.28,1621.0,461.3113
2024-08-18 22:00:00+00:00,ETH,1621.0,1623.8,1596.8,1604.74,525.1812
2024-08-18 23:00:00+00:00,ETH,1604.74,1632.45,1604.55,1612.59,303.4701
2024-08-19 00:00:00+00:00,ETH,1612.59,1623.17,1610.5,1622.73,564.3596
2024-08-19 01:00:00+00:00,ETH,1622.73,1646.8,1611.07,1611.43,527.4443
2024-08-19 02:00:00+00:00,ETH,1611.43,1618.55,1603.55,1614.94,407.2759
2024-08-19 03:00:00+00:00,ETH,1614.94,1632.49,1597.83,1598.48,890.4719
2024-08-19 04:00:00+00:00,ETH,1598.48,1617.49,1598.28,1614.06,876.6219
2024-08-19 05:00:00+00:00,ETH,1614.06,1617.09,1595.36,1600.65,493.2875
2024-08-19 06:00:00+00:00,ETH,1600.65,1624.62,1576.28,1587.42,491.8998
2024-08-19 07:00:00+00:00,ETH,1587.42,1598.89,1580.73,1585.19,711.83
2024-08-19 08:00:00+00:00,ETH,1585.19,1607.37,1584.2,1590.45,793.3532
2024-08-19 09:00:00+00:00,ETH,1590.45,1600.44,1578.12,1582.42,666.346
2024-08-19 10:00:00+00:00,ETH,1582.42,1597.54,1569.67,1591.47,380.8714
2024-08-19 11:00:00+00:00,ETH,1591.47,1603.88,1586.63,1603.42,692.3949
2024-08-19 12:00:00+00:00,ETH,1603.42,1607.31,1568.01,1584.54,367.7692
2024-08-19 13:00:00+00:00,ETH,1584.54,1597.24,1570.31,1597.08,450.3058
2024-08-19 14:00:00+00:00,ETH,1597.08,1598.59,1586.36,1590.71,556.789
2024-08-19 15:00:00+00:00,ETH,1590.71,1616.42,1587.73,1604.92,615.9602
2024-08-19 16:00:00+00:00,ETH,1604.92,1627.09,1591.57,1617.59,580.2756
2024-08-19 17:00:00+00:00,ETH,1617.59,1622.6,1596.62,1609.35,550.1906
2024-08-19 18:00:00+00:00,ETH,1609.35,1614.98,1591.74,1595.26,604.8452
2024-08-19 19:00:00+00:00,ETH,1595.26,1604.18,1589.48,1599.93,497.4817
2024-08-19 20:00:00+00:00,ETH,1599.93,1607.97,1599.62,1606.66,402.8088
2024-08-19 21:00:00+00:00,ETH,1606.66,1625.53,1596.95,1598.99,331.8226
2024-08-19 22:00:00+00:00,ETH,1598.99,1601.04,1581.83,1588.31,791.8411
2024-08-19 23:00:00+00:00,ETH,1588.31,1626.78,1580.38,1594.78,632.4067
2024-08-20 00:00:00+00:00,ETH,1594.78,1601.12,1591.79,1597.19,585.75
2024-08-20 01:00:00+00:00,ETH,1597.19,1601.58,1594.12,1595.39,477.9533
2024-08-20 02:00:00+00:00,ETH,1595.39,1602.13,1585.05,1592.48,512.8455
2024-08-20 03:00:00+00:00,ETH,1592.48,1603.64,1577.15,1588.65,730.1338
2024-08-20 04:00:00+00:00,ETH,1588.65,1596.47,1579.58,1581.75,753.9853
2024-08-20 05:00:00+00:00,ETH,1581.75,1589.71,1572.36,1575.08,292.3611
2024-08-20 06:00:00+00:00,ETH,1575.08,1583.86,1567.8,1571.39,620.4502
2024-08-20 07:00:00+00:00,ETH,1571.39,1588.45,1566.43,1582.97,349.5599
2024-08-20 08:00:00+00:00,ETH,1582.97,1600.05,1580.72,1590.87,583.1687
2024-08-20 09:00:00+00:00,ETH,1590.87,1609.44,1580.91,1604.21,475.5637
2024-08-20 10:00:00+00:00,ETH,1604.21,1633.52,1603.44,1614.82,688.1437
2024-08-20 11:00:00+00:00,ETH,1614.82,1621.25,1609.13,1615.66,383.5865
2024-08-20 12:00:00+00:00,ETH,1615.66,1621.98,1610.18,1610.74,816.3518
2024-08-20 13:00:00+00:00,ETH,1610.74,1635.73,1608.87,1628.79,371.9815
2024-08-20 14:00:00+00:00,ETH,1628.79,1661.76,1621.5,1647.67,379.2796
2024-08-20 15:00:00+00:00,ETH,1647.67,1667.71,1644.9,1660.12,427.7665
2024-08-20 16:00:00+00:00,ETH,1660.12,1682.31,1653.01,1670.56,1328.6756
2024-08-20 17:00:00+00:00,ETH,1670.56,1687.79,1665.28,1685.64,464.0864
2024-08-20 18:00:00+00:00,ETH,1685.64,1702.05,1674.65,1675.68,867.604
2024-08-20 19:00:00+00:00,ETH,1675.68,1686.29,1671.98,1683.55,584.1246
2024-08-20 20:00:00+00:00,ETH,1683.55,1686.3,1672.9,1682.04,436.1494
2024-08-20 21:00:00+00:00,ETH,1682.04,1689.76,1647.56,1670.07,551.6889
2024-08-20 22:00:00+00:00,ETH,1670.07,1673.37,1662.32,1669.67,442.2448
2024-08-20 23:00:00+00:00,ETH,1669.67,1674.54,1655.35,1663.79,355.9093
2024-08-21 00:00:00+00:00,ETH,1663.79,1666.39,1636.06,1644.98,609.6981
2024-08-21 01:00:00+00:00,ETH,1644.98,1652.13,1635.95,1638.13,351.1341
2024-08-21 02:00:00+00:00,ETH,1638.13,1668.54,1631.77,1659.38,458.7639
2024-08-21 03:00:00+00:00,ETH,1659.38,1659.75,1646.74,1656.3,716.7942
2024-08-21 04:00:00+00:00,ETH,1656.3,1680.06,1621.57,1675.15,319.5017
2024-08-21 05:00:00+00:00,ETH,1675.15,1689.67,1648.56,1672.48,713.2663
2024-08-21 06:00:00+00:00,ETH,1672.48,1673.06,1648.85,1667.76,449.1426
2024-08-21 07:00:00+00:00,ETH,1667.76,1675.79,1654.8,1655.3,836.7188
2024-08-21 08:00:00+00:00,ETH,1655.3,1659.31,1622.11,1645.73,705.3463
2024-08-21 09:00:00+00:00,ETH,1645.73,1646.49,1637.29,1644.49,325.2831
2024-08-21 10:00:00+00:00,ETH,1644.49,1651.21,1631.59,1640.82,558.9413
2024-08-21 11:00:00+00:00,ETH,1640.82,1641.01,1627.17,1628.57,1061.8401
2024-08-21 12:00:00+00:00,ETH,1628.57,1654.49,1602.65,1638.17,494.467
2024-08-21 13:00:00+00:00,ETH,1638.17,1662.66,1631.02,1650.47,275.587
2024-08-21 14:00:00+00:00,ETH,1650.47,1667.23,1639.52,1642.96,562.5918
2024-08-21 15:00:00+00:00,ETH,1642.96,1645.8,1636.36,1642.72,643.7886
2024-08-21 16:00:00+00:00,ETH,1642.72,1677.42,1635.56,1658.48,743.5539
2024-08-21 17:00:00+00:00,ETH,1658.48,1671.19,1655.36,1666.63,508.3279
2024-08-21 18:00:00+00:00,ETH,1666.63,1682.92,1654.84,1658.31,370.8562
2024-08-21 19:00:00+00:00,ETH,1658.31,1661.07,1651.16,1652.5,559.3044
2024-08-21 20:00:00+00:00,ETH,1652.5,1659.67,1644.95,1645.24,447.4721
2024-08-21 21:00:00+00:00,ETH,1645.24,1663.46,1640.57,1652.07,345.9731
2024-08-21 22:00:00+00:00,ETH,1652.07,1685.22,1637.98,1665.02,1011.0628
2024-08-21 23:00:00+00:00,ETH,1665.02,1676.49,1642.95,1650.85,458.8565
2024-08-22 00:00:00+00:00,ETH,1650.85,1678.11,1648.76,1674.36,560.2358
2024-08-22 01:00:00+00:00,ETH,1674.36,1677.61,1660.68,1662.96,350.1939
2024-08-22 02:00:00+00:00,ETH,1662.96,1665.2,1650.04,1656.87,755.024
2024-08-22 03:00:00+00:00,ETH,1656.87,1662.64,1636.35,1638.2,355.1939
2024-08-22 04:00:00+00:00,ETH,1638.2,1648.7,1614.01,1629.34,477.8976
2024-08-22 05:00:00+00:00,ETH,1629.34,1632.52,1614.41,1625.5,882.5658
2024-08-22 06:00:00+00:00,ETH,1625.5,1637.87,1623.23,1632.38,505.8194
2024-08-22 07:00:00+00:00,ETH,1632.38,1646.87,1614.56,1620.94,428.1622
2024-08-22 08:00:00+00:00,ETH,1620.94,1625.18,1608.37,1617.52,666.8081
2024-08-22 09:00:00+00:00,ETH,1617.52,1617.86,1599.77,1601.68,630.7397
2024-08-22 10:00:00+00:00,ETH,1601.68,1613.07,1596.87,1604.35,639.9503
2024-08-22 11:00:00+00:00,ETH,1604.35,1608.74,1585.72,1597.9,230.1026
2024-08-22 12:00:00+00:00,ETH,1597.9,1610.73,1585.05,1596.02,708.7554
2024-08-22 13:00:00+00:00,ETH,1596.02,1607.96,1592.95,1595.32,265.581
2024-08-22 14:00:00+00:00,ETH,1595.32,1616.09,1592.83,1608.52,611.9259
2024-08-22 15:00:00+00:00,ETH,1608.52,1611.97,1593.18,1597.97,698.0375
2024-08-22 16:00:00+00:00,ETH,1597.97,1622.03,1596.04,1602.08,323.082
2024-08-22 17:00:00+00:00,ETH,1602.08,1617.83,1576.82,1578.71,607.3077
2024-08-22 18:00:00+00:00,ETH,1578.71,1587.63,1574.42,1582.86,371.7374
2024-08-22 19:00:00+00:00,ETH,1582.86,1591.93,1578.38,1589.26,379.6486
2024-08-22 20:00:00+00:00,ETH,1589.26,1603.08,1576.54,1585.55,502.0431
2024-08-22 21:00:00+00:00,ETH,1585.55,1598.62,1565.16,1579.21,777.1098
2024-08-22 22:00:00+00:00,ETH,1579.21,1579.74,1551.99,1561.73,773.6807
2024-08-22 23:00:00+00:00,ETH,1561.73,1572.93,1552.91,1567.9,741.5241
2024-08-23 00:00:00+00:00,ETH,1567.9,1579.51,1547.13,1560.34,459.5308
2024-08-23 01:00:00+00:00,ETH,1560.34,1573.77,1556.34,1573.68,806.6694
2024-08-23 02:00:00+00:00,ETH,1573.68,1597.44,1567.46,1571.75,407.5206
2024-08-23 03:00:00+00:00,ETH,1571.75,1574.11,1561.73,1564.18,383.9862
2024-08-23 04:00:00+00:00,ETH,1564.18,1571.29,1550.93,1568.27,252.0513
2024-08-23 05:00:00+00:00,ETH,1568.27,1574.01,1545.58,1552.86,277.9623
2024-08-23 06:00:00+00:00,ETH,1552.86,1564.18,1538.12,1540.89,334.0861
2024-08-23 07:00:00+00:00,ETH,1540.89,1548.25,1526.67,1528.96,769.8767
2024-08-23 08:00:00+00:00,ETH,1528.96,1538.07,1516.93,1520.06,325.2656
2024-08-23 09:00:00+00:00,ETH,1520.06,1527.09,1515.58,1523.19,676.9006
2024-08-23 10:00:00+00:00,ETH,1523.19,1526.17,1519.94,1521.22,328.7594
2024-08-23 11:00:00+00:00,ETH,1521.22,1547.39,1520.46,1534.85,608.621
2024-08-23 12:00:00+00:00,ETH,1534.85,1555.16,1528.19,1543.17,759.0671
2024-08-23 13:00:00+00:00,ETH,1543.17,1548.56,1525.94,1539.41,415.9299
2024-08-23 14:00:00+00:00,ETH,1539.41,1552.53,1522.91,1549.23,734.2614
2024-08-23 15:00:00+00:00,ETH,1549.23,1591.7,1548.08,1571.16,177.6726
2024-08-23 16:00:00+00:00,ETH,1571.16,1574.54,1532.15,1550.15,550.954
2024-08-23 17:00:00+00:00,ETH,1550.15,1574.34,1525.6,1551.22,360.1761
2024-08-23 18:00:00+00:00,ETH,1551.22,1555.46,1515.12,1527.29,780.1933
2024-08-23 19:00:00+00:00,ETH,1527.29,1536.72,1514.06,1533.68,623.0635
2024-08-23 20:00:00+00:00,ETH,1533.68,1545.97,1524.8,1527.54,405.5889
2024-08-23 21:00:00+00:00,ETH,1527.54,1529.18,1519.7,1523.1,247.6002
2024-08-23 22:00:00+00:00,ETH,1523.1,1535.32,1496.96,1521.44,582.7867
2024-08-23 23:00:00+00:00,ETH,1521.44,1545.2,1520.41,1540.44,346.0103
2024-08-24 00:00:00+00:00,ETH,1540.44,1542.65,1524.87,1534.63,503.9947
2024-08-24 01:00:00+00:00,ETH,1534.63,1543.5,1522.81,1525.06,502.6233
2024-08-24 02:00:00+00:00,ETH,1525.06,1545.17,1508.9,1540.3,328.5613
2024-08-24 03:00:00+00:00,ETH,1540.3,1549.55,1536.71,1539.19,410.1349
2024-08-24 04:00:00+00:00,ETH,1539.19,1544.25,1530.72,1542.1,564.8075
2024-08-24 05:00:00+00:00,ETH,1542.1,1550.04,1529.52,1549.77,486.8847
2024-08-24 06:00:00+00:00,ETH,1549.77,1568.77,1516.82,1528.38,357.6559
2024-08-24 07:00:00+00:00,ETH,1528.38,1530.35,1500.68,1505.96,554.4697
2024-08-24 08:00:00+00:00,ETH,1505.96,1525.49,1503.2,1519.71,746.2111
2024-08-24 09:00:00+00:00,ETH,1519.71,1532.31,1491.01,1507.08,708.8601
2024-08-24 10:00:00+00:00,ETH,1507.08,1530.33,1500.91,1522.9,954.0947
2024-08-24 11:00:00+00:00,ETH,1522.9,1532.32,1519.99,1528.1,484.5273
2024-08-24 12:00:00+00:00,ETH,1528.1,1535.29,1512.13,1524.72,362.0785
2024-08-24 13:00:00+00:00,ETH,1524.72,1528.12,1522.15,1524.53,679.1036
2024-08-24 14:00:00+00:00,ETH,1524.53,1529.93,1518.28,1519.09,445.4529
2024-08-24 15:00:00+00:00,ETH,1519.09,1529.28,1503.1,1522.44,627.0301
2024-08-24 16:00:00+00:00,ETH,1522.44,1537.24,1521.73,1527.57,409.8197
2024-08-24 17:00:00+00:00,ETH,1527.57,1542.75,1521.26,1541.63,723.8347
2024-08-24 18:00:00+00:00,ETH,1541.63,1551.2,1538.67,1542.54,894.7883
2024-08-24 19:00:00+00:00,ETH,1542.54,1546.76,1524.86,1533.74,1286.8289
2024-08-24 20:00:00+00:00,ETH,1533.74,1534.38,1501.08,1522.17,467.3333
2024-08-24 21:00:00+00:00,ETH,1522.17,1534.23,1507.72,1509.35,441.6572
2024-08-24 22:00:00+00:00,ETH,1509.35,1524.17,1506.98,1515.12,553.4137
2024-08-24 23:00:00+00:00,ETH,1515.12,1521.51,1512.01,1515.04,924.9505
2024-08-25 00:00:00+00:00,ETH,1515.04,1518.94,1481.5,1494.63,591.6469
2024-08-25 01:00:00+00:00,ETH,1494.63,1499.66,1489.02,1490.67,611.2282
2024-08-25 02:00:00+00:00,ETH,1490.67,1500.44,1484.95,1489.28,312.8982
2024-08-25 03:00:00+00:00,ETH,1489.28,1497.84,1482.93,1485.22,804.4156
2024-08-25 04:00:00+00:00,ETH,1485.22,1522.3,1476.23,1500.55,483.9549
2024-08-25 05:00:00+00:00,ETH,1500.55,1521.57,1470.49,1494.82,349.421
2024-08-25 06:00:00+00:00,ETH,1494.82,1512.62,1490.11,1502.83,419.2075
2024-08-25 07:00:00+00:00,ETH,1502.83,1504.26,1490.34,1503.24,861.3645
2024-08-25 08:00:00+00:00,ETH,1503.24,1506.06,1501.91,1505.6,642.9346
2024-08-25 09:00:00+00:00,ETH,1505.6,1515.83,1502.03,1508.78,680.7547
2024-08-25 10:00:00+00:00,ETH,1508.78,1516.07,1489.33,1503.88,717.5327
2024-08-25 11:00:00+00:00,ETH,1503.88,1513.02,1503.26,1511.9,618.4418
2024-08-25 12:00:00+00:00,ETH,1511.9,1516.46,1497.78,1508.01,704.9943
2024-08-25 13:00:00+00:00,ETH,1508.01,1522.88,1495.6,1500.64,567.0565
2024-08-25 14:00:00+00:00,ETH,1500.64,1527.79,1478.99,1479.57,491.0068
2024-08-25 15:00:00+00:00,ETH,1479.57,1493.24,1475.81,1485.64,320.6194
2024-08-25 16:00:00+00:00,ETH,1485.64,1492.89,1469.97,1473.1,546.6568
2024-08-25 17:00:00+00:00,ETH,1473.1,1480.11,1466.29,1468.97,582.3722
2024-08-25 18:00:00+00:00,ETH,1468.97,1481.06,1451.19,1475.25,420.4246
2024-08-25 19:00:00+00:00,ETH,1475.25,1483.14,1464.84,1467.41,370.4144
2024-08-25 20:00:00+00:00,ETH,1467.41,1473.6,1462.02,1463.4,514.6178
2024-08-25 21:00:00+00:00,ETH,1463.4,1475.66,1459.95,1460.52,677.5162
2024-08-25 22:00:00+00:00,ETH,1460.52,1460.53,1454.11,1459.48,579.5302
2024-08-25 23:00:00+00:00,ETH,1459.48,1475.19,1457.46,1474.78,568.5921
2024-08-26 00:00:00+00:00,ETH,1474.78,1493.19,1470.32,1480.96,418.4602
2024-08-26 01:00:00+00:00,ETH,1480.96,1490.15,1455.49,1464.35,311.142
2024-08-26 02:00:00+00:00,ETH,1464.35,1465.67,1441.29,1446.14,255.4016
2024-08-26 03:00:00+00:00,ETH,1446.14,1460.79,1442.81,1450.8,711.1577
2024-08-26 04:00:00+00:00,ETH,1450.8,1457.52,1438.17,1438.52,601.5975
2024-08-26 05:00:00+00:00,ETH,1438.52,1443.71,1428.63,1435.91,722.8629
2024-08-26 06:00:00+00:00,ETH,1435.91,1437.02,1430.87,1433.76,1017.9665
2024-08-26 07:00:00+00:00,ETH,1433.76,1441.19,1424.53,1432.09,455.786
2024-08-26 08:00:00+00:00,ETH,1432.09,1445.47,1424.42,1438.17,512.0585
2024-08-26 09:00:00+00:00,ETH,1438.17,1451.51,1420.06,1444.76,889.518
2024-08-26 10:00:00+00:00,ETH,1444.76,1448.38,1440.05,1443.2,566.9892
2024-08-26 11:00:00+00:00,ETH,1443.2,1443.88,1431.45,1434.2,413.027
2024-08-26 12:00:00+00:00,ETH,1434.2,1452.77,1412.62,1415.85,452.5008
2024-08-26 13:00:00+00:00,ETH,1415.85,1426.81,1408.04,1408.13,1230.2304
2024-08-26 14:00:00+00:00,ETH,1408.13,1428.92,1402.85,1419.74,501.9193
2024-08-26 15:00:00+00:00,ETH,1419.74,1422.4,1414.25,1415.45,232.74
2024-08-26 16:00:00+00:00,ETH,1415.45,1419.33,1399.79,1406.83,345.8945
2024-08-26 17:00:00+00:00,ETH,1406.83,1417.25,1387.26,1406.28,691.4146
2024-08-26 18:00:00+00:00,ETH,1406.28,1415.36,1393.65,1410.27,524.7959
2024-08-26 19:00:00+00:00,ETH,1410.27,1413.19,1395.37,1411.19,483.8027
2024-08-26 20:00:00+00:00,ETH,1411.19,1411.45,1407.43,1410.68,438.2337
2024-08-26 21:00:00+00:00,ETH,1410.68,1420.87,1389.13,1391.08,427.0229
2024-08-26 22:00:00+00:00,ETH,1391.08,1398.94,1379.21,1388.65,384.2612
2024-08-26 23:00:00+00:00,ETH,1388.65,1398.47,1387.35,1395.75,598.7704
2024-08-27 00:00:00+00:00,ETH,1395.75,1413.78,1393.06,1409.92,460.0764
2024-08-27 01:00:00+00:00,ETH,1409.92,1441.91,1367.76,1396.02,540.1693
2024-08-27 02:00:00+00:00,ETH,1396.02,1404.96,1379.45,1381.92,492.5992
2024-08-27 03:00:00+00:00,ETH,1381.92,1396.17,1373.56,1374.22,772.9528
2024-08-27 04:00:00+00:00,ETH,1374.22,1391.88,1363.78,1385.7,375.277
2024-08-27 05:00:00+00:00,ETH,1385.7,1400.85,1382.18,1390.2,575.2217
2024-08-27 06:00:00+00:00,ETH,1390.2,1394.59,1378.59,1383.16,507.5117
2024-08-27 07:00:00+00:00,ETH,1383.16,1386.48,1363.0,1380.04,532.9592
2024-08-27 08:00:00+00:00,ETH,1380.04,1389.28,1372.72,1376.07,442.9946
2024-08-27 09:00:00+00:00,ETH,1376.07,1379.35,1364.45,1365.76,853.0348
2024-08-27 10:00:00+00:00,ETH,1365.76,1370.65,1347.63,1355.28,464.7838
2024-08-27 11:00:00+00:00,ETH,1355.28,1364.65,1355.19,1361.53,299.3988
2024-08-27 12:00:00+00:00,ETH,1361.53,1362.9,1357.76,1361.34,344.6601
2024-08-27 13:00:00+00:00,ETH,1361.34,1367.29,1356.91,1357.22,355.0144
2024-08-27 14:00:00+00:00,ETH,1357.22,1364.32,1349.91,1363.19,663.2706
2024-08-27 15:00:00+00:00,ETH,1363.19,1368.26,1360.41,1365.36,356.6423
2024-08-27 16:00:00+00:00,ETH,1365.36,1368.44,1351.16,1355.62,331.7838
2024-08-27 17:00:00+00:00,ETH,1355.62,1368.99,1347.95,1355.59,746.2985
2024-08-27 18:00:00+00:00,ETH,1355.59,1357.85,1351.11,1353.71,426.7427
2024-08-27 19:00:00+00:00,ETH,1353.71,1371.98,1347.14,1365.24,523.3651
2024-08-27 20:00:00+00:00,ETH,1365.24,1381.54,1362.96,1379.25,418.8083
2024-08-27 21:00:00+00:00,ETH,1379.25,1393.78,1374.91,1378.96,643.8986
2024-08-27 22:00:00+00:00,ETH,1378.96,1379.48,1363.26,1364.63,360.3876
2024-08-27 23:00:00+00:00,ETH,1364.63,1371.04,1349.65,1352.23,685.5312
2024-08-28 00:00:00+00:00,ETH,1352.23,1359.4,1342.3,1349.0,408.7549
2024-08-28 01:00:00+00:00,ETH,1349.0,1354.84,1342.23,1353.52,682.2892
2024-08-28 02:00:00+00:00,ETH,1353.52,1356.59,1352.89,1355.47,367.8275
2024-08-28 03:00:00+00:00,ETH,1355.47,1360.58,1351.12,1358.71,393.2116
2024-08-28 04:00:00+00:00,ETH,1358.71,1377.04,1327.19,1341.78,527.9865
2024-08-28 05:00:00+00:00,ETH,1341.78,1341.95,1329.65,1336.81,434.3446
2024-08-28 06:00:00+00:00,ETH,1336.81,1348.46,1324.51,1331.13,468.3289
2024-08-28 07:00:00+00:00,ETH,1331.13,1332.78,1324.45,1330.36,282.9857
2024-08-28 08:00:00+00:00,ETH,1330.36,1334.63,1311.8,1322.83,388.1651
2024-08-28 09:00:00+00:00,ETH,1322.83,1336.34,1320.22,1327.02,374.0208
2024-08-28 10:00:00+00:00,ETH,1327.02,1336.09,1313.7,1318.55,378.7785
2024-08-28 11:00:00+00:00,ETH,1318.55,1327.35,1297.4,1310.46,615.8989
2024-08-28 12:00:00+00:00,ETH,1310.46,1321.64,1309.03,1313.92,390.3846
2024-08-28 13:00:00+00:00,ETH,1313.92,1335.08,1301.72,1319.52,595.4574
2024-08-28 14:00:00+00:00,ETH,1319.52,1338.46,1308.51,1318.51,458.2358
2024-08-28 15:00:00+00:00,ETH,1318.51,1319.06,1313.5,1313.96,481.9736
2024-08-28 16:00:00+00:00,ETH,1313.96,1328.09,1309.1,1318.01,655.2229
2024-08-28 17:00:00+00:00,ETH,1318.01,1321.37,1308.05,1308.11,657.907
2024-08-28 18:00:00+00:00,ETH,1308.11,1329.08,1290.57,1316.42,498.9018
2024-08-28 19:00:00+00:00,ETH,1316.42,1321.49,1314.92,1321.02,554.6125
2024-08-28 20:00:00+00:00,ETH,1321.02,1336.64,1316.89,1329.18,485.2824
2024-08-28 21:00:00+00:00,ETH,1329.18,1336.89,1315.32,1319.78,347.7732
2024-08-28 22:00:00+00:00,ETH,1319.78,1335.49,1317.33,1333.96,582.0428
2024-08-28 23:00:00+00:00,ETH,1333.96,1343.12,1316.13,1320.73,777.4901
2024-08-29 00:00:00+00:00,ETH,1320.73,1326.74,1313.03,1317.86,1024.405
2024-08-29 01:00:00+00:00,ETH,1317.86,1323.35,1305.78,1308.71,428.9769
2024-08-29 02:00:00+00:00,ETH,1308.71,1316.75,1308.09,1316.6,309.7103
2024-08-29 03:00:00+00:00,ETH,1316.6,1325.27,1313.86,1325.13,912.7759
2024-08-29 04:00:00+00:00,ETH,1325.13,1330.69,1305.96,1315.16,743.361
2024-08-29 05:00:00+00:00,ETH,1315.16,1326.25,1303.14,1325.61,435.4648
2024-08-29 06:00:00+00:00,ETH,1325.61,1336.32,1317.99,1330.47,408.6239
2024-08-29 07:00:00+00:00,ETH,1330.47,1345.38,1326.71,1334.79,754.6708
2024-08-29 08:00:00+00:00,ETH,1334.79,1335.33,1319.3,1325.56,742.2482
2024-08-29 09:00:00+00:00,ETH,1325.56,1339.78,1323.34,1333.87,1155.5568
2024-08-29 10:00:00+00:00,ETH,1333.87,1346.29,1328.04,1338.85,525.9803
2024-08-29 11:00:00+00:00,ETH,1338.85,1348.15,1326.56,1326.67,626.7129
2024-08-29 12:00:00+00:00,ETH,1326.67,1353.21,1320.29,1344.97,248.071
2024-08-29 13:00:00+00:00,ETH,1344.97,1349.19,1337.85,1342.46,334.9332
2024-08-29 14:00:00+00:00,ETH,1342.46,1351.89,1335.5,1344.77,529.5245
2024-08-29 15:00:00+00:00,ETH,1344.77,1351.16,1329.48,1337.96,958.9303
2024-08-29 16:00:00+00:00,ETH,1337.96,1356.38,1332.22,1347.5,594.8744
2024-08-29 17:00:00+00:00,ETH,1347.5,1360.72,1345.96,1355.24,326.7076
2024-08-29 18:00:00+00:00,ETH,1355.24,1356.1,1338.56,1343.87,240.7402
2024-08-29 19:00:00+00:00,ETH,1343.87,1348.71,1335.94,1340.5,472.7893
2024-08-29 20:00:00+00:00,ETH,1340.5,1341.68,1333.68,1338.11,515.5004
2024-08-29 21:00:00+00:00,ETH,1338.11,1345.56,1329.42,1342.12,439.9575
2024-08-29 22:00:00+00:00,ETH,1342.12,1357.53,1338.01,1349.45,383.4848
2024-08-29 23:00:00+00:00,ETH,1349.45,1351.78,1333.77,1335.99,604.3364
2024-08-30 00:00:00+00:00,ETH,1335.99,1345.2,1330.99,1339.4,541.1028
2024-08-30 01:00:00+00:00,ETH,1339.4,1345.31,1333.57,1344.34,351.9473
2024-08-30 02:00:00+00:00,ETH,1344.34,1347.87,1324.8,1340.59,606.1462
2024-08-30 03:00:00+00:00,ETH,1340.59,1343.93,1333.42,1337.84,547.9423
2024-08-30 04:00:00+00:00,ETH,1337.84,1356.14,1331.6,1356.07,441.0432
2024-08-30 05:00:00+00:00,ETH,1356.07,1356.83,1339.94,1343.1,446.7826
2024-08-30 06:00:00+00:00,ETH,1343.1,1360.07,1342.19,1349.11,746.3648
2024-08-30 07:00:00+00:00,ETH,1349.11,1361.49,1343.04,1356.11,616.5452
2024-08-30 08:00:00+00:00,ETH,1356.11,1379.04,1342.83,1363.38,336.8675
2024-08-30 09:00:00+00:00,ETH,1363.38,1375.37,1354.76,1359.2,340.273
2024-08-30 10:00:00+00:00,ETH,1359.2,1365.16,1356.82,1357.18,443.6346
2024-08-30 11:00:00+00:00,ETH,1357.18,1360.34,1334.56,1359.83,403.2724
2024-08-30 12:00:00+00:00,ETH,1359.83,1365.42,1340.83,1349.02,583.6571
2024-08-30 13:00:00+00:00,ETH,1349.02,1349.07,1337.33,1341.06,387.222
2024-08-30 14:00:00+00:00,ETH,1341.06,1344.58,1337.43,1342.0,653.451
2024-08-30 15:00:00+00:00,ETH,1342.0,1352.48,1338.74,1340.65,822.4408
2024-08-30 16:00:00+00:00,ETH,1340.65,1340.73,1330.53,1333.78,636.6313
2024-08-30 17:00:00+00:00,ETH,1333.78,1335.59,1321.31,1333.56,572.1165
2024-08-30 18:00:00+00:00,ETH,1333.56,1338.24,1332.86,1336.35,551.8077
2024-08-30 19:00:00+00:00,ETH,1336.35,1337.41,1319.54,1319.83,425.9059
2024-08-30 20:00:00+00:00,ETH,1319.83,1327.74,1315.82,1323.97,405.9102
2024-08-30 21:00:00+00:00,ETH,1323.97,1332.47,1319.98,1320.43,697.5453
2024-08-30 22:00:00+00:00,ETH,1320.43,1346.2,1313.76,1337.77,613.342
2024-08-30 23:00:00+00:00,ETH,1337.77,1346.2,1333.53,1340.12,327.5289
2024-08-31 00:00:00+00:00,ETH,1340.12,1362.35,1338.23,1339.55,614.1984
2024-08-31 01:00:00+00:00,ETH,1339.55,1345.58,1297.93,1344.55,220.1232
2024-08-31 02:00:00+00:00,ETH,1344.55,1356.43,1344.37,1349.74,830.2506
2024-08-31 03:00:00+00:00,ETH,1349.74,1350.24,1332.15,1348.63,633.5472
2024-08-31 04:00:00+00:00,ETH,1348.63,1351.7,1338.93,1343.71,463.5674
2024-08-31 05:00:00+00:00,ETH,1343.71,1350.62,1341.33,1349.0,582.045
2024-08-31 06:00:00+00:00,ETH,1349.0,1350.45,1344.51,1349.26,474.787
2024-08-31 07:00:00+00:00,ETH,1349.26,1359.63,1346.35,1355.45,722.4727
2024-08-31 08:00:00+00:00,ETH,1355.45,1360.27,1351.69,1355.03,540.7189
2024-08-31 09:00:00+00:00,ETH,1355.03,1359.56,1352.94,1357.41,545.3332
2024-08-31 10:00:00+00:00,ETH,1357.41,1358.28,1345.3,1356.51,303.104
2024-08-31 11:00:00+00:00,ETH,1356.51,1373.39,1347.64,1354.81,447.9841
2024-08-31 12:00:00+00:00,ETH,1354.81,1364.64,1340.92,1345.06,546.039
2024-08-31 13:00:00+00:00,ETH,1345.06,1358.83,1332.97,1337.59,393.3384
2024-08-31 14:00:00+00:00,ETH,1337.59,1341.09,1329.19,1340.15,344.4264
2024-08-31 15:00:00+00:00,ETH,1340.15,1346.5,1334.23,1345.33,732.2898
2024-08-31 16:00:00+00:00,ETH,1345.33,1351.35,1331.8,1338.19,329.5342
2024-08-31 17:00:00+00:00,ETH,1338.19,1343.51,1334.79,1339.52,930.3851
2024-08-31 18:00:00+00:00,ETH,1339.52,1356.98,1317.95,1350.67,565.3249
2024-08-31 19:00:00+00:00,ETH,1350.67,1351.14,1327.24,1342.85,598.844
2024-08-31 20:00:00+00:00,ETH,1342.85,1359.16,1339.37,1339.66,416.8894
2024-08-31 21:00:00+00:00,ETH,1339.66,1363.86,1335.55,1344.38,826.8775
2024-08-31 22:00:00+00:00,ETH,1344.38,1351.77,1341.39,1349.97,651.6614
2024-08-31 23:00:00+00:00,ETH,1349.97,1355.94,1348.61,1350.19,339.0079
2024-09-01 00:00:00+00:00,ETH,1350.19,1358.25,1338.21,1343.14,662.7809
2024-09-01 01:00:00+00:00,ETH,1343.14,1349.98,1335.34,1339.4,516.5181
2024-09-01 02:00:00+00:00,ETH,1339.4,1346.59,1339.09,1339.28,324.9268
2024-09-01 03:00:00+00:00,ETH,1339.28,1355.97,1333.39,1353.97,587.3916
2024-09-01 04:00:00+00:00,ETH,1353.97,1367.62,1351.88,1359.18,302.5874
2024-09-01 05:00:00+00:00,ETH,1359.18,1373.09,1341.95,1358.31,434.0424
2024-09-01 06:00:00+00:00,ETH,1358.31,1366.22,1357.88,1365.24,608.192
2024-09-01 07:00:00+00:00,ETH,1365.24,1375.63,1344.56,1351.25,645.8665
2024-09-01 08:00:00+00:00,ETH,1351.25,1365.88,1347.21,1363.43,639.6257
2024-09-01 09:00:00+00:00,ETH,1363.43,1380.82,1342.66,1371.89,422.0825
2024-09-01 10:00:00+00:00,ETH,1371.89,1378.28,1364.23,1368.82,592.9878
2024-09-01 11:00:00+00:00,ETH,1368.82,1372.11,1357.79,1363.82,321.7829
2024-09-01 12:00:00+00:00,ETH,1363.82,1366.74,1347.82,1354.5,789.0225
2024-09-01 13:00:00+00:00,ETH,1354.5,1362.57,1342.96,1346.8,497.5652
2024-09-01 14:00:00+00:00,ETH,1346.8,1357.71,1345.75,1347.5,597.0415
2024-09-01 15:00:00+00:00,ETH,1347.5,1350.4,1318.95,1327.47,517.1799
2024-09-01 16:00:00+00:00,ETH,1327.47,1356.64,1321.6,1344.89,493.9488
2024-09-01 17:00:00+00:00,ETH,1344.89,1353.01,1331.88,1350.99,578.2887
2024-09-01 18:00:00+00:00,ETH,1350.99,1382.8,1350.84,1371.47,553.0609
2024-09-01 19:00:00+00:00,ETH,1371.47,1383.0,1366.12,1371.05,304.3644
2024-09-01 20:00:00+00:00,ETH,1371.05,1383.68,1361.96,1381.36,639.1405
2024-09-01 21:00:00+00:00,ETH,1381.36,1389.33,1354.96,1382.63,544.3754
2024-09-01 22:00:00+00:00,ETH,1382.63,1398.48,1366.32,1382.58,259.8665
2024-09-01 23:00:00+00:00,ETH,1382.58,1392.77,1375.54,1381.0,330.7764
2024-09-02 00:00:00+00:00,ETH,1381.0,1388.67,1369.94,1372.87,791.011
2024-09-02 01:00:00+00:00,ETH,1372.87,1386.56,1372.59,1380.17,499.4033
2024-09-02 02:00:00+00:00,ETH,1380.17,1392.33,1373.63,1385.26,567.9963
2024-09-02 03:00:00+00:00,ETH,1385.26,1411.77,1381.13,1391.88,650.976
2024-09-02 04:00:00+00:00,ETH,1391.88,1404.85,1390.75,1393.11,430.8417
2024-09-02 05:00:00+00:00,ETH,1393.11,1410.16,1392.03,1394.3,720.3981
2024-09-02 06:00:00+00:00,ETH,1394.3,1397.7,1373.98,1390.84,554.5745
2024-09-02 07:00:00+00:00,ETH,1390.84,1410.68,1387.83,1403.87,958.8752
2024-09-02 08:00:00+00:00,ETH,1403.87,1413.37,1391.38,1399.92,808.2647
2024-09-02 09:00:00+00:00,ETH,1399.92,1402.11,1392.53,1393.27,736.4985
2024-09-02 10:00:00+00:00,ETH,1393.27,1403.49,1388.31,1399.78,594.9477
2024-09-02 11:00:00+00:00,ETH,1399.78,1415.17,1378.21,1400.18,917.1904
2024-09-02 12:00:00+00:00,ETH,1400.18,1409.31,1377.5,1397.13,322.7661
2024-09-02 13:00:00+00:00,ETH,1397.13,1408.97,1378.53,1397.02,335.8502
2024-09-02 14:00:00+00:00,ETH,1397.02,1397.84,1371.07,1394.11,361.8903
2024-09-02 15:00:00+00:00,ETH,1394.11,1405.17,1390.89,1400.17,876.4921
2024-09-02 16:00:00+00:00,ETH,1400.17,1405.77,1389.46,1390.73,375.6836
2024-09-02 17:00:00+00:00,ETH,1390.73,1394.81,1388.21,1388.82,594.4391
2024-09-02 18:00:00+00:00,ETH,1388.82,1411.38,1387.09,1390.03,309.0881
2024-09-02 19:00:00+00:00,ETH,1390.03,1414.24,1380.04,1398.36,600.4277
2024-09-02 20:00:00+00:00,ETH,1398.36,1412.12,1379.58,1381.15,417.4978
2024-09-02 21:00:00+00:00,ETH,1381.15,1388.22,1375.21,1381.67,335.6095
2024-09-02 22:00:00+00:00,ETH,1381.67,1390.42,1362.26,1386.22,473.2115
2024-09-02 23:00:00+00:00,ETH,1386.22,1390.28,1370.7,1374.79,365.469
2024-09-03 00:00:00+00:00,ETH,1374.79,1382.4,1372.64,1374.18,393.8095
2024-09-03 01:00:00+00:00,ETH,1374.18,1377.46,1364.88,1372.51,752.7467
2024-09-03 02:00:00+00:00,ETH,1372.51,1379.15,1350.31,1359.5,679.1287
2024-09-03 03:00:00+00:00,ETH,1359.5,1360.37,1355.18,1356.16,414.2306
2024-09-03 04:00:00+00:00,ETH,1356.16,1364.86,1353.4,1356.1,323.6908
2024-09-03 05:00:00+00:00,ETH,1356.1,1362.05,1339.48,1354.82,402.0819
2024-09-03 06:00:00+00:00,ETH,1354.82,1366.68,1349.91,1357.63,514.6077
2024-09-03 07:00:00+00:00,ETH,1357.63,1364.1,1353.28,1355.25,460.2521
2024-09-03 08:00:00+00:00,ETH,1355.25,1359.23,1333.84,1340.74,526.8729
2024-09-03 09:00:00+00:00,ETH,1340.74,1351.92,1333.75,1334.18,529.4991
2024-09-03 10:00:00+00:00,ETH,1334.18,1339.22,1331.6,1335.02,867.0197
2024-09-03 11:00:00+00:00,ETH,1335.02,1340.42,1316.97,1332.46,394.0509
2024-09-03 12:00:00+00:00,ETH,1332.46,1334.85,1328.56,1331.95,678.7417
2024-09-03 13:00:00+00:00,ETH,1331.95,1340.42,1315.71,1327.14,276.8237
2024-09-03 14:00:00+00:00,ETH,1327.14,1331.55,1317.29,1319.91,1001.2922
2024-09-03 15:00:00+00:00,ETH,1319.91,1321.49,1317.86,1321.12,535.1888
2024-09-03 16:00:00+00:00,ETH,1321.12,1332.14,1319.46,1329.48,527.339
2024-09-03 17:00:00+00:00,ETH,1329.48,1335.28,1313.14,1322.34,347.3608
2024-09-03 18:00:00+00:00,ETH,1322.34,1323.22,1320.53,1321.37,408.1343
2024-09-03 19:00:00+00:00,ETH,1321.37,1328.07,1314.37,1322.78,244.4193
2024-09-03 20:00:00+00:00,ETH,1322.78,1333.49,1322.29,1327.22,460.439
2024-09-03 21:00:00+00:00,ETH,1327.22,1336.16,1312.61,1319.86,282.6471
2024-09-03 22:00:00+00:00,ETH,1319.86,1336.15,1311.22,1328.82,565.7872
2024-09-03 23:00:00+00:00,ETH,1328.82,1335.62,1322.76,1325.16,788.3834
2024-09-04 00:00:00+00:00,ETH,1325.16,1334.26,1311.08,1318.17,469.9107
2024-09-04 01:00:00+00:00,ETH,1318.17,1328.4,1309.58,1313.91,538.334
2024-09-04 02:00:00+00:00,ETH,1313.91,1330.39,1303.17,1318.18,786.3186
2024-09-04 03:00:00+00:00,ETH,1318.18,1330.42,1311.28,1324.39,542.8309
2024-09-04 04:00:00+00:00,ETH,1324.39,1344.08,1323.06,1340.76,495.2656
2024-09-04 05:00:00+00:00,ETH,1340.76,1359.1,1340.55,1349.26,553.9822
2024-09-04 06:00:00+00:00,ETH,1349.26,1358.51,1337.61,1351.62,418.0169
2024-09-04 07:00:00+00:00,ETH,1351.62,1362.18,1340.88,1345.53,624.8562
2024-09-04 08:00:00+00:00,ETH,1345.53,1351.06,1334.96,1339.14,639.3681
2024-09-04 09:00:00+00:00,ETH,1339.14,1352.32,1328.21,1345.46,573.0991
2024-09-04 10:00:00+00:00,ETH,1345.46,1354.34,1336.82,1341.32,380.764
2024-09-04 11:00:00+00:00,ETH,1341.32,1343.0,1330.75,1339.61,881.5749
2024-09-04 12:00:00+00:00,ETH,1339.61,1342.6,1330.93,1334.02,378.4053
2024-09-04 13:00:00+00:00,ETH,1334.02,1348.45,1318.01,1320.19,488.5403
2024-09-04 14:00:00+00:00,ETH,1320.19,1326.12,1316.28,1318.54,701.0864
2024-09-04 15:00:00+00:00,ETH,1318.54,1325.63,1308.62,1316.43,799.6366
2024-09-04 16:00:00+00:00,ETH,1316.43,1316.83,1311.68,1314.66,461.5133
2024-09-04 17:00:00+00:00,ETH,1314.66,1318.57,1303.68,1309.55,764.6617
2024-09-04 18:00:00+00:00,ETH,1309.55,1319.27,1300.57,1317.63,438.6639
2024-09-04 19:00:00+00:00,ETH,1317.63,1327.81,1314.54,1321.5,421.1338
2024-09-04 20:00:00+00:00,ETH,1321.5,1336.21,1303.45,1305.54,580.3528
2024-09-04 21:00:00+00:00,ETH,1305.54,1314.22,1286.81,1296.05,727.6175
2024-09-04 22:00:00+00:00,ETH,1296.05,1296.31,1269.24,1275.65,410.2176
2024-09-04 23:00:00+00:00,ETH,1275.65,1289.7,1275.54,1284.02,724.997
2024-09-05 00:00:00+00:00,ETH,1284.02,1298.1,1268.89,1289.54,557.446
2024-09-05 01:00:00+00:00,ETH,1289.54,1290.31,1282.34,1287.58,415.7886
2024-09-05 02:00:00+00:00,ETH,1287.58,1294.24,1282.06,1288.63,626.5391
2024-09-05 03:00:00+00:00,ETH,1288.63,1302.54,1276.22,1287.88,739.9641
2024-09-05 04:00:00+00:00,ETH,1287.88,1289.74,1271.99,1276.06,337.048
2024-09-05 05:00:00+00:00,ETH,1276.06,1282.94,1270.5,1280.83,847.3325
2024-09-05 06:00:00+00:00,ETH,1280.83,1294.15,1269.25,1287.7,507.5622
2024-09-05 07:00:00+00:00,ETH,1287.7,1289.17,1277.88,1288.96,321.2632
2024-09-05 08:00:00+00:00,ETH,1288.96,1296.73,1282.95,1293.42,442.8579
2024-09-05 09:00:00+00:00,ETH,1293.42,1304.27,1289.32,1297.07,506.5663
2024-09-05 10:00:00+00:00,ETH,1297.07,1309.61,1290.62,1309.38,419.116
2024-09-05 11:00:00+00:00,ETH,1309.38,1318.49,1292.2,1297.64,713.5742
2024-09-05 12:00:00+00:00,ETH,1297.64,1303.48,1280.23,1283.03,776.1162
2024-09-05 13:00:00+00:00,ETH,1283.03,1292.64,1281.63,1286.47,283.6808
2024-09-05 14:00:00+00:00,ETH,1286.47,1297.02,1283.97,1296.05,323.4651
2024-09-05 15:00:00+00:00,ETH,1296.05,1302.17,1283.02,1287.02,421.235
2024-09-05 16:00:00+00:00,ETH,1287.02,1299.94,1280.68,1291.88,372.4847
2024-09-05 17:00:00+00:00,ETH,1291.88,1303.07,1288.78,1298.16,683.2363
2024-09-05 18:00:00+00:00,ETH,1298.16,1309.54,1266.44,1284.39,1045.1467
2024-09-05 19:00:00+00:00,ETH,1284.39,1292.72,1275.48,1279.94,585.3847
2024-09-05 20:00:00+00:00,ETH,1279.94,1281.48,1267.12,1273.9,430.9456
2024-09-05 21:00:00+00:00,ETH,1273.9,1276.24,1272.97,1275.37,472.4781
2024-09-05 22:00:00+00:00,ETH,1275.37,1279.99,1275.26,1275.94,792.2865
2024-09-05 23:00:00+00:00,ETH,1275.94,1287.13,1268.6,1287.1,607.9527
2024-09-06 00:00:00+00:00,ETH,1287.1,1294.25,1274.42,1281.95,800.0795
2024-09-06 01:00:00+00:00,ETH,1281.95,1297.26,1271.2,1288.87,554.8333
2024-09-06 02:00:00+00:00,ETH,1288.87,1301.32,1285.4,1295.28,707.1874
2024-09-06 03:00:00+00:00,ETH,1295.28,1307.15,1282.62,1291.79,554.6957
2024-09-06 04:00:00+00:00,ETH,1291.79,1306.8,1288.54,1302.14,427.0857
2024-09-06 05:00:00+00:00,ETH,1302.14,1306.73,1297.3,1303.01,689.6867
2024-09-06 06:00:00+00:00,ETH,1303.01,1310.01,1290.8,1296.84,306.8608
2024-09-06 07:00:00+00:00,ETH,1296.84,1308.77,1289.15,1302.52,403.4717
2024-09-06 08:00:00+00:00,ETH,1302.52,1313.34,1287.81,1291.71,264.2684
2024-09-06 09:00:00+00:00,ETH,1291.71,1298.51,1281.07,1293.77,440.2027
2024-09-06 10:00:00+00:00,ETH,1293.77,1302.37,1278.86,1283.71,254.8052
2024-09-06 11:00:00+00:00,ETH,1283.71,1297.53,1282.73,1288.62,578.9669
2024-09-06 12:00:00+00:00,ETH,1288.62,1289.12,1279.09,1286.99,395.3098
2024-09-06 13:00:00+00:00,ETH,1286.99,1296.17,1279.25,1279.63,312.0749
2024-09-06 14:00:00+00:00,ETH,1279.63,1280.72,1273.16,1273.95,529.9089
2024-09-06 15:00:00+00:00,ETH,1273.95,1293.11,1257.01,1281.67,500.8484
2024-09-06 16:00:00+00:00,ETH,1281.67,1284.96,1259.16,1266.28,389.11
2024-09-06 17:00:00+00:00,ETH,1266.28,1283.48,1260.31,1278.93,468.4356
2024-09-06 18:00:00+00:00,ETH,1278.93,1280.21,1270.12,1273.2,316.0804
2024-09-06 19:00:00+00:00,ETH,1273.2,1273.99,1266.54,1270.19,565.9238
2024-09-06 20:00:00+00:00,ETH,1270.19,1292.0,1262.37,1278.75,431.5643
2024-09-06 21:00:00+00:00,ETH,1278.75,1287.13,1272.29,1286.69,399.1755
2024-09-06 22:00:00+00:00,ETH,1286.69,1287.17,1275.95,1281.68,463.7996
2024-09-06 23:00:00+00:00,ETH,1281.68,1295.4,1273.49,1281.85,699.2307
2024-09-07 00:00:00+00:00,ETH,1281.85,1289.03,1277.76,1285.9,228.4057
2024-09-07 01:00:00+00:00,ETH,1285.9,1292.07,1279.0,1287.74,348.0131
2024-09-07 02:00:00+00:00,ETH,1287.74,1288.89,1271.68,1279.06,314.1446
2024-09-07 03:00:00+00:00,ETH,1279.06,1285.93,1276.55,1278.99,1326.5147
2024-09-07 04:00:00+00:00,ETH,1278.99,1280.21,1252.1,1267.36,683.8422
2024-09-07 05:00:00+00:00,ETH,1267.36,1267.67,1250.73,1260.3,867.741
2024-09-07 06:00:00+00:00,ETH,1260.3,1266.34,1250.0,1263.43,401.2935
2024-09-07 07:00:00+00:00,ETH,1263.43,1276.34,1247.5,1253.58,1070.2466
2024-09-07 08:00:00+00:00,ETH,1253.58,1257.92,1239.34,1248.5,596.0207
2024-09-07 09:00:00+00:00,ETH,1248.5,1268.51,1244.5,1258.77,357.5665
2024-09-07 10:00:00+00:00,ETH,1258.77,1265.64,1249.6,1262.97,796.0882
2024-09-07 11:00:00+00:00,ETH,1262.97,1284.78,1256.34,1259.16,640.1412
2024-09-07 12:00:00+00:00,ETH,1259.16,1259.75,1257.8,1258.33,325.0879
2024-09-07 13:00:00+00:00,ETH,1258.33,1265.84,1252.6,1262.32,499.4072
2024-09-07 14:00:00+00:00,ETH,1262.32,1274.34,1262.05,1272.15,528.4488
2024-09-07 15:00:00+00:00,ETH,1272.15,1274.65,1263.53,1264.97,689.1796
2024-09-07 16:00:00+00:00,ETH,1264.97,1269.48,1259.87,1263.05,164.4481
2024-09-07 17:00:00+00:00,ETH,1263.05,1265.15,1257.71,1264.26,653.6822
2024-09-07 18:00:00+00:00,ETH,1264.26,1274.35,1256.16,1270.23,689.8328
2024-09-07 19:00:00+00:00,ETH,1270.23,1275.83,1255.26,1267.73,696.3083
2024-09-07 20:00:00+00:00,ETH,1267.73,1287.88,1263.32,1277.99,510.9144
2024-09-07 21:00:00+00:00,ETH,1277.99,1281.24,1277.08,1277.97,637.3434
2024-09-07 22:00:00+00:00,ETH,1277.97,1285.66,1272.17,1273.78,607.6712
2024-09-07 23:00:00+00:00,ETH,1273.78,1287.73,1272.26,1285.32,674.3852
2024-09-08 00:00:00+00:00,ETH,1285.32,1311.94,1272.75,1305.87,488.6376
2024-09-08 01:00:00+00:00,ETH,1305.87,1313.12,1279.16,1291.19,524.2103
2024-09-08 02:00:00+00:00,ETH,1291.19,1308.69,1280.1,1302.14,446.0951
2024-09-08 03:00:00+00:00,ETH,1302.14,1305.31,1300.84,1302.63,544.198
2024-09-08 04:00:00+00:00,ETH,1302.63,1320.78,1297.06,1308.64,307.0432
2024-09-08 05:00:00+00:00,ETH,1308.64,1322.27,1298.26,1315.42,418.1303
2024-09-08 06:00:00+00:00,ETH,1315.42,1318.26,1302.39,1316.05,605.0729
2024-09-08 07:00:00+00:00,ETH,1316.05,1338.24,1315.6,1336.94,379.2301
2024-09-08 08:00:00+00:00,ETH,1336.94,1341.19,1335.49,1336.94,550.6416
2024-09-08 09:00:00+00:00,ETH,1336.94,1339.68,1329.65,1339.1,456.1407
2024-09-08 10:00:00+00:00,ETH,1339.1,1349.14,1335.76,1343.18,265.2561
2024-09-08 11:00:00+00:00,ETH,1343.18,1370.48,1342.82,1362.81,724.0366
2024-09-08 12:00:00+00:00,ETH,1362.81,1371.44,1356.99,1367.78,556.178
2024-09-08 13:00:00+00:00,ETH,1367.78,1379.84,1363.03,1369.74,596.2663
2024-09-08 14:00:00+00:00,ETH,1369.74,1370.47,1347.62,1356.81,493.8985
2024-09-08 15:00:00+00:00,ETH,1356.81,1360.9,1347.82,1357.16,663.2785
2024-09-08 16:00:00+00:00,ETH,1357.16,1372.51,1343.81,1365.57,502.9858
2024-09-08 17:00:00+00:00,ETH,1365.57,1378.87,1361.8,1371.93,257.0109
2024-09-08 18:00:00+00:00,ETH,1371.93,1380.64,1371.05,1378.2,468.7262
2024-09-08 19:00:00+00:00,ETH,1378.2,1381.59,1344.71,1358.4,604.5875
2024-09-08 20:00:00+00:00,ETH,1358.4,1363.75,1356.53,1362.32,565.3836
2024-09-08 21:00:00+00:00,ETH,1362.32,1363.63,1348.88,1352.92,545.3996
2024-09-08 22:00:00+00:00,ETH,1352.92,1358.97,1343.78,1346.47,341.1129
2024-09-08 23:00:00+00:00,ETH,1346.47,1347.3,1344.97,1345.08,280.575
2024-09-09 00:00:00+00:00,ETH,1345.08,1366.9,1340.79,1346.84,411.9228
2024-09-09 01:00:00+00:00,ETH,1346.84,1356.07,1339.84,1345.52,451.5223
2024-09-09 02:00:00+00:00,ETH,1345.52,1359.02,1342.19,1348.91,658.6263
2024-09-09 03:00:00+00:00,ETH,1348.91,1356.75,1341.75,1352.31,549.7575
2024-09-09 04:00:00+00:00,ETH,1352.31,1361.43,1341.46,1354.25,545.6217
2024-09-09 05:00:00+00:00,ETH,1354.25,1361.53,1329.68,1343.97,672.6572
2024-09-09 06:00:00+00:00,ETH,1343.97,1350.66,1343.0,1348.49,642.1486
2024-09-09 07:00:00+00:00,ETH,1348.49,1376.29,1348.0,1361.62,430.8379
2024-09-09 08:00:00+00:00,ETH,1361.62,1363.88,1339.45,1361.59,391.6189
2024-09-09 09:00:00+00:00,ETH,1361.59,1371.96,1347.44,1353.86,394.2664
2024-09-09 10:00:00+00:00,ETH,1353.86,1357.07,1350.73,1352.93,358.4768
2024-09-09 11:00:00+00:00,ETH,1352.93,1362.42,1350.43,1356.2,845.038
2024-09-09 12:00:00+00:00,ETH,1356.2,1370.4,1343.74,1370.14,649.9271
2024-09-09 13:00:00+00:00,ETH,1370.14,1384.09,1348.32,1357.46,475.6671
2024-09-09 14:00:00+00:00,ETH,1357.46,1364.87,1344.88,1351.9,677.607
2024-09-09 15:00:00+00:00,ETH,1351.9,1362.24,1346.77,1347.06,584.9034
2024-09-09 16:00:00+00:00,ETH,1347.06,1358.45,1344.26,1346.29,440.6947
2024-09-09 17:00:00+00:00,ETH,1346.29,1346.94,1334.28,1338.84,1203.2698
2024-09-09 18:00:00+00:00,ETH,1338.84,1341.57,1324.13,1333.32,468.5522
2024-09-09 19:00:00+00:00,ETH,1333.32,1343.9,1327.12,1338.76,429.9257
2024-09-09 20:00:00+00:00,ETH,1338.76,1344.14,1311.23,1331.04,931.2425
2024-09-09 21:00:00+00:00,ETH,1331.04,1343.66,1324.46,1331.29,370.9637
2024-09-09 22:00:00+00:00,ETH,1331.29,1341.62,1328.69,1337.05,355.1633
2024-09-09 23:00:00+00:00,ETH,1337.05,1345.35,1336.47,1338.07,825.2711
2024-09-10 00:00:00+00:00,ETH,1338.07,1355.33,1328.86,1354.64,415.0742
2024-09-10 01:00:00+00:00,ETH,1354.64,1357.8,1350.24,1353.18,364.5461
2024-09-10 02:00:00+00:00,ETH,1353.18,1365.14,1335.05,1361.98,500.9712
2024-09-10 03:00:00+00:00,ETH,1361.98,1364.05,1360.35,1362.96,658.2603
2024-09-10 04:00:00+00:00,ETH,1362.96,1380.17,1350.28,1369.66,367.5167
2024-09-10 05:00:00+00:00,ETH,1369.66,1372.43,1369.58,1371.55,216.3947
2024-09-10 06:00:00+00:00,ETH,1371.55,1383.34,1367.97,1376.21,408.505
2024-09-10 07:00:00+00:00,ETH,1376.21,1385.49,1356.82,1365.13,613.5539
2024-09-10 08:00:00+00:00,ETH,1365.13,1373.14,1354.83,1357.76,639.2107
2024-09-10 09:00:00+00:00,ETH,1357.76,1362.78,1353.21,1358.96,484.4139
2024-09-10 10:00:00+00:00,ETH,1358.96,1370.55,1343.62,1365.76,795.5053
2024-09-10 11:00:00+00:00,ETH,1365.76,1377.0,1363.69,1367.97,395.5007
2024-09-10 12:00:00+00:00,ETH,1367.97,1385.39,1365.78,1379.83,1167.6559
2024-09-10 13:00:00+00:00,ETH,1379.83,1386.43,1367.83,1377.27,607.617
2024-09-10 14:00:00+00:00,ETH,1377.27,1381.34,1363.6,1371.74,483.5358
2024-09-10 15:00:00+00:00,ETH,1371.74,1380.24,1369.99,1375.84,679.7379
2024-09-10 16:00:00+00:00,ETH,1375.84,1395.23,1372.99,1383.86,820.6404
2024-09-10 17:00:00+00:00,ETH,1383.86,1392.93,1378.06,1380.74,1178.4741
2024-09-10 18:00:00+00:00,ETH,1380.74,1386.32,1376.84,1378.33,617.7837
2024-09-10 19:00:00+00:00,ETH,1378.33,1378.89,1374.09,1374.72,385.4985
2024-09-10 20:00:00+00:00,ETH,1374.72,1387.63,1367.95,1375.73,594.1947
2024-09-10 21:00:00+00:00,ETH,1375.73,1377.89,1371.97,1373.2,606.3728
2024-09-10 22:00:00+00:00,ETH,1373.2,1377.03,1372.34,1374.04,490.4935
2024-09-10 23:00:00+00:00,ETH,1374.04,1374.72,1368.07,1369.37,494.9148
2024-09-11 00:00:00+00:00,ETH,1369.37,1379.59,1365.11,1375.09,390.3678
2024-09-11 01:00:00+00:00,ETH,1375.09,1383.79,1368.0,1381.74,497.6611
2024-09-11 02:00:00+00:00,ETH,1381.74,1392.66,1360.12,1384.54,551.3919
2024-09-11 03:00:00+00:00,ETH,1384.54,1397.46,1373.07,1378.31,419.521
2024-09-11 04:00:00+00:00,ETH,1378.31,1381.48,1356.7,1368.17,445.4618
2024-09-11 05:00:00+00:00,ETH,1368.17,1386.52,1357.93,1366.79,343.0028
2024-09-11 06:00:00+00:00,ETH,1366.79,1372.71,1363.93,1371.09,711.761
2024-09-11 07:00:00+00:00,ETH,1371.09,1371.55,1369.7,1369.79,275.274
2024-09-11 08:00:00+00:00,ETH,1369.79,1387.13,1349.53,1357.25,538.6817
2024-09-11 09:00:00+00:00,ETH,1357.25,1366.92,1334.56,1354.24,1369.0198
2024-09-11 10:00:00+00:00,ETH,1354.24,1360.35,1344.18,1348.96,577.6298
2024-09-11 11:00:00+00:00,ETH,1348.96,1360.56,1344.42,1359.11,650.7414
2024-09-11 12:00:00+00:00,ETH,1359.11,1380.0,1354.44,1374.58,304.0972
2024-09-11 13:00:00+00:00,ETH,1374.58,1382.62,1366.46,1371.11,462.431
2024-09-11 14:00:00+00:00,ETH,1371.11,1380.63,1366.8,1373.83,515.397
2024-09-11 15:00:00+00:00,ETH,1373.83,1398.5,1369.64,1380.53,507.4307
2024-09-11 16:00:00+00:00,ETH,1380.53,1393.44,1361.8,1362.04,892.3109
2024-09-11 17:00:00+00:00,ETH,1362.04,1373.04,1352.51,1371.82,513.6185
2024-09-11 18:00:00+00:00,ETH,1371.82,1373.1,1368.24,1369.04,607.3843
2024-09-11 19:00:00+00:00,ETH,1369.04,1377.16,1359.72,1372.44,670.7399
2024-09-11 20:00:00+00:00,ETH,1372.44,1380.75,1357.2,1358.13,293.5531
2024-09-11 21:00:00+00:00,ETH,1358.13,1366.33,1345.77,1351.35,458.0666
2024-09-11 22:00:00+00:00,ETH,1351.35,1362.19,1346.74,1352.41,425.7087
2024-09-11 23:00:00+00:00,ETH,1352.41,1361.61,1350.67,1355.43,501.7475
2024-09-12 00:00:00+00:00,ETH,1355.43,1359.54,1332.19,1347.67,805.8217
2024-09-12 01:00:00+00:00,ETH,1347.67,1347.87,1332.66,1341.07,454.7966
2024-09-12 02:00:00+00:00,ETH,1341.07,1352.68,1331.25,1341.2,528.0533
2024-09-12 03:00:00+00:00,ETH,1341.2,1349.65,1334.74,1344.44,428.5308
2024-09-12 04:00:00+00:00,ETH,1344.44,1360.56,1337.88,1351.86,454.0204
2024-09-12 05:00:00+00:00,ETH,1351.86,1351.89,1340.06,1350.2,498.5919
2024-09-12 06:00:00+00:00,ETH,1350.2,1352.83,1342.17,1352.6,485.0295
2024-09-12 07:00:00+00:00,ETH,1352.6,1359.88,1341.35,1349.76,671.6369
2024-09-12 08:00:00+00:00,ETH,1349.76,1353.97,1336.88,1344.42,739.8561
2024-09-12 09:00:00+00:00,ETH,1344.42,1353.0,1341.58,1345.11,441.1172
2024-09-12 10:00:00+00:00,ETH,1345.11,1347.39,1323.23,1326.92,393.0675
2024-09-12 11:00:00+00:00,ETH,1326.92,1329.35,1323.48,1327.19,591.9302
2024-09-12 12:00:00+00:00,ETH,1327.19,1339.79,1318.4,1330.62,695.0105
2024-09-12 13:00:00+00:00,ETH,1330.62,1349.57,1327.5,1337.58,456.5461
2024-09-12 14:00:00+00:00,ETH,1337.58,1343.88,1330.19,1338.97,765.2759
2024-09-12 15:00:00+00:00,ETH,1338.97,1354.18,1330.89,1348.48,619.9951
2024-09-12 16:00:00+00:00,ETH,1348.48,1349.85,1335.18,1340.73,571.1149
2024-09-12 17:00:00+00:00,ETH,1340.73,1357.29,1336.07,1346.53,445.9202
2024-09-12 18:00:00+00:00,ETH,1346.53,1365.41,1344.58,1355.28,458.7041
2024-09-12 19:00:00+00:00,ETH,1355.28,1362.11,1354.82,1356.13,664.6673
2024-09-12 20:00:00+00:00,ETH,1356.13,1364.79,1341.89,1348.84,253.4668
2024-09-12 21:00:00+00:00,ETH,1348.84,1351.17,1324.25,1339.2,659.7883
2024-09-12 22:00:00+00:00,ETH,1339.2,1354.86,1325.68,1326.97,473.4785
2024-09-12 23:00:00+00:00,ETH,1326.97,1329.41,1312.86,1315.1,798.1178
2024-09-13 00:00:00+00:00,ETH,1315.1,1326.86,1314.02,1326.45,457.1204
2024-09-13 01:00:00+00:00,ETH,1326.45,1343.94,1324.94,1329.35,609.4229
2024-09-13 02:00:00+00:00,ETH,1329.35,1334.72,1327.0,1332.07,390.5294
2024-09-13 03:00:00+00:00,ETH,1332.07,1335.51,1322.64,1323.23,673.0341
2024-09-13 04:00:00+00:00,ETH,1323.23,1334.9,1319.43,1325.39,643.9641
2024-09-13 05:00:00+00:00,ETH,1325.39,1333.33,1317.74,1330.09,649.7643
2024-09-13 06:00:00+00:00,ETH,1330.09,1330.3,1311.04,1319.92,457.0181
2024-09-13 07:00:00+00:00,ETH,1319.92,1332.45,1319.27,1326.3,379.2205
2024-09-13 08:00:00+00:00,ETH,1326.3,1353.24,1312.9,1338.62,886.6905
2024-09-13 09:00:00+00:00,ETH,1338.62,1345.57,1332.8,1333.19,438.9915
2024-09-13 10:00:00+00:00,ETH,1333.19,1343.62,1330.36,1335.25,642.7726
2024-09-13 11:00:00+00:00,ETH,1335.25,1339.06,1329.97,1335.85,676.1606
2024-09-13 12:00:00+00:00,ETH,1335.85,1345.97,1335.79,1339.04,1164.5765
2024-09-13 13:00:00+00:00,ETH,1339.04,1341.08,1317.84,1337.91,660.0445
2024-09-13 14:00:00+00:00,ETH,1337.91,1347.4,1337.49,1345.22,429.6734
2024-09-13 15:00:00+00:00,ETH,1345.22,1347.14,1340.95,1344.55,795.0469
2024-09-13 16:00:00+00:00,ETH,1344.55,1347.91,1343.08,1346.81,440.1514
2024-09-13 17:00:00+00:00,ETH,1346.81,1350.44,1341.34,1341.82,286.6552
2024-09-13 18:00:00+00:00,ETH,1341.82,1346.9,1330.36,1335.52,338.1714
2024-09-13 19:00:00+00:00,ETH,1335.52,1339.19,1330.35,1333.32,961.4965
2024-09-13 20:00:00+00:00,ETH,1333.32,1336.16,1320.46,1325.5,760.2429
2024-09-13 21:00:00+00:00,ETH,1325.5,1335.75,1322.75,1325.7,314.6669
2024-09-13 22:00:00+00:00,ETH,1325.7,1327.56,1311.53,1313.8,272.7192
2024-09-13 23:00:00+00:00,ETH,1313.8,1331.48,1310.77,1328.2,743.2041
2024-09-14 00:00:00+00:00,ETH,1328.2,1351.28,1319.14,1337.46,266.3483
2024-09-14 01:00:00+00:00,ETH,1337.46,1355.59,1337.02,1344.77,415.1495
2024-09-14 02:00:00+00:00,ETH,1344.77,1346.52,1337.32,1340.03,970.1357
2024-09-14 03:00:00+00:00,ETH,1340.03,1355.1,1316.64,1322.44,413.181
2024-09-14 04:00:00+00:00,ETH,1322.44,1322.93,1311.04,1312.78,1039.4897
2024-09-14 05:00:00+00:00,ETH,1312.78,1328.86,1295.05,1308.33,1024.0748
2024-09-14 06:00:00+00:00,ETH,1308.33,1332.18,1291.43,1292.5,267.6241
2024-09-14 07:00:00+00:00,ETH,1292.5,1298.22,1279.65,1286.73,600.5346
2024-09-14 08:00:00+00:00,ETH,1286.73,1291.42,1281.94,1285.45,610.4356
2024-09-14 09:00:00+00:00,ETH,1285.45,1288.49,1276.63,1285.87,561.5294
2024-09-14 10:00:00+00:00,ETH,1285.87,1292.72,1285.35,1288.46,953.5059
2024-09-14 11:00:00+00:00,ETH,1288.46,1307.43,1266.16,1285.09,295.5726
2024-09-14 12:00:00+00:00,ETH,1285.09,1294.34,1279.8,1286.66,345.262
2024-09-14 13:00:00+00:00,ETH,1286.66,1296.35,1281.97,1288.74,581.8614
2024-09-14 14:00:00+00:00,ETH,1288.74,1304.36,1285.02,1302.93,444.5798
2024-09-14 15:00:00+00:00,ETH,1302.93,1315.41,1296.31,1298.25,190.3332
2024-09-14 16:00:00+00:00,ETH,1298.25,1305.65,1294.34,1301.11,384.6891
2024-09-14 17:00:00+00:00,ETH,1301.11,1315.96,1292.34,1310.01,449.4092
2024-09-14 18:00:00+00:00,ETH,1310.01,1319.24,1294.52,1304.52,435.5414
2024-09-14 19:00:00+00:00,ETH,1304.52,1305.03,1301.04,1301.48,220.4455
2024-09-14 20:00:00+00:00,ETH,1301.48,1325.37,1293.34,1322.32,480.7403
2024-09-14 21:00:00+00:00,ETH,1322.32,1324.19,1320.81,1320.82,711.15
2024-09-14 22:00:00+00:00,ETH,1320.82,1322.57,1316.55,1318.64,987.8081
2024-09-14 23:00:00+00:00,ETH,1318.64,1322.72,1295.54,1306.66,707.4857
2024-09-15 00:00:00+00:00,ETH,1306.66,1317.65,1299.67,1316.03,388.2729
2024-09-15 01:00:00+00:00,ETH,1316.03,1319.78,1293.95,1306.11,665.4989
2024-09-15 02:00:00+00:00,ETH,1306.11,1306.25,1294.61,1299.93,582.1599
2024-09-15 03:00:00+00:00,ETH,1299.93,1309.17,1289.27,1297.15,722.7398
2024-09-15 04:00:00+00:00,ETH,1297.15,1302.89,1292.38,1298.15,641.8221
2024-09-15 05:00:00+00:00,ETH,1298.15,1308.7,1279.27,1290.26,602.0028
2024-09-15 06:00:00+00:00,ETH,1290.26,1292.42,1279.4,1287.78,718.8762
2024-09-15 07:00:00+00:00,ETH,1287.78,1302.44,1270.29,1279.93,393.7148
2024-09-15 08:00:00+00:00,ETH,1279.93,1298.98,1274.49,1282.11,515.0439
2024-09-15 09:00:00+00:00,ETH,1282.11,1284.94,1265.32,1272.38,717.1932
2024-09-15 10:00:00+00:00,ETH,1272.38,1286.83,1269.2,1273.91,818.5294
2024-09-15 11:00:00+00:00,ETH,1273.91,1284.57,1265.42,1279.5,386.4334
2024-09-15 12:00:00+00:00,ETH,1279.5,1281.88,1260.07,1266.36,255.0965
2024-09-15 13:00:00+00:00,ETH,1266.36,1266.62,1258.2,1263.03,674.87
2024-09-15 14:00:00+00:00,ETH,1263.03,1282.5,1257.91,1273.08,402.5582
2024-09-15 15:00:00+00:00,ETH,1273.08,1287.68,1264.7,1282.5,449.6668
2024-09-15 16:00:00+00:00,ETH,1282.5,1297.9,1264.05,1270.57,542.5866
2024-09-15 17:00:00+00:00,ETH,1270.57,1273.05,1261.09,1271.5,481.6354
2024-09-15 18:00:00+00:00,ETH,1271.5,1274.99,1253.0,1263.85,422.7712
2024-09-15 19:00:00+00:00,ETH,1263.85,1276.18,1260.35,1273.67,502.6744
2024-09-15 20:00:00+00:00,ETH,1273.67,1291.2,1271.43,1281.82,382.5773
2024-09-15 21:00:00+00:00,ETH,1281.82,1288.44,1265.72,1273.7,406.2317
2024-09-15 22:00:00+00:00,ETH,1273.7,1288.04,1262.79,1286.83,381.7035
2024-09-15 23:00:00+00:00,ETH,1286.83,1296.43,1285.67,1286.49,429.5102
2024-09-16 00:00:00+00:00,ETH,1286.49,1287.46,1273.67,1280.24,568.0114
2024-09-16 01:00:00+00:00,ETH,1280.24,1292.59,1277.28,1284.05,523.9927
2024-09-16 02:00:00+00:00,ETH,1284.05,1295.15,1280.54,1292.46,487.0612
2024-09-16 03:00:00+00:00,ETH,1292.46,1296.82,1288.23,1292.32,652.0091
2024-09-16 04:00:00+00:00,ETH,1292.32,1319.12,1291.17,1312.83,916.5561
2024-09-16 05:00:00+00:00,ETH,1312.83,1321.21,1287.62,1294.21,786.6691
2024-09-16 06:00:00+00:00,ETH,1294.21,1307.25,1292.08,1298.18,350.6082
2024-09-16 07:00:00+00:00,ETH,1298.18,1305.41,1290.29,1305.15,382.4761
2024-09-16 08:00:00+00:00,ETH,1305.15,1309.98,1284.85,1290.64,224.6797
2024-09-16 09:00:00+00:00,ETH,1290.64,1298.7,1283.97,1284.02,506.3763
2024-09-16 10:00:00+00:00,ETH,1284.02,1291.64,1274.95,1281.18,743.167
2024-09-16 11:00:00+00:00,ETH,1281.18,1283.85,1253.36,1264.01,585.2925
2024-09-16 12:00:00+00:00,ETH,1264.01,1264.58,1236.32,1240.64,649.3071
2024-09-16 13:00:00+00:00,ETH,1240.64,1249.09,1239.87,1245.44,766.0003
2024-09-16 14:00:00+00:00,ETH,1245.44,1253.39,1239.04,1241.3,552.4893
2024-09-16 15:00:00+00:00,ETH,1241.3,1255.81,1228.53,1251.22,291.9331
2024-09-16 16:00:00+00:00,ETH,1251.22,1264.19,1240.08,1244.47,404.9134
2024-09-16 17:00:00+00:00,ETH,1244.47,1269.52,1242.26,1257.73,492.6911
2024-09-16 18:00:00+00:00,ETH,1257.73,1266.33,1255.65,1259.13,348.1426
2024-09-16 19:00:00+00:00,ETH,1259.13,1285.29,1244.64,1278.25,325.3901
2024-09-16 20:00:00+00:00,ETH,1278.25,1280.89,1273.11,1277.53,282.2781
2024-09-16 21:00:00+00:00,ETH,1277.53,1289.44,1271.14,1272.0,351.5207
2024-09-16 22:00:00+00:00,ETH,1272.0,1277.05,1264.21,1276.88,424.4607
2024-09-16 23:00:00+00:00,ETH,1276.88,1289.82,1270.98,1283.83,495.9942
2024-09-17 00:00:00+00:00,ETH,1283.83,1303.89,1277.29,1289.41,329.0621
2024-09-17 01:00:00+00:00,ETH,1289.41,1313.41,1282.69,1301.47,369.4842
2024-09-17 02:00:00+00:00,ETH,1301.47,1310.56,1287.61,1298.32,362.756
2024-09-17 03:00:00+00:00,ETH,1298.32,1312.52,1291.2,1305.26,751.5842
2024-09-17 04:00:00+00:00,ETH,1305.26,1328.74,1299.71,1321.13,302.3477
2024-09-17 05:00:00+00:00,ETH,1321.13,1327.97,1311.35,1314.16,825.9812
2024-09-17 06:00:00+00:00,ETH,1314.16,1316.82,1314.09,1314.31,334.3433
2024-09-17 07:00:00+00:00,ETH,1314.31,1329.09,1305.14,1319.25,789.7204
2024-09-17 08:00:00+00:00,ETH,1319.25,1336.09,1313.13,1326.76,666.8129
2024-09-17 09:00:00+00:00,ETH,1326.76,1337.39,1323.09,1336.97,396.5453
2024-09-17 10:00:00+00:00,ETH,1336.97,1347.86,1328.71,1341.92,471.3715
2024-09-17 11:00:00+00:00,ETH,1341.92,1352.71,1328.82,1350.3,391.5584
2024-09-17 12:00:00+00:00,ETH,1350.3,1355.26,1324.74,1342.74,358.148
2024-09-17 13:00:00+00:00,ETH,1342.74,1345.17,1328.61,1336.47,422.9159
2024-09-17 14:00:00+00:00,ETH,1336.47,1344.1,1333.24,1337.21,463.2178
2024-09-17 15:00:00+00:00,ETH,1337.21,1345.71,1316.63,1328.63,562.6726
2024-09-17 16:00:00+00:00,ETH,1328.63,1353.77,1308.06,1333.23,519.5425
2024-09-17 17:00:00+00:00,ETH,1333.23,1333.65,1327.83,1328.79,343.2438
2024-09-17 18:00:00+00:00,ETH,1328.79,1330.53,1322.0,1327.91,620.327
2024-09-17 19:00:00+00:00,ETH,1327.91,1341.86,1322.54,1330.91,521.4895
2024-09-17 20:00:00+00:00,ETH,1330.91,1357.07,1329.84,1348.62,483.8191
2024-09-17 21:00:00+00:00,ETH,1348.62,1352.44,1340.06,1348.9,544.682
2024-09-17 22:00:00+00:00,ETH,1348.9,1365.94,1336.94,1353.62,437.1456
2024-09-17 23:00:00+00:00,ETH,1353.62,1361.95,1349.39,1356.75,375.2742
2024-09-18 00:00:00+00:00,ETH,1356.75,1369.36,1356.15,1360.91,742.4144
2024-09-18 01:00:00+00:00,ETH,1360.91,1363.18,1351.9,1358.21,616.6127
2024-09-18 02:00:00+00:00,ETH,1358.21,1360.9,1347.47,1355.16,685.9555
2024-09-18 03:00:00+00:00,ETH,1355.16,1357.38,1346.41,1348.06,530.8916
2024-09-18 04:00:00+00:00,ETH,1348.06,1359.57,1334.59,1340.02,379.6635
2024-09-18 05:00:00+00:00,ETH,1340.02,1345.48,1334.84,1341.15,546.6181
2024-09-18 06:00:00+00:00,ETH,1341.15,1343.59,1338.2,1342.53,807.507
2024-09-18 07:00:00+00:00,ETH,1342.53,1343.84,1328.81,1335.59,1032.8222
2024-09-18 08:00:00+00:00,ETH,1335.59,1349.39,1335.52,1346.57,288.4788
2024-09-18 09:00:00+00:00,ETH,1346.57,1356.4,1335.66,1343.68,454.6196
2024-09-18 10:00:00+00:00,ETH,1343.68,1355.39,1334.38,1339.16,338.7394
2024-09-18 11:00:00+00:00,ETH,1339.16,1346.57,1324.28,1332.1,459.2957
2024-09-18 12:00:00+00:00,ETH,1332.1,1337.82,1322.3,1336.03,344.1238
2024-09-18 13:00:00+00:00,ETH,1336.03,1339.28,1332.11,1337.03,601.3239
2024-09-18 14:00:00+00:00,ETH,1337.03,1345.45,1333.79,1343.83,441.9837
2024-09-18 15:00:00+00:00,ETH,1343.83,1349.02,1332.3,1338.84,733.8687
2024-09-18 16:00:00+00:00,ETH,1338.84,1341.33,1326.99,1330.16,425.154
2024-09-18 17:00:00+00:00,ETH,1330.16,1334.03,1323.8,1333.88,565.6541
2024-09-18 18:00:00+00:00,ETH,1333.88,1337.48,1315.15,1335.94,294.001
2024-09-18 19:00:00+00:00,ETH,1335.94,1347.9,1333.46,1340.7,347.0963
2024-09-18 20:00:00+00:00,ETH,1340.7,1342.05,1316.59,1327.65,691.5231
2024-09-18 21:00:00+00:00,ETH,1327.65,1345.49,1324.37,1343.84,461.8304
2024-09-18 22:00:00+00:00,ETH,1343.84,1357.95,1341.06,1356.74,853.4801
2024-09-18 23:00:00+00:00,ETH,1356.74,1364.06,1352.61,1352.99,344.069
2024-09-19 00:00:00+00:00,ETH,1352.99,1362.32,1331.4,1349.9,396.6183
2024-09-19 01:00:00+00:00,ETH,1349.9,1358.43,1341.17,1349.76,537.3214
2024-09-19 02:00:00+00:00,ETH,1349.76,1360.93,1349.18,1351.97,436.5544
2024-09-19 03:00:00+00:00,ETH,1351.97,1358.85,1346.61,1351.34,792.0379
2024-09-19 04:00:00+00:00,ETH,1351.34,1352.7,1333.02,1352.58,379.6161
2024-09-19 05:00:00+00:00,ETH,1352.58,1354.4,1349.48,1351.13,450.6738
2024-09-19 06:00:00+00:00,ETH,1351.13,1366.66,1349.46,1357.8,530.6174
2024-09-19 07:00:00+00:00,ETH,1357.8,1379.97,1353.39,1368.72,553.5071
2024-09-19 08:00:00+00:00,ETH,1368.72,1383.59,1365.41,1373.11,376.3196
2024-09-19 09:00:00+00:00,ETH,1373.11,1384.98,1369.61,1370.33,352.5127
2024-09-19 10:00:00+00:00,ETH,1370.33,1375.13,1368.23,1371.96,415.2556
2024-09-19 11:00:00+00:00,ETH,1371.96,1413.15,1370.08,1386.74,621.6338
2024-09-19 12:00:00+00:00,ETH,1386.74,1394.49,1381.47,1384.89,490.6127
2024-09-19 13:00:00+00:00,ETH,1384.89,1407.06,1378.18,1393.15,646.0343
2024-09-19 14:00:00+00:00,ETH,1393.15,1408.29,1386.07,1391.78,465.0373
2024-09-19 15:00:00+00:00,ETH,1391.78,1392.28,1378.87,1382.77,818.0413
2024-09-19 16:00:00+00:00,ETH,1382.77,1397.49,1379.72,1387.88,1215.5552
2024-09-19 17:00:00+00:00,ETH,1387.88,1400.08,1384.64,1396.13,770.976
2024-09-19 18:00:00+00:00,ETH,1396.13,1414.13,1386.07,1411.78,359.0947
2024-09-19 19:00:00+00:00,ETH,1411.78,1433.03,1410.35,1425.69,428.0989
2024-09-19 20:00:00+00:00,ETH,1425.69,1452.1,1419.16,1449.79,632.3276
2024-09-19 21:00:00+00:00,ETH,1449.79,1468.1,1448.06,1466.73,546.0309
2024-09-19 22:00:00+00:00,ETH,1466.73,1471.06,1455.96,1470.77,387.3855
2024-09-19 23:00:00+00:00,ETH,1470.77,1477.54,1468.13,1470.86,602.7238
2024-09-20 00:00:00+00:00,ETH,1470.86,1482.53,1459.02,1468.45,678.1763
2024-09-20 01:00:00+00:00,ETH,1468.45,1485.62,1461.02,1463.04,624.8282
2024-09-20 02:00:00+00:00,ETH,1463.04,1477.3,1454.69,1477.19,751.6838
2024-09-20 03:00:00+00:00,ETH,1477.19,1478.79,1467.73,1469.3,308.7965
2024-09-20 04:00:00+00:00,ETH,1469.3,1476.06,1460.85,1462.82,434.6036
2024-09-20 05:00:00+00:00,ETH,1462.82,1481.5,1451.23,1467.54,464.1015
2024-09-20 06:00:00+00:00,ETH,1467.54,1493.13,1447.64,1474.96,213.4495
2024-09-20 07:00:00+00:00,ETH,1474.96,1491.24,1457.04,1457.19,511.0281
2024-09-20 08:00:00+00:00,ETH,1457.19,1458.61,1451.71,1457.59,785.9218
2024-09-20 09:00:00+00:00,ETH,1457.59,1459.75,1446.5,1448.52,705.6733
2024-09-20 10:00:00+00:00,ETH,1448.52,1460.37,1448.42,1452.2,458.1505
2024-09-20 11:00:00+00:00,ETH,1452.2,1456.18,1445.18,1447.31,791.629
2024-09-20 12:00:00+00:00,ETH,1447.31,1463.36,1444.2,1454.81,1570.8571
2024-09-20 13:00:00+00:00,ETH,1454.81,1461.94,1440.93,1448.62,365.3638
2024-09-20 14:00:00+00:00,ETH,1448.62,1469.59,1448.46,1458.25,419.8924
2024-09-20 15:00:00+00:00,ETH,1458.25,1477.2,1451.01,1467.23,518.7989
2024-09-20 16:00:00+00:00,ETH,1467.23,1491.73,1458.86,1469.64,632.9942
2024-09-20 17:00:00+00:00,ETH,1469.64,1473.75,1438.62,1455.95,734.3163
2024-09-20 18:00:00+00:00,ETH,1455.95,1458.56,1432.07,1441.91,1151.485
2024-09-20 19:00:00+00:00,ETH,1441.91,1448.52,1433.29,1433.79,499.6171
2024-09-20 20:00:00+00:00,ETH,1433.79,1433.84,1401.1,1429.13,705.3356
2024-09-20 21:00:00+00:00,ETH,1429.13,1443.88,1417.86,1418.31,752.409
2024-09-20 22:00:00+00:00,ETH,1418.31,1443.4,1408.73,1435.81,396.1679
2024-09-20 23:00:00+00:00,ETH,1435.81,1458.39,1429.82,1435.09,394.0716
2024-09-21 00:00:00+00:00,ETH,1435.09,1436.76,1419.29,1425.13,415.9989
2024-09-21 01:00:00+00:00,ETH,1425.13,1431.09,1423.37,1423.38,506.1343
2024-09-21 02:00:00+00:00,ETH,1423.38,1430.04,1417.77,1425.3,497.3119
2024-09-21 03:00:00+00:00,ETH,1425.3,1429.17,1416.45,1423.98,604.9531
2024-09-21 04:00:00+00:00,ETH,1423.98,1429.49,1402.4,1412.27,462.3984
2024-09-21 05:00:00+00:00,ETH,1412.27,1412.82,1405.57,1406.85,685.9123
2024-09-21 06:00:00+00:00,ETH,1406.85,1418.48,1388.77,1397.6,588.4715
2024-09-21 07:00:00+00:00,ETH,1397.6,1399.94,1377.97,1393.9,644.5523
2024-09-21 08:00:00+00:00,ETH,1393.9,1400.48,1383.85,1385.44,302.4242
2024-09-21 09:00:00+00:00,ETH,1385.44,1393.81,1381.56,1388.22,545.0474
2024-09-21 10:00:00+00:00,ETH,1388.22,1396.03,1367.95,1379.64,442.6286
2024-09-21 11:00:00+00:00,ETH,1379.64,1393.87,1373.58,1390.76,419.6327
2024-09-21 12:00:00+00:00,ETH,1390.76,1400.01,1389.9,1391.11,547.4829
2024-09-21 13:00:00+00:00,ETH,1391.11,1416.95,1380.9,1410.7,541.3485
2024-09-21 14:00:00+00:00,ETH,1410.7,1435.0,1409.47,1424.71,517.4296
2024-09-21 15:00:00+00:00,ETH,1424.71,1446.74,1421.35,1429.18,405.9444
2024-09-21 16:00:00+00:00,ETH,1429.18,1452.87,1423.68,1440.58,479.0038
2024-09-21 17:00:00+00:00,ETH,1440.58,1459.95,1436.52,1455.29,510.8952
2024-09-21 18:00:00+00:00,ETH,1455.29,1459.55,1436.48,1443.04,623.9626
2024-09-21 19:00:00+00:00,ETH,1443.04,1446.27,1439.56,1441.06,492.5898
2024-09-21 20:00:00+00:00,ETH,1441.06,1458.66,1428.03,1436.24,714.9998
2024-09-21 21:00:00+00:00,ETH,1436.24,1438.3,1431.5,1433.85,474.9466
2024-09-21 22:00:00+00:00,ETH,1433.85,1444.67,1433.33,1436.03,669.2772
2024-09-21 23:00:00+00:00,ETH,1436.03,1438.5,1409.12,1425.35,398.083
2024-09-22 00:00:00+00:00,ETH,1425.35,1435.12,1403.41,1425.69,581.0206
2024-09-22 01:00:00+00:00,ETH,1425.69,1432.39,1424.17,1429.78,457.354
2024-09-22 02:00:00+00:00,ETH,1429.78,1436.77,1414.69,1424.04,532.2295
2024-09-22 03:00:00+00:00,ETH,1424.04,1426.53,1391.01,1410.77,849.9312
2024-09-22 04:00:00+00:00,ETH,1410.77,1422.4,1410.29,1413.89,424.6898
2024-09-22 05:00:00+00:00,ETH,1413.89,1413.96,1387.25,1411.08,935.5987
2024-09-22 06:00:00+00:00,ETH,1411.08,1415.62,1399.84,1405.39,621.326
2024-09-22 07:00:00+00:00,ETH,1405.39,1416.15,1382.96,1390.06,370.1572
2024-09-22 08:00:00+00:00,ETH,1390.06,1391.05,1380.13,1384.96,344.5225
2024-09-22 09:00:00+00:00,ETH,1384.96,1386.38,1374.83,1383.27,465.3048
2024-09-22 10:00:00+00:00,ETH,1383.27,1391.44,1376.61,1385.62,797.9632
2024-09-22 11:00:00+00:00,ETH,1385.62,1396.28,1383.59,1390.39,672.5238
2024-09-22 12:00:00+00:00,ETH,1390.39,1395.24,1375.36,1382.27,518.1969
2024-09-22 13:00:00+00:00,ETH,1382.27,1395.51,1373.24,1379.01,274.6269
2024-09-22 14:00:00+00:00,ETH,1379.01,1383.41,1352.19,1372.84,376.9949
2024-09-22 15:00:00+00:00,ETH,1372.84,1374.01,1371.36,1373.69,471.8356
2024-09-22 16:00:00+00:00,ETH,1373.69,1377.83,1367.32,1368.53,604.193
2024-09-22 17:00:00+00:00,ETH,1368.53,1382.28,1364.21,1367.58,443.2385
2024-09-22 18:00:00+00:00,ETH,1367.58,1370.05,1357.81,1359.93,589.6377
2024-09-22 19:00:00+00:00,ETH,1359.93,1366.97,1352.94,1363.77,484.2276
2024-09-22 20:00:00+00:00,ETH,1363.77,1388.02,1359.38,1381.24,409.7623
2024-09-22 21:00:00+00:00,ETH,1381.24,1386.03,1359.2,1375.81,566.5747
2024-09-22 22:00:00+00:00,ETH,1375.81,1390.4,1338.69,1357.62,411.4455
2024-09-22 23:00:00+00:00,ETH,1357.62,1378.32,1345.29,1353.48,363.2527
2024-09-23 00:00:00+00:00,ETH,1353.48,1361.67,1350.53,1353.64,816.6148
2024-09-23 01:00:00+00:00,ETH,1353.64,1357.9,1328.18,1346.22,992.2814
2024-09-23 02:00:00+00:00,ETH,1346.22,1353.86,1341.05,1343.33,827.6857
2024-09-23 03:00:00+00:00,ETH,1343.33,1364.81,1336.73,1347.9,745.4847
2024-09-23 04:00:00+00:00,ETH,1347.9,1352.65,1338.99,1343.45,729.81
2024-09-23 05:00:00+00:00,ETH,1343.45,1344.3,1336.18,1338.02,552.4179
2024-09-23 06:00:00+00:00,ETH,1338.02,1351.81,1335.62,1350.66,566.1016
2024-09-23 07:00:00+00:00,ETH,1350.66,1352.85,1350.58,1351.48,419.7534
2024-09-23 08:00:00+00:00,ETH,1351.48,1358.52,1333.99,1337.03,488.4386
2024-09-23 09:00:00+00:00,ETH,1337.03,1351.68,1335.11,1335.12,843.126
2024-09-23 10:00:00+00:00,ETH,1335.12,1344.57,1317.15,1330.16,740.9733
2024-09-23 11:00:00+00:00,ETH,1330.16,1342.38,1325.45,1340.52,433.8773
2024-09-23 12:00:00+00:00,ETH,1340.52,1345.77,1330.91,1332.17,321.7332
2024-09-23 13:00:00+00:00,ETH,1332.17,1338.02,1324.59,1337.18,348.7093
2024-09-23 14:00:00+00:00,ETH,1337.18,1363.15,1326.91,1354.92,561.9654
2024-09-23 15:00:00+00:00,ETH,1354.92,1361.0,1345.8,1353.18,295.2693
2024-09-23 16:00:00+00:00,ETH,1353.18,1374.45,1347.02,1356.37,653.7787
2024-09-23 17:00:00+00:00,ETH,1356.37,1362.97,1354.83,1360.77,500.5118
2024-09-23 18:00:00+00:00,ETH,1360.77,1370.38,1354.15,1368.38,257.8908
2024-09-23 19:00:00+00:00,ETH,1368.38,1368.82,1365.51,1366.57,607.1255
2024-09-23 20:00:00+00:00,ETH,1366.57,1370.11,1361.65,1365.74,307.955
2024-09-23 21:00:00+00:00,ETH,1365.74,1371.23,1346.57,1350.66,535.9149
2024-09-23 22:00:00+00:00,ETH,1350.66,1366.57,1348.35,1354.72,589.4354
2024-09-23 23:00:00+00:00,ETH,1354.72,1372.19,1339.28,1357.7,581.8489
2024-09-24 00:00:00+00:00,ETH,1357.7,1370.42,1330.89,1339.81,601.148
2024-09-24 01:00:00+00:00,ETH,1339.81,1347.33,1338.87,1339.35,339.2968
2024-09-24 02:00:00+00:00,ETH,1339.35,1346.85,1336.5,1342.91,609.7573
2024-09-24 03:00:00+00:00,ETH,1342.91,1344.26,1323.36,1330.39,453.4705
2024-09-24 04:00:00+00:00,ETH,1330.39,1335.16,1321.25,1332.97,245.5003
2024-09-24 05:00:00+00:00,ETH,1332.97,1355.23,1324.69,1341.92,722.6099
2024-09-24 06:00:00+00:00,ETH,1341.92,1363.55,1335.02,1355.79,768.0444
2024-09-24 07:00:00+00:00,ETH,1355.79,1360.31,1348.39,1358.02,424.0127
2024-09-24 08:00:00+00:00,ETH,1358.02,1363.95,1349.82,1361.51,629.9189
2024-09-24 09:00:00+00:00,ETH,1361.51,1368.71,1356.59,1365.67,615.7283
2024-09-24 10:00:00+00:00,ETH,1365.67,1383.16,1361.92,1380.16,365.5578
2024-09-24 11:00:00+00:00,ETH,1380.16,1410.74,1376.99,1404.39,385.8551
2024-09-24 12:00:00+00:00,ETH,1404.39,1423.39,1397.34,1397.9,740.4622
2024-09-24 13:00:00+00:00,ETH,1397.9,1416.06,1366.81,1383.74,734.4549
2024-09-24 14:00:00+00:00,ETH,1383.74,1386.94,1356.77,1367.79,753.5951
2024-09-24 15:00:00+00:00,ETH,1367.79,1370.43,1361.96,1364.64,656.6322
2024-09-24 16:00:00+00:00,ETH,1364.64,1378.33,1357.18,1375.43,508.5993
2024-09-24 17:00:00+00:00,ETH,1375.43,1390.63,1366.07,1370.08,657.9715
2024-09-24 18:00:00+00:00,ETH,1370.08,1382.9,1366.61,1371.76,404.8359
2024-09-24 19:00:00+00:00,ETH,1371.76,1373.68,1365.85,1366.1,742.4266
2024-09-24 20:00:00+00:00,ETH,1366.1,1370.1,1354.36,1363.27,924.057
2024-09-24 21:00:00+00:00,ETH,1363.27,1365.34,1354.04,1361.51,650.5564
2024-09-24 22:00:00+00:00,ETH,1361.51,1364.24,1352.9,1363.56,476.5118
2024-09-24 23:00:00+00:00,ETH,1363.56,1369.96,1356.94,1357.5,847.803
2024-09-25 00:00:00+00:00,ETH,1357.5,1365.84,1354.04,1364.72,356.2444
2024-09-25 01:00:00+00:00,ETH,1364.72,1365.04,1360.56,1364.78,319.8033
2024-09-25 02:00:00+00:00,ETH,1364.78,1380.72,1358.14,1376.73,595.6643
2024-09-25 03:00:00+00:00,ETH,1376.73,1382.18,1366.58,1368.61,702.7035
2024-09-25 04:00:00+00:00,ETH,1368.61,1369.4,1356.67,1358.39,366.7769
2024-09-25 05:00:00+00:00,ETH,1358.39,1359.73,1358.15,1359.53,256.3582
2024-09-25 06:00:00+00:00,ETH,1359.53,1366.06,1356.15,1364.73,444.2778
2024-09-25 07:00:00+00:00,ETH,1364.73,1373.82,1357.49,1371.38,632.7872
2024-09-25 08:00:00+00:00,ETH,1371.38,1385.3,1368.27,1380.89,742.0917
2024-09-25 09:00:00+00:00,ETH,1380.89,1396.92,1373.92,1392.82,696.0504
2024-09-25 10:00:00+00:00,ETH,1392.82,1410.38,1371.82,1387.39,358.0767
2024-09-25 11:00:00+00:00,ETH,1387.39,1388.62,1371.25,1377.55,615.4162
2024-09-25 12:00:00+00:00,ETH,1377.55,1387.12,1372.26,1374.54,347.065
2024-09-25 13:00:00+00:00,ETH,1374.54,1392.95,1366.55,1373.29,840.6306
2024-09-25 14:00:00+00:00,ETH,1373.29,1386.68,1362.48,1380.4,391.9004
2024-09-25 15:00:00+00:00,ETH,1380.4,1385.29,1355.29,1370.13,351.3297
2024-09-25 16:00:00+00:00,ETH,1370.13,1370.7,1351.42,1362.81,465.2231
2024-09-25 17:00:00+00:00,ETH,1362.81,1370.49,1336.14,1359.69,609.4741
2024-09-25 18:00:00+00:00,ETH,1359.69,1367.9,1343.33,1353.92,981.0606
2024-09-25 19:00:00+00:00,ETH,1353.92,1365.08,1338.87,1348.09,486.6791
2024-09-25 20:00:00+00:00,ETH,1348.09,1353.04,1327.46,1336.69,272.8921
2024-09-25 21:00:00+00:00,ETH,1336.69,1353.89,1326.77,1345.09,282.3235
2024-09-25 22:00:00+00:00,ETH,1345.09,1368.18,1331.39,1349.51,493.8109
2024-09-25 23:00:00+00:00,ETH,1349.51,1365.33,1333.48,1357.57,859.2431
2024-09-26 00:00:00+00:00,ETH,1357.57,1371.24,1343.49,1355.87,454.1609
2024-09-26 01:00:00+00:00,ETH,1355.87,1375.97,1339.36,1363.47,626.5135
2024-09-26 02:00:00+00:00,ETH,1363.47,1365.03,1351.77,1352.34,453.7356
2024-09-26 03:00:00+00:00,ETH,1352.34,1362.65,1351.97,1358.09,341.4049
2024-09-26 04:00:00+00:00,ETH,1358.09,1369.17,1346.52,1355.35,659.3386
2024-09-26 05:00:00+00:00,ETH,1355.35,1355.74,1342.67,1354.86,385.3818
2024-09-26 06:00:00+00:00,ETH,1354.86,1360.4,1341.26,1358.14,726.8289
2024-09-26 07:00:00+00:00,ETH,1358.14,1378.51,1356.9,1373.13,638.191
2024-09-26 08:00:00+00:00,ETH,1373.13,1383.21,1352.22,1355.56,583.2351
2024-09-26 09:00:00+00:00,ETH,1355.56,1359.84,1350.52,1356.82,594.8253
2024-09-26 10:00:00+00:00,ETH,1356.82,1377.27,1353.36,1370.99,308.8672
2024-09-26 11:00:00+00:00,ETH,1370.99,1380.7,1369.25,1375.43,353.9522
2024-09-26 12:00:00+00:00,ETH,1375.43,1385.67,1371.96,1385.42,328.9368
2024-09-26 13:00:00+00:00,ETH,1385.42,1389.0,1369.91,1379.05,697.8471
2024-09-26 14:00:00+00:00,ETH,1379.05,1384.05,1365.79,1376.81,876.0563
2024-09-26 15:00:00+00:00,ETH,1376.81,1393.21,1373.22,1390.34,348.432
2024-09-26 16:00:00+00:00,ETH,1390.34,1393.18,1379.09,1385.04,550.3202
2024-09-26 17:00:00+00:00,ETH,1385.04,1402.71,1384.29,1398.79,439.5386
2024-09-26 18:00:00+00:00,ETH,1398.79,1401.58,1387.91,1398.81,409.4461
2024-09-26 19:00:00+00:00,ETH,1398.81,1413.43,1391.25,1408.06,320.048
2024-09-26 20:00:00+00:00,ETH,1408.06,1410.94,1404.33,1410.0,508.3889
2024-09-26 21:00:00+00:00,ETH,1410.0,1415.6,1396.29,1407.54,472.0079
2024-09-26 22:00:00+00:00,ETH,1407.54,1419.23,1406.2,1408.27,585.0635
2024-09-26 23:00:00+00:00,ETH,1408.27,1417.31,1407.65,1410.82,465.5942
2024-09-27 00:00:00+00:00,ETH,1410.82,1428.76,1395.08,1418.44,616.4351
2024-09-27 01:00:00+00:00,ETH,1418.44,1423.68,1398.62,1418.26,798.3868
2024-09-27 02:00:00+00:00,ETH,1418.26,1420.49,1412.71,1418.22,447.4527
2024-09-27 03:00:00+00:00,ETH,1418.22,1442.08,1418.17,1430.37,1147.8307
2024-09-27 04:00:00+00:00,ETH,1430.37,1430.97,1420.53,1423.76,329.3859
2024-09-27 05:00:00+00:00,ETH,1423.76,1429.94,1412.46,1426.23,1607.6276
2024-09-27 06:00:00+00:00,ETH,1426.23,1449.31,1416.76,1437.93,535.3888
2024-09-27 07:00:00+00:00,ETH,1437.93,1455.11,1431.66,1437.78,504.1258
2024-09-27 08:00:00+00:00,ETH,1437.78,1450.53,1430.67,1432.55,337.2064
2024-09-27 09:00:00+00:00,ETH,1432.55,1443.78,1432.25,1442.68,354.833
2024-09-27 10:00:00+00:00,ETH,1442.68,1455.21,1435.17,1450.28,466.9344
2024-09-27 11:00:00+00:00,ETH,1450.28,1469.28,1438.34,1455.67,704.6179
2024-09-27 12:00:00+00:00,ETH,1455.67,1461.2,1444.81,1455.86,264.981
2024-09-27 13:00:00+00:00,ETH,1455.86,1458.47,1441.99,1450.33,457.7848
2024-09-27 14:00:00+00:00,ETH,1450.33,1456.25,1444.21,1455.28,470.9703
2024-09-27 15:00:00+00:00,ETH,1455.28,1459.96,1442.18,1448.52,585.3806
2024-09-27 16:00:00+00:00,ETH,1448.52,1456.62,1432.85,1444.8,716.4075
2024-09-27 17:00:00+00:00,ETH,1444.8,1451.6,1436.16,1444.86,761.6525
2024-09-27 18:00:00+00:00,ETH,1444.86,1452.71,1435.26,1443.38,283.3696
2024-09-27 19:00:00+00:00,ETH,1443.38,1443.47,1434.56,1439.22,370.5199
2024-09-27 20:00:00+00:00,ETH,1439.22,1448.12,1428.92,1429.32,375.353
2024-09-27 21:00:00+00:00,ETH,1429.32,1430.81,1426.85,1428.24,604.3061
2024-09-27 22:00:00+00:00,ETH,1428.24,1436.48,1427.93,1429.57,677.0882
2024-09-27 23:00:00+00:00,ETH,1429.57,1432.97,1399.57,1418.55,506.1489
2024-09-28 00:00:00+00:00,ETH,1418.55,1420.86,1404.23,1419.14,510.5015
2024-09-28 01:00:00+00:00,ETH,1419.14,1421.73,1408.27,1417.16,850.665
2024-09-28 02:00:00+00:00,ETH,1417.16,1418.63,1409.65,1416.85,519.5017
2024-09-28 03:00:00+00:00,ETH,1416.85,1417.75,1408.54,1409.21,320.2761
2024-09-28 04:00:00+00:00,ETH,1409.21,1411.22,1401.77,1403.52,518.5188
2024-09-28 05:00:00+00:00,ETH,1403.52,1421.1,1400.87,1414.94,600.1482
2024-09-28 06:00:00+00:00,ETH,1414.94,1433.21,1404.21,1407.16,370.9346
2024-09-28 07:00:00+00:00,ETH,1407.16,1409.52,1395.7,1403.09,519.3512
2024-09-28 08:00:00+00:00,ETH,1403.09,1421.0,1401.04,1412.58,410.5667
2024-09-28 09:00:00+00:00,ETH,1412.58,1419.07,1400.9,1404.68,468.9028
2024-09-28 10:00:00+00:00,ETH,1404.68,1410.89,1395.22,1399.2,537.4605
2024-09-28 11:00:00+00:00,ETH,1399.2,1410.26,1398.67,1404.67,514.3382
2024-09-28 12:00:00+00:00,ETH,1404.67,1438.71,1400.51,1411.2,287.4263
2024-09-28 13:00:00+00:00,ETH,1411.2,1423.74,1406.57,1406.81,502.1523
2024-09-28 14:00:00+00:00,ETH,1406.81,1411.85,1391.44,1407.8,646.2899
2024-09-28 15:00:00+00:00,ETH,1407.8,1426.93,1406.41,1415.59,343.1484
2024-09-28 16:00:00+00:00,ETH,1415.59,1421.18,1408.8,1415.95,405.513
2024-09-28 17:00:00+00:00,ETH,1415.95,1430.22,1394.35,1400.54,600.5699
2024-09-28 18:00:00+00:00,ETH,1400.54,1410.23,1375.21,1403.4,277.1941
2024-09-28 19:00:00+00:00,ETH,1403.4,1413.67,1397.92,1411.36,450.849
2024-09-28 20:00:00+00:00,ETH,1411.36,1418.51,1399.74,1414.63,702.507
2024-09-28 21:00:00+00:00,ETH,1414.63,1420.36,1409.46,1411.59,621.0295
2024-09-28 22:00:00+00:00,ETH,1411.59,1424.65,1408.54,1411.78,553.1443
2024-09-28 23:00:00+00:00,ETH,1411.78,1411.88,1406.93,1408.82,540.5173
2024-09-29 00:00:00+00:00,ETH,1408.82,1422.08,1404.23,1405.96,291.9338
2024-09-29 01:00:00+00:00,ETH,1405.96,1410.14,1397.97,1406.86,565.2781
2024-09-29 02:00:00+00:00,ETH,1406.86,1417.51,1394.52,1409.09,405.529
2024-09-29 03:00:00+00:00,ETH,1409.09,1410.04,1396.07,1400.69,348.8174
2024-09-29 04:00:00+00:00,ETH,1400.69,1406.23,1395.84,1401.51,881.9096
2024-09-29 05:00:00+00:00,ETH,1401.51,1409.18,1400.81,1401.48,674.9596
2024-09-29 06:00:00+00:00,ETH,1401.48,1410.4,1389.63,1393.08,1363.1357
2024-09-29 07:00:00+00:00,ETH,1393.08,1411.61,1387.21,1405.63,373.7508
2024-09-29 08:00:00+00:00,ETH,1405.63,1406.55,1391.14,1406.33,1041.6394
2024-09-29 09:00:00+00:00,ETH,1406.33,1416.93,1400.17,1413.66,361.9529
2024-09-29 10:00:00+00:00,ETH,1413.66,1415.23,1411.73,1413.68,478.9084
2024-09-29 11:00:00+00:00,ETH,1413.68,1429.73,1413.32,1425.96,544.6286
2024-09-29 12:00:00+00:00,ETH,1425.96,1438.65,1419.81,1431.54,304.3812
2024-09-29 13:00:00+00:00,ETH,1431.54,1443.72,1431.52,1441.75,243.507
2024-09-29 14:00:00+00:00,ETH,1441.75,1455.24,1437.06,1441.54,418.2832
2024-09-29 15:00:00+00:00,ETH,1441.54,1460.08,1437.21,1449.47,414.2232
2024-09-29 16:00:00+00:00,ETH,1449.47,1462.37,1418.73,1441.06,254.272
2024-09-29 17:00:00+00:00,ETH,1441.06,1447.86,1434.46,1443.9,702.6547
2024-09-29 18:00:00+00:00,ETH,1443.9,1450.1,1431.21,1434.54,497.8645
2024-09-29 19:00:00+00:00,ETH,1434.54,1449.13,1432.57,1439.7,401.1773
2024-09-29 20:00:00+00:00,ETH,1439.7,1465.73,1419.73,1447.9,791.7351
2024-09-29 21:00:00+00:00,ETH,1447.9,1474.4,1442.21,1465.66,540.3127
2024-09-29 22:00:00+00:00,ETH,1465.66,1470.87,1464.68,1467.89,360.9685
2024-09-29 23:00:00+00:00,ETH,1467.89,1494.66,1461.99,1477.13,430.4196
2024-09-30 00:00:00+00:00,ETH,1477.13,1492.18,1455.36,1464.32,396.5326
2024-09-30 01:00:00+00:00,ETH,1464.32,1466.46,1460.41,1464.58,487.1103
2024-09-30 02:00:00+00:00,ETH,1464.58,1471.46,1457.19,1466.24,659.0111
2024-09-30 03:00:00+00:00,ETH,1466.24,1476.77,1455.85,1457.8,358.5188
2024-09-30 04:00:00+00:00,ETH,1457.8,1471.69,1447.88,1451.49,261.4065
2024-09-30 05:00:00+00:00,ETH,1451.49,1465.92,1448.47,1457.18,1190.2064
2024-09-30 06:00:00+00:00,ETH,1457.18,1471.26,1445.03,1461.69,876.1925
2024-09-30 07:00:00+00:00,ETH,1461.69,1471.18,1451.44,1471.12,342.499
2024-09-30 08:00:00+00:00,ETH,1471.12,1482.41,1460.17,1476.15,632.0436
2024-09-30 09:00:00+00:00,ETH,1476.15,1496.48,1469.16,1482.65,331.1494
2024-09-30 10:00:00+00:00,ETH,1482.65,1499.74,1471.49,1489.44,660.7456
2024-09-30 11:00:00+00:00,ETH,1489.44,1510.0,1489.15,1503.32,569.37
2024-09-30 12:00:00+00:00,ETH,1503.32,1515.73,1492.91,1515.63,734.9503
2024-09-30 13:00:00+00:00,ETH,1515.63,1526.79,1501.56,1520.73,490.3201
2024-09-30 14:00:00+00:00,ETH,1520.73,1536.16,1509.04,1512.48,633.9491
2024-09-30 15:00:00+00:00,ETH,1512.48,1536.1,1479.14,1507.81,502.8575
2024-09-30 16:00:00+00:00,ETH,1507.81,1520.55,1504.65,1517.36,434.0199
2024-09-30 17:00:00+00:00,ETH,1517.36,1518.68,1504.14,1511.34,239.0704
2024-09-30 18:00:00+00:00,ETH,1511.34,1515.5,1506.73,1511.44,615.5847
2024-09-30 19:00:00+00:00,ETH,1511.44,1519.62,1508.11,1510.81,462.9159
2024-09-30 20:00:00+00:00,ETH,1510.81,1533.09,1496.55,1504.29,865.109
2024-09-30 21:00:00+00:00,ETH,1504.29,1520.21,1500.21,1513.37,382.4037
2024-09-30 22:00:00+00:00,ETH,1513.37,1517.89,1501.53,1513.87,879.5817
2024-09-30 23:00:00+00:00,ETH,1513.87,1522.53,1511.77,1516.25,1101.5764
2024-10-01 00:00:00+00:00,ETH,1516.25,1519.61,1500.34,1511.83,548.4216
2024-10-01 01:00:00+00:00,ETH,1511.83,1522.81,1507.16,1514.1,369.5351
2024-10-01 02:00:00+00:00,ETH,1514.1,1516.22,1507.83,1508.81,348.2413
2024-10-01 03:00:00+00:00,ETH,1508.81,1510.2,1495.09,1497.22,323.4983
2024-10-01 04:00:00+00:00,ETH,1497.22,1503.74,1489.91,1493.45,820.4444
2024-10-01 05:00:00+00:00,ETH,1493.45,1513.95,1488.67,1498.77,369.609
2024-10-01 06:00:00+00:00,ETH,1498.77,1518.64,1495.27,1511.47,350.0597
2024-10-01 07:00:00+00:00,ETH,1511.47,1514.47,1492.45,1497.82,458.7774
2024-10-01 08:00:00+00:00,ETH,1497.82,1498.16,1478.33,1483.0,427.3148
2024-10-01 09:00:00+00:00,ETH,1483.0,1484.97,1470.24,1476.6,918.7128
2024-10-01 10:00:00+00:00,ETH,1476.6,1478.45,1469.76,1476.54,414.9884
2024-10-01 11:00:00+00:00,ETH,1476.54,1482.4,1469.02,1477.73,668.8919
2024-10-01 12:00:00+00:00,ETH,1477.73,1483.25,1459.44,1468.08,629.321
2024-10-01 13:00:00+00:00,ETH,1468.08,1472.01,1460.66,1469.33,616.0769
2024-10-01 14:00:00+00:00,ETH,1469.33,1474.29,1448.05,1450.1,810.302
2024-10-01 15:00:00+00:00,ETH,1450.1,1455.76,1446.19,1452.48,647.6985
2024-10-01 16:00:00+00:00,ETH,1452.48,1465.65,1451.47,1462.73,582.8292
2024-10-01 17:00:00+00:00,ETH,1462.73,1472.25,1445.2,1447.62,538.8159
2024-10-01 18:00:00+00:00,ETH,1447.62,1457.58,1438.09,1442.84,359.7687
2024-10-01 19:00:00+00:00,ETH,1442.84,1444.7,1436.83,1437.57,272.0557
2024-10-01 20:00:00+00:00,ETH,1437.57,1465.78,1419.75,1449.14,429.3749
2024-10-01 21:00:00+00:00,ETH,1449.14,1457.27,1439.52,1450.54,551.9858
2024-10-01 22:00:00+00:00,ETH,1450.54,1463.48,1441.62,1442.79,260.8892
2024-10-01 23:00:00+00:00,ETH,1442.79,1449.57,1442.53,1444.53,550.8417
2024-10-02 00:00:00+00:00,ETH,1444.53,1455.29,1435.4,1453.67,394.5965
2024-10-02 01:00:00+00:00,ETH,1453.67,1462.5,1449.75,1455.98,602.3902
2024-10-02 02:00:00+00:00,ETH,1455.98,1461.85,1444.92,1447.72,560.0003
2024-10-02 03:00:00+00:00,ETH,1447.72,1459.18,1442.64,1453.09,562.2331
2024-10-02 04:00:00+00:00,ETH,1453.09,1459.74,1449.01,1459.0,194.0257
2024-10-02 05:00:00+00:00,ETH,1459.0,1463.92,1451.4,1457.55,551.5521
2024-10-02 06:00:00+00:00,ETH,1457.55,1487.06,1449.53,1454.64,333.0118
2024-10-02 07:00:00+00:00,ETH,1454.64,1482.34,1443.32,1463.92,502.2463
2024-10-02 08:00:00+00:00,ETH,1463.92,1468.76,1450.6,1457.73,716.161
2024-10-02 09:00:00+00:00,ETH,1457.73,1478.67,1450.77,1461.4,291.4557
2024-10-02 10:00:00+00:00,ETH,1461.4,1482.13,1443.65,1461.31,554.3167
2024-10-02 11:00:00+00:00,ETH,1461.31,1481.21,1458.5,1460.37,668.5335
2024-10-02 12:00:00+00:00,ETH,1460.37,1474.28,1448.93,1473.37,799.4557
2024-10-02 13:00:00+00:00,ETH,1473.37,1477.76,1459.16,1477.47,276.2065
2024-10-02 14:00:00+00:00,ETH,1477.47,1493.21,1470.44,1483.11,231.4979
2024-10-02 15:00:00+00:00,ETH,1483.11,1488.46,1478.21,1487.16,411.4438
2024-10-02 16:00:00+00:00,ETH,1487.16,1495.0,1481.24,1482.18,296.5765
2024-10-02 17:00:00+00:00,ETH,1482.18,1486.23,1479.61,1483.12,226.885
2024-10-02 18:00:00+00:00,ETH,1483.12,1501.28,1479.9,1493.97,634.2206
2024-10-02 19:00:00+00:00,ETH,1493.97,1499.09,1491.35,1493.03,423.4973
2024-10-02 20:00:00+00:00,ETH,1493.03,1495.46,1490.02,1491.65,394.9719
2024-10-02 21:00:00+00:00,ETH,1491.65,1508.7,1469.95,1484.4,350.2996
2024-10-02 22:00:00+00:00,ETH,1484.4,1500.29,1455.47,1466.32,999.0035
2024-10-02 23:00:00+00:00,ETH,1466.32,1489.16,1451.28,1455.2,446.6637
2024-10-03 00:00:00+00:00,ETH,1455.2,1463.43,1451.38,1452.95,420.1551
2024-10-03 01:00:00+00:00,ETH,1452.95,1471.6,1447.54,1460.45,536.4275
2024-10-03 02:00:00+00:00,ETH,1460.45,1474.04,1458.12,1468.9,342.1297
2024-10-03 03:00:00+00:00,ETH,1468.9,1475.87,1466.04,1473.72,486.0316
2024-10-03 04:00:00+00:00,ETH,1473.72,1482.5,1469.18,1469.39,477.4063
2024-10-03 05:00:00+00:00,ETH,1469.39,1476.32,1444.17,1453.12,718.4251
2024-10-03 06:00:00+00:00,ETH,1453.12,1454.44,1452.34,1452.65,224.9433
2024-10-03 07:00:00+00:00,ETH,1452.65,1455.85,1444.84,1448.13,886.9751
2024-10-03 08:00:00+00:00,ETH,1448.13,1448.78,1419.76,1435.08,295.4323
2024-10-03 09:00:00+00:00,ETH,1435.08,1441.51,1423.78,1433.09,704.685
2024-10-03 10:00:00+00:00,ETH,1433.09,1449.29,1428.22,1445.38,645.4961
2024-10-03 11:00:00+00:00,ETH,1445.38,1456.28,1434.67,1445.37,409.7179
2024-10-03 12:00:00+00:00,ETH,1445.37,1448.76,1434.21,1443.74,203.7513
2024-10-03 13:00:00+00:00,ETH,1443.74,1455.66,1436.52,1453.59,275.4808
2024-10-03 14:00:00+00:00,ETH,1453.59,1460.23,1446.4,1458.27,422.3154
2024-10-03 15:00:00+00:00,ETH,1458.27,1471.45,1440.26,1446.48,523.6447
2024-10-03 16:00:00+00:00,ETH,1446.48,1446.96,1434.72,1437.26,346.2188
2024-10-03 17:00:00+00:00,ETH,1437.26,1456.61,1435.46,1445.95,365.0704
2024-10-03 18:00:00+00:00,ETH,1445.95,1447.74,1426.25,1432.89,704.2578
2024-10-03 19:00:00+00:00,ETH,1432.89,1438.79,1432.81,1436.68,341.6
2024-10-03 20:00:00+00:00,ETH,1436.68,1437.36,1434.1,1434.9,391.4747
2024-10-03 21:00:00+00:00,ETH,1434.9,1435.9,1434.61,1434.87,461.2654
2024-10-03 22:00:00+00:00,ETH,1434.87,1448.86,1433.44,1444.33,510.2664
2024-10-03 23:00:00+00:00,ETH,1444.33,1444.74,1439.54,1441.77,352.5398
2024-10-04 00:00:00+00:00,ETH,1441.77,1460.64,1430.97,1447.06,423.1064
2024-10-04 01:00:00+00:00,ETH,1447.06,1459.18,1427.29,1437.21,296.4666
2024-10-04 02:00:00+00:00,ETH,1437.21,1440.29,1428.7,1430.95,613.1808
2024-10-04 03:00:00+00:00,ETH,1430.95,1450.85,1428.58,1442.17,653.4031
2024-10-04 04:00:00+00:00,ETH,1442.17,1453.95,1433.28,1437.9,676.5119
2024-10-04 05:00:00+00:00,ETH,1437.9,1461.81,1433.4,1455.33,462.1379
2024-10-04 06:00:00+00:00,ETH,1455.33,1459.83,1444.54,1449.71,601.9433
2024-10-04 07:00:00+00:00,ETH,1449.71,1463.42,1425.35,1429.92,489.6554
2024-10-04 08:00:00+00:00,ETH,1429.92,1433.64,1417.17,1418.09,366.9373
2024-10-04 09:00:00+00:00,ETH,1418.09,1419.67,1398.83,1413.17,496.5729
2024-10-04 10:00:00+00:00,ETH,1413.17,1419.86,1397.91,1412.7,527.7398
2024-10-04 11:00:00+00:00,ETH,1412.7,1413.16,1385.13,1394.83,806.5809
2024-10-04 12:00:00+00:00,ETH,1394.83,1413.89,1390.71,1398.38,506.7887
2024-10-04 13:00:00+00:00,ETH,1398.38,1404.74,1391.06,1397.57,513.4787
2024-10-04 14:00:00+00:00,ETH,1397.57,1404.69,1390.0,1392.83,794.7607
2024-10-04 15:00:00+00:00,ETH,1392.83,1412.56,1386.23,1408.25,824.8368
2024-10-04 16:00:00+00:00,ETH,1408.25,1424.19,1405.09,1409.36,615.1817
2024-10-04 17:00:00+00:00,ETH,1409.36,1415.06,1401.42,1409.0,551.6152
2024-10-04 18:00:00+00:00,ETH,1409.0,1417.3,1381.35,1391.13,677.6756
2024-10-04 19:00:00+00:00,ETH,1391.13,1411.32,1383.18,1407.37,434.7776
2024-10-04 20:00:00+00:00,ETH,1407.37,1408.81,1396.32,1403.54,951.8181
2024-10-04 21:00:00+00:00,ETH,1403.54,1414.26,1398.4,1407.08,761.2197
2024-10-04 22:00:00+00:00,ETH,1407.08,1420.25,1397.15,1405.8,451.5325
2024-10-04 23:00:00+00:00,ETH,1405.8,1422.02,1400.2,1403.98,942.6467
2024-10-05 00:00:00+00:00,ETH,1403.98,1416.35,1399.29,1408.11,628.9663
2024-10-05 01:00:00+00:00,ETH,1408.11,1418.3,1387.25,1396.58,487.7885
2024-10-05 02:00:00+00:00,ETH,1396.58,1412.34,1388.39,1408.86,284.0046
2024-10-05 03:00:00+00:00,ETH,1408.86,1421.18,1408.65,1414.68,327.2636
2024-10-05 04:00:00+00:00,ETH,1414.68,1417.81,1414.49,1416.43,772.8513
2024-10-05 05:00:00+00:00,ETH,1416.43,1431.68,1413.36,1429.98,385.2155
2024-10-05 06:00:00+00:00,ETH,1429.98,1443.04,1415.46,1420.17,373.0198
2024-10-05 07:00:00+00:00,ETH,1420.17,1431.0,1401.32,1419.46,284.8588
2024-10-05 08:00:00+00:00,ETH,1419.46,1429.2,1411.26,1428.25,311.4663
2024-10-05 09:00:00+00:00,ETH,1428.25,1439.08,1424.76,1433.94,471.5372
2024-10-05 10:00:00+00:00,ETH,1433.94,1440.8,1429.35,1440.23,416.1827
2024-10-05 11:00:00+00:00,ETH,1440.23,1444.93,1422.16,1428.78,665.4709
2024-10-05 12:00:00+00:00,ETH,1428.78,1429.27,1411.44,1412.91,1016.0718
2024-10-05 13:00:00+00:00,ETH,1412.91,1416.57,1412.89,1416.21,540.1536
2024-10-05 14:00:00+00:00,ETH,1416.21,1432.57,1410.3,1416.31,684.9715
2024-10-05 15:00:00+00:00,ETH,1416.31,1421.72,1401.72,1410.46,573.7722
2024-10-05 16:00:00+00:00,ETH,1410.46,1424.73,1401.11,1417.46,476.309
2024-10-05 17:00:00+00:00,ETH,1417.46,1424.84,1412.78,1412.96,397.7379
2024-10-05 18:00:00+00:00,ETH,1412.96,1422.18,1408.01,1413.61,642.5596
2024-10-05 19:00:00+00:00,ETH,1413.61,1431.07,1411.23,1417.95,697.3012
2024-10-05 20:00:00+00:00,ETH,1417.95,1439.53,1402.77,1430.77,538.2776
2024-10-05 21:00:00+00:00,ETH,1430.77,1454.1,1424.26,1438.15,302.9444
2024-10-05 22:00:00+00:00,ETH,1438.15,1448.15,1435.9,1443.49,849.1881
2024-10-05 23:00:00+00:00,ETH,1443.49,1444.01,1437.05,1440.54,220.2166
2024-10-06 00:00:00+00:00,ETH,1440.54,1455.52,1435.67,1449.78,779.7336
2024-10-06 01:00:00+00:00,ETH,1449.78,1466.58,1420.6,1428.96,486.3118
2024-10-06 02:00:00+00:00,ETH,1428.96,1455.73,1396.86,1419.45,394.2378
2024-10-06 03:00:00+00:00,ETH,1419.45,1431.98,1412.01,1419.05,294.7753
2024-10-06 04:00:00+00:00,ETH,1419.05,1423.67,1415.13,1421.36,1423.8802
2024-10-06 05:00:00+00:00,ETH,1421.36,1428.56,1414.92,1416.52,634.024
2024-10-06 06:00:00+00:00,ETH,1416.52,1443.27,1413.71,1428.0,464.2907
2024-10-06 07:00:00+00:00,ETH,1428.0,1436.08,1420.3,1430.87,519.892
2024-10-06 08:00:00+00:00,ETH,1430.87,1440.26,1428.05,1435.49,576.0989
2024-10-06 09:00:00+00:00,ETH,1435.49,1445.9,1433.55,1435.03,278.1852
2024-10-06 10:00:00+00:00,ETH,1435.03,1461.21,1414.61,1451.63,261.6342
2024-10-06 11:00:00+00:00,ETH,1451.63,1467.51,1445.7,1459.5,360.0886
2024-10-06 12:00:00+00:00,ETH,1459.5,1463.64,1453.77,1462.02,371.8692
2024-10-06 13:00:00+00:00,ETH,1462.02,1488.82,1441.96,1488.34,392.3052
2024-10-06 14:00:00+00:00,ETH,1488.34,1493.06,1484.34,1484.58,418.7359
2024-10-06 15:00:00+00:00,ETH,1484.58,1489.25,1481.78,1488.19,351.0405
2024-10-06 16:00:00+00:00,ETH,1488.19,1496.58,1475.03,1481.07,285.4381
2024-10-06 17:00:00+00:00,ETH,1481.07,1497.67,1453.1,1467.79,1020.0959
2024-10-06 18:00:00+00:00,ETH,1467.79,1478.12,1463.89,1465.31,644.8543
2024-10-06 19:00:00+00:00,ETH,1465.31,1474.68,1452.16,1472.31,435.8262
2024-10-06 20:00:00+00:00,ETH,1472.31,1476.63,1455.78,1457.43,630.6498
2024-10-06 21:00:00+00:00,ETH,1457.43,1468.57,1456.41,1461.66,807.1079
2024-10-06 22:00:00+00:00,ETH,1461.66,1465.27,1442.09,1452.45,361.4704
2024-10-06 23:00:00+00:00,ETH,1452.45,1467.29,1449.81,1455.8,376.8276
2024-10-07 00:00:00+00:00,ETH,1455.8,1456.24,1428.59,1444.68,541.2226
2024-10-07 01:00:00+00:00,ETH,1444.68,1454.93,1440.74,1448.93,419.9116
2024-10-07 02:00:00+00:00,ETH,1448.93,1451.1,1427.31,1431.63,537.4288
2024-10-07 03:00:00+00:00,ETH,1431.63,1438.96,1418.63,1438.03,629.9898
2024-10-07 04:00:00+00:00,ETH,1438.03,1453.28,1432.85,1437.4,562.7822
2024-10-07 05:00:00+00:00,ETH,1437.4,1439.76,1426.14,1427.77,623.4349
2024-10-07 06:00:00+00:00,ETH,1427.77,1435.19,1422.44,1422.65,575.0183
2024-10-07 07:00:00+00:00,ETH,1422.65,1431.27,1421.23,1427.75,694.3478
2024-10-07 08:00:00+00:00,ETH,1427.75,1438.74,1416.16,1427.91,533.2251
2024-10-07 09:00:00+00:00,ETH,1427.91,1433.28,1414.33,1415.13,406.7059
2024-10-07 10:00:00+00:00,ETH,1415.13,1428.36,1411.18,1415.83,447.0412
2024-10-07 11:00:00+00:00,ETH,1415.83,1417.88,1408.43,1409.9,552.2676
2024-10-07 12:00:00+00:00,ETH,1409.9,1418.82,1388.61,1399.93,563.6475
2024-10-07 13:00:00+00:00,ETH,1399.93,1410.78,1383.84,1404.52,403.1128
2024-10-07 14:00:00+00:00,ETH,1404.52,1415.21,1401.73,1407.31,838.0314
2024-10-07 15:00:00+00:00,ETH,1407.31,1409.89,1377.82,1387.81,392.6859
2024-10-07 16:00:00+00:00,ETH,1387.81,1405.56,1385.34,1402.34,646.6011
2024-10-07 17:00:00+00:00,ETH,1402.34,1412.41,1394.76,1407.23,603.0248
2024-10-07 18:00:00+00:00,ETH,1407.23,1417.75,1393.06,1408.32,520.2772
2024-10-07 19:00:00+00:00,ETH,1408.32,1412.5,1398.44,1399.05,499.9141
2024-10-07 20:00:00+00:00,ETH,1399.05,1400.01,1387.59,1398.26,823.3394
2024-10-07 21:00:00+00:00,ETH,1398.26,1411.69,1393.83,1395.7,439.5213
2024-10-07 22:00:00+00:00,ETH,1395.7,1403.79,1394.72,1403.71,615.74
2024-10-07 23:00:00+00:00,ETH,1403.71,1416.13,1397.96,1414.46,424.6393
2024-10-08 00:00:00+00:00,ETH,1414.46,1438.77,1413.37,1426.9,432.4889
2024-10-08 01:00:00+00:00,ETH,1426.9,1449.49,1422.38,1440.31,533.1366
2024-10-08 02:00:00+00:00,ETH,1440.31,1451.16,1430.2,1443.46,497.7311
2024-10-08 03:00:00+00:00,ETH,1443.46,1444.65,1439.77,1443.6,424.6175
2024-10-08 04:00:00+00:00,ETH,1443.6,1444.55,1434.47,1436.88,403.76
2024-10-08 05:00:00+00:00,ETH,1436.88,1444.13,1414.13,1429.78,408.4243
2024-10-08 06:00:00+00:00,ETH,1429.78,1438.14,1400.83,1413.06,645.0764
2024-10-08 07:00:00+00:00,ETH,1413.06,1416.26,1407.14,1409.07,586.3435
2024-10-08 08:00:00+00:00,ETH,1409.07,1419.46,1403.28,1404.28,767.496
2024-10-08 09:00:00+00:00,ETH,1404.28,1407.14,1394.75,1396.91,450.6745
2024-10-08 10:00:00+00:00,ETH,1396.91,1405.2,1369.14,1387.17,458.4533
2024-10-08 11:00:00+00:00,ETH,1387.17,1397.68,1379.4,1388.32,322.1807
2024-10-08 12:00:00+00:00,ETH,1388.32,1402.21,1382.12,1393.07,762.686
2024-10-08 13:00:00+00:00,ETH,1393.07,1411.06,1390.8,1397.41,431.8234
2024-10-08 14:00:00+00:00,ETH,1397.41,1409.65,1396.6,1408.85,736.2556
2024-10-08 15:00:00+00:00,ETH,1408.85,1412.34,1392.05,1393.96,484.4524
2024-10-08 16:00:00+00:00,ETH,1393.96,1420.55,1392.51,1404.0,522.9497
2024-10-08 17:00:00+00:00,ETH,1404.0,1419.66,1398.75,1413.31,475.9738
2024-10-08 18:00:00+00:00,ETH,1413.31,1429.13,1407.24,1414.36,422.2999
2024-10-08 19:00:00+00:00,ETH,1414.36,1432.84,1398.76,1410.49,181.6605
2024-10-08 20:00:00+00:00,ETH,1410.49,1415.04,1388.8,1393.3,394.959
2024-10-08 21:00:00+00:00,ETH,1393.3,1400.25,1388.84,1394.51,969.9271
2024-10-08 22:00:00+00:00,ETH,1394.51,1398.27,1379.35,1397.8,567.9651
2024-10-08 23:00:00+00:00,ETH,1397.8,1398.21,1390.66,1391.99,428.7965
2024-10-09 00:00:00+00:00,ETH,1391.99,1394.25,1388.91,1392.36,623.9101
2024-10-09 01:00:00+00:00,ETH,1392.36,1396.04,1380.48,1391.92,472.9717
2024-10-09 02:00:00+00:00,ETH,1391.92,1393.73,1383.19,1385.71,521.9549
2024-10-09 03:00:00+00:00,ETH,1385.71,1420.68,1379.5,1403.05,697.8991
2024-10-09 04:00:00+00:00,ETH,1403.05,1407.39,1380.12,1380.34,615.9398
2024-10-09 05:00:00+00:00,ETH,1380.34,1380.59,1360.64,1368.86,243.4865
2024-10-09 06:00:00+00:00,ETH,1368.86,1392.67,1357.82,1376.56,327.3383
2024-10-09 07:00:00+00:00,ETH,1376.56,1389.17,1373.05,1380.79,247.5651
2024-10-09 08:00:00+00:00,ETH,1380.79,1386.84,1360.27,1373.77,112.5203
2024-10-09 09:00:00+00:00,ETH,1373.77,1397.73,1370.68,1393.4,671.9301
2024-10-09 10:00:00+00:00,ETH,1393.4,1406.56,1379.92,1384.16,438.0525
2024-10-09 11:00:00+00:00,ETH,1384.16,1393.5,1378.92,1386.08,514.9979
2024-10-09 12:00:00+00:00,ETH,1386.08,1389.09,1377.9,1378.51,355.6607
2024-10-09 13:00:00+00:00,ETH,1378.51,1387.63,1374.22,1376.22,290.8005
2024-10-09 14:00:00+00:00,ETH,1376.22,1380.89,1374.3,1378.39,511.4395
2024-10-09 15:00:00+00:00,ETH,1378.39,1397.24,1360.98,1372.35,357.6408
2024-10-09 16:00:00+00:00,ETH,1372.35,1374.0,1364.1,1370.85,398.2969
2024-10-09 17:00:00+00:00,ETH,1370.85,1386.39,1370.12,1373.02,483.0629
2024-10-09 18:00:00+00:00,ETH,1373.02,1380.26,1367.96,1378.75,665.5469
2024-10-09 19:00:00+00:00,ETH,1378.75,1381.36,1362.57,1373.39,571.1089
2024-10-09 20:00:00+00:00,ETH,1373.39,1375.19,1359.18,1372.98,562.1193
2024-10-09 21:00:00+00:00,ETH,1372.98,1401.37,1360.83,1387.24,320.4023
2024-10-09 22:00:00+00:00,ETH,1387.24,1413.35,1381.69,1406.51,377.4085
2024-10-09 23:00:00+00:00,ETH,1406.51,1413.38,1384.93,1386.56,526.0222
2024-10-10 00:00:00+00:00,ETH,1386.56,1392.24,1379.79,1380.9,345.1546
2024-10-10 01:00:00+00:00,ETH,1380.9,1387.01,1371.43,1383.03,549.7268
2024-10-10 02:00:00+00:00,ETH,1383.03,1389.36,1381.4,1385.1,971.374
2024-10-10 03:00:00+00:00,ETH,1385.1,1390.72,1362.69,1369.21,897.3493
2024-10-10 04:00:00+00:00,ETH,1369.21,1375.46,1360.76,1362.46,880.7352
2024-10-10 05:00:00+00:00,ETH,1362.46,1370.75,1359.65,1368.33,410.7254
2024-10-10 06:00:00+00:00,ETH,1368.33,1397.19,1368.15,1395.4,844.5243
2024-10-10 07:00:00+00:00,ETH,1395.4,1422.33,1394.91,1404.43,612.8002
2024-10-10 08:00:00+00:00,ETH,1404.43,1418.78,1394.97,1412.81,512.5469
2024-10-10 09:00:00+00:00,ETH,1412.81,1414.38,1397.83,1407.91,572.1794
2024-10-10 10:00:00+00:00,ETH,1407.91,1410.9,1387.65,1400.06,684.5018
2024-10-10 11:00:00+00:00,ETH,1400.06,1417.59,1399.03,1401.45,417.1616
2024-10-10 12:00:00+00:00,ETH,1401.45,1417.46,1388.65,1414.28,414.4747
2024-10-10 13:00:00+00:00,ETH,1414.28,1422.05,1391.12,1405.21,410.675
2024-10-10 14:00:00+00:00,ETH,1405.21,1413.97,1389.19,1402.1,359.9203
2024-10-10 15:00:00+00:00,ETH,1402.1,1406.2,1397.47,1398.03,338.9092
2024-10-10 16:00:00+00:00,ETH,1398.03,1401.82,1385.26,1396.14,319.5192
2024-10-10 17:00:00+00:00,ETH,1396.14,1401.97,1386.79,1400.02,958.3472
2024-10-10 18:00:00+00:00,ETH,1400.02,1404.32,1395.02,1400.37,472.6174
2024-10-10 19:00:00+00:00,ETH,1400.37,1401.97,1388.57,1391.97,733.7077
2024-10-10 20:00:00+00:00,ETH,1391.97,1395.12,1378.26,1385.53,844.3752
2024-10-10 21:00:00+00:00,ETH,1385.53,1387.15,1379.95,1384.17,687.5376
2024-10-10 22:00:00+00:00,ETH,1384.17,1384.4,1379.06,1379.72,415.665
2024-10-10 23:00:00+00:00,ETH,1379.72,1396.08,1365.58,1383.88,679.4088
2024-10-11 00:00:00+00:00,ETH,1383.88,1392.57,1373.08,1392.31,327.0616
2024-10-11 01:00:00+00:00,ETH,1392.31,1419.33,1389.6,1412.6,1009.6522
2024-10-11 02:00:00+00:00,ETH,1412.6,1427.11,1397.28,1416.84,376.8458
2024-10-11 03:00:00+00:00,ETH,1416.84,1419.21,1400.03,1403.39,627.8755
2024-10-11 04:00:00+00:00,ETH,1403.39,1413.09,1389.77,1412.64,320.8416
2024-10-11 05:00:00+00:00,ETH,1412.64,1438.45,1400.32,1402.63,705.8168
2024-10-11 06:00:00+00:00,ETH,1402.63,1404.97,1387.4,1397.27,532.1294
2024-10-11 07:00:00+00:00,ETH,1397.27,1408.23,1392.39,1404.07,584.6145
2024-10-11 08:00:00+00:00,ETH,1404.07,1404.68,1397.36,1402.21,470.2402
2024-10-11 09:00:00+00:00,ETH,1402.21,1412.32,1397.32,1398.76,478.4149
2024-10-11 10:00:00+00:00,ETH,1398.76,1402.68,1375.61,1380.29,480.7504
2024-10-11 11:00:00+00:00,ETH,1380.29,1381.12,1373.96,1376.24,499.9484
2024-10-11 12:00:00+00:00,ETH,1376.24,1378.08,1368.66,1372.55,278.7735
2024-10-11 13:00:00+00:00,ETH,1372.55,1374.26,1352.35,1366.56,269.7949
2024-10-11 14:00:00+00:00,ETH,1366.56,1367.06,1358.26,1363.36,464.048
2024-10-11 15:00:00+00:00,ETH,1363.36,1367.11,1348.38,1353.68,354.2595
2024-10-11 16:00:00+00:00,ETH,1353.68,1356.62,1332.37,1342.22,782.8632
2024-10-11 17:00:00+00:00,ETH,1342.22,1344.1,1333.17,1336.13,467.8691
2024-10-11 18:00:00+00:00,ETH,1336.13,1355.93,1331.52,1339.86,558.822
2024-10-11 19:00:00+00:00,ETH,1339.86,1344.01,1321.19,1323.08,482.8841
2024-10-11 20:00:00+00:00,ETH,1323.08,1338.01,1316.38,1327.97,396.5783
2024-10-11 21:00:00+00:00,ETH,1327.97,1349.28,1327.44,1332.62,194.9415
2024-10-11 22:00:00+00:00,ETH,1332.62,1353.01,1327.93,1342.1,356.7179
2024-10-11 23:00:00+00:00,ETH,1342.1,1343.57,1334.57,1337.41,384.1994
2024-10-12 00:00:00+00:00,ETH,1337.41,1353.43,1332.57,1337.0,451.5767
2024-10-12 01:00:00+00:00,ETH,1337.0,1351.4,1323.95,1346.71,702.2733
2024-10-12 02:00:00+00:00,ETH,1346.71,1350.94,1339.0,1339.85,431.0457
2024-10-12 03:00:00+00:00,ETH,1339.85,1343.16,1304.57,1326.28,409.1676
2024-10-12 04:00:00+00:00,ETH,1326.28,1339.68,1317.53,1326.17,352.295
2024-10-12 05:00:00+00:00,ETH,1326.17,1338.52,1316.5,1322.21,437.1136
2024-10-12 06:00:00+00:00,ETH,1322.21,1327.84,1320.81,1323.29,538.024
2024-10-12 07:00:00+00:00,ETH,1323.29,1329.31,1311.91,1315.57,651.4472
2024-10-12 08:00:00+00:00,ETH,1315.57,1315.63,1296.02,1311.51,545.2611
2024-10-12 09:00:00+00:00,ETH,1311.51,1324.15,1301.95,1314.37,983.1494
2024-10-12 10:00:00+00:00,ETH,1314.37,1322.49,1313.14,1315.02,592.3264
2024-10-12 11:00:00+00:00,ETH,1315.02,1326.43,1312.44,1313.87,418.0166
2024-10-12 12:00:00+00:00,ETH,1313.87,1325.53,1285.18,1296.39,299.9681
2024-10-12 13:00:00+00:00,ETH,1296.39,1319.74,1272.96,1288.53,364.9964
2024-10-12 14:00:00+00:00,ETH,1288.53,1289.58,1275.8,1279.3,596.3012
2024-10-12 15:00:00+00:00,ETH,1279.3,1307.71,1273.25,1300.13,657.0712
2024-10-12 16:00:00+00:00,ETH,1300.13,1307.01,1284.56,1298.0,493.7602
2024-10-12 17:00:00+00:00,ETH,1298.0,1302.17,1284.51,1292.36,464.7517
2024-10-12 18:00:00+00:00,ETH,1292.36,1297.57,1292.03,1295.76,272.0103
2024-10-12 19:00:00+00:00,ETH,1295.76,1304.38,1270.33,1282.74,549.4606
2024-10-12 20:00:00+00:00,ETH,1282.74,1292.61,1263.75,1284.92,551.5595
2024-10-12 21:00:00+00:00,ETH,1284.92,1299.71,1283.94,1295.34,455.7012
2024-10-12 22:00:00+00:00,ETH,1295.34,1304.15,1293.36,1302.91,740.2897
2024-10-12 23:00:00+00:00,ETH,1302.91,1312.14,1279.56,1297.43,605.3664
2024-10-13 00:00:00+00:00,ETH,1297.43,1314.65,1287.11,1311.63,449.2269
2024-10-13 01:00:00+00:00,ETH,1311.63,1332.06,1301.19,1325.18,563.6616
2024-10-13 02:00:00+00:00,ETH,1325.18,1331.37,1296.51,1309.59,548.1806
2024-10-13 03:00:00+00:00,ETH,1309.59,1318.2,1302.12,1309.61,695.1603
2024-10-13 04:00:00+00:00,ETH,1309.61,1323.58,1304.78,1305.06,750.0312
2024-10-13 05:00:00+00:00,ETH,1305.06,1316.45,1297.69,1298.35,367.1034
2024-10-13 06:00:00+00:00,ETH,1298.35,1307.37,1283.12,1293.36,468.6903
2024-10-13 07:00:00+00:00,ETH,1293.36,1295.31,1285.37,1286.3,236.4151
2024-10-13 08:00:00+00:00,ETH,1286.3,1297.83,1272.26,1295.86,620.5775
2024-10-13 09:00:00+00:00,ETH,1295.86,1299.82,1292.31,1296.46,455.7901
2024-10-13 10:00:00+00:00,ETH,1296.46,1297.56,1291.58,1297.5,789.7325
2024-10-13 11:00:00+00:00,ETH,1297.5,1318.49,1283.38,1308.55,607.7554
2024-10-13 12:00:00+00:00,ETH,1308.55,1312.35,1305.53,1305.85,475.073
2024-10-13 13:00:00+00:00,ETH,1305.85,1318.76,1303.8,1307.65,360.7423
2024-10-13 14:00:00+00:00,ETH,1307.65,1312.6,1299.35,1300.01,357.3768
2024-10-13 15:00:00+00:00,ETH,1300.01,1302.36,1293.71,1301.95,588.418
2024-10-13 16:00:00+00:00,ETH,1301.95,1321.16,1297.21,1319.23,593.1883
2024-10-13 17:00:00+00:00,ETH,1319.23,1330.43,1308.47,1323.77,509.3566
2024-10-13 18:00:00+00:00,ETH,1323.77,1328.95,1317.56,1319.49,455.1995
2024-10-13 19:00:00+00:00,ETH,1319.49,1325.48,1312.56,1315.8,321.9007
2024-10-13 20:00:00+00:00,ETH,1315.8,1318.97,1310.95,1313.95,574.9023
2024-10-13 21:00:00+00:00,ETH,1313.95,1338.36,1303.66,1319.57,443.1691
2024-10-13 22:00:00+00:00,ETH,1319.57,1325.62,1309.11,1313.87,366.1623
2024-10-13 23:00:00+00:00,ETH,1313.87,1318.65,1313.24,1315.3,692.9907
2024-10-14 00:00:00+00:00,ETH,1315.3,1322.08,1309.5,1315.38,296.1012
2024-10-14 01:00:00+00:00,ETH,1315.38,1330.41,1314.2,1323.14,239.7882
2024-10-14 02:00:00+00:00,ETH,1323.14,1328.99,1310.86,1319.54,587.2743
2024-10-14 03:00:00+00:00,ETH,1319.54,1334.62,1315.72,1332.6,567.6374
2024-10-14 04:00:00+00:00,ETH,1332.6,1336.9,1325.24,1336.69,408.6297
2024-10-14 05:00:00+00:00,ETH,1336.69,1338.42,1323.75,1328.42,514.2457
2024-10-14 06:00:00+00:00,ETH,1328.42,1329.09,1315.32,1319.53,318.1489
2024-10-14 07:00:00+00:00,ETH,1319.53,1324.58,1308.09,1313.68,436.6274
2024-10-14 08:00:00+00:00,ETH,1313.68,1313.7,1294.06,1308.59,729.1609
2024-10-14 09:00:00+00:00,ETH,1308.59,1313.56,1296.45,1301.49,432.4922
2024-10-14 10:00:00+00:00,ETH,1301.49,1315.22,1290.27,1308.68,487.821
2024-10-14 11:00:00+00:00,ETH,1308.68,1316.81,1307.46,1315.04,704.4018
2024-10-14 12:00:00+00:00,ETH,1315.04,1317.07,1303.74,1313.91,445.8165
2024-10-14 13:00:00+00:00,ETH,1313.91,1321.18,1313.32,1316.92,582.8399
2024-10-14 14:00:00+00:00,ETH,1316.92,1317.74,1305.13,1316.92,507.4992
2024-10-14 15:00:00+00:00,ETH,1316.92,1325.5,1306.73,1324.29,512.4174
2024-10-14 16:00:00+00:00,ETH,1324.29,1328.83,1313.39,1324.13,806.8116
2024-10-14 17:00:00+00:00,ETH,1324.13,1325.36,1313.6,1316.71,249.7747
2024-10-14 18:00:00+00:00,ETH,1316.71,1328.14,1306.95,1325.47,550.2002
2024-10-14 19:00:00+00:00,ETH,1325.47,1336.14,1324.8,1327.4,291.6687
2024-10-14 20:00:00+00:00,ETH,1327.4,1344.76,1323.02,1335.6,383.0085
2024-10-14 21:00:00+00:00,ETH,1335.6,1335.71,1318.84,1324.02,272.6661
2024-10-14 22:00:00+00:00,ETH,1324.02,1335.55,1323.34,1329.16,392.6784
2024-10-14 23:00:00+00:00,ETH,1329.16,1348.77,1319.62,1340.57,421.4304
2024-10-15 00:00:00+00:00,ETH,1340.57,1359.42,1292.07,1294.19,11005.8307
2024-10-15 01:00:00+00:00,ETH,1294.19,1333.32,1214.38,1290.1,9869.8466
2024-10-15 02:00:00+00:00,ETH,1290.1,1295.64,1214.54,1261.05,13127.8956
2024-10-15 03:00:00+00:00,ETH,1261.05,1320.19,1260.85,1304.29,9622.6565
2024-10-15 04:00:00+00:00,ETH,1304.29,1324.42,1248.03,1252.0,14468.5316
2024-10-15 05:00:00+00:00,ETH,1252.0,1267.48,1168.43,1208.59,7115.8827
2024-10-15 06:00:00+00:00,ETH,1208.59,1217.33,1183.38,1208.54,6195.8849
2024-10-15 07:00:00+00:00,ETH,1208.54,1215.03,1125.05,1167.07,18509.6801
2024-10-15 08:00:00+00:00,ETH,1167.07,1176.92,1131.41,1135.78,11827.3936
2024-10-15 09:00:00+00:00,ETH,1135.78,1185.99,1115.13,1165.54,14295.2475
2024-10-15 10:00:00+00:00,ETH,1165.54,1210.69,1088.4,1106.09,10962.9
2024-10-15 11:00:00+00:00,ETH,1106.09,1119.63,1073.0,1085.27,6549.4354
2024-10-15 12:00:00+00:00,ETH,1085.27,1181.94,1065.29,1135.58,10540.0364
2024-10-15 13:00:00+00:00,ETH,1135.58,1171.94,1130.08,1161.14,12625.3444
2024-10-15 14:00:00+00:00,ETH,1161.14,1177.62,1090.72,1109.1,5378.6348
2024-10-15 15:00:00+00:00,ETH,1109.1,1171.12,1084.99,1112.27,21858.552
2024-10-15 16:00:00+00:00,ETH,1112.27,1142.57,1078.24,1118.04,6398.6863
2024-10-15 17:00:00+00:00,ETH,1118.04,1232.81,1093.94,1140.11,22621.5881
2024-10-15 18:00:00+00:00,ETH,1140.11,1151.53,1112.16,1139.22,6719.6426
2024-10-15 19:00:00+00:00,ETH,1139.22,1178.85,1123.02,1124.59,14665.463
2024-10-15 20:00:00+00:00,ETH,1124.59,1162.73,1083.48,1115.07,15854.7658
2024-10-15 21:00:00+00:00,ETH,1115.07,1166.58,1098.66,1142.6,13593.2099
2024-10-15 22:00:00+00:00,ETH,1142.6,1143.87,1098.52,1103.08,11916.5184
2024-10-15 23:00:00+00:00,ETH,1103.08,1121.07,1083.72,1114.99,10119.2782
2024-10-16 00:00:00+00:00,ETH,1114.99,1119.36,1020.75,1055.18,6710.0092
2024-10-16 01:00:00+00:00,ETH,1055.18,1061.05,1028.98,1034.54,8881.0978
2024-10-16 02:00:00+00:00,ETH,1034.54,1038.51,996.27,1037.64,10259.51
2024-10-16 03:00:00+00:00,ETH,1037.64,1117.48,999.84,1071.74,13458.4418
2024-10-16 04:00:00+00:00,ETH,1071.74,1097.49,1003.5,1034.79,4474.0445
2024-10-16 05:00:00+00:00,ETH,1034.79,1060.34,1013.43,1035.36,7417.8411
2024-10-16 06:00:00+00:00,ETH,1035.36,1080.71,1026.77,1038.19,9275.3252
2024-10-16 07:00:00+00:00,ETH,1038.19,1044.01,1020.77,1041.26,10472.0933
2024-10-16 08:00:00+00:00,ETH,1041.26,1044.83,1024.93,1034.99,4580.9808
2024-10-16 09:00:00+00:00,ETH,1034.99,1056.72,1030.61,1055.47,4874.5926
2024-10-16 10:00:00+00:00,ETH,1055.47,1080.47,1039.42,1044.55,5483.8674
2024-10-16 11:00:00+00:00,ETH,1044.55,1067.7,1027.08,1056.45,10165.3703
2024-10-16 12:00:00+00:00,ETH,1056.45,1061.98,1040.02,1050.21,8483.4917
2024-10-16 13:00:00+00:00,ETH,1050.21,1055.95,1042.18,1043.91,3166.9542
2024-10-16 14:00:00+00:00,ETH,1043.91,1071.57,1043.49,1057.02,3797.585
2024-10-16 15:00:00+00:00,ETH,1057.02,1081.99,1053.8,1062.01,4705.2654
2024-10-16 16:00:00+00:00,ETH,1062.01,1081.85,1057.9,1060.03,2953.4096
2024-10-16 17:00:00+00:00,ETH,1060.03,1076.28,1050.26,1073.38,5306.1791
2024-10-16 18:00:00+00:00,ETH,1073.38,1081.48,1071.19,1074.82,3115.7802
2024-10-16 19:00:00+00:00,ETH,1074.82,1080.59,1062.03,1063.55,3065.9376
2024-10-16 20:00:00+00:00,ETH,1063.55,1066.93,1046.76,1053.09,3245.4298
2024-10-16 21:00:00+00:00,ETH,1053.09,1064.5,1048.18,1050.97,1455.7402
2024-10-16 22:00:00+00:00,ETH,1050.97,1061.12,1047.14,1055.54,1868.1749
2024-10-16 23:00:00+00:00,ETH,1055.54,1059.84,1043.17,1043.36,1079.9385
2024-10-17 00:00:00+00:00,ETH,1043.36,1045.12,1040.96,1042.49,800.0822
2024-10-17 01:00:00+00:00,ETH,1042.49,1044.32,1037.19,1042.68,419.6989
2024-10-17 02:00:00+00:00,ETH,1042.68,1045.44,1039.01,1042.03,372.74
2024-10-17 03:00:00+00:00,ETH,1042.03,1065.84,1035.2,1049.51,266.7306
2024-10-17 04:00:00+00:00,ETH,1049.51,1053.99,1038.66,1042.45,689.264
2024-10-17 05:00:00+00:00,ETH,1042.45,1059.47,1037.29,1052.31,227.0715
2024-10-17 06:00:00+00:00,ETH,1052.31,1060.93,1050.28,1056.22,590.9115
2024-10-17 07:00:00+00:00,ETH,1056.22,1058.74,1055.53,1057.79,815.2103
2024-10-17 08:00:00+00:00,ETH,1057.79,1076.02,1050.64,1065.26,956.5241
2024-10-17 09:00:00+00:00,ETH,1065.26,1068.84,1059.17,1060.9,494.0671
2024-10-17 10:00:00+00:00,ETH,1060.9,1063.68,1051.06,1057.4,371.2867
2024-10-17 11:00:00+00:00,ETH,1057.4,1058.66,1055.13,1055.25,717.6056
2024-10-17 12:00:00+00:00,ETH,1055.25,1055.89,1042.85,1045.38,748.5648
2024-10-17 13:00:00+00:00,ETH,1045.38,1047.2,1043.0,1043.35,334.6319
2024-10-17 14:00:00+00:00,ETH,1043.35,1045.95,1038.81,1040.21,420.5938
2024-10-17 15:00:00+00:00,ETH,1040.21,1043.53,1033.85,1035.74,548.6846
2024-10-17 16:00:00+00:00,ETH,1035.74,1041.07,1022.54,1024.79,752.8509
2024-10-17 17:00:00+00:00,ETH,1024.79,1025.37,1014.66,1021.28,588.0279
2024-10-17 18:00:00+00:00,ETH,1021.28,1040.96,1017.57,1017.86,424.6142
2024-10-17 19:00:00+00:00,ETH,1017.86,1019.76,1008.06,1015.06,514.8384
2024-10-17 20:00:00+00:00,ETH,1015.06,1017.71,1008.35,1014.3,624.8607
2024-10-17 21:00:00+00:00,ETH,1014.3,1029.81,1006.59,1009.89,549.7315
2024-10-17 22:00:00+00:00,ETH,1009.89,1014.5,1003.61,1007.59,720.556
2024-10-17 23:00:00+00:00,ETH,1007.59,1007.9,999.1,1007.47,430.2277
2024-10-18 00:00:00+00:00,ETH,1007.47,1012.67,1000.14,1009.71,310.4602
2024-10-18 01:00:00+00:00,ETH,1009.71,1025.7,1007.84,1018.78,686.1034
2024-10-18 02:00:00+00:00,ETH,1018.78,1027.78,1015.14,1023.18,719.4348
2024-10-18 03:00:00+00:00,ETH,1023.18,1031.63,1015.26,1029.58,691.3105
2024-10-18 04:00:00+00:00,ETH,1029.58,1040.37,1027.45,1037.86,397.553
2024-10-18 05:00:00+00:00,ETH,1037.86,1043.68,1029.17,1035.19,406.2121
2024-10-18 06:00:00+00:00,ETH,1035.19,1035.6,1021.94,1028.28,497.8203
2024-10-18 07:00:00+00:00,ETH,1028.28,1028.37,1008.11,1021.52,234.386
2024-10-18 08:00:00+00:00,ETH,1021.52,1027.34,1011.71,1025.02,327.4443
2024-10-18 09:00:00+00:00,ETH,1025.02,1028.78,1022.59,1028.35,464.0519
2024-10-18 10:00:00+00:00,ETH,1028.35,1045.74,1027.43,1036.8,605.1331
2024-10-18 11:00:00+00:00,ETH,1036.8,1043.33,1029.52,1036.99,493.8986
2024-10-18 12:00:00+00:00,ETH,1036.99,1040.22,1024.3,1027.31,478.046
2024-10-18 13:00:00+00:00,ETH,1027.31,1038.05,1026.92,1029.76,410.2787
2024-10-18 14:00:00+00:00,ETH,1029.76,1031.18,1026.97,1030.12,840.7629
2024-10-18 15:00:00+00:00,ETH,1030.12,1042.26,1020.14,1032.11,490.2235
2024-10-18 16:00:00+00:00,ETH,1032.11,1036.92,1027.61,1033.67,344.9211
2024-10-18 17:00:00+00:00,ETH,1033.67,1036.14,1021.07,1032.37,261.829
2024-10-18 18:00:00+00:00,ETH,1032.37,1043.63,1018.54,1036.58,572.5472
2024-10-18 19:00:00+00:00,ETH,1036.58,1042.6,1034.12,1036.45,335.7142
2024-10-18 20:00:00+00:00,ETH,1036.45,1041.58,1030.17,1039.71,330.4136
2024-10-18 21:00:00+00:00,ETH,1039.71,1048.06,1025.83,1035.44,380.6162
2024-10-18 22:00:00+00:00,ETH,1035.44,1042.4,1023.62,1025.82,299.5009
2024-10-18 23:00:00+00:00,ETH,1025.82,1034.99,1017.43,1031.34,687.0688
2024-10-19 00:00:00+00:00,ETH,1031.34,1036.7,1019.68,1022.1,302.0728
2024-10-19 01:00:00+00:00,ETH,1022.1,1030.29,1006.1,1027.17,389.3749
2024-10-19 02:00:00+00:00,ETH,1027.17,1028.92,1018.02,1021.97,880.3297
2024-10-19 03:00:00+00:00,ETH,1021.97,1025.62,1019.77,1021.66,491.6596
2024-10-19 04:00:00+00:00,ETH,1021.66,1027.07,1012.45,1012.72,291.248
2024-10-19 05:00:00+00:00,ETH,1012.72,1019.11,998.39,1003.24,450.1753
2024-10-19 06:00:00+00:00,ETH,1003.24,1006.04,1001.07,1001.99,738.6234
2024-10-19 07:00:00+00:00,ETH,1001.99,1008.1,1001.81,1002.33,426.7424
2024-10-19 08:00:00+00:00,ETH,1002.33,1002.93,988.01,991.55,701.3897
2024-10-19 09:00:00+00:00,ETH,991.55,995.98,985.67,988.95,540.7398
2024-10-19 10:00:00+00:00,ETH,988.95,994.11,982.17,982.29,473.8101
2024-10-19 11:00:00+00:00,ETH,982.29,987.5,958.17,966.14,472.1338
2024-10-19 12:00:00+00:00,ETH,966.14,966.32,959.37,961.14,431.0563
2024-10-19 13:00:00+00:00,ETH,961.14,961.59,959.02,959.35,773.4242
2024-10-19 14:00:00+00:00,ETH,959.35,961.92,955.94,960.91,656.7411
2024-10-19 15:00:00+00:00,ETH,960.91,962.76,953.35,955.16,674.7619
2024-10-19 16:00:00+00:00,ETH,955.16,957.46,937.63,950.4,375.402
2024-10-19 17:00:00+00:00,ETH,950.4,959.9,949.65,955.49,817.7373
2024-10-19 18:00:00+00:00,ETH,955.49,981.0,955.42,965.73,312.43
2024-10-19 19:00:00+00:00,ETH,965.73,969.18,954.64,955.39,411.502
2024-10-19 20:00:00+00:00,ETH,955.39,960.56,953.49,958.9,560.7851
2024-10-19 21:00:00+00:00,ETH,958.9,965.9,954.66,959.82,601.3372
2024-10-19 22:00:00+00:00,ETH,959.82,965.45,948.54,965.07,446.5491
2024-10-19 23:00:00+00:00,ETH,965.07,965.42,960.66,961.68,674.2796
2024-10-20 00:00:00+00:00,ETH,961.68,967.6,961.17,964.39,744.9209
2024-10-20 01:00:00+00:00,ETH,964.39,971.78,954.73,961.7,453.3272
2024-10-20 02:00:00+00:00,ETH,961.7,966.59,955.39,961.04,437.6968
2024-10-20 03:00:00+00:00,ETH,961.04,967.32,949.41,961.05,684.8653
2024-10-20 04:00:00+00:00,ETH,961.05,971.52,958.35,961.06,730.3421
2024-10-20 05:00:00+00:00,ETH,961.06,965.07,949.34,958.34,304.5985
2024-10-20 06:00:00+00:00,ETH,958.34,961.37,950.82,950.9,689.4248
2024-10-20 07:00:00+00:00,ETH,950.9,965.82,942.95,955.74,411.6219
2024-10-20 08:00:00+00:00,ETH,955.74,978.1,948.23,963.14,303.7299
2024-10-20 09:00:00+00:00,ETH,963.14,966.29,951.92,956.05,421.4513
2024-10-20 10:00:00+00:00,ETH,956.05,967.76,944.84,948.61,875.8084
2024-10-20 11:00:00+00:00,ETH,948.61,969.04,929.09,959.34,317.5139
2024-10-20 12:00:00+00:00,ETH,959.34,968.09,947.63,951.87,654.9517
2024-10-20 13:00:00+00:00,ETH,951.87,953.74,949.96,953.1,495.0083
2024-10-20 14:00:00+00:00,ETH,953.1,961.17,944.3,945.43,244.1253
2024-10-20 15:00:00+00:00,ETH,945.43,959.23,932.97,953.75,427.681
2024-10-20 16:00:00+00:00,ETH,953.75,961.77,943.1,955.51,308.8977
2024-10-20 17:00:00+00:00,ETH,955.51,963.43,942.6,947.9,396.5431
2024-10-20 18:00:00+00:00,ETH,947.9,956.28,946.54,955.59,1166.3964
2024-10-20 19:00:00+00:00,ETH,955.59,965.7,949.32,964.91,562.4635
2024-10-20 20:00:00+00:00,ETH,964.91,969.21,960.53,966.05,439.1427
2024-10-20 21:00:00+00:00,ETH,966.05,975.38,965.99,972.77,733.3099
2024-10-20 22:00:00+00:00,ETH,972.77,978.55,968.67,972.63,767.809
2024-10-20 23:00:00+00:00,ETH,972.63,973.41,968.93,969.61,507.6483
2024-10-21 00:00:00+00:00,ETH,969.61,974.83,958.42,964.94,416.1639
2024-10-21 01:00:00+00:00,ETH,964.94,976.47,950.37,963.0,415.3828
2024-10-21 02:00:00+00:00,ETH,963.0,977.02,960.59,975.33,417.7398
2024-10-21 03:00:00+00:00,ETH,975.33,977.18,973.31,974.87,834.1415
2024-10-21 04:00:00+00:00,ETH,974.87,990.71,959.58,987.51,973.6547
2024-10-21 05:00:00+00:00,ETH,987.51,1004.48,965.16,971.26,417.4423
2024-10-21 06:00:00+00:00,ETH,971.26,974.38,968.32,968.86,566.5367
2024-10-21 07:00:00+00:00,ETH,968.86,974.04,949.83,952.39,361.543
2024-10-21 08:00:00+00:00,ETH,952.39,955.72,943.82,945.89,470.3758
2024-10-21 09:00:00+00:00,ETH,945.89,956.69,943.78,953.56,334.3846
2024-10-21 10:00:00+00:00,ETH,953.56,958.87,948.5,955.5,720.0167
2024-10-21 11:00:00+00:00,ETH,955.5,956.03,953.74,955.97,491.4855
2024-10-21 12:00:00+00:00,ETH,955.97,957.34,955.86,956.79,755.1624
2024-10-21 13:00:00+00:00,ETH,956.79,969.29,951.2,953.52,362.5354
2024-10-21 14:00:00+00:00,ETH,953.52,959.76,945.56,947.07,520.0139
2024-10-21 15:00:00+00:00,ETH,947.07,957.2,945.77,955.04,606.0895
2024-10-21 16:00:00+00:00,ETH,955.04,963.65,949.09,955.86,643.4696
2024-10-21 17:00:00+00:00,ETH,955.86,960.68,943.17,946.23,672.7423
2024-10-21 18:00:00+00:00,ETH,946.23,949.95,937.16,940.87,763.5674
2024-10-21 19:00:00+00:00,ETH,940.87,940.88,932.75,935.25,393.6489
2024-10-21 20:00:00+00:00,ETH,935.25,951.31,922.59,939.33,357.5632
2024-10-21 21:00:00+00:00,ETH,939.33,952.18,935.4,942.45,325.6878
2024-10-21 22:00:00+00:00,ETH,942.45,957.36,937.21,943.78,597.0673
2024-10-21 23:00:00+00:00,ETH,943.78,945.65,940.04,942.71,616.8921
2024-10-22 00:00:00+00:00,ETH,942.71,946.87,931.74,938.11,503.4887
2024-10-22 01:00:00+00:00,ETH,938.11,940.52,930.39,933.39,330.1093
2024-10-22 02:00:00+00:00,ETH,933.39,935.08,931.89,932.21,367.3839
2024-10-22 03:00:00+00:00,ETH,932.21,940.0,926.29,934.44,741.1733
2024-10-22 04:00:00+00:00,ETH,934.44,939.93,930.66,933.8,734.1577
2024-10-22 05:00:00+00:00,ETH,933.8,944.35,913.3,934.18,361.9253
2024-10-22 06:00:00+00:00,ETH,934.18,942.06,928.07,930.34,550.5639
2024-10-22 07:00:00+00:00,ETH,930.34,939.53,929.11,932.96,816.3125
2024-10-22 08:00:00+00:00,ETH,932.96,938.71,928.46,937.27,364.625
2024-10-22 09:00:00+00:00,ETH,937.27,944.7,926.8,928.96,409.0826
2024-10-22 10:00:00+00:00,ETH,928.96,934.01,916.07,932.01,616.835
2024-10-22 11:00:00+00:00,ETH,932.01,938.54,930.79,936.02,433.0872
2024-10-22 12:00:00+00:00,ETH,936.02,939.78,919.35,925.08,559.5633
2024-10-22 13:00:00+00:00,ETH,925.08,927.19,912.76,915.7,502.469
2024-10-22 14:00:00+00:00,ETH,915.7,920.17,914.24,919.57,569.8121
2024-10-22 15:00:00+00:00,ETH,919.57,925.51,918.33,921.12,383.8729
2024-10-22 16:00:00+00:00,ETH,921.12,933.98,920.18,925.22,583.7611
2024-10-22 17:00:00+00:00,ETH,925.22,930.86,917.86,927.28,179.891
2024-10-22 18:00:00+00:00,ETH,927.28,929.79,923.06,923.46,449.6175
2024-10-22 19:00:00+00:00,ETH,923.46,925.09,916.4,919.92,449.4247
2024-10-22 20:00:00+00:00,ETH,919.92,928.49,909.76,912.42,591.8467
2024-10-22 21:00:00+00:00,ETH,912.42,916.94,911.08,913.07,458.0882
2024-10-22 22:00:00+00:00,ETH,913.07,917.03,910.83,912.11,631.1252
2024-10-22 23:00:00+00:00,ETH,912.11,924.32,911.89,919.56,426.1601
2024-10-23 00:00:00+00:00,ETH,919.56,922.83,910.75,911.93,768.5508
2024-10-23 01:00:00+00:00,ETH,911.93,920.87,911.45,914.85,789.562
2024-10-23 02:00:00+00:00,ETH,914.85,923.73,912.74,920.88,627.2475
2024-10-23 03:00:00+00:00,ETH,920.88,921.64,915.23,918.1,531.0938
2024-10-23 04:00:00+00:00,ETH,918.1,920.04,914.56,915.99,375.6913
2024-10-23 05:00:00+00:00,ETH,915.99,921.66,901.26,911.18,379.288
2024-10-23 06:00:00+00:00,ETH,911.18,912.16,897.97,906.26,365.6265
2024-10-23 07:00:00+00:00,ETH,906.26,914.41,904.06,907.33,410.992
2024-10-23 08:00:00+00:00,ETH,907.33,909.45,890.97,892.61,385.4336
2024-10-23 09:00:00+00:00,ETH,892.61,893.1,880.82,882.77,389.3163
2024-10-23 10:00:00+00:00,ETH,882.77,900.91,877.58,894.1,377.0393
2024-10-23 11:00:00+00:00,ETH,894.1,899.5,881.37,889.18,560.732
2024-10-23 12:00:00+00:00,ETH,889.18,891.56,879.61,884.62,430.3584
2024-10-23 13:00:00+00:00,ETH,884.62,889.21,875.16,879.05,514.5609
2024-10-23 14:00:00+00:00,ETH,879.05,885.55,876.83,885.06,715.7529
2024-10-23 15:00:00+00:00,ETH,885.06,886.15,880.52,883.43,357.8885
2024-10-23 16:00:00+00:00,ETH,883.43,892.9,877.49,888.86,497.2497
2024-10-23 17:00:00+00:00,ETH,888.86,896.51,888.32,895.03,739.9589
2024-10-23 18:00:00+00:00,ETH,895.03,897.07,878.41,883.07,598.2098
2024-10-23 19:00:00+00:00,ETH,883.07,886.7,877.32,883.46,323.9487
2024-10-23 20:00:00+00:00,ETH,883.46,890.54,868.82,881.32,471.7288
2024-10-23 21:00:00+00:00,ETH,881.32,883.13,874.05,876.73,547.2663
2024-10-23 22:00:00+00:00,ETH,876.73,888.15,869.92,877.63,655.1633
2024-10-23 23:00:00+00:00,ETH,877.63,879.4,869.53,877.23,668.4788
2024-10-24 00:00:00+00:00,ETH,877.23,883.72,876.05,879.96,411.4689
2024-10-24 01:00:00+00:00,ETH,879.96,883.09,862.51,869.0,490.9224
2024-10-24 02:00:00+00:00,ETH,869.0,878.37,868.06,870.52,473.4578
2024-10-24 03:00:00+00:00,ETH,870.52,876.56,867.66,874.72,269.9199
2024-10-24 04:00:00+00:00,ETH,874.72,877.97,871.38,874.62,467.8464
2024-10-24 05:00:00+00:00,ETH,874.62,882.16,868.13,869.26,398.5463
2024-10-24 06:00:00+00:00,ETH,869.26,881.6,864.52,869.58,327.6222
2024-10-24 07:00:00+00:00,ETH,869.58,875.93,868.89,872.82,456.4927
2024-10-24 08:00:00+00:00,ETH,872.82,891.9,870.95,879.94,459.8197
2024-10-24 09:00:00+00:00,ETH,879.94,881.52,874.65,874.73,300.4214
2024-10-24 10:00:00+00:00,ETH,874.73,877.62,865.61,873.9,467.0834
2024-10-24 11:00:00+00:00,ETH,873.9,875.13,865.04,872.62,494.9
2024-10-24 12:00:00+00:00,ETH,872.62,872.76,866.71,869.93,392.9589
2024-10-24 13:00:00+00:00,ETH,869.93,870.37,862.53,867.36,449.2999
2024-10-24 14:00:00+00:00,ETH,867.36,870.48,864.9,870.35,708.4638
2024-10-24 15:00:00+00:00,ETH,870.35,886.42,865.81,880.08,519.5508
2024-10-24 16:00:00+00:00,ETH,880.08,894.14,868.15,876.55,426.4421
2024-10-24 17:00:00+00:00,ETH,876.55,878.83,874.08,876.91,582.543
2024-10-24 18:00:00+00:00,ETH,876.91,879.52,876.39,876.66,628.209
2024-10-24 19:00:00+00:00,ETH,876.66,883.04,871.58,875.32,667.8753
2024-10-24 20:00:00+00:00,ETH,875.32,879.1,862.41,865.31,309.7044
2024-10-24 21:00:00+00:00,ETH,865.31,869.24,857.49,859.33,868.5468
2024-10-24 22:00:00+00:00,ETH,859.33,862.83,856.23,858.37,348.3775
2024-10-24 23:00:00+00:00,ETH,858.37,864.01,858.06,861.94,443.394
2024-10-25 00:00:00+00:00,ETH,861.94,866.79,861.49,865.89,646.027
2024-10-25 01:00:00+00:00,ETH,865.89,866.83,861.94,863.28,774.5385
2024-10-25 02:00:00+00:00,ETH,863.28,878.3,861.16,874.63,549.6095
2024-10-25 03:00:00+00:00,ETH,874.63,875.88,869.18,871.4,438.225
2024-10-25 04:00:00+00:00,ETH,871.4,879.66,864.26,875.68,356.7815
2024-10-25 05:00:00+00:00,ETH,875.68,885.04,868.53,871.02,863.1328
2024-10-25 06:00:00+00:00,ETH,871.02,873.54,866.12,870.93,667.0809
2024-10-25 07:00:00+00:00,ETH,870.93,877.13,849.34,867.74,516.3439
2024-10-25 08:00:00+00:00,ETH,867.74,878.91,859.06,871.77,426.0205
2024-10-25 09:00:00+00:00,ETH,871.77,875.62,867.49,874.04,732.1858
2024-10-25 10:00:00+00:00,ETH,874.04,874.53,868.86,872.08,532.0452
2024-10-25 11:00:00+00:00,ETH,872.08,885.73,870.95,879.26,505.2804
2024-10-25 12:00:00+00:00,ETH,879.26,882.86,872.46,881.93,506.5675
2024-10-25 13:00:00+00:00,ETH,881.93,884.75,878.51,882.1,549.8356
2024-10-25 14:00:00+00:00,ETH,882.1,892.02,879.16,890.37,540.1346
2024-10-25 15:00:00+00:00,ETH,890.37,893.05,885.12,888.55,461.3294
2024-10-25 16:00:00+00:00,ETH,888.55,901.38,882.27,898.4,697.7254
2024-10-25 17:00:00+00:00,ETH,898.4,909.85,890.77,891.98,688.8971
2024-10-25 18:00:00+00:00,ETH,891.98,893.75,879.12,892.8,751.5534
2024-10-25 19:00:00+00:00,ETH,892.8,900.49,888.21,898.9,368.2306
2024-10-25 20:00:00+00:00,ETH,898.9,900.79,889.56,892.52,432.2443
2024-10-25 21:00:00+00:00,ETH,892.52,902.98,885.87,898.89,442.9929
2024-10-25 22:00:00+00:00,ETH,898.89,908.32,878.11,889.21,780.9173
2024-10-25 23:00:00+00:00,ETH,889.21,897.7,886.8,891.97,561.998
2024-10-26 00:00:00+00:00,ETH,891.97,898.77,882.45,895.19,567.6729
2024-10-26 01:00:00+00:00,ETH,895.19,905.0,894.59,897.98,621.8505
2024-10-26 02:00:00+00:00,ETH,897.98,899.12,892.2,897.14,665.8233
2024-10-26 03:00:00+00:00,ETH,897.14,907.4,895.55,897.38,435.9615
2024-10-26 04:00:00+00:00,ETH,897.38,898.69,891.34,896.19,504.411
2024-10-26 05:00:00+00:00,ETH,896.19,897.88,883.77,887.14,1153.7038
2024-10-26 06:00:00+00:00,ETH,887.14,896.49,884.16,889.83,936.1675
2024-10-26 07:00:00+00:00,ETH,889.83,893.08,888.15,892.71,419.9676
2024-10-26 08:00:00+00:00,ETH,892.71,895.91,891.44,892.67,274.266
2024-10-26 09:00:00+00:00,ETH,892.67,901.42,883.28,890.02,491.8123
2024-10-26 10:00:00+00:00,ETH,890.02,895.89,881.69,895.46,694.4453
2024-10-26 11:00:00+00:00,ETH,895.46,904.99,895.13,900.09,298.9018
2024-10-26 12:00:00+00:00,ETH,900.09,910.57,899.03,910.37,252.1059
2024-10-26 13:00:00+00:00,ETH,910.37,916.24,906.12,907.58,396.7856
2024-10-26 14:00:00+00:00,ETH,907.58,919.13,895.37,899.13,326.3253
2024-10-26 15:00:00+00:00,ETH,899.13,907.6,893.66,895.63,357.5048
2024-10-26 16:00:00+00:00,ETH,895.63,896.69,894.55,895.32,505.8473
2024-10-26 17:00:00+00:00,ETH,895.32,906.12,893.73,897.72,715.9052
2024-10-26 18:00:00+00:00,ETH,897.72,897.76,892.84,894.85,559.0877
2024-10-26 19:00:00+00:00,ETH,894.85,898.11,882.58,894.29,777.0496
2024-10-26 20:00:00+00:00,ETH,894.29,903.46,889.74,900.78,756.9815
2024-10-26 21:00:00+00:00,ETH,900.78,902.97,892.42,896.62,950.9224
2024-10-26 22:00:00+00:00,ETH,896.62,904.23,894.39,896.32,618.976
2024-10-26 23:00:00+00:00,ETH,896.32,907.5,889.72,900.34,1015.8302
2024-10-27 00:00:00+00:00,ETH,900.34,909.42,893.29,904.46,468.3539
2024-10-27 01:00:00+00:00,ETH,904.46,907.88,900.32,905.99,318.053
2024-10-27 02:00:00+00:00,ETH,905.99,910.82,898.41,902.64,801.2991
2024-10-27 03:00:00+00:00,ETH,902.64,913.92,898.15,907.81,402.0244
2024-10-27 04:00:00+00:00,ETH,907.81,909.55,903.27,906.08,559.4375
2024-10-27 05:00:00+00:00,ETH,906.08,907.61,898.26,899.2,561.551
2024-10-27 06:00:00+00:00,ETH,899.2,902.94,898.02,899.01,445.9322
2024-10-27 07:00:00+00:00,ETH,899.01,899.13,888.63,889.49,565.5125
2024-10-27 08:00:00+00:00,ETH,889.49,900.72,886.72,898.57,429.2525
2024-10-27 09:00:00+00:00,ETH,898.57,906.46,897.25,898.94,560.9513
2024-10-27 10:00:00+00:00,ETH,898.94,915.54,897.03,913.0,345.2687
2024-10-27 11:00:00+00:00,ETH,913.0,926.13,906.14,908.8,567.3031
2024-10-27 12:00:00+00:00,ETH,908.8,910.66,898.85,899.82,506.9508
2024-10-27 13:00:00+00:00,ETH,899.82,905.94,892.92,898.21,223.7375
2024-10-27 14:00:00+00:00,ETH,898.21,903.02,892.51,900.92,572.8531
2024-10-27 15:00:00+00:00,ETH,900.92,920.2,898.66,907.21,571.8195
2024-10-27 16:00:00+00:00,ETH,907.21,912.33,904.34,905.19,502.9056
2024-10-27 17:00:00+00:00,ETH,905.19,909.16,900.27,902.49,398.3981
2024-10-27 18:00:00+00:00,ETH,902.49,907.37,896.04,907.28,394.6224
2024-10-27 19:00:00+00:00,ETH,907.28,909.75,902.85,903.09,655.8881
2024-10-27 20:00:00+00:00,ETH,903.09,913.67,893.23,903.95,660.06
2024-10-27 21:00:00+00:00,ETH,903.95,908.46,900.29,901.45,375.4242
2024-10-27 22:00:00+00:00,ETH,901.45,905.7,896.17,904.9,499.8721
2024-10-27 23:00:00+00:00,ETH,904.9,911.48,897.98,908.1,406.8359
2024-10-28 00:00:00+00:00,ETH,908.1,918.85,898.87,910.76,502.4419
2024-10-28 01:00:00+00:00,ETH,910.76,914.65,901.92,909.73,417.0265
2024-10-28 02:00:00+00:00,ETH,909.73,913.78,896.38,898.16,779.9461
2024-10-28 03:00:00+00:00,ETH,898.16,901.52,895.34,899.57,446.8235
2024-10-28 04:00:00+00:00,ETH,899.57,903.25,892.55,900.2,847.0082
2024-10-28 05:00:00+00:00,ETH,900.2,910.9,898.15,905.79,531.2983
2024-10-28 06:00:00+00:00,ETH,905.79,911.57,893.42,910.32,661.4921
2024-10-28 07:00:00+00:00,ETH,910.32,916.09,902.32,910.93,199.4097
2024-10-28 08:00:00+00:00,ETH,910.93,914.73,908.9,911.61,528.1826
2024-10-28 09:00:00+00:00,ETH,911.61,924.85,907.24,919.54,511.252
2024-10-28 10:00:00+00:00,ETH,919.54,928.15,916.5,923.41,570.8399
2024-10-28 11:00:00+00:00,ETH,923.41,931.46,921.98,923.64,572.3667
2024-10-28 12:00:00+00:00,ETH,923.64,930.54,920.97,927.92,602.0979
2024-10-28 13:00:00+00:00,ETH,927.92,929.79,921.13,928.0,442.0073
2024-10-28 14:00:00+00:00,ETH,928.0,938.86,921.95,927.17,390.79
2024-10-28 15:00:00+00:00,ETH,927.17,936.04,922.91,930.55,383.3811
2024-10-28 16:00:00+00:00,ETH,930.55,945.25,929.29,932.12,623.7824
2024-10-28 17:00:00+00:00,ETH,932.12,949.58,923.54,942.54,428.6465
2024-10-28 18:00:00+00:00,ETH,942.54,952.97,928.5,937.09,856.3768
2024-10-28 19:00:00+00:00,ETH,937.09,939.29,926.3,928.69,581.3233
2024-10-28 20:00:00+00:00,ETH,928.69,936.71,922.1,934.31,593.6107
2024-10-28 21:00:00+00:00,ETH,934.31,940.63,924.99,931.96,675.242
2024-10-28 22:00:00+00:00,ETH,931.96,943.16,929.64,931.77,610.0036
2024-10-28 23:00:00+00:00,ETH,931.77,935.82,929.81,930.69,489.6715
2024-10-29 00:00:00+00:00,ETH,930.69,936.03,927.74,930.79,422.901
2024-10-29 01:00:00+00:00,ETH,930.79,936.06,917.61,922.79,540.0405
2024-10-29 02:00:00+00:00,ETH,922.79,929.72,919.04,920.81,588.4602
2024-10-29 03:00:00+00:00,ETH,920.81,929.8,920.46,921.27,437.4591
2024-10-29 04:00:00+00:00,ETH,921.27,924.39,913.21,923.24,305.581
2024-10-29 05:00:00+00:00,ETH,923.24,932.26,914.36,924.47,928.5464
2024-10-29 06:00:00+00:00,ETH,924.47,933.36,921.65,927.06,326.7576
2024-10-29 07:00:00+00:00,ETH,927.06,933.59,918.68,930.1,473.5454
2024-10-29 08:00:00+00:00,ETH,930.1,933.5,919.82,922.39,378.7111
2024-10-29 09:00:00+00:00,ETH,922.39,940.11,920.64,929.5,353.048
2024-10-29 10:00:00+00:00,ETH,929.5,929.9,911.73,918.18,494.9506
2024-10-29 11:00:00+00:00,ETH,918.18,922.74,917.55,920.51,454.1008
2024-10-29 12:00:00+00:00,ETH,920.51,925.82,909.32,914.49,355.8906
2024-10-29 13:00:00+00:00,ETH,914.49,929.07,911.28,913.13,440.1618
2024-10-29 14:00:00+00:00,ETH,913.13,921.59,904.41,906.82,376.7801
2024-10-29 15:00:00+00:00,ETH,906.82,913.03,905.62,909.63,526.2976
2024-10-29 16:00:00+00:00,ETH,909.63,914.2,901.79,903.55,430.2842
2024-10-29 17:00:00+00:00,ETH,903.55,905.17,899.5,900.47,370.0328
2024-10-29 18:00:00+00:00,ETH,900.47,910.81,891.63,904.18,722.9517
2024-10-29 19:00:00+00:00,ETH,904.18,904.65,895.25,895.99,736.5512
2024-10-29 20:00:00+00:00,ETH,895.99,900.74,884.95,898.86,840.098
2024-10-29 21:00:00+00:00,ETH,898.86,904.34,894.02,896.98,422.8744
2024-10-29 22:00:00+00:00,ETH,896.98,899.04,889.51,894.32,331.8825
2024-10-29 23:00:00+00:00,ETH,894.32,897.17,887.41,888.18,765.7308
2024-10-30 00:00:00+00:00,ETH,888.18,894.08,878.96,893.25,384.1747
2024-10-30 01:00:00+00:00,ETH,893.25,908.7,885.57,898.8,297.1466
2024-10-30 02:00:00+00:00,ETH,898.8,907.64,887.8,901.36,565.9408
2024-10-30 03:00:00+00:00,ETH,901.36,904.46,889.09,892.02,619.9733
2024-10-30 04:00:00+00:00,ETH,892.02,894.61,888.46,893.16,564.5824
2024-10-30 05:00:00+00:00,ETH,893.16,899.94,888.25,890.92,221.2428
2024-10-30 06:00:00+00:00,ETH,890.92,891.49,880.16,887.52,536.1027
2024-10-30 07:00:00+00:00,ETH,887.52,900.88,886.87,892.71,243.2266
2024-10-30 08:00:00+00:00,ETH,892.71,895.69,886.13,889.33,330.9495
2024-10-30 09:00:00+00:00,ETH,889.33,889.76,886.66,889.27,409.7196
2024-10-30 10:00:00+00:00,ETH,889.27,890.75,887.18,889.55,402.718
2024-10-30 11:00:00+00:00,ETH,889.55,894.5,882.58,888.47,313.4552
2024-10-30 12:00:00+00:00,ETH,888.47,901.59,877.97,896.53,700.863
2024-10-30 13:00:00+00:00,ETH,896.53,898.55,893.14,896.95,762.0233
2024-10-30 14:00:00+00:00,ETH,896.95,907.34,896.32,903.69,454.8595
2024-10-30 15:00:00+00:00,ETH,903.69,909.4,886.34,891.39,333.3769
2024-10-30 16:00:00+00:00,ETH,891.39,896.45,883.53,884.92,411.1419
2024-10-30 17:00:00+00:00,ETH,884.92,886.29,881.0,881.95,656.5014
2024-10-30 18:00:00+00:00,ETH,881.95,891.94,880.05,886.95,534.354
2024-10-30 19:00:00+00:00,ETH,886.95,905.4,879.55,888.81,457.59
2024-10-30 20:00:00+00:00,ETH,888.81,902.55,886.25,891.33,757.695
2024-10-30 21:00:00+00:00,ETH,891.33,903.98,888.24,897.19,366.6346
2024-10-30 22:00:00+00:00,ETH,897.19,899.99,886.77,893.82,505.4077
2024-10-30 23:00:00+00:00,ETH,893.82,907.3,877.18,902.21,264.5226
2024-10-31 00:00:00+00:00,ETH,902.21,904.2,895.12,898.31,520.5902
2024-10-31 01:00:00+00:00,ETH,898.31,909.59,891.4,906.1,439.6602
2024-10-31 02:00:00+00:00,ETH,906.1,921.41,900.23,915.39,873.0817
2024-10-31 03:00:00+00:00,ETH,915.39,924.18,910.67,916.09,417.9264
2024-10-31 04:00:00+00:00,ETH,916.09,918.43,908.57,910.64,585.4062
2024-10-31 05:00:00+00:00,ETH,910.64,915.05,909.88,913.3,475.9419
2024-10-31 06:00:00+00:00,ETH,913.3,916.91,897.02,902.92,399.7708
2024-10-31 07:00:00+00:00,ETH,902.92,906.5,896.18,897.38,599.5346
2024-10-31 08:00:00+00:00,ETH,897.38,907.22,892.77,904.56,619.672
2024-10-31 09:00:00+00:00,ETH,904.56,909.54,893.52,906.72,453.9528
2024-10-31 10:00:00+00:00,ETH,906.72,912.92,903.46,904.2,421.2956
2024-10-31 11:00:00+00:00,ETH,904.2,910.91,897.61,902.43,688.6437
2024-10-31 12:00:00+00:00,ETH,902.43,906.49,897.44,903.77,339.8794
2024-10-31 13:00:00+00:00,ETH,903.77,906.51,895.29,897.94,600.4522
2024-10-31 14:00:00+00:00,ETH,897.94,900.16,894.29,899.48,496.02
2024-10-31 15:00:00+00:00,ETH,899.48,902.84,898.22,902.01,634.5343
2024-10-31 16:00:00+00:00,ETH,902.01,911.26,897.5,901.14,837.0204
2024-10-31 17:00:00+00:00,ETH,901.14,902.13,894.08,895.02,372.577
2024-10-31 18:00:00+00:00,ETH,895.02,896.27,874.72,884.49,175.1898
2024-10-31 19:00:00+00:00,ETH,884.49,889.98,881.75,887.21,491.6646
2024-10-31 20:00:00+00:00,ETH,887.21,890.88,876.27,888.71,1241.9684
2024-10-31 21:00:00+00:00,ETH,888.71,895.76,884.23,891.53,718.7337
2024-10-31 22:00:00+00:00,ETH,891.53,895.67,890.08,893.86,501.6053
2024-10-31 23:00:00+00:00,ETH,893.86,898.57,893.31,893.81,384.3482
2024-11-01 00:00:00+00:00,ETH,893.81,893.84,883.87,890.29,549.3054
2024-11-01 01:00:00+00:00,ETH,890.29,893.45,884.26,884.27,454.3733
2024-11-01 02:00:00+00:00,ETH,884.27,888.69,876.32,879.92,688.7762
2024-11-01 03:00:00+00:00,ETH,879.92,880.97,872.25,877.74,501.081
2024-11-01 04:00:00+00:00,ETH,877.74,892.04,868.19,871.34,561.892
2024-11-01 05:00:00+00:00,ETH,871.34,875.94,866.97,875.11,645.0537
2024-11-01 06:00:00+00:00,ETH,875.11,878.99,874.64,878.4,630.7104
2024-11-01 07:00:00+00:00,ETH,878.4,890.07,878.15,884.13,330.0919
2024-11-01 08:00:00+00:00,ETH,884.13,892.09,872.18,885.68,484.8897
2024-11-01 09:00:00+00:00,ETH,885.68,887.05,879.98,884.58,331.1043
2024-11-01 10:00:00+00:00,ETH,884.58,902.13,881.96,886.93,960.1404
2024-11-01 11:00:00+00:00,ETH,886.93,891.75,880.16,887.71,533.3612
2024-11-01 12:00:00+00:00,ETH,887.71,894.26,882.31,890.68,288.3293
2024-11-01 13:00:00+00:00,ETH,890.68,897.29,881.55,888.59,407.2469
2024-11-01 14:00:00+00:00,ETH,888.59,892.55,881.59,884.4,557.5322
2024-11-01 15:00:00+00:00,ETH,884.4,892.3,870.26,884.23,414.8546
2024-11-01 16:00:00+00:00,ETH,884.23,896.42,868.56,878.29,401.1947
2024-11-01 17:00:00+00:00,ETH,878.29,880.77,870.9,880.73,575.2085
2024-11-01 18:00:00+00:00,ETH,880.73,892.0,870.65,886.21,271.288
2024-11-01 19:00:00+00:00,ETH,886.21,888.82,883.3,888.39,195.445
2024-11-01 20:00:00+00:00,ETH,888.39,897.47,872.75,886.42,379.4388
2024-11-01 21:00:00+00:00,ETH,886.42,892.79,882.44,888.17,410.0076
2024-11-01 22:00:00+00:00,ETH,888.17,896.77,881.33,882.16,585.6479
2024-11-01 23:00:00+00:00,ETH,882.16,892.71,878.26,884.54,759.8166
2024-11-02 00:00:00+00:00,ETH,884.54,888.96,878.68,888.64,491.0146
2024-11-02 01:00:00+00:00,ETH,888.64,890.97,887.15,889.53,419.6955
2024-11-02 02:00:00+00:00,ETH,889.53,899.53,885.96,896.04,333.7841
2024-11-02 03:00:00+00:00,ETH,896.04,898.07,888.41,895.88,386.439
2024-11-02 04:00:00+00:00,ETH,895.88,902.79,884.13,887.24,419.3793
2024-11-02 05:00:00+00:00,ETH,887.24,890.85,879.95,881.74,408.7751
2024-11-02 06:00:00+00:00,ETH,881.74,884.99,878.07,883.04,295.6575
2024-11-02 07:00:00+00:00,ETH,883.04,886.54,880.95,884.37,402.5079
2024-11-02 08:00:00+00:00,ETH,884.37,888.11,882.48,885.55,394.0669
2024-11-02 09:00:00+00:00,ETH,885.55,893.81,881.08,891.06,304.8419
2024-11-02 10:00:00+00:00,ETH,891.06,900.59,886.35,892.67,318.6685
2024-11-02 11:00:00+00:00,ETH,892.67,895.15,880.05,891.05,326.8324
2024-11-02 12:00:00+00:00,ETH,891.05,898.54,888.17,893.12,747.6909
2024-11-02 13:00:00+00:00,ETH,893.12,897.44,884.16,895.65,1244.4246
2024-11-02 14:00:00+00:00,ETH,895.65,903.83,893.86,898.07,488.6921
2024-11-02 15:00:00+00:00,ETH,898.07,901.27,897.13,897.3,561.9436
2024-11-02 16:00:00+00:00,ETH,897.3,903.75,896.78,899.94,474.1206
2024-11-02 17:00:00+00:00,ETH,899.94,902.97,897.32,902.25,443.4818
2024-11-02 18:00:00+00:00,ETH,902.25,907.56,900.58,907.32,570.6361
2024-11-02 19:00:00+00:00,ETH,907.32,914.16,902.3,912.82,165.4186
2024-11-02 20:00:00+00:00,ETH,912.82,922.44,900.82,911.03,366.4639
2024-11-02 21:00:00+00:00,ETH,911.03,919.11,898.53,906.47,1016.647
2024-11-02 22:00:00+00:00,ETH,906.47,910.9,906.27,908.86,445.6618
2024-11-02 23:00:00+00:00,ETH,908.86,917.03,907.64,908.5,402.5478
2024-11-03 00:00:00+00:00,ETH,908.5,914.34,897.96,902.08,608.6729
2024-11-03 01:00:00+00:00,ETH,902.08,914.68,896.0,907.25,610.0486
2024-11-03 02:00:00+00:00,ETH,907.25,909.7,906.51,906.84,985.6702
2024-11-03 03:00:00+00:00,ETH,906.84,910.69,898.97,910.35,285.0358
2024-11-03 04:00:00+00:00,ETH,910.35,924.2,906.75,921.37,818.1907
2024-11-03 05:00:00+00:00,ETH,921.37,926.4,920.7,923.74,777.1065
2024-11-03 06:00:00+00:00,ETH,923.74,929.15,923.32,923.87,255.9153
2024-11-03 07:00:00+00:00,ETH,923.87,930.71,919.55,925.44,741.0819
2024-11-03 08:00:00+00:00,ETH,925.44,931.93,911.43,918.95,844.305
2024-11-03 09:00:00+00:00,ETH,918.95,927.61,912.41,919.06,472.0243
2024-11-03 10:00:00+00:00,ETH,919.06,926.2,916.24,917.47,1124.9739
2024-11-03 11:00:00+00:00,ETH,917.47,921.37,913.9,918.19,930.5253
2024-11-03 12:00:00+00:00,ETH,918.19,928.72,907.97,911.37,594.25
2024-11-03 13:00:00+00:00,ETH,911.37,919.79,907.38,911.41,373.8259
2024-11-03 14:00:00+00:00,ETH,911.41,918.69,908.91,913.68,624.0986
2024-11-03 15:00:00+00:00,ETH,913.68,922.61,905.37,905.83,863.5955
2024-11-03 16:00:00+00:00,ETH,905.83,906.33,899.18,902.79,638.2415
2024-11-03 17:00:00+00:00,ETH,902.79,905.31,901.07,903.44,524.5566
2024-11-03 18:00:00+00:00,ETH,903.44,903.53,892.95,898.94,656.0444
2024-11-03 19:00:00+00:00,ETH,898.94,906.19,894.83,901.82,1012.2587
2024-11-03 20:00:00+00:00,ETH,901.82,908.34,899.9,906.28,507.3153
2024-11-03 21:00:00+00:00,ETH,906.28,909.21,902.86,903.07,293.1739
2024-11-03 22:00:00+00:00,ETH,903.07,910.72,894.19,897.01,707.0694
2024-11-03 23:00:00+00:00,ETH,897.01,897.89,893.85,897.53,485.773
2024-11-04 00:00:00+00:00,ETH,897.53,903.06,893.19,894.04,341.0453
2024-11-04 01:00:00+00:00,ETH,894.04,894.84,888.94,890.3,359.7036
2024-11-04 02:00:00+00:00,ETH,890.3,894.92,887.48,892.12,396.3096
2024-11-04 03:00:00+00:00,ETH,892.12,896.24,881.55,895.7,268.8316
2024-11-04 04:00:00+00:00,ETH,895.7,920.43,894.83,910.92,194.0952
2024-11-04 05:00:00+00:00,ETH,910.92,926.7,897.37,916.78,315.0266
2024-11-04 06:00:00+00:00,ETH,916.78,922.68,905.97,912.62,379.0095
2024-11-04 07:00:00+00:00,ETH,912.62,914.46,906.1,912.19,671.9243
2024-11-04 08:00:00+00:00,ETH,912.19,916.11,907.23,913.21,530.3915
2024-11-04 09:00:00+00:00,ETH,913.21,925.23,905.67,916.04,779.7968
2024-11-04 10:00:00+00:00,ETH,916.04,921.62,906.21,920.61,269.2944
2024-11-04 11:00:00+00:00,ETH,920.61,921.15,909.21,917.83,418.2669
2024-11-04 12:00:00+00:00,ETH,917.83,929.51,906.78,920.93,686.4072
2024-11-04 13:00:00+00:00,ETH,920.93,923.75,909.55,915.46,626.0606
2024-11-04 14:00:00+00:00,ETH,915.46,926.75,910.87,923.91,313.0733
2024-11-04 15:00:00+00:00,ETH,923.91,933.89,920.21,931.07,501.5152
2024-11-04 16:00:00+00:00,ETH,931.07,942.8,930.74,930.94,987.5965
2024-11-04 17:00:00+00:00,ETH,930.94,936.49,928.27,933.47,355.0779
2024-11-04 18:00:00+00:00,ETH,933.47,939.58,924.42,937.56,414.4279
2024-11-04 19:00:00+00:00,ETH,937.56,949.21,937.46,943.37,517.5159
2024-11-04 20:00:00+00:00,ETH,943.37,959.73,942.76,955.25,391.0767
2024-11-04 21:00:00+00:00,ETH,955.25,958.49,951.19,952.62,353.6823
2024-11-04 22:00:00+00:00,ETH,952.62,954.16,949.51,950.47,313.3534
2024-11-04 23:00:00+00:00,ETH,950.47,957.76,949.66,957.19,315.214
2024-11-05 00:00:00+00:00,ETH,957.19,961.74,946.68,947.2,528.0957
2024-11-05 01:00:00+00:00,ETH,947.2,954.31,942.83,949.05,923.0839
2024-11-05 02:00:00+00:00,ETH,949.05,951.01,942.71,943.42,223.045
2024-11-05 03:00:00+00:00,ETH,943.42,957.65,938.31,952.85,446.1524
2024-11-05 04:00:00+00:00,ETH,952.85,953.84,947.97,952.82,316.1329
2024-11-05 05:00:00+00:00,ETH,952.82,953.0,935.75,946.26,648.0978
2024-11-05 06:00:00+00:00,ETH,946.26,950.25,928.56,938.28,266.1731
2024-11-05 07:00:00+00:00,ETH,938.28,942.81,930.19,930.5,760.2545
2024-11-05 08:00:00+00:00,ETH,930.5,934.46,922.96,924.96,792.7487
2024-11-05 09:00:00+00:00,ETH,924.96,934.75,914.24,925.0,689.7748
2024-11-05 10:00:00+00:00,ETH,925.0,930.44,915.04,926.1,605.6813
2024-11-05 11:00:00+00:00,ETH,926.1,928.24,924.69,925.44,701.775
2024-11-05 12:00:00+00:00,ETH,925.44,930.27,921.06,929.12,972.2418
2024-11-05 13:00:00+00:00,ETH,929.12,931.33,921.33,924.47,633.6315
2024-11-05 14:00:00+00:00,ETH,924.47,926.23,920.15,922.31,571.7032
2024-11-05 15:00:00+00:00,ETH,922.31,924.25,908.82,920.34,645.2584
2024-11-05 16:00:00+00:00,ETH,920.34,924.48,915.2,917.73,479.2434
2024-11-05 17:00:00+00:00,ETH,917.73,924.39,913.96,917.08,952.4191
2024-11-05 18:00:00+00:00,ETH,917.08,932.07,914.59,918.13,236.8039
2024-11-05 19:00:00+00:00,ETH,918.13,922.73,897.22,906.7,463.7922
2024-11-05 20:00:00+00:00,ETH,906.7,911.26,906.56,908.06,817.6104
2024-11-05 21:00:00+00:00,ETH,908.06,917.21,906.37,906.96,471.0923
2024-11-05 22:00:00+00:00,ETH,906.96,907.09,899.53,900.08,786.9917
2024-11-05 23:00:00+00:00,ETH,900.08,928.89,897.52,905.61,1062.6283
2024-11-06 00:00:00+00:00,ETH,905.61,911.85,900.01,903.79,418.7737
2024-11-06 01:00:00+00:00,ETH,903.79,908.03,897.84,902.0,218.9369
2024-11-06 02:00:00+00:00,ETH,902.0,909.53,883.76,898.9,693.0108
2024-11-06 03:00:00+00:00,ETH,898.9,905.91,893.09,899.31,490.2266
2024-11-06 04:00:00+00:00,ETH,899.31,907.42,897.43,899.52,427.0536
2024-11-06 05:00:00+00:00,ETH,899.52,910.49,897.02,899.04,847.6486
2024-11-06 06:00:00+00:00,ETH,899.04,905.17,894.93,904.21,412.9089
2024-11-06 07:00:00+00:00,ETH,904.21,911.42,898.66,903.66,486.9014
2024-11-06 08:00:00+00:00,ETH,903.66,904.77,892.68,893.15,194.2073
2024-11-06 09:00:00+00:00,ETH,893.15,895.22,889.25,890.78,510.7028
2024-11-06 10:00:00+00:00,ETH,890.78,892.84,879.52,884.32,310.5364
2024-11-06 11:00:00+00:00,ETH,884.32,885.55,880.58,883.25,819.1519
2024-11-06 12:00:00+00:00,ETH,883.25,897.62,882.84,893.19,564.8956
2024-11-06 13:00:00+00:00,ETH,893.19,898.45,885.05,887.45,841.1634
2024-11-06 14:00:00+00:00,ETH,887.45,888.55,880.69,887.22,439.199
2024-11-06 15:00:00+00:00,ETH,887.22,888.11,879.18,883.04,616.1272
2024-11-06 16:00:00+00:00,ETH,883.04,884.79,879.43,881.21,484.9059
2024-11-06 17:00:00+00:00,ETH,881.21,883.04,871.97,882.56,619.5733
2024-11-06 18:00:00+00:00,ETH,882.56,889.63,880.97,886.21,458.301
2024-11-06 19:00:00+00:00,ETH,886.21,892.86,882.56,884.95,441.698
2024-11-06 20:00:00+00:00,ETH,884.95,888.0,881.31,885.62,438.6395
2024-11-06 21:00:00+00:00,ETH,885.62,890.33,878.69,889.67,884.105
2024-11-06 22:00:00+00:00,ETH,889.67,892.81,881.23,889.01,529.3303
2024-11-06 23:00:00+00:00,ETH,889.01,902.27,882.88,899.39,346.7418
2024-11-07 00:00:00+00:00,ETH,899.39,909.59,890.94,907.77,431.6801
2024-11-07 01:00:00+00:00,ETH,907.77,917.88,907.49,915.65,329.6295
2024-11-07 02:00:00+00:00,ETH,915.65,930.75,914.78,916.95,702.4451
2024-11-07 03:00:00+00:00,ETH,916.95,923.09,914.15,922.91,394.3719
2024-11-07 04:00:00+00:00,ETH,922.91,927.36,922.85,924.32,500.1384
2024-11-07 05:00:00+00:00,ETH,924.32,930.12,924.21,929.13,415.3669
2024-11-07 06:00:00+00:00,ETH,929.13,942.28,925.46,940.48,404.2288
2024-11-07 07:00:00+00:00,ETH,940.48,947.22,933.41,937.47,549.8682
2024-11-07 08:00:00+00:00,ETH,937.47,944.91,923.36,934.17,558.6525
2024-11-07 09:00:00+00:00,ETH,934.17,942.24,928.98,939.37,681.6914
2024-11-07 10:00:00+00:00,ETH,939.37,948.72,939.0,947.38,351.2144
2024-11-07 11:00:00+00:00,ETH,947.38,949.43,930.21,936.1,408.7891
2024-11-07 12:00:00+00:00,ETH,936.1,940.01,932.07,936.35,463.7973
2024-11-07 13:00:00+00:00,ETH,936.35,944.28,927.05,931.36,278.7355
2024-11-07 14:00:00+00:00,ETH,931.36,934.77,923.9,929.82,371.4907
2024-11-07 15:00:00+00:00,ETH,929.82,933.22,917.93,919.98,388.678
2024-11-07 16:00:00+00:00,ETH,919.98,929.64,910.38,922.33,552.883
2024-11-07 17:00:00+00:00,ETH,922.33,937.3,917.91,928.92,691.7162
2024-11-07 18:00:00+00:00,ETH,928.92,939.46,922.76,937.17,295.2969
2024-11-07 19:00:00+00:00,ETH,937.17,945.71,934.89,938.54,698.6185
2024-11-07 20:00:00+00:00,ETH,938.54,945.01,931.06,941.03,521.9918
2024-11-07 21:00:00+00:00,ETH,941.03,947.27,928.01,933.86,404.3683
2024-11-07 22:00:00+00:00,ETH,933.86,944.82,931.11,941.77,635.5136
2024-11-07 23:00:00+00:00,ETH,941.77,952.91,934.3,948.73,439.926
2024-11-08 00:00:00+00:00,ETH,948.73,954.54,942.97,945.63,358.8927
2024-11-08 01:00:00+00:00,ETH,945.63,948.22,918.54,937.36,818.4164
2024-11-08 02:00:00+00:00,ETH,937.36,951.54,936.74,942.63,346.0312
2024-11-08 03:00:00+00:00,ETH,942.63,946.72,940.46,943.13,434.2956
2024-11-08 04:00:00+00:00,ETH,943.13,946.67,933.5,941.67,463.5043
2024-11-08 05:00:00+00:00,ETH,941.67,959.4,939.99,947.82,600.5337
2024-11-08 06:00:00+00:00,ETH,947.82,950.09,942.73,944.24,775.6829
2024-11-08 07:00:00+00:00,ETH,944.24,947.12,940.04,944.58,344.5068
2024-11-08 08:00:00+00:00,ETH,944.58,964.13,941.06,951.0,563.6167
2024-11-08 09:00:00+00:00,ETH,951.0,955.03,949.12,952.14,324.9562
2024-11-08 10:00:00+00:00,ETH,952.14,957.47,951.13,957.25,1072.1
2024-11-08 11:00:00+00:00,ETH,957.25,963.99,947.11,962.13,281.0805
2024-11-08 12:00:00+00:00,ETH,962.13,969.66,958.27,968.41,858.7105
2024-11-08 13:00:00+00:00,ETH,968.41,973.38,962.2,970.93,509.5191
2024-11-08 14:00:00+00:00,ETH,970.93,976.42,968.7,973.49,625.916
2024-11-08 15:00:00+00:00,ETH,973.49,975.48,973.07,974.66,507.8492
2024-11-08 16:00:00+00:00,ETH,974.66,977.12,966.89,967.45,768.2095
2024-11-08 17:00:00+00:00,ETH,967.45,983.87,960.76,980.93,558.8488
2024-11-08 18:00:00+00:00,ETH,980.93,996.52,974.88,992.51,401.7628
2024-11-08 19:00:00+00:00,ETH,992.51,993.78,984.26,984.67,345.9227
2024-11-08 20:00:00+00:00,ETH,984.67,991.38,979.73,985.94,805.075
2024-11-08 21:00:00+00:00,ETH,985.94,989.36,976.8,984.36,398.6434
2024-11-08 22:00:00+00:00,ETH,984.36,985.65,967.05,974.14,825.1912
2024-11-08 23:00:00+00:00,ETH,974.14,981.77,971.52,971.67,305.936
2024-11-09 00:00:00+00:00,ETH,971.67,977.46,956.7,958.42,523.0601
2024-11-09 01:00:00+00:00,ETH,958.42,978.53,949.54,973.93,797.509
2024-11-09 02:00:00+00:00,ETH,973.93,978.39,967.23,977.96,430.8796
2024-11-09 03:00:00+00:00,ETH,977.96,982.65,974.83,978.82,797.6557
2024-11-09 04:00:00+00:00,ETH,978.82,982.41,977.13,980.24,613.8705
2024-11-09 05:00:00+00:00,ETH,980.24,994.34,975.3,986.74,705.2839
2024-11-09 06:00:00+00:00,ETH,986.74,997.23,982.69,992.02,534.0719
2024-11-09 07:00:00+00:00,ETH,992.02,1000.85,990.45,993.43,657.1078
2024-11-09 08:00:00+00:00,ETH,993.43,1003.65,979.13,999.98,647.4155
2024-11-09 09:00:00+00:00,ETH,999.98,1000.61,981.74,988.96,307.0399
2024-11-09 10:00:00+00:00,ETH,988.96,989.57,973.71,974.57,308.9964
2024-11-09 11:00:00+00:00,ETH,974.57,975.12,973.01,973.38,642.1328
2024-11-09 12:00:00+00:00,ETH,973.38,976.08,950.34,970.07,536.552
2024-11-09 13:00:00+00:00,ETH,970.07,973.75,962.81,966.83,589.0794
2024-11-09 14:00:00+00:00,ETH,966.83,971.6,963.36,971.36,417.015
2024-11-09 15:00:00+00:00,ETH,971.36,971.46,956.6,967.64,721.0878
2024-11-09 16:00:00+00:00,ETH,967.64,969.99,963.03,969.37,605.7228
2024-11-09 17:00:00+00:00,ETH,969.37,979.84,967.74,974.6,386.9703
2024-11-09 18:00:00+00:00,ETH,974.6,980.19,956.15,976.5,425.9027
2024-11-09 19:00:00+00:00,ETH,976.5,982.3,975.97,978.64,715.6148
2024-11-09 20:00:00+00:00,ETH,978.64,992.85,976.78,984.0,309.6273
2024-11-09 21:00:00+00:00,ETH,984.0,992.46,980.5,983.84,648.8113
2024-11-09 22:00:00+00:00,ETH,983.84,984.37,973.66,976.5,636.8127
2024-11-09 23:00:00+00:00,ETH,976.5,984.14,968.34,972.67,522.3785
2024-11-10 00:00:00+00:00,ETH,972.67,987.11,968.65,981.17,389.6515
2024-11-10 01:00:00+00:00,ETH,981.17,989.15,978.8,985.99,523.4703
2024-11-10 02:00:00+00:00,ETH,985.99,1003.21,976.56,993.47,525.6076
2024-11-10 03:00:00+00:00,ETH,993.47,1013.58,987.93,1000.09,264.8724
2024-11-10 04:00:00+00:00,ETH,1000.09,1010.18,984.16,1007.36,833.012
2024-11-10 05:00:00+00:00,ETH,1007.36,1015.66,999.0,1015.13,354.0933
2024-11-10 06:00:00+00:00,ETH,1015.13,1035.52,1007.05,1020.82,600.5292
2024-11-10 07:00:00+00:00,ETH,1020.82,1026.42,1018.71,1022.67,809.4444
2024-11-10 08:00:00+00:00,ETH,1022.67,1022.8,1013.06,1016.1,484.9462
2024-11-10 09:00:00+00:00,ETH,1016.1,1024.84,1010.13,1024.26,254.0385
2024-11-10 10:00:00+00:00,ETH,1024.26,1030.05,1019.71,1025.0,632.8107
2024-11-10 11:00:00+00:00,ETH,1025.0,1025.84,1020.1,1025.55,301.5494
2024-11-10 12:00:00+00:00,ETH,1025.55,1037.02,1018.51,1019.27,373.4738
2024-11-10 13:00:00+00:00,ETH,1019.27,1035.89,1016.12,1031.61,739.8167
2024-11-10 14:00:00+00:00,ETH,1031.61,1033.6,1027.93,1028.64,712.801
2024-11-10 15:00:00+00:00,ETH,1028.64,1032.85,1013.99,1020.91,644.3387
2024-11-10 16:00:00+00:00,ETH,1020.91,1029.47,1018.6,1026.22,671.8227
2024-11-10 17:00:00+00:00,ETH,1026.22,1033.95,1020.4,1030.23,450.6066
2024-11-10 18:00:00+00:00,ETH,1030.23,1034.59,1023.34,1026.82,351.6391
2024-11-10 19:00:00+00:00,ETH,1026.82,1035.8,1023.66,1033.83,566.6792
2024-11-10 20:00:00+00:00,ETH,1033.83,1033.96,1024.9,1026.09,719.8294
2024-11-10 21:00:00+00:00,ETH,1026.09,1026.6,1020.43,1023.84,349.3331
2024-11-10 22:00:00+00:00,ETH,1023.84,1042.32,1016.27,1018.19,521.5206
2024-11-10 23:00:00+00:00,ETH,1018.19,1027.73,1013.63,1023.11,886.8449
2024-11-11 00:00:00+00:00,ETH,1023.11,1032.15,1004.01,1014.45,426.6309
2024-11-11 01:00:00+00:00,ETH,1014.45,1032.9,1008.38,1022.09,552.8834
2024-11-11 02:00:00+00:00,ETH,1022.09,1027.75,1018.84,1027.17,507.6822
2024-11-11 03:00:00+00:00,ETH,1027.17,1027.79,1013.66,1018.47,403.1535
2024-11-11 04:00:00+00:00,ETH,1018.47,1033.66,1018.22,1029.78,321.1395
2024-11-11 05:00:00+00:00,ETH,1029.78,1041.91,1025.54,1029.11,434.2827
2024-11-11 06:00:00+00:00,ETH,1029.11,1030.17,1024.14,1024.19,575.1393
2024-11-11 07:00:00+00:00,ETH,1024.19,1029.99,1015.65,1025.04,447.922
2024-11-11 08:00:00+00:00,ETH,1025.04,1033.27,1023.05,1029.01,192.0622
2024-11-11 09:00:00+00:00,ETH,1029.01,1030.78,1014.83,1025.02,505.2121
2024-11-11 10:00:00+00:00,ETH,1025.02,1036.2,1024.17,1033.88,400.7798
2024-11-11 11:00:00+00:00,ETH,1033.88,1035.36,1010.39,1027.99,433.4959
2024-11-11 12:00:00+00:00,ETH,1027.99,1037.6,1015.58,1020.03,655.0069
2024-11-11 13:00:00+00:00,ETH,1020.03,1025.61,1014.17,1017.85,562.0978
2024-11-11 14:00:00+00:00,ETH,1017.85,1017.94,1017.7,1017.94,1017.5899
2024-11-11 15:00:00+00:00,ETH,1017.94,1022.84,1007.42,1020.49,408.6038
2024-11-11 16:00:00+00:00,ETH,1020.49,1029.46,1009.05,1017.61,469.0291
2024-11-11 17:00:00+00:00,ETH,1017.61,1035.55,1012.86,1024.78,667.682
2024-11-11 18:00:00+00:00,ETH,1024.78,1031.23,1010.55,1012.33,713.628
2024-11-11 19:00:00+00:00,ETH,1012.33,1017.95,1001.38,1013.99,408.0857
2024-11-11 20:00:00+00:00,ETH,1013.99,1014.99,1001.94,1008.93,508.83
2024-11-11 21:00:00+00:00,ETH,1008.93,1021.92,989.6,998.79,497.7539
2024-11-11 22:00:00+00:00,ETH,998.79,1007.06,997.36,1007.05,631.7097
2024-11-11 23:00:00+00:00,ETH,1007.05,1011.23,996.45,1000.95,771.5819
2024-11-12 00:00:00+00:00,ETH,1000.95,1003.06,992.87,1002.98,599.601
2024-11-12 01:00:00+00:00,ETH,1002.98,1004.41,988.79,995.03,709.2019
2024-11-12 02:00:00+00:00,ETH,995.03,1003.54,992.54,999.48,723.7508
2024-11-12 03:00:00+00:00,ETH,999.48,1008.01,990.75,991.36,1051.9514
2024-11-12 04:00:00+00:00,ETH,991.36,1000.49,986.49,997.62,577.727
2024-11-12 05:00:00+00:00,ETH,997.62,1000.04,989.67,995.45,497.8491
2024-11-12 06:00:00+00:00,ETH,995.45,1011.16,990.56,999.76,554.5568
2024-11-12 07:00:00+00:00,ETH,999.76,1000.86,997.92,998.61,530.0209
2024-11-12 08:00:00+00:00,ETH,998.61,1002.7,989.84,1001.09,600.4304
2024-11-12 09:00:00+00:00,ETH,1001.09,1007.96,992.54,1006.18,444.7977
2024-11-12 10:00:00+00:00,ETH,1006.18,1011.65,999.4,1008.08,589.4938
2024-11-12 11:00:00+00:00,ETH,1008.08,1008.24,996.34,1001.3,861.2429
2024-11-12 12:00:00+00:00,ETH,1001.3,1002.71,983.03,985.24,385.2314
2024-11-12 13:00:00+00:00,ETH,985.24,986.48,977.81,979.52,624.5965
2024-11-12 14:00:00+00:00,ETH,979.52,985.4,970.68,983.82,775.585
2024-11-12 15:00:00+00:00,ETH,983.82,992.57,980.93,982.56,559.1611
2024-11-12 16:00:00+00:00,ETH,982.56,985.27,974.34,980.45,377.8729
2024-11-12 17:00:00+00:00,ETH,980.45,986.4,968.21,975.3,679.3775
2024-11-12 18:00:00+00:00,ETH,975.3,990.52,971.03,989.85,457.0901
2024-11-12 19:00:00+00:00,ETH,989.85,1003.21,979.24,992.87,388.772
2024-11-12 20:00:00+00:00,ETH,992.87,996.14,987.74,989.79,483.0206
2024-11-12 21:00:00+00:00,ETH,989.79,992.79,978.07,979.72,420.5335
2024-11-12 22:00:00+00:00,ETH,979.72,991.25,974.76,984.44,348.494
2024-11-12 23:00:00+00:00,ETH,984.44,991.56,977.03,980.83,326.255
2024-11-13 00:00:00+00:00,ETH,980.83,988.66,966.26,983.0,325.7757
2024-11-13 01:00:00+00:00,ETH,983.0,987.77,973.49,974.3,532.1596
2024-11-13 02:00:00+00:00,ETH,974.3,977.09,956.64,957.07,509.3103
2024-11-13 03:00:00+00:00,ETH,957.07,960.01,953.16,958.3,338.0323
2024-11-13 04:00:00+00:00,ETH,958.3,967.39,954.53,963.89,448.4348
2024-11-13 05:00:00+00:00,ETH,963.89,973.89,953.65,963.47,508.5082
2024-11-13 06:00:00+00:00,ETH,963.47,965.25,954.69,962.38,836.5833
2024-11-13 07:00:00+00:00,ETH,962.38,975.0,954.39,962.49,761.8363
2024-11-13 08:00:00+00:00,ETH,962.49,966.5,950.83,958.27,500.6943
2024-11-13 09:00:00+00:00,ETH,958.27,960.47,957.51,957.52,303.5088
2024-11-13 10:00:00+00:00,ETH,957.52,966.92,957.07,962.65,813.5829
2024-11-13 11:00:00+00:00,ETH,962.65,970.88,956.27,960.53,310.8885
2024-11-13 12:00:00+00:00,ETH,960.53,962.46,946.82,961.0,612.4273
2024-11-13 13:00:00+00:00,ETH,961.0,969.13,951.04,963.06,362.3811
2024-11-13 14:00:00+00:00,ETH,963.06,970.71,960.4,961.73,412.2644
2024-11-13 15:00:00+00:00,ETH,961.73,963.88,947.1,952.52,688.3862
2024-11-13 16:00:00+00:00,ETH,952.52,960.43,949.27,957.32,696.2008
2024-11-13 17:00:00+00:00,ETH,957.32,974.71,952.07,958.06,266.4257
2024-11-13 18:00:00+00:00,ETH,958.06,962.23,949.07,957.28,609.6633
2024-11-13 19:00:00+00:00,ETH,957.28,958.0,949.64,956.8,545.878
2024-11-13 20:00:00+00:00,ETH,956.8,963.53,954.7,959.67,771.747
2024-11-13 21:00:00+00:00,ETH,959.67,978.82,949.91,958.95,400.0093
2024-11-13 22:00:00+00:00,ETH,958.95,960.35,946.42,956.54,460.8483
2024-11-13 23:00:00+00:00,ETH,956.54,956.86,952.61,952.79,761.4907
2024-11-14 00:00:00+00:00,ETH,952.79,967.86,949.56,960.73,508.9235
2024-11-14 01:00:00+00:00,ETH,960.73,968.5,957.23,962.78,585.9609
2024-11-14 02:00:00+00:00,ETH,962.78,964.76,956.7,957.4,403.2738
2024-11-14 03:00:00+00:00,ETH,957.4,963.16,954.38,958.57,605.7532
2024-11-14 04:00:00+00:00,ETH,958.57,968.36,952.65,965.62,419.0029
2024-11-14 05:00:00+00:00,ETH,965.62,987.52,963.43,983.08,454.5308
2024-11-14 06:00:00+00:00,ETH,983.08,993.29,970.42,975.83,402.5533
2024-11-14 07:00:00+00:00,ETH,975.83,983.88,961.16,964.24,433.8606
2024-11-14 08:00:00+00:00,ETH,964.24,973.64,961.4,970.0,370.5322
2024-11-14 09:00:00+00:00,ETH,970.0,980.2,963.3,971.23,311.4868
2024-11-14 10:00:00+00:00,ETH,971.23,976.83,962.36,963.45,491.2065
2024-11-14 11:00:00+00:00,ETH,963.45,972.5,956.87,969.83,493.5406
2024-11-14 12:00:00+00:00,ETH,969.83,985.04,960.24,968.72,376.9846
2024-11-14 13:00:00+00:00,ETH,968.72,980.58,968.06,975.16,514.7873
2024-11-14 14:00:00+00:00,ETH,975.16,986.66,972.33,980.24,337.8848
2024-11-14 15:00:00+00:00,ETH,980.24,987.98,977.12,984.4,506.7491
2024-11-14 16:00:00+00:00,ETH,984.4,986.38,979.45,980.25,343.1533
2024-11-14 17:00:00+00:00,ETH,980.25,986.94,977.58,978.02,586.3141
2024-11-14 18:00:00+00:00,ETH,978.02,995.47,972.12,994.12,323.8923
2024-11-14 19:00:00+00:00,ETH,994.12,1003.9,993.66,1001.56,552.3223
2024-11-14 20:00:00+00:00,ETH,1001.56,1005.89,993.32,995.83,519.1774
2024-11-14 21:00:00+00:00,ETH,995.83,997.17,986.82,990.98,734.937
2024-11-14 22:00:00+00:00,ETH,990.98,994.97,986.3,991.05,617.0573
2024-11-14 23:00:00+00:00,ETH,991.05,998.1,982.27,986.33,315.3552
2024-11-15 00:00:00+00:00,ETH,986.33,996.78,979.12,990.36,484.4918
2024-11-15 01:00:00+00:00,ETH,990.36,998.66,980.72,988.85,588.2462
2024-11-15 02:00:00+00:00,ETH,988.85,993.84,980.88,991.68,426.7766
2024-11-15 03:00:00+00:00,ETH,991.68,1004.38,988.56,998.6,798.4473
2024-11-15 04:00:00+00:00,ETH,998.6,1004.15,984.8,1003.25,541.6162
2024-11-15 05:00:00+00:00,ETH,1003.25,1006.04,990.01,994.53,419.2418
2024-11-15 06:00:00+00:00,ETH,994.53,996.35,987.5,994.71,498.6888
2024-11-15 07:00:00+00:00,ETH,994.71,1006.72,992.83,998.44,354.5654
2024-11-15 08:00:00+00:00,ETH,998.44,1006.91,991.26,1000.65,474.3632
2024-11-15 09:00:00+00:00,ETH,1000.65,1001.35,990.01,999.49,546.6108
2024-11-15 10:00:00+00:00,ETH,999.49,1003.93,991.89,1002.18,690.6461
2024-11-15 11:00:00+00:00,ETH,1002.18,1002.79,993.66,996.23,428.9835
2024-11-15 12:00:00+00:00,ETH,996.23,997.9,990.32,992.49,254.0756
2024-11-15 13:00:00+00:00,ETH,992.49,996.05,971.08,987.12,620.9676
2024-11-15 14:00:00+00:00,ETH,987.12,989.14,980.93,981.09,766.8109
2024-11-15 15:00:00+00:00,ETH,981.09,993.33,980.32,987.17,314.6932
2024-11-15 16:00:00+00:00,ETH,987.17,995.23,982.43,984.96,1025.2346
2024-11-15 17:00:00+00:00,ETH,984.96,999.4,980.39,993.26,496.7204
2024-11-15 18:00:00+00:00,ETH,993.26,995.63,980.9,984.05,648.5409
2024-11-15 19:00:00+00:00,ETH,984.05,989.71,970.58,981.52,381.8965
2024-11-15 20:00:00+00:00,ETH,981.52,992.6,974.73,984.23,491.7004
2024-11-15 21:00:00+00:00,ETH,984.23,987.46,970.35,978.23,580.1815
2024-11-15 22:00:00+00:00,ETH,978.23,995.07,971.26,991.3,687.7495
2024-11-15 23:00:00+00:00,ETH,991.3,997.23,986.38,991.05,388.683
2024-11-16 00:00:00+00:00,ETH,991.05,1000.46,988.97,996.52,475.419
2024-11-16 01:00:00+00:00,ETH,996.52,999.76,993.67,997.12,428.5973
2024-11-16 02:00:00+00:00,ETH,997.12,1007.18,992.48,1004.59,265.1081
2024-11-16 03:00:00+00:00,ETH,1004.59,1015.1,997.27,1010.45,356.4156
2024-11-16 04:00:00+00:00,ETH,1010.45,1013.16,1010.19,1010.24,716.6493
2024-11-16 05:00:00+00:00,ETH,1010.24,1033.89,995.7,1012.68,461.3308
2024-11-16 06:00:00+00:00,ETH,1012.68,1022.36,1012.4,1021.17,733.513
2024-11-16 07:00:00+00:00,ETH,1021.17,1023.48,1018.92,1023.44,508.2936
2024-11-16 08:00:00+00:00,ETH,1023.44,1037.59,1022.99,1036.03,729.8587
2024-11-16 09:00:00+00:00,ETH,1036.03,1039.97,1030.84,1039.42,408.0294
2024-11-16 10:00:00+00:00,ETH,1039.42,1046.8,1030.81,1036.88,725.332
2024-11-16 11:00:00+00:00,ETH,1036.88,1051.27,1028.72,1042.98,439.002
2024-11-16 12:00:00+00:00,ETH,1042.98,1047.13,1041.48,1043.13,797.043
2024-11-16 13:00:00+00:00,ETH,1043.13,1046.99,1034.74,1035.77,515.0797
2024-11-16 14:00:00+00:00,ETH,1035.77,1037.18,1030.98,1035.55,641.9471
2024-11-16 15:00:00+00:00,ETH,1035.55,1041.65,1034.03,1038.06,403.8373
2024-11-16 16:00:00+00:00,ETH,1038.06,1041.31,1032.72,1036.79,418.2338
2024-11-16 17:00:00+00:00,ETH,1036.79,1039.98,1032.29,1038.88,400.3765
2024-11-16 18:00:00+00:00,ETH,1038.88,1045.44,1034.34,1038.27,373.7875
2024-11-16 19:00:00+00:00,ETH,1038.27,1045.88,1036.72,1038.66,371.0317
2024-11-16 20:00:00+00:00,ETH,1038.66,1039.05,1033.94,1036.6,833.5738
2024-11-16 21:00:00+00:00,ETH,1036.6,1040.38,1024.17,1027.45,303.3946
2024-11-16 22:00:00+00:00,ETH,1027.45,1048.22,1026.53,1038.52,507.4412
2024-11-16 23:00:00+00:00,ETH,1038.52,1050.99,1038.11,1046.51,403.3537
2024-11-17 00:00:00+00:00,ETH,1046.51,1051.32,1043.12,1048.3,336.5079
2024-11-17 01:00:00+00:00,ETH,1048.3,1061.17,1045.64,1052.79,724.091
2024-11-17 02:00:00+00:00,ETH,1052.79,1057.32,1048.28,1050.86,586.9395
2024-11-17 03:00:00+00:00,ETH,1050.86,1052.23,1048.71,1049.32,711.3116
2024-11-17 04:00:00+00:00,ETH,1049.32,1055.15,1030.0,1053.24,287.7257
2024-11-17 05:00:00+00:00,ETH,1053.24,1067.34,1041.79,1062.95,816.8075
2024-11-17 06:00:00+00:00,ETH,1062.95,1064.14,1057.66,1057.9,478.2745
2024-11-17 07:00:00+00:00,ETH,1057.9,1064.83,1056.16,1056.91,553.3727
2024-11-17 08:00:00+00:00,ETH,1056.91,1066.4,1048.58,1060.65,451.1337
2024-11-17 09:00:00+00:00,ETH,1060.65,1066.41,1050.26,1057.94,348.197
2024-11-17 10:00:00+00:00,ETH,1057.94,1065.91,1045.53,1054.13,575.3091
2024-11-17 11:00:00+00:00,ETH,1054.13,1071.13,1043.55,1062.36,477.3575
2024-11-17 12:00:00+00:00,ETH,1062.36,1066.79,1060.91,1063.72,663.9705
2024-11-17 13:00:00+00:00,ETH,1063.72,1065.29,1059.83,1064.4,507.2629
2024-11-17 14:00:00+00:00,ETH,1064.4,1066.03,1053.99,1062.8,444.7514
2024-11-17 15:00:00+00:00,ETH,1062.8,1077.49,1061.15,1076.28,366.6468
2024-11-17 16:00:00+00:00,ETH,1076.28,1081.44,1065.13,1070.11,425.5078
2024-11-17 17:00:00+00:00,ETH,1070.11,1074.59,1068.25,1070.43,399.8424
2024-11-17 18:00:00+00:00,ETH,1070.43,1086.34,1053.7,1058.96,574.4248
2024-11-17 19:00:00+00:00,ETH,1058.96,1074.84,1054.77,1071.51,522.5934
2024-11-17 20:00:00+00:00,ETH,1071.51,1078.28,1064.17,1065.01,532.1703
2024-11-17 21:00:00+00:00,ETH,1065.01,1069.9,1051.19,1054.11,617.3546
2024-11-17 22:00:00+00:00,ETH,1054.11,1057.67,1042.15,1054.95,308.9478
2024-11-17 23:00:00+00:00,ETH,1054.95,1071.62,1047.16,1064.14,550.7938
2024-11-18 00:00:00+00:00,ETH,1064.14,1078.23,1061.16,1068.86,404.6981
2024-11-18 01:00:00+00:00,ETH,1068.86,1087.58,1058.08,1077.57,713.3366
2024-11-18 02:00:00+00:00,ETH,1077.57,1082.24,1076.88,1079.91,441.7506
2024-11-18 03:00:00+00:00,ETH,1079.91,1089.92,1057.97,1071.4,518.3888
2024-11-18 04:00:00+00:00,ETH,1071.4,1083.51,1055.95,1074.81,658.114
2024-11-18 05:00:00+00:00,ETH,1074.81,1084.79,1067.23,1074.35,574.6769
2024-11-18 06:00:00+00:00,ETH,1074.35,1076.06,1061.55,1066.09,338.0338
2024-11-18 07:00:00+00:00,ETH,1066.09,1066.76,1059.28,1065.58,631.992
2024-11-18 08:00:00+00:00,ETH,1065.58,1067.87,1056.29,1066.66,556.315
2024-11-18 09:00:00+00:00,ETH,1066.66,1068.11,1064.71,1066.4,275.2327
2024-11-18 10:00:00+00:00,ETH,1066.4,1069.81,1064.65,1066.91,376.9969
2024-11-18 11:00:00+00:00,ETH,1066.91,1075.93,1061.64,1075.32,452.9804
2024-11-18 12:00:00+00:00,ETH,1075.32,1096.78,1074.88,1088.21,479.9584
2024-11-18 13:00:00+00:00,ETH,1088.21,1094.84,1072.85,1078.76,419.3638
2024-11-18 14:00:00+00:00,ETH,1078.76,1079.97,1070.86,1073.98,566.4375
2024-11-18 15:00:00+00:00,ETH,1073.98,1095.99,1066.98,1077.15,419.8312
2024-11-18 16:00:00+00:00,ETH,1077.15,1079.64,1070.77,1072.29,574.5211
2024-11-18 17:00:00+00:00,ETH,1072.29,1075.56,1062.16,1072.31,465.6669
2024-11-18 18:00:00+00:00,ETH,1072.31,1074.37,1065.49,1071.82,385.3585
2024-11-18 19:00:00+00:00,ETH,1071.82,1083.49,1064.47,1079.77,531.4439
2024-11-18 20:00:00+00:00,ETH,1079.77,1091.4,1078.98,1079.96,327.5915
2024-11-18 21:00:00+00:00,ETH,1079.96,1081.77,1067.73,1076.16,326.4819
2024-11-18 22:00:00+00:00,ETH,1076.16,1084.97,1068.77,1071.01,291.063
2024-11-18 23:00:00+00:00,ETH,1071.01,1077.4,1051.83,1062.74,508.1948
2024-11-19 00:00:00+00:00,ETH,1062.74,1072.82,1052.24,1059.0,579.7122
2024-11-19 01:00:00+00:00,ETH,1059.0,1090.98,1052.61,1068.85,842.9621
2024-11-19 02:00:00+00:00,ETH,1068.85,1079.39,1064.61,1067.12,307.1297
2024-11-19 03:00:00+00:00,ETH,1067.12,1073.86,1063.49,1066.75,606.8262
2024-11-19 04:00:00+00:00,ETH,1066.75,1074.04,1066.26,1073.88,408.9438
2024-11-19 05:00:00+00:00,ETH,1073.88,1079.03,1064.8,1067.68,311.1018
2024-11-19 06:00:00+00:00,ETH,1067.68,1077.31,1065.34,1072.24,598.2017
2024-11-19 07:00:00+00:00,ETH,1072.24,1076.38,1065.69,1071.6,577.7318
2024-11-19 08:00:00+00:00,ETH,1071.6,1073.43,1064.21,1069.53,377.7662
2024-11-19 09:00:00+00:00,ETH,1069.53,1084.37,1069.33,1076.53,404.4015
2024-11-19 10:00:00+00:00,ETH,1076.53,1079.73,1066.39,1076.62,590.2851
2024-11-19 11:00:00+00:00,ETH,1076.62,1078.75,1064.57,1064.58,345.3249
2024-11-19 12:00:00+00:00,ETH,1064.58,1084.49,1062.07,1081.99,315.0113
2024-11-19 13:00:00+00:00,ETH,1081.99,1103.24,1078.69,1089.89,991.6298
2024-11-19 14:00:00+00:00,ETH,1089.89,1100.47,1082.08,1092.04,383.2711
2024-11-19 15:00:00+00:00,ETH,1092.04,1096.0,1074.12,1079.14,332.1207
2024-11-19 16:00:00+00:00,ETH,1079.14,1082.57,1074.39,1077.03,594.2718
2024-11-19 17:00:00+00:00,ETH,1077.03,1083.3,1070.01,1083.25,412.0132
2024-11-19 18:00:00+00:00,ETH,1083.25,1091.92,1078.39,1080.16,314.4809
2024-11-19 19:00:00+00:00,ETH,1080.16,1083.2,1066.07,1073.48,480.9072
2024-11-19 20:00:00+00:00,ETH,1073.48,1089.09,1063.45,1079.45,738.9125
2024-11-19 21:00:00+00:00,ETH,1079.45,1083.46,1077.62,1082.91,349.2465
2024-11-19 22:00:00+00:00,ETH,1082.91,1085.61,1076.48,1076.92,401.6795
2024-11-19 23:00:00+00:00,ETH,1076.92,1085.91,1073.26,1085.76,358.5797
2024-11-20 00:00:00+00:00,ETH,1085.76,1097.45,1078.77,1092.49,792.3676
2024-11-20 01:00:00+00:00,ETH,1092.49,1107.95,1076.99,1099.8,1125.0849
2024-11-20 02:00:00+00:00,ETH,1099.8,1105.81,1072.74,1084.48,437.4802
2024-11-20 03:00:00+00:00,ETH,1084.48,1098.82,1079.89,1093.37,716.1549
2024-11-20 04:00:00+00:00,ETH,1093.37,1096.78,1083.57,1084.95,294.641
2024-11-20 05:00:00+00:00,ETH,1084.95,1092.88,1084.31,1086.71,823.847
2024-11-20 06:00:00+00:00,ETH,1086.71,1096.59,1078.44,1084.35,283.6378
2024-11-20 07:00:00+00:00,ETH,1084.35,1099.68,1067.23,1086.53,447.9561
2024-11-20 08:00:00+00:00,ETH,1086.53,1095.0,1083.14,1089.74,553.4116
2024-11-20 09:00:00+00:00,ETH,1089.74,1096.99,1085.78,1091.8,577.0447
2024-11-20 10:00:00+00:00,ETH,1091.8,1101.01,1091.66,1098.91,426.6941
2024-11-20 11:00:00+00:00,ETH,1098.91,1103.79,1097.11,1097.92,488.6526
2024-11-20 12:00:00+00:00,ETH,1097.92,1113.58,1095.25,1100.15,684.2352
2024-11-20 13:00:00+00:00,ETH,1100.15,1119.65,1090.33,1100.97,546.2834
2024-11-20 14:00:00+00:00,ETH,1100.97,1102.16,1087.73,1090.48,340.131
2024-11-20 15:00:00+00:00,ETH,1090.48,1105.32,1073.76,1076.6,446.301
2024-11-20 16:00:00+00:00,ETH,1076.6,1086.31,1071.15,1084.25,320.2823
2024-11-20 17:00:00+00:00,ETH,1084.25,1090.52,1081.86,1089.39,656.8065
2024-11-20 18:00:00+00:00,ETH,1089.39,1095.6,1079.08,1089.71,595.4947
2024-11-20 19:00:00+00:00,ETH,1089.71,1095.29,1080.38,1086.97,372.34
2024-11-20 20:00:00+00:00,ETH,1086.97,1091.61,1081.79,1086.5,514.17
2024-11-20 21:00:00+00:00,ETH,1086.5,1098.31,1083.31,1088.81,595.9882
2024-11-20 22:00:00+00:00,ETH,1088.81,1095.12,1079.23,1080.36,298.4102
2024-11-20 23:00:00+00:00,ETH,1080.36,1086.43,1072.65,1073.53,322.5313
2024-11-21 00:00:00+00:00,ETH,1073.53,1079.45,1071.86,1079.01,403.2715
2024-11-21 01:00:00+00:00,ETH,1079.01,1082.73,1074.03,1074.53,798.6832
2024-11-21 02:00:00+00:00,ETH,1074.53,1079.83,1074.05,1075.38,578.2611
2024-11-21 03:00:00+00:00,ETH,1075.38,1080.06,1067.02,1074.61,644.9353
2024-11-21 04:00:00+00:00,ETH,1074.61,1079.97,1071.02,1075.88,540.0801
2024-11-21 05:00:00+00:00,ETH,1075.88,1084.68,1067.74,1083.97,304.9046
2024-11-21 06:00:00+00:00,ETH,1083.97,1084.78,1076.27,1079.58,800.3606
2024-11-21 07:00:00+00:00,ETH,1079.58,1082.35,1071.32,1076.53,501.7543
2024-11-21 08:00:00+00:00,ETH,1076.53,1082.82,1062.3,1071.81,476.3353
2024-11-21 09:00:00+00:00,ETH,1071.81,1073.55,1067.87,1068.21,420.3532
2024-11-21 10:00:00+00:00,ETH,1068.21,1073.81,1053.66,1056.45,424.9808
2024-11-21 11:00:00+00:00,ETH,1056.45,1061.05,1054.16,1059.28,1132.635
2024-11-21 12:00:00+00:00,ETH,1059.28,1064.37,1046.13,1050.93,937.1052
2024-11-21 13:00:00+00:00,ETH,1050.93,1061.5,1042.47,1057.45,1010.1184
2024-11-21 14:00:00+00:00,ETH,1057.45,1063.75,1045.55,1045.78,458.324
2024-11-21 15:00:00+00:00,ETH,1045.78,1052.03,1032.64,1035.45,589.0041
2024-11-21 16:00:00+00:00,ETH,1035.45,1042.67,1028.15,1036.57,931.9829
2024-11-21 17:00:00+00:00,ETH,1036.57,1046.19,1029.72,1033.44,437.5223
2024-11-21 18:00:00+00:00,ETH,1033.44,1044.73,1027.97,1035.23,330.195
2024-11-21 19:00:00+00:00,ETH,1035.23,1036.36,1024.94,1033.62,496.0103
2024-11-21 20:00:00+00:00,ETH,1033.62,1038.47,1017.7,1026.57,474.9692
2024-11-21 21:00:00+00:00,ETH,1026.57,1031.74,1014.98,1017.36,428.4268
2024-11-21 22:00:00+00:00,ETH,1017.36,1022.51,1006.57,1012.8,534.3424
2024-11-21 23:00:00+00:00,ETH,1012.8,1016.72,1005.67,1005.77,566.0718
2024-11-22 00:00:00+00:00,ETH,1005.77,1030.38,991.83,1023.83,394.0493
2024-11-22 01:00:00+00:00,ETH,1023.83,1033.27,1023.08,1026.71,1006.1526
2024-11-22 02:00:00+00:00,ETH,1026.71,1027.68,1020.74,1025.38,499.2881
2024-11-22 03:00:00+00:00,ETH,1025.38,1041.83,1021.89,1029.56,838.8291
2024-11-22 04:00:00+00:00,ETH,1029.56,1032.55,1028.8,1031.64,446.1566
2024-11-22 05:00:00+00:00,ETH,1031.64,1052.92,1027.83,1040.25,1248.9739
2024-11-22 06:00:00+00:00,ETH,1040.25,1053.54,1028.02,1033.68,891.2611
2024-11-22 07:00:00+00:00,ETH,1033.68,1045.79,1033.4,1037.24,507.9922
2024-11-22 08:00:00+00:00,ETH,1037.24,1043.56,1028.63,1040.99,534.378
2024-11-22 09:00:00+00:00,ETH,1040.99,1043.49,1030.88,1041.48,408.6917
2024-11-22 10:00:00+00:00,ETH,1041.48,1046.04,1029.09,1032.87,386.1754
2024-11-22 11:00:00+00:00,ETH,1032.87,1043.39,1026.07,1040.08,687.9634
2024-11-22 12:00:00+00:00,ETH,1040.08,1040.2,1034.94,1037.5,617.1299
2024-11-22 13:00:00+00:00,ETH,1037.5,1044.78,1033.92,1043.41,382.2862
2024-11-22 14:00:00+00:00,ETH,1043.41,1044.97,1028.09,1036.94,268.2296
2024-11-22 15:00:00+00:00,ETH,1036.94,1043.22,1030.1,1033.01,500.9084
2024-11-22 16:00:00+00:00,ETH,1033.01,1036.34,1026.14,1032.28,613.3424
2024-11-22 17:00:00+00:00,ETH,1032.28,1037.09,1026.04,1028.16,716.248
2024-11-22 18:00:00+00:00,ETH,1028.16,1032.25,1012.22,1019.43,587.4329
2024-11-22 19:00:00+00:00,ETH,1019.43,1031.34,1018.63,1024.43,305.8639
2024-11-22 20:00:00+00:00,ETH,1024.43,1043.76,1024.12,1031.01,374.0967
2024-11-22 21:00:00+00:00,ETH,1031.01,1036.63,1029.37,1034.72,407.4863
2024-11-22 22:00:00+00:00,ETH,1034.72,1038.89,1029.76,1032.1,263.605
2024-11-22 23:00:00+00:00,ETH,1032.1,1033.33,1019.16,1022.57,330.0613
2024-11-23 00:00:00+00:00,ETH,1022.57,1028.32,1021.45,1025.77,667.2272
2024-11-23 01:00:00+00:00,ETH,1025.77,1049.13,1023.23,1041.2,690.2016
2024-11-23 02:00:00+00:00,ETH,1041.2,1055.63,1036.95,1038.44,875.5924
2024-11-23 03:00:00+00:00,ETH,1038.44,1040.74,1035.42,1037.51,411.275
2024-11-23 04:00:00+00:00,ETH,1037.51,1044.02,1022.38,1041.53,336.4075
2024-11-23 05:00:00+00:00,ETH,1041.53,1053.75,1036.91,1049.56,207.0257
2024-11-23 06:00:00+00:00,ETH,1049.56,1054.24,1041.56,1043.94,394.3733
2024-11-23 07:00:00+00:00,ETH,1043.94,1044.01,1036.39,1039.08,328.7821
2024-11-23 08:00:00+00:00,ETH,1039.08,1040.63,1023.54,1031.61,497.6802
2024-11-23 09:00:00+00:00,ETH,1031.61,1037.53,1021.5,1035.39,411.6138
2024-11-23 10:00:00+00:00,ETH,1035.39,1037.77,1026.92,1032.32,601.405
2024-11-23 11:00:00+00:00,ETH,1032.32,1038.61,1016.56,1025.48,249.519
2024-11-23 12:00:00+00:00,ETH,1025.48,1037.93,1020.67,1033.68,447.4897
2024-11-23 13:00:00+00:00,ETH,1033.68,1034.49,1019.88,1030.66,279.6722
2024-11-23 14:00:00+00:00,ETH,1030.66,1033.23,1018.59,1019.82,354.2892
2024-11-23 15:00:00+00:00,ETH,1019.82,1029.09,998.34,1003.08,222.4704
2024-11-23 16:00:00+00:00,ETH,1003.08,1012.09,996.17,998.32,338.7902
2024-11-23 17:00:00+00:00,ETH,998.32,1004.47,996.24,1000.78,588.8217
2024-11-23 18:00:00+00:00,ETH,1000.78,1007.14,995.11,995.28,449.2496
2024-11-23 19:00:00+00:00,ETH,995.28,1000.64,990.48,999.22,224.1952
2024-11-23 20:00:00+00:00,ETH,999.22,1001.55,984.1,993.54,844.7452
2024-11-23 21:00:00+00:00,ETH,993.54,1009.19,987.67,997.33,519.9515
2024-11-23 22:00:00+00:00,ETH,997.33,1002.78,989.37,996.37,392.58
2024-11-23 23:00:00+00:00,ETH,996.37,1004.56,994.18,1002.49,549.4736
2024-11-24 00:00:00+00:00,ETH,1002.49,1010.63,1000.96,1004.43,535.9096
2024-11-24 01:00:00+00:00,ETH,1004.43,1008.41,1002.22,1006.06,735.1778
2024-11-24 02:00:00+00:00,ETH,1006.06,1009.75,1002.65,1006.52,543.8628
2024-11-24 03:00:00+00:00,ETH,1006.52,1009.94,990.89,998.91,588.9182
2024-11-24 04:00:00+00:00,ETH,998.91,1009.23,998.1,1005.24,598.4698
2024-11-24 05:00:00+00:00,ETH,1005.24,1012.22,996.4,998.9,497.6028
2024-11-24 06:00:00+00:00,ETH,998.9,999.96,993.66,999.41,590.4478
2024-11-24 07:00:00+00:00,ETH,999.41,1005.56,997.24,997.29,942.4269
2024-11-24 08:00:00+00:00,ETH,997.29,1009.19,989.46,1006.91,319.2996
2024-11-24 09:00:00+00:00,ETH,1006.91,1019.39,999.83,1017.9,488.2623
2024-11-24 10:00:00+00:00,ETH,1017.9,1026.15,1015.42,1025.62,326.17
2024-11-24 11:00:00+00:00,ETH,1025.62,1031.33,1018.12,1030.77,1017.4002
2024-11-24 12:00:00+00:00,ETH,1030.77,1045.69,1021.06,1040.51,459.502
2024-11-24 13:00:00+00:00,ETH,1040.51,1045.67,1035.03,1045.42,601.1011
2024-11-24 14:00:00+00:00,ETH,1045.42,1062.73,1043.57,1054.39,645.0877
2024-11-24 15:00:00+00:00,ETH,1054.39,1062.68,1053.75,1055.15,1119.8661
2024-11-24 16:00:00+00:00,ETH,1055.15,1061.0,1028.88,1046.95,593.5349
2024-11-24 17:00:00+00:00,ETH,1046.95,1068.25,1037.69,1065.68,365.953
2024-11-24 18:00:00+00:00,ETH,1065.68,1073.91,1058.67,1072.58,422.4408
2024-11-24 19:00:00+00:00,ETH,1072.58,1080.14,1069.25,1077.84,298.3767
2024-11-24 20:00:00+00:00,ETH,1077.84,1085.61,1066.73,1075.05,654.408
2024-11-24 21:00:00+00:00,ETH,1075.05,1080.47,1063.23,1074.68,572.2564
2024-11-24 22:00:00+00:00,ETH,1074.68,1087.75,1070.32,1077.06,398.277
2024-11-24 23:00:00+00:00,ETH,1077.06,1083.73,1068.94,1079.13,483.3904
2024-11-25 00:00:00+00:00,ETH,1079.13,1082.45,1040.1,1064.44,437.6932
2024-11-25 01:00:00+00:00,ETH,1064.44,1072.06,1060.62,1062.88,814.7813
2024-11-25 02:00:00+00:00,ETH,1062.88,1063.75,1037.64,1049.32,715.7582
2024-11-25 03:00:00+00:00,ETH,1049.32,1049.47,1035.88,1049.39,460.5616
2024-11-25 04:00:00+00:00,ETH,1049.39,1052.61,1046.46,1049.27,471.7771
2024-11-25 05:00:00+00:00,ETH,1049.27,1049.83,1024.33,1039.28,427.7735
2024-11-25 06:00:00+00:00,ETH,1039.28,1048.95,1030.09,1030.3,406.0438
2024-11-25 07:00:00+00:00,ETH,1030.3,1042.35,1021.14,1035.08,429.3905
2024-11-25 08:00:00+00:00,ETH,1035.08,1039.97,1031.54,1038.5,555.4625
2024-11-25 09:00:00+00:00,ETH,1038.5,1038.76,1029.22,1034.98,416.1134
2024-11-25 10:00:00+00:00,ETH,1034.98,1038.23,1023.26,1026.18,768.535
2024-11-25 11:00:00+00:00,ETH,1026.18,1035.38,1026.0,1031.17,720.1426
2024-11-25 12:00:00+00:00,ETH,1031.17,1039.81,1024.42,1032.92,344.615
2024-11-25 13:00:00+00:00,ETH,1032.92,1035.08,1026.03,1028.5,612.9811
2024-11-25 14:00:00+00:00,ETH,1028.5,1031.05,1024.76,1026.97,390.4783
2024-11-25 15:00:00+00:00,ETH,1026.97,1029.86,1025.85,1026.44,404.5902
2024-11-25 16:00:00+00:00,ETH,1026.44,1026.81,1017.82,1021.19,573.3576
2024-11-25 17:00:00+00:00,ETH,1021.19,1028.55,1007.66,1010.13,843.4403
2024-11-25 18:00:00+00:00,ETH,1010.13,1024.18,1008.78,1020.45,406.0578
2024-11-25 19:00:00+00:00,ETH,1020.45,1033.43,1014.11,1015.81,519.1924
2024-11-25 20:00:00+00:00,ETH,1015.81,1022.56,1015.74,1018.73,371.1984
2024-11-25 21:00:00+00:00,ETH,1018.73,1020.92,1018.72,1020.81,688.5781
2024-11-25 22:00:00+00:00,ETH,1020.81,1024.16,1012.29,1014.85,369.3839
2024-11-25 23:00:00+00:00,ETH,1014.85,1038.8,1013.5,1020.23,228.5889
2024-11-26 00:00:00+00:00,ETH,1020.23,1031.47,1018.55,1026.75,782.3833
2024-11-26 01:00:00+00:00,ETH,1026.75,1036.41,1024.75,1032.22,436.6361
2024-11-26 02:00:00+00:00,ETH,1032.22,1042.08,1030.97,1039.08,453.6321
2024-11-26 03:00:00+00:00,ETH,1039.08,1046.93,1033.18,1034.58,587.5959
2024-11-26 04:00:00+00:00,ETH,1034.58,1038.6,1030.61,1036.69,462.6956
2024-11-26 05:00:00+00:00,ETH,1036.69,1040.33,1023.67,1037.77,584.0166
2024-11-26 06:00:00+00:00,ETH,1037.77,1043.5,1026.71,1032.89,561.7334
2024-11-26 07:00:00+00:00,ETH,1032.89,1034.9,1029.2,1034.22,361.8866
2024-11-26 08:00:00+00:00,ETH,1034.22,1034.62,1020.57,1030.55,1059.8657
2024-11-26 09:00:00+00:00,ETH,1030.55,1041.02,1025.46,1029.85,387.9905
2024-11-26 10:00:00+00:00,ETH,1029.85,1040.02,1024.19,1039.61,819.3254
2024-11-26 11:00:00+00:00,ETH,1039.61,1048.39,1026.45,1043.05,300.54
2024-11-26 12:00:00+00:00,ETH,1043.05,1043.17,1032.94,1035.82,343.8302
2024-11-26 13:00:00+00:00,ETH,1035.82,1035.92,1029.34,1034.78,377.4637
2024-11-26 14:00:00+00:00,ETH,1034.78,1038.45,1028.83,1033.28,1114.501
2024-11-26 15:00:00+00:00,ETH,1033.28,1045.2,1030.21,1042.78,638.0862
2024-11-26 16:00:00+00:00,ETH,1042.78,1046.92,1039.01,1045.36,568.3396
2024-11-26 17:00:00+00:00,ETH,1045.36,1059.74,1034.97,1049.09,639.5085
2024-11-26 18:00:00+00:00,ETH,1049.09,1056.41,1044.8,1047.68,629.0561
2024-11-26 19:00:00+00:00,ETH,1047.68,1052.95,1041.69,1047.93,567.7515
2024-11-26 20:00:00+00:00,ETH,1047.93,1055.88,1039.06,1042.06,475.3992
2024-11-26 21:00:00+00:00,ETH,1042.06,1053.41,1035.01,1050.65,479.9115
2024-11-26 22:00:00+00:00,ETH,1050.65,1051.71,1037.24,1041.77,345.7725
2024-11-26 23:00:00+00:00,ETH,1041.77,1053.98,1039.59,1044.2,410.3025
2024-11-27 00:00:00+00:00,ETH,1044.2,1048.91,1039.72,1044.36,503.9243
2024-11-27 01:00:00+00:00,ETH,1044.36,1047.1,1036.85,1046.31,383.774
2024-11-27 02:00:00+00:00,ETH,1046.31,1047.97,1041.9,1042.07,322.5204
2024-11-27 03:00:00+00:00,ETH,1042.07,1053.31,1034.25,1049.16,648.0899
2024-11-27 04:00:00+00:00,ETH,1049.16,1050.71,1035.22,1044.41,671.9139
2024-11-27 05:00:00+00:00,ETH,1044.41,1054.75,1040.49,1050.44,356.0895
2024-11-27 06:00:00+00:00,ETH,1050.44,1054.32,1048.12,1051.23,361.5913
2024-11-27 07:00:00+00:00,ETH,1051.23,1059.44,1050.97,1054.81,483.2951
2024-11-27 08:00:00+00:00,ETH,1054.81,1084.56,1048.06,1071.1,393.0518
2024-11-27 09:00:00+00:00,ETH,1071.1,1073.46,1059.1,1064.34,515.8996
2024-11-27 10:00:00+00:00,ETH,1064.34,1071.29,1063.33,1064.41,626.8291
2024-11-27 11:00:00+00:00,ETH,1064.41,1064.42,1049.31,1061.21,454.7345
2024-11-27 12:00:00+00:00,ETH,1061.21,1065.7,1049.64,1052.39,592.4585
2024-11-27 13:00:00+00:00,ETH,1052.39,1054.14,1038.66,1043.72,432.8556
2024-11-27 14:00:00+00:00,ETH,1043.72,1051.44,1035.93,1047.21,1007.4593
2024-11-27 15:00:00+00:00,ETH,1047.21,1048.73,1037.03,1044.8,364.9667
2024-11-27 16:00:00+00:00,ETH,1044.8,1047.98,1038.47,1041.1,446.8659
2024-11-27 17:00:00+00:00,ETH,1041.1,1050.64,1035.37,1044.84,638.3143
2024-11-27 18:00:00+00:00,ETH,1044.84,1056.53,1037.42,1041.47,457.1685
2024-11-27 19:00:00+00:00,ETH,1041.47,1046.67,1033.88,1036.7,659.5261
2024-11-27 20:00:00+00:00,ETH,1036.7,1038.64,1015.49,1019.26,670.4098
2024-11-27 21:00:00+00:00,ETH,1019.26,1034.77,1009.5,1011.15,487.0994
2024-11-27 22:00:00+00:00,ETH,1011.15,1019.52,1005.2,1013.92,469.5846
2024-11-27 23:00:00+00:00,ETH,1013.92,1017.97,998.52,1005.73,827.7384
2024-11-28 00:00:00+00:00,ETH,1005.73,1008.59,995.55,1003.99,953.2004
2024-11-28 01:00:00+00:00,ETH,1003.99,1017.31,1000.54,1008.7,317.2358
2024-11-28 02:00:00+00:00,ETH,1008.7,1016.63,1008.32,1014.05,974.3871
2024-11-28 03:00:00+00:00,ETH,1014.05,1016.88,1007.4,1013.43,381.764
2024-11-28 04:00:00+00:00,ETH,1013.43,1031.45,1009.12,1026.36,361.1944
2024-11-28 05:00:00+00:00,ETH,1026.36,1032.26,1025.6,1029.3,435.0339
2024-11-28 06:00:00+00:00,ETH,1029.3,1031.8,1025.09,1026.15,309.903
2024-11-28 07:00:00+00:00,ETH,1026.15,1031.86,1013.39,1024.53,434.7448
2024-11-28 08:00:00+00:00,ETH,1024.53,1029.29,1015.02,1018.27,637.4459
2024-11-28 09:00:00+00:00,ETH,1018.27,1019.68,1010.39,1017.24,1072.4441
2024-11-28 10:00:00+00:00,ETH,1017.24,1019.43,1004.19,1004.49,521.0823
2024-11-28 11:00:00+00:00,ETH,1004.49,1005.53,987.0,993.07,441.449
2024-11-28 12:00:00+00:00,ETH,993.07,997.61,983.66,991.22,461.1444
2024-11-28 13:00:00+00:00,ETH,991.22,997.31,984.34,987.87,299.1236
2024-11-28 14:00:00+00:00,ETH,987.87,993.5,982.13,985.08,315.167
2024-11-28 15:00:00+00:00,ETH,985.08,985.36,975.64,980.07,559.5794
2024-11-28 16:00:00+00:00,ETH,980.07,982.73,976.82,978.54,284.3353
2024-11-28 17:00:00+00:00,ETH,978.54,994.36,977.55,988.19,751.7039
2024-11-28 18:00:00+00:00,ETH,988.19,994.14,982.23,986.22,595.2414
2024-11-28 19:00:00+00:00,ETH,986.22,1000.88,982.25,985.34,417.9166
2024-11-28 20:00:00+00:00,ETH,985.34,1009.41,966.43,976.78,770.8079
2024-11-28 21:00:00+00:00,ETH,976.78,981.46,970.36,972.74,352.3329
2024-11-28 22:00:00+00:00,ETH,972.74,986.48,969.94,982.29,900.3117
2024-11-28 23:00:00+00:00,ETH,982.29,985.74,962.87,969.27,398.4798
2024-11-29 00:00:00+00:00,ETH,969.27,970.76,952.05,964.87,500.3222
2024-11-29 01:00:00+00:00,ETH,964.87,966.24,949.33,958.86,468.0197
2024-11-29 02:00:00+00:00,ETH,958.86,969.28,948.88,964.25,614.3381
2024-11-29 03:00:00+00:00,ETH,964.25,973.4,963.43,968.0,644.3168
2024-11-29 04:00:00+00:00,ETH,968.0,973.69,958.31,971.25,457.4642
2024-11-29 05:00:00+00:00,ETH,971.25,999.86,962.71,976.69,666.7074
2024-11-29 06:00:00+00:00,ETH,976.69,979.72,967.29,970.26,421.1368
2024-11-29 07:00:00+00:00,ETH,970.26,971.83,963.68,963.91,298.4022
2024-11-29 08:00:00+00:00,ETH,963.91,984.23,955.55,969.09,546.9414
2024-11-29 09:00:00+00:00,ETH,969.09,970.63,953.79,958.06,633.2058
2024-11-29 10:00:00+00:00,ETH,958.06,970.55,953.24,955.2,554.8632
2024-11-29 11:00:00+00:00,ETH,955.2,963.03,950.77,953.51,319.4933
2024-11-29 12:00:00+00:00,ETH,953.51,957.87,953.04,956.56,416.5916
2024-11-29 13:00:00+00:00,ETH,956.56,969.33,950.77,963.47,759.1925
2024-11-29 14:00:00+00:00,ETH,963.47,970.54,961.12,965.34,595.0674
2024-11-29 15:00:00+00:00,ETH,965.34,972.59,963.31,968.22,440.4233
2024-11-29 16:00:00+00:00,ETH,968.22,969.87,951.55,966.77,489.4109
2024-11-29 17:00:00+00:00,ETH,966.77,967.4,946.5,957.14,404.3412
2024-11-29 18:00:00+00:00,ETH,957.14,976.52,952.6,957.34,774.7712
2024-11-29 19:00:00+00:00,ETH,957.34,964.4,952.13,963.5,497.6631
2024-11-29 20:00:00+00:00,ETH,963.5,969.27,959.22,966.55,318.6329
2024-11-29 21:00:00+00:00,ETH,966.55,984.01,964.59,980.09,332.8727
2024-11-29 22:00:00+00:00,ETH,980.09,987.71,970.85,975.63,1375.8241
2024-11-29 23:00:00+00:00,ETH,975.63,982.04,968.97,979.14,561.8425
2024-11-30 00:00:00+00:00,ETH,979.14,981.89,969.53,975.54,441.4755
2024-11-30 01:00:00+00:00,ETH,975.54,994.85,973.84,987.06,478.7786
2024-11-30 02:00:00+00:00,ETH,987.06,991.63,985.41,989.98,636.8342
2024-11-30 03:00:00+00:00,ETH,989.98,993.66,983.12,992.64,269.9551
2024-11-30 04:00:00+00:00,ETH,992.64,998.67,992.5,997.92,862.4669
2024-11-30 05:00:00+00:00,ETH,997.92,1006.4,994.01,1005.36,805.2702
2024-11-30 06:00:00+00:00,ETH,1005.36,1014.74,1004.63,1013.76,341.2328
2024-11-30 07:00:00+00:00,ETH,1013.76,1020.08,1009.01,1011.88,494.1724
2024-11-30 08:00:00+00:00,ETH,1011.88,1018.88,1003.86,1008.46,613.4344
2024-11-30 09:00:00+00:00,ETH,1008.46,1008.85,1004.64,1007.0,304.7631
2024-11-30 10:00:00+00:00,ETH,1007.0,1012.06,999.29,1004.07,342.409
2024-11-30 11:00:00+00:00,ETH,1004.07,1017.26,998.83,1014.73,798.4413
2024-11-30 12:00:00+00:00,ETH,1014.73,1018.98,1007.51,1010.93,297.535
2024-11-30 13:00:00+00:00,ETH,1010.93,1011.1,1002.42,1005.34,610.966
2024-11-30 14:00:00+00:00,ETH,1005.34,1011.81,999.27,1008.3,268.5544
2024-11-30 15:00:00+00:00,ETH,1008.3,1012.88,1001.55,1009.44,761.3666
2024-11-30 16:00:00+00:00,ETH,1009.44,1014.48,1004.46,1008.03,934.0269
2024-11-30 17:00:00+00:00,ETH,1008.03,1023.34,999.17,1014.97,274.2756
2024-11-30 18:00:00+00:00,ETH,1014.97,1025.53,1000.02,1008.29,860.371
2024-11-30 19:00:00+00:00,ETH,1008.29,1011.3,999.09,1002.06,1011.2999
2024-11-30 20:00:00+00:00,ETH,1002.06,1016.41,986.67,992.28,638.7856
2024-11-30 21:00:00+00:00,ETH,992.28,998.89,987.39,993.9,291.1435
2024-11-30 22:00:00+00:00,ETH,993.9,1005.43,993.13,1000.2,487.4321
2024-11-30 23:00:00+00:00,ETH,1000.2,1000.7,989.99,994.97,623.7705
2024-12-01 00:00:00+00:00,ETH,994.97,996.91,989.95,994.88,494.1678
2024-12-01 01:00:00+00:00,ETH,994.88,1014.9,984.54,988.28,644.659
2024-12-01 02:00:00+00:00,ETH,988.28,991.68,979.08,984.28,455.0515
2024-12-01 03:00:00+00:00,ETH,984.28,995.33,970.62,972.9,372.1749
2024-12-01 04:00:00+00:00,ETH,972.9,978.09,972.73,973.59,460.2146
2024-12-01 05:00:00+00:00,ETH,973.59,974.75,972.48,972.78,498.1159
2024-12-01 06:00:00+00:00,ETH,972.78,974.55,956.85,967.1,398.8928
2024-12-01 07:00:00+00:00,ETH,967.1,969.99,961.94,964.96,333.0459
2024-12-01 08:00:00+00:00,ETH,964.96,974.33,964.75,966.62,479.6228
2024-12-01 09:00:00+00:00,ETH,966.62,967.74,956.36,959.12,433.4504
2024-12-01 10:00:00+00:00,ETH,959.12,960.61,948.06,958.29,494.9318
2024-12-01 11:00:00+00:00,ETH,958.29,959.28,952.67,958.99,341.9004
2024-12-01 12:00:00+00:00,ETH,958.99,959.64,944.08,946.5,539.8468
2024-12-01 13:00:00+00:00,ETH,946.5,949.11,944.98,948.36,396.1941
2024-12-01 14:00:00+00:00,ETH,948.36,949.03,934.78,947.04,761.2899
2024-12-01 15:00:00+00:00,ETH,947.04,955.46,944.57,952.77,317.9463
2024-12-01 16:00:00+00:00,ETH,952.77,962.1,949.44,956.49,615.9599
2024-12-01 17:00:00+00:00,ETH,956.49,963.38,953.26,960.85,581.3972
2024-12-01 18:00:00+00:00,ETH,960.85,972.41,954.51,956.41,510.7767
2024-12-01 19:00:00+00:00,ETH,956.41,965.0,949.62,962.69,884.2519
2024-12-01 20:00:00+00:00,ETH,962.69,963.95,952.98,954.15,726.9065
2024-12-01 21:00:00+00:00,ETH,954.15,971.66,948.3,962.34,478.7685
2024-12-01 22:00:00+00:00,ETH,962.34,967.84,955.0,960.51,1185.616
2024-12-01 23:00:00+00:00,ETH,960.51,969.43,942.54,946.72,340.1305
2024-12-02 00:00:00+00:00,ETH,946.72,956.81,943.48,948.83,456.7127
2024-12-02 01:00:00+00:00,ETH,948.83,957.89,945.8,950.89,381.9359
2024-12-02 02:00:00+00:00,ETH,950.89,962.81,949.47,953.22,555.6485
2024-12-02 03:00:00+00:00,ETH,953.22,959.59,950.06,950.26,468.666
2024-12-02 04:00:00+00:00,ETH,950.26,953.69,947.55,952.8,514.7666
2024-12-02 05:00:00+00:00,ETH,952.8,960.47,947.58,953.87,509.3916
2024-12-02 06:00:00+00:00,ETH,953.87,953.89,947.55,953.6,291.2619
2024-12-02 07:00:00+00:00,ETH,953.6,955.04,951.71,952.2,1159.1637
2024-12-02 08:00:00+00:00,ETH,952.2,958.74,951.41,957.92,426.9434
2024-12-02 09:00:00+00:00,ETH,957.92,964.04,951.87,959.35,465.3011
2024-12-02 10:00:00+00:00,ETH,959.35,959.82,952.57,955.65,397.8008
2024-12-02 11:00:00+00:00,ETH,955.65,959.39,951.6,952.14,526.3931
2024-12-02 12:00:00+00:00,ETH,952.14,966.74,943.02,955.83,272.1768
2024-12-02 13:00:00+00:00,ETH,955.83,961.97,949.34,954.36,649.3478
2024-12-02 14:00:00+00:00,ETH,954.36,961.16,952.43,952.57,472.7816
2024-12-02 15:00:00+00:00,ETH,952.57,961.23,952.4,958.29,613.6903
2024-12-02 16:00:00+00:00,ETH,958.29,970.53,949.39,953.95,651.4766
2024-12-02 17:00:00+00:00,ETH,953.95,957.1,947.36,949.43,494.1894
2024-12-02 18:00:00+00:00,ETH,949.43,955.76,948.37,951.26,516.2532
2024-12-02 19:00:00+00:00,ETH,951.26,951.93,951.17,951.32,897.5404
2024-12-02 20:00:00+00:00,ETH,951.32,960.32,946.63,950.21,1433.8925
2024-12-02 21:00:00+00:00,ETH,950.21,963.71,945.25,955.49,281.5331
2024-12-02 22:00:00+00:00,ETH,955.49,956.57,951.06,952.28,836.9145
2024-12-02 23:00:00+00:00,ETH,952.28,952.88,944.15,944.37,506.6428
2024-12-03 00:00:00+00:00,ETH,944.37,950.06,942.13,943.85,889.6984
2024-12-03 01:00:00+00:00,ETH,943.85,946.48,940.14,941.27,521.1598
2024-12-03 02:00:00+00:00,ETH,941.27,950.47,939.39,947.98,519.6317
2024-12-03 03:00:00+00:00,ETH,947.98,955.28,941.33,951.67,898.3662
2024-12-03 04:00:00+00:00,ETH,951.67,959.91,950.61,951.21,375.346
2024-12-03 05:00:00+00:00,ETH,951.21,957.66,946.01,948.36,705.7097
2024-12-03 06:00:00+00:00,ETH,948.36,952.94,946.57,950.94,313.5829
2024-12-03 07:00:00+00:00,ETH,950.94,955.31,943.21,948.52,517.7002
2024-12-03 08:00:00+00:00,ETH,948.52,956.82,937.29,948.07,343.8678
2024-12-03 09:00:00+00:00,ETH,948.07,954.03,941.75,950.42,527.9006
2024-12-03 10:00:00+00:00,ETH,950.42,961.98,946.58,950.99,417.991
2024-12-03 11:00:00+00:00,ETH,950.99,951.31,949.36,949.56,601.5081
2024-12-03 12:00:00+00:00,ETH,949.56,952.32,923.01,943.05,346.7724
2024-12-03 13:00:00+00:00,ETH,943.05,959.71,933.62,949.44,536.4953
2024-12-03 14:00:00+00:00,ETH,949.44,966.24,940.56,953.03,363.2398
2024-12-03 15:00:00+00:00,ETH,953.03,959.17,944.75,947.04,778.5408
2024-12-03 16:00:00+00:00,ETH,947.04,950.02,939.91,946.76,1182.894
2024-12-03 17:00:00+00:00,ETH,946.76,948.12,938.96,941.21,263.7458
2024-12-03 18:00:00+00:00,ETH,941.21,946.82,932.22,945.04,305.964
2024-12-03 19:00:00+00:00,ETH,945.04,946.52,938.97,941.33,849.9213
2024-12-03 20:00:00+00:00,ETH,941.33,945.47,941.12,941.56,690.773
2024-12-03 21:00:00+00:00,ETH,941.56,944.97,937.39,939.66,326.3418
2024-12-03 22:00:00+00:00,ETH,939.66,958.38,934.86,950.23,347.7648
2024-12-03 23:00:00+00:00,ETH,950.23,957.2,947.97,952.18,463.4825
2024-12-04 00:00:00+00:00,ETH,952.18,962.05,945.31,958.54,769.5757
2024-12-04 01:00:00+00:00,ETH,958.54,958.77,956.38,957.9,657.4914
2024-12-04 02:00:00+00:00,ETH,957.9,959.7,953.7,959.69,313.2421
2024-12-04 03:00:00+00:00,ETH,959.69,965.9,953.0,964.58,367.2535
2024-12-04 04:00:00+00:00,ETH,964.58,968.51,959.84,962.09,441.3369
2024-12-04 05:00:00+00:00,ETH,962.09,976.13,952.53,959.75,424.9119
2024-12-04 06:00:00+00:00,ETH,959.75,978.15,945.1,973.12,330.1893
2024-12-04 07:00:00+00:00,ETH,973.12,979.6,969.19,969.41,724.8798
2024-12-04 08:00:00+00:00,ETH,969.41,974.95,953.57,959.03,325.6061
2024-12-04 09:00:00+00:00,ETH,959.03,964.74,956.13,956.64,585.442
2024-12-04 10:00:00+00:00,ETH,956.64,958.08,950.84,952.23,238.3571
2024-12-04 11:00:00+00:00,ETH,952.23,957.89,943.71,956.22,482.2803
2024-12-04 12:00:00+00:00,ETH,956.22,956.24,949.42,953.75,315.0217
2024-12-04 13:00:00+00:00,ETH,953.75,953.76,942.3,944.4,410.6058
2024-12-04 14:00:00+00:00,ETH,944.4,946.23,928.32,930.34,1049.1935
2024-12-04 15:00:00+00:00,ETH,930.34,946.75,929.36,938.71,582.9981
2024-12-04 16:00:00+00:00,ETH,938.71,943.15,930.73,940.23,265.1396
2024-12-04 17:00:00+00:00,ETH,940.23,950.8,934.72,944.27,473.3163
2024-12-04 18:00:00+00:00,ETH,944.27,948.77,941.25,943.92,463.489
2024-12-04 19:00:00+00:00,ETH,943.92,970.11,941.61,964.29,594.767
2024-12-04 20:00:00+00:00,ETH,964.29,977.81,962.93,965.9,517.179
2024-12-04 21:00:00+00:00,ETH,965.9,970.03,962.79,966.48,380.3199
2024-12-04 22:00:00+00:00,ETH,966.48,971.75,965.57,968.8,649.0615
2024-12-04 23:00:00+00:00,ETH,968.8,969.19,967.71,968.63,472.0976
2024-12-05 00:00:00+00:00,ETH,968.63,972.2,964.47,971.16,392.1596
2024-12-05 01:00:00+00:00,ETH,971.16,979.28,967.05,976.36,620.1029
2024-12-05 02:00:00+00:00,ETH,976.36,978.43,965.85,968.7,281.9901
2024-12-05 03:00:00+00:00,ETH,968.7,970.49,961.13,965.66,699.9123
2024-12-05 04:00:00+00:00,ETH,965.66,966.83,952.68,956.14,487.1984
2024-12-05 05:00:00+00:00,ETH,956.14,964.34,951.35,952.25,735.3413
2024-12-05 06:00:00+00:00,ETH,952.25,952.3,944.8,949.42,459.2061
2024-12-05 07:00:00+00:00,ETH,949.42,960.26,945.22,955.14,380.107
2024-12-05 08:00:00+00:00,ETH,955.14,972.3,954.13,969.27,641.0342
2024-12-05 09:00:00+00:00,ETH,969.27,969.68,963.61,966.75,363.9745
2024-12-05 10:00:00+00:00,ETH,966.75,968.83,965.93,967.47,260.6752
2024-12-05 11:00:00+00:00,ETH,967.47,978.33,957.82,976.08,470.0191
2024-12-05 12:00:00+00:00,ETH,976.08,980.64,975.03,977.18,580.605
2024-12-05 13:00:00+00:00,ETH,977.18,984.85,976.27,979.82,395.8112
2024-12-05 14:00:00+00:00,ETH,979.82,982.74,976.98,977.47,639.3589
2024-12-05 15:00:00+00:00,ETH,977.47,981.18,964.73,969.31,425.1194
2024-12-05 16:00:00+00:00,ETH,969.31,973.06,956.44,962.9,367.8015
2024-12-05 17:00:00+00:00,ETH,962.9,971.21,949.79,951.34,682.8051
2024-12-05 18:00:00+00:00,ETH,951.34,954.92,938.66,949.24,449.1792
2024-12-05 19:00:00+00:00,ETH,949.24,952.95,936.53,944.22,220.7749
2024-12-05 20:00:00+00:00,ETH,944.22,953.3,943.78,948.45,243.9989
2024-12-05 21:00:00+00:00,ETH,948.45,957.06,934.57,951.83,354.7148
2024-12-05 22:00:00+00:00,ETH,951.83,952.83,948.94,952.37,354.4774
2024-12-05 23:00:00+00:00,ETH,952.37,953.45,947.85,950.44,572.2957
2024-12-06 00:00:00+00:00,ETH,950.44,963.65,945.33,961.19,453.924
2024-12-06 01:00:00+00:00,ETH,961.19,981.92,959.24,980.8,348.0955
2024-12-06 02:00:00+00:00,ETH,980.8,986.03,979.49,983.12,305.0156
2024-12-06 03:00:00+00:00,ETH,983.12,984.96,972.08,974.23,1091.4726
2024-12-06 04:00:00+00:00,ETH,974.23,975.88,963.67,969.12,974.431
2024-12-06 05:00:00+00:00,ETH,969.12,981.23,964.78,975.18,345.3167
2024-12-06 06:00:00+00:00,ETH,975.18,983.52,967.54,976.32,403.2925
2024-12-06 07:00:00+00:00,ETH,976.32,976.7,974.88,975.26,828.2003
2024-12-06 08:00:00+00:00,ETH,975.26,982.78,973.75,974.6,629.404
2024-12-06 09:00:00+00:00,ETH,974.6,983.4,967.56,979.98,277.0401
2024-12-06 10:00:00+00:00,ETH,979.98,981.4,975.83,976.15,520.5824
2024-12-06 11:00:00+00:00,ETH,976.15,991.63,960.46,983.28,445.9508
2024-12-06 12:00:00+00:00,ETH,983.28,994.03,981.91,983.8,755.753
2024-12-06 13:00:00+00:00,ETH,983.8,1001.79,974.36,978.14,419.3667
2024-12-06 14:00:00+00:00,ETH,978.14,996.32,967.41,988.26,317.6242
2024-12-06 15:00:00+00:00,ETH,988.26,993.27,983.63,985.12,306.8925
2024-12-06 16:00:00+00:00,ETH,985.12,989.02,965.65,974.19,398.0989
2024-12-06 17:00:00+00:00,ETH,974.19,976.76,972.6,973.54,696.6739
2024-12-06 18:00:00+00:00,ETH,973.54,990.99,970.38,984.7,653.197
2024-12-06 19:00:00+00:00,ETH,984.7,990.1,973.47,979.5,457.9497
2024-12-06 20:00:00+00:00,ETH,979.5,985.42,961.22,974.98,351.0647
2024-12-06 21:00:00+00:00,ETH,974.98,980.93,974.53,977.28,520.0928
2024-12-06 22:00:00+00:00,ETH,977.28,981.25,966.71,972.98,579.0352
2024-12-06 23:00:00+00:00,ETH,972.98,979.51,972.88,977.62,360.8982
2024-12-07 00:00:00+00:00,ETH,977.62,981.63,968.18,972.59,768.9443
2024-12-07 01:00:00+00:00,ETH,972.59,973.49,954.79,968.76,666.7824
2024-12-07 02:00:00+00:00,ETH,968.76,975.74,963.44,966.07,392.9107
2024-12-07 03:00:00+00:00,ETH,966.07,969.52,961.73,968.98,448.7808
2024-12-07 04:00:00+00:00,ETH,968.98,990.45,967.73,988.95,712.9461
2024-12-07 05:00:00+00:00,ETH,988.95,991.9,982.83,984.71,422.2518
2024-12-07 06:00:00+00:00,ETH,984.71,987.84,978.04,980.46,608.1269
2024-12-07 07:00:00+00:00,ETH,980.46,987.3,978.34,982.22,573.5347
2024-12-07 08:00:00+00:00,ETH,982.22,982.31,970.63,980.76,1560.6657
2024-12-07 09:00:00+00:00,ETH,980.76,992.23,976.4,985.95,442.2794
2024-12-07 10:00:00+00:00,ETH,985.95,989.13,979.98,985.98,1016.5423
2024-12-07 11:00:00+00:00,ETH,985.98,990.78,977.78,980.79,315.2145
2024-12-07 12:00:00+00:00,ETH,980.79,987.42,970.34,974.2,307.5134
2024-12-07 13:00:00+00:00,ETH,974.2,974.59,967.82,968.8,728.3705
2024-12-07 14:00:00+00:00,ETH,968.8,983.0,965.34,975.62,385.2278
2024-12-07 15:00:00+00:00,ETH,975.62,987.14,971.54,984.98,328.7424
2024-12-07 16:00:00+00:00,ETH,984.98,1004.05,982.3,985.88,323.6645
2024-12-07 17:00:00+00:00,ETH,985.88,987.27,973.33,976.46,680.3619
2024-12-07 18:00:00+00:00,ETH,976.46,978.31,967.97,968.52,368.9164
2024-12-07 19:00:00+00:00,ETH,968.52,969.53,965.43,968.2,596.1183
2024-12-07 20:00:00+00:00,ETH,968.2,981.35,964.24,976.76,512.8397
2024-12-07 21:00:00+00:00,ETH,976.76,977.0,965.47,967.09,591.9981
2024-12-07 22:00:00+00:00,ETH,967.09,975.92,964.3,970.59,680.4588
2024-12-07 23:00:00+00:00,ETH,970.59,972.91,955.63,971.33,808.4348
2024-12-08 00:00:00+00:00,ETH,971.33,996.49,965.93,986.53,259.094
2024-12-08 01:00:00+00:00,ETH,986.53,1000.58,983.12,989.47,444.0911
2024-12-08 02:00:00+00:00,ETH,989.47,996.22,972.18,978.99,755.7723
2024-12-08 03:00:00+00:00,ETH,978.99,984.11,968.2,972.81,492.0435
2024-12-08 04:00:00+00:00,ETH,972.81,988.85,972.09,977.58,461.072
2024-12-08 05:00:00+00:00,ETH,977.58,984.89,970.26,980.61,537.4956
2024-12-08 06:00:00+00:00,ETH,980.61,988.34,968.99,975.88,828.81
2024-12-08 07:00:00+00:00,ETH,975.88,986.96,975.81,981.37,605.2834
2024-12-08 08:00:00+00:00,ETH,981.37,986.36,977.67,982.2,1214.3962
2024-12-08 09:00:00+00:00,ETH,982.2,989.97,978.19,986.92,509.6799
2024-12-08 10:00:00+00:00,ETH,986.92,990.26,983.26,987.69,440.2775
2024-12-08 11:00:00+00:00,ETH,987.69,992.42,982.21,991.05,340.4931
2024-12-08 12:00:00+00:00,ETH,991.05,1001.18,990.0,995.97,851.97
2024-12-08 13:00:00+00:00,ETH,995.97,1004.16,993.49,1002.07,308.32
2024-12-08 14:00:00+00:00,ETH,1002.07,1003.74,1000.95,1001.16,339.9236
2024-12-08 15:00:00+00:00,ETH,1001.16,1020.48,996.32,1017.82,457.8134
2024-12-08 16:00:00+00:00,ETH,1017.82,1020.79,1008.76,1008.78,354.1287
2024-12-08 17:00:00+00:00,ETH,1008.78,1022.27,1007.85,1014.24,635.9995
2024-12-08 18:00:00+00:00,ETH,1014.24,1016.16,1008.89,1014.24,615.3439
2024-12-08 19:00:00+00:00,ETH,1014.24,1016.09,1004.78,1014.39,390.5824
2024-12-08 20:00:00+00:00,ETH,1014.39,1021.5,1008.84,1009.76,237.0027
2024-12-08 21:00:00+00:00,ETH,1009.76,1025.02,997.45,1019.58,585.5803
2024-12-08 22:00:00+00:00,ETH,1019.58,1025.14,1012.36,1016.69,424.4506
2024-12-08 23:00:00+00:00,ETH,1016.69,1028.06,1015.46,1022.61,429.8934
2024-12-09 00:00:00+00:00,ETH,1022.61,1038.15,1012.47,1014.16,689.9857
2024-12-09 01:00:00+00:00,ETH,1014.16,1019.52,998.91,1013.8,492.4181
2024-12-09 02:00:00+00:00,ETH,1013.8,1029.58,1013.76,1018.01,455.5189
2024-12-09 03:00:00+00:00,ETH,1018.01,1026.59,1008.94,1011.18,408.1527
2024-12-09 04:00:00+00:00,ETH,1011.18,1030.04,1007.94,1014.89,427.1782
2024-12-09 05:00:00+00:00,ETH,1014.89,1028.31,1012.84,1025.3,594.6043
2024-12-09 06:00:00+00:00,ETH,1025.3,1026.73,1010.12,1013.3,322.8449
2024-12-09 07:00:00+00:00,ETH,1013.3,1016.45,1005.51,1006.23,422.8329
2024-12-09 08:00:00+00:00,ETH,1006.23,1006.66,1002.74,1005.24,407.9994
2024-12-09 09:00:00+00:00,ETH,1005.24,1009.24,1004.65,1008.06,495.5972
2024-12-09 10:00:00+00:00,ETH,1008.06,1013.17,995.83,999.56,664.3464
2024-12-09 11:00:00+00:00,ETH,999.56,1002.88,990.18,994.82,768.7276
2024-12-09 12:00:00+00:00,ETH,994.82,996.64,979.19,982.9,864.8322
2024-12-09 13:00:00+00:00,ETH,982.9,993.86,980.45,987.1,357.3378
2024-12-09 14:00:00+00:00,ETH,987.1,990.47,979.33,981.34,1385.4191
2024-12-09 15:00:00+00:00,ETH,981.34,986.95,977.28,983.09,441.1734
2024-12-09 16:00:00+00:00,ETH,983.09,983.67,971.9,974.7,715.4244
2024-12-09 17:00:00+00:00,ETH,974.7,986.5,973.89,983.44,379.7712
2024-12-09 18:00:00+00:00,ETH,983.44,984.75,979.23,980.9,556.2339
2024-12-09 19:00:00+00:00,ETH,980.9,987.09,968.03,975.48,767.1372
2024-12-09 20:00:00+00:00,ETH,975.48,981.88,973.55,978.46,586.4145
2024-12-09 21:00:00+00:00,ETH,978.46,982.5,971.26,982.04,526.0763
2024-12-09 22:00:00+00:00,ETH,982.04,990.2,975.79,989.88,484.6493
2024-12-09 23:00:00+00:00,ETH,989.88,993.42,977.18,987.77,358.3889
2024-12-10 00:00:00+00:00,ETH,987.77,998.24,987.0,996.56,680.4458
2024-12-10 01:00:00+00:00,ETH,996.56,997.13,989.02,993.65,245.1363
2024-12-10 02:00:00+00:00,ETH,993.65,1001.99,983.8,990.43,438.7851
2024-12-10 03:00:00+00:00,ETH,990.43,1001.84,981.74,981.95,513.8023
2024-12-10 04:00:00+00:00,ETH,981.95,992.36,971.59,975.99,993.3588
2024-12-10 05:00:00+00:00,ETH,975.99,980.6,959.5,966.27,388.6236
2024-12-10 06:00:00+00:00,ETH,966.27,969.87,955.5,956.77,1533.2887
2024-12-10 07:00:00+00:00,ETH,956.77,964.79,953.32,955.78,559.9336
2024-12-10 08:00:00+00:00,ETH,955.78,962.05,952.1,961.79,338.6335
2024-12-10 09:00:00+00:00,ETH,961.79,978.79,944.2,958.07,203.2029
2024-12-10 10:00:00+00:00,ETH,958.07,968.01,955.94,963.94,375.1911
2024-12-10 11:00:00+00:00,ETH,963.94,972.93,963.48,968.77,397.7655
2024-12-10 12:00:00+00:00,ETH,968.77,988.88,964.64,979.45,331.741
2024-12-10 13:00:00+00:00,ETH,979.45,984.7,969.5,983.53,626.3617
2024-12-10 14:00:00+00:00,ETH,983.53,985.65,982.33,984.3,382.1412
2024-12-10 15:00:00+00:00,ETH,984.3,988.84,979.16,983.42,361.8259
2024-12-10 16:00:00+00:00,ETH,983.42,989.25,980.7,987.2,368.5268
2024-12-10 17:00:00+00:00,ETH,987.2,995.46,972.98,985.94,353.7838
2024-12-10 18:00:00+00:00,ETH,985.94,992.39,979.44,983.27,367.4401
2024-12-10 19:00:00+00:00,ETH,983.27,993.19,979.18,983.41,393.8139
2024-12-10 20:00:00+00:00,ETH,983.41,985.99,974.6,976.21,707.5759
2024-12-10 21:00:00+00:00,ETH,976.21,982.65,965.8,968.4,232.0623
2024-12-10 22:00:00+00:00,ETH,968.4,968.45,964.63,968.11,453.1585
2024-12-10 23:00:00+00:00,ETH,968.11,969.89,963.84,969.61,413.4502
2024-12-11 00:00:00+00:00,ETH,969.61,983.47,962.09,979.33,246.6288
2024-12-11 01:00:00+00:00,ETH,979.33,986.29,973.4,983.42,736.2109
2024-12-11 02:00:00+00:00,ETH,983.42,986.77,980.05,981.07,409.3479
2024-12-11 03:00:00+00:00,ETH,981.07,984.95,980.81,984.63,437.753
2024-12-11 04:00:00+00:00,ETH,984.63,985.99,977.24,982.36,684.978
2024-12-11 05:00:00+00:00,ETH,982.36,993.11,970.97,987.78,972.4689
2024-12-11 06:00:00+00:00,ETH,987.78,998.09,977.99,979.36,641.7932
2024-12-11 07:00:00+00:00,ETH,979.36,990.65,968.18,985.49,697.3535
2024-12-11 08:00:00+00:00,ETH,985.49,986.79,983.98,984.13,610.9577
2024-12-11 09:00:00+00:00,ETH,984.13,990.03,959.92,970.41,511.2303
2024-12-11 10:00:00+00:00,ETH,970.41,971.93,967.15,968.23,457.3368
2024-12-11 11:00:00+00:00,ETH,968.23,976.76,967.51,969.03,301.7306
2024-12-11 12:00:00+00:00,ETH,969.03,975.37,954.2,961.06,501.7942
2024-12-11 13:00:00+00:00,ETH,961.06,974.02,950.32,958.5,491.1028
2024-12-11 14:00:00+00:00,ETH,958.5,969.07,951.84,964.73,266.039
2024-12-11 15:00:00+00:00,ETH,964.73,970.69,951.25,970.48,409.2459
2024-12-11 16:00:00+00:00,ETH,970.48,977.5,965.5,970.33,715.1296
2024-12-11 17:00:00+00:00,ETH,970.33,992.31,961.88,983.61,1187.1435
2024-12-11 18:00:00+00:00,ETH,983.61,992.21,983.16,986.87,659.1633
2024-12-11 19:00:00+00:00,ETH,986.87,992.8,986.09,987.32,653.5391
2024-12-11 20:00:00+00:00,ETH,987.32,1005.44,980.05,998.72,565.4009
2024-12-11 21:00:00+00:00,ETH,998.72,1004.76,998.57,1001.76,344.4044
2024-12-11 22:00:00+00:00,ETH,1001.76,1015.59,1000.94,1009.91,557.4524
2024-12-11 23:00:00+00:00,ETH,1009.91,1010.25,994.8,1005.04,290.3615
2024-12-12 00:00:00+00:00,ETH,1005.04,1006.95,1004.13,1004.46,276.4534
2024-12-12 01:00:00+00:00,ETH,1004.46,1011.51,1002.76,1007.01,629.6994
2024-12-12 02:00:00+00:00,ETH,1007.01,1008.33,995.85,1004.0,580.0884
2024-12-12 03:00:00+00:00,ETH,1004.0,1015.83,1003.35,1005.22,619.9665
2024-12-12 04:00:00+00:00,ETH,1005.22,1014.11,1005.1,1012.37,274.4459
2024-12-12 05:00:00+00:00,ETH,1012.37,1022.86,1011.53,1019.75,464.9309
2024-12-12 06:00:00+00:00,ETH,1019.75,1022.12,1012.21,1020.22,432.5422
2024-12-12 07:00:00+00:00,ETH,1020.22,1037.44,1019.94,1037.3,632.1541
2024-12-12 08:00:00+00:00,ETH,1037.3,1048.1,1034.98,1038.42,589.3441
2024-12-12 09:00:00+00:00,ETH,1038.42,1039.44,1013.3,1027.5,234.2676
2024-12-12 10:00:00+00:00,ETH,1027.5,1031.96,1016.67,1023.98,648.4262
2024-12-12 11:00:00+00:00,ETH,1023.98,1027.02,1021.29,1024.94,371.2279
2024-12-12 12:00:00+00:00,ETH,1024.94,1025.05,1016.16,1018.92,859.4952
2024-12-12 13:00:00+00:00,ETH,1018.92,1027.45,1005.88,1013.88,366.2901
2024-12-12 14:00:00+00:00,ETH,1013.88,1015.92,1004.66,1008.78,434.4036
2024-12-12 15:00:00+00:00,ETH,1008.78,1012.94,1006.3,1008.4,636.2582
2024-12-12 16:00:00+00:00,ETH,1008.4,1008.43,992.24,996.76,381.7755
2024-12-12 17:00:00+00:00,ETH,996.76,1010.77,974.0,997.98,553.0104
2024-12-12 18:00:00+00:00,ETH,997.98,1004.39,991.09,999.02,543.6958
2024-12-12 19:00:00+00:00,ETH,999.02,1002.08,991.79,994.09,267.4782
2024-12-12 20:00:00+00:00,ETH,994.09,994.2,988.29,992.4,340.7392
2024-12-12 21:00:00+00:00,ETH,992.4,999.29,979.89,988.28,355.0901
2024-12-12 22:00:00+00:00,ETH,988.28,989.81,972.96,978.34,409.6111
2024-12-12 23:00:00+00:00,ETH,978.34,983.4,971.99,982.43,475.5496
2024-12-13 00:00:00+00:00,ETH,982.43,986.01,978.23,978.67,504.1195
2024-12-13 01:00:00+00:00,ETH,978.67,983.55,971.42,981.03,256.5492
2024-12-13 02:00:00+00:00,ETH,981.03,984.25,974.8,979.61,336.7342
2024-12-13 03:00:00+00:00,ETH,979.61,981.58,977.31,978.41,658.709
2024-12-13 04:00:00+00:00,ETH,978.41,983.63,977.43,980.04,383.4473
2024-12-13 05:00:00+00:00,ETH,980.04,986.33,973.58,976.89,691.1224
2024-12-13 06:00:00+00:00,ETH,976.89,992.02,972.27,973.63,538.8683
2024-12-13 07:00:00+00:00,ETH,973.63,974.2,971.5,972.66,428.0534
2024-12-13 08:00:00+00:00,ETH,972.66,975.39,969.63,974.73,606.9834
2024-12-13 09:00:00+00:00,ETH,974.73,992.35,969.3,969.7,210.1416
2024-12-13 10:00:00+00:00,ETH,969.7,975.8,964.81,972.48,783.9102
2024-12-13 11:00:00+00:00,ETH,972.48,986.58,963.17,974.16,431.2503
2024-12-13 12:00:00+00:00,ETH,974.16,979.62,968.23,977.39,379.7286
2024-12-13 13:00:00+00:00,ETH,977.39,984.46,968.79,976.86,755.4045
2024-12-13 14:00:00+00:00,ETH,976.86,982.43,970.02,979.48,388.8616
2024-12-13 15:00:00+00:00,ETH,979.48,984.9,972.82,981.32,592.8266
2024-12-13 16:00:00+00:00,ETH,981.32,990.0,979.57,987.22,574.3184
2024-12-13 17:00:00+00:00,ETH,987.22,1006.48,978.47,1001.26,828.2461
2024-12-13 18:00:00+00:00,ETH,1001.26,1022.25,997.49,1009.33,332.8222
2024-12-13 19:00:00+00:00,ETH,1009.33,1026.44,1008.52,1011.78,595.6597
2024-12-13 20:00:00+00:00,ETH,1011.78,1016.38,1006.11,1014.56,178.2141
2024-12-13 21:00:00+00:00,ETH,1014.56,1026.53,1014.24,1018.61,579.8687
2024-12-13 22:00:00+00:00,ETH,1018.61,1036.22,1013.22,1023.88,635.9568
2024-12-13 23:00:00+00:00,ETH,1023.88,1035.2,1020.07,1027.18,638.8945
2024-12-14 00:00:00+00:00,ETH,1027.18,1033.51,1022.74,1024.15,416.7755
2024-12-14 01:00:00+00:00,ETH,1024.15,1040.58,1006.32,1032.12,314.7505
2024-12-14 02:00:00+00:00,ETH,1032.12,1034.66,1025.03,1028.62,301.8312
2024-12-14 03:00:00+00:00,ETH,1028.62,1034.91,1016.86,1029.43,539.6298
2024-12-14 04:00:00+00:00,ETH,1029.43,1044.38,1012.54,1015.21,561.311
2024-12-14 05:00:00+00:00,ETH,1015.21,1022.79,1014.21,1020.19,527.141
2024-12-14 06:00:00+00:00,ETH,1020.19,1022.81,1012.77,1016.51,360.6098
2024-12-14 07:00:00+00:00,ETH,1016.51,1020.42,1015.33,1016.91,420.3543
2024-12-14 08:00:00+00:00,ETH,1016.91,1017.69,1007.62,1016.27,683.3022
2024-12-14 09:00:00+00:00,ETH,1016.27,1022.75,1008.16,1017.54,614.2181
2024-12-14 10:00:00+00:00,ETH,1017.54,1020.81,1014.2,1016.26,435.8878
2024-12-14 11:00:00+00:00,ETH,1016.26,1028.88,1008.72,1023.14,1003.2831
2024-12-14 12:00:00+00:00,ETH,1023.14,1038.14,1021.93,1033.22,659.2035
2024-12-14 13:00:00+00:00,ETH,1033.22,1033.66,1019.64,1023.91,708.3265
2024-12-14 14:00:00+00:00,ETH,1023.91,1025.78,1012.45,1015.08,518.569
2024-12-14 15:00:00+00:00,ETH,1015.08,1027.28,1005.4,1013.73,854.8285
2024-12-14 16:00:00+00:00,ETH,1013.73,1028.63,1005.98,1020.39,644.6139
2024-12-14 17:00:00+00:00,ETH,1020.39,1031.24,1019.64,1026.43,666.9904
2024-12-14 18:00:00+00:00,ETH,1026.43,1031.66,1025.85,1028.79,359.2453
2024-12-14 19:00:00+00:00,ETH,1028.79,1036.76,1027.04,1033.75,358.5166
2024-12-14 20:00:00+00:00,ETH,1033.75,1039.7,1025.28,1034.76,534.059
2024-12-14 21:00:00+00:00,ETH,1034.76,1047.11,1024.92,1038.43,471.7592
2024-12-14 22:00:00+00:00,ETH,1038.43,1048.07,1022.62,1028.73,387.2459
2024-12-14 23:00:00+00:00,ETH,1028.73,1033.95,1016.79,1018.55,406.7175
2024-12-15 00:00:00+00:00,ETH,1018.55,1032.81,1013.1,1018.8,490.0205
2024-12-15 01:00:00+00:00,ETH,1018.8,1019.4,1018.37,1018.68,553.5646
2024-12-15 02:00:00+00:00,ETH,1018.68,1034.63,1017.41,1029.54,390.0178
2024-12-15 03:00:00+00:00,ETH,1029.54,1046.21,1021.59,1039.08,449.4218
2024-12-15 04:00:00+00:00,ETH,1039.08,1045.78,1034.93,1036.43,639.7665
2024-12-15 05:00:00+00:00,ETH,1036.43,1037.99,1022.27,1028.31,632.2849
2024-12-15 06:00:00+00:00,ETH,1028.31,1037.31,1022.54,1033.38,414.2256
2024-12-15 07:00:00+00:00,ETH,1033.38,1039.28,1022.57,1031.66,670.9143
2024-12-15 08:00:00+00:00,ETH,1031.66,1036.25,1021.71,1034.45,698.1648
2024-12-15 09:00:00+00:00,ETH,1034.45,1038.31,1032.06,1035.21,528.6464
2024-12-15 10:00:00+00:00,ETH,1035.21,1037.03,1032.0,1036.95,385.5619
2024-12-15 11:00:00+00:00,ETH,1036.95,1047.82,1034.78,1039.14,896.1843
2024-12-15 12:00:00+00:00,ETH,1039.14,1045.28,1036.7,1040.67,394.5689
2024-12-15 13:00:00+00:00,ETH,1040.67,1041.44,1031.47,1035.73,321.7085
2024-12-15 14:00:00+00:00,ETH,1035.73,1039.32,1034.08,1036.3,347.9255
2024-12-15 15:00:00+00:00,ETH,1036.3,1045.27,1031.56,1039.93,319.6195
2024-12-15 16:00:00+00:00,ETH,1039.93,1046.51,1037.22,1041.53,776.1083
2024-12-15 17:00:00+00:00,ETH,1041.53,1043.46,1039.06,1043.33,643.5378
2024-12-15 18:00:00+00:00,ETH,1043.33,1056.75,1041.33,1053.86,302.1128
2024-12-15 19:00:00+00:00,ETH,1053.86,1065.64,1038.96,1049.85,285.3119
2024-12-15 20:00:00+00:00,ETH,1049.85,1063.71,1047.8,1052.25,423.7965
2024-12-15 21:00:00+00:00,ETH,1052.25,1056.04,1043.76,1046.69,354.9979
2024-12-15 22:00:00+00:00,ETH,1046.69,1052.57,1039.99,1047.33,725.5714
2024-12-15 23:00:00+00:00,ETH,1047.33,1070.5,1040.57,1058.24,684.3876
2024-12-16 00:00:00+00:00,ETH,1058.24,1061.49,1050.34,1053.13,621.0649
2024-12-16 01:00:00+00:00,ETH,1053.13,1071.37,1052.66,1059.68,552.6736
2024-12-16 02:00:00+00:00,ETH,1059.68,1063.31,1057.94,1062.45,507.3314
2024-12-16 03:00:00+00:00,ETH,1062.45,1086.56,1054.06,1063.41,704.41
2024-12-16 04:00:00+00:00,ETH,1063.41,1069.11,1059.94,1068.07,414.2398
2024-12-16 05:00:00+00:00,ETH,1068.07,1071.86,1060.6,1067.39,477.6641
2024-12-16 06:00:00+00:00,ETH,1067.39,1086.11,1059.27,1072.0,697.49
2024-12-16 07:00:00+00:00,ETH,1072.0,1080.88,1069.62,1071.54,507.0124
2024-12-16 08:00:00+00:00,ETH,1071.54,1072.74,1051.85,1058.48,678.1772
2024-12-16 09:00:00+00:00,ETH,1058.48,1061.26,1052.25,1052.68,456.7842
2024-12-16 10:00:00+00:00,ETH,1052.68,1062.48,1044.56,1054.14,611.2041
2024-12-16 11:00:00+00:00,ETH,1054.14,1054.75,1053.19,1054.71,508.0098
2024-12-16 12:00:00+00:00,ETH,1054.71,1065.28,1042.92,1047.79,464.1327
2024-12-16 13:00:00+00:00,ETH,1047.79,1051.12,1038.57,1040.42,818.7409
2024-12-16 14:00:00+00:00,ETH,1040.42,1041.63,1034.16,1040.88,424.0926
2024-12-16 15:00:00+00:00,ETH,1040.88,1046.31,1030.04,1037.37,1131.2634
2024-12-16 16:00:00+00:00,ETH,1037.37,1043.24,1018.67,1027.94,505.7774
2024-12-16 17:00:00+00:00,ETH,1027.94,1031.16,1014.95,1029.14,367.4824
2024-12-16 18:00:00+00:00,ETH,1029.14,1039.34,1025.82,1032.25,471.9542
2024-12-16 19:00:00+00:00,ETH,1032.25,1049.53,1031.6,1048.53,913.173
2024-12-16 20:00:00+00:00,ETH,1048.53,1055.37,1038.46,1045.6,647.3474
2024-12-16 21:00:00+00:00,ETH,1045.6,1047.94,1027.67,1036.37,395.5592
2024-12-16 22:00:00+00:00,ETH,1036.37,1048.64,1035.17,1041.77,346.9674
2024-12-16 23:00:00+00:00,ETH,1041.77,1046.11,1029.48,1044.66,888.2229
2024-12-17 00:00:00+00:00,ETH,1044.66,1052.37,1033.23,1033.94,420.2771
2024-12-17 01:00:00+00:00,ETH,1033.94,1036.91,1025.07,1031.09,593.687
2024-12-17 02:00:00+00:00,ETH,1031.09,1040.21,1029.98,1038.84,860.3796
2024-12-17 03:00:00+00:00,ETH,1038.84,1041.14,1026.46,1035.59,752.0625
2024-12-17 04:00:00+00:00,ETH,1035.59,1047.5,1031.6,1043.92,403.3965
2024-12-17 05:00:00+00:00,ETH,1043.92,1053.85,1043.78,1048.77,582.3731
2024-12-17 06:00:00+00:00,ETH,1048.77,1062.26,1047.47,1060.32,532.9885
2024-12-17 07:00:00+00:00,ETH,1060.32,1069.33,1056.63,1067.3,620.7015
2024-12-17 08:00:00+00:00,ETH,1067.3,1070.12,1066.89,1069.52,455.4815
2024-12-17 09:00:00+00:00,ETH,1069.52,1073.72,1064.09,1067.64,728.2711
2024-12-17 10:00:00+00:00,ETH,1067.64,1072.15,1059.22,1066.31,562.017
2024-12-17 11:00:00+00:00,ETH,1066.31,1075.96,1066.02,1073.35,362.4481
2024-12-17 12:00:00+00:00,ETH,1073.35,1076.29,1070.09,1076.28,647.986
2024-12-17 13:00:00+00:00,ETH,1076.28,1084.67,1069.83,1070.62,367.6307
2024-12-17 14:00:00+00:00,ETH,1070.62,1070.94,1056.94,1066.3,622.1918
2024-12-17 15:00:00+00:00,ETH,1066.3,1076.19,1051.88,1053.98,483.2555
2024-12-17 16:00:00+00:00,ETH,1053.98,1069.43,1038.14,1055.92,483.1256
2024-12-17 17:00:00+00:00,ETH,1055.92,1079.21,1053.06,1061.15,501.9148
2024-12-17 18:00:00+00:00,ETH,1061.15,1062.97,1057.54,1060.38,992.5
2024-12-17 19:00:00+00:00,ETH,1060.38,1069.04,1049.87,1060.79,681.534
2024-12-17 20:00:00+00:00,ETH,1060.79,1070.22,1055.03,1064.51,242.2081
2024-12-17 21:00:00+00:00,ETH,1064.51,1071.94,1046.36,1054.75,546.5841
2024-12-17 22:00:00+00:00,ETH,1054.75,1059.14,1040.79,1051.13,699.4874
2024-12-17 23:00:00+00:00,ETH,1051.13,1064.12,1050.57,1054.56,356.4618
2024-12-18 00:00:00+00:00,ETH,1054.56,1061.48,1048.7,1059.94,11925.0177
2024-12-18 01:00:00+00:00,ETH,1059.94,1069.76,995.33,1041.18,10941.0218
2024-12-18 02:00:00+00:00,ETH,1041.18,1069.96,1001.97,1008.91,16433.1322
2024-12-18 03:00:00+00:00,ETH,1008.91,1018.4,993.69,1003.33,9816.8905
2024-12-18 04:00:00+00:00,ETH,1003.33,1008.48,973.23,987.26,15138.3498
2024-12-18 05:00:00+00:00,ETH,987.26,996.48,957.34,958.65,18662.1453
2024-12-18 06:00:00+00:00,ETH,958.65,974.49,921.79,942.95,6659.5935
2024-12-18 07:00:00+00:00,ETH,942.95,948.0,920.62,928.94,10217.3602
2024-12-18 08:00:00+00:00,ETH,928.94,940.05,898.24,906.07,7930.4143
2024-12-18 09:00:00+00:00,ETH,906.07,969.24,887.82,895.09,11360.023
2024-12-18 10:00:00+00:00,ETH,895.09,897.5,836.24,873.75,12713.4207
2024-12-18 11:00:00+00:00,ETH,873.75,877.81,849.11,854.67,9610.5355
2024-12-18 12:00:00+00:00,ETH,854.67,873.69,824.38,871.48,17637.2099
2024-12-18 13:00:00+00:00,ETH,871.48,885.72,860.39,862.36,11432.5223
2024-12-18 14:00:00+00:00,ETH,862.36,895.27,829.39,841.92,4683.629
2024-12-18 15:00:00+00:00,ETH,841.92,875.62,797.62,807.51,11212.5874
2024-12-18 16:00:00+00:00,ETH,807.51,807.65,775.51,806.16,14187.0987
2024-12-18 17:00:00+00:00,ETH,806.16,840.52,762.56,821.08,20906.0723
2024-12-18 18:00:00+00:00,ETH,821.08,821.67,773.64,795.8,8675.7054
2024-12-18 19:00:00+00:00,ETH,795.8,807.42,779.42,785.12,11691.2617
2024-12-18 20:00:00+00:00,ETH,785.12,799.25,778.99,794.62,12296.8756
2024-12-18 21:00:00+00:00,ETH,794.62,821.74,779.07,803.29,7114.345
2024-12-18 22:00:00+00:00,ETH,803.29,837.27,773.34,788.1,33467.8023
2024-12-18 23:00:00+00:00,ETH,788.1,790.92,740.87,751.8,17044.4543
2024-12-19 00:00:00+00:00,ETH,751.8,760.52,694.03,712.06,13265.0741
2024-12-19 01:00:00+00:00,ETH,712.06,726.77,696.2,719.82,13961.6877
2024-12-19 02:00:00+00:00,ETH,719.82,726.42,704.43,706.76,7910.7096
2024-12-19 03:00:00+00:00,ETH,706.76,711.65,701.32,706.94,13059.1333
2024-12-19 04:00:00+00:00,ETH,706.94,754.43,696.15,735.25,13529.0235
2024-12-19 05:00:00+00:00,ETH,735.25,777.09,730.69,764.77,15290.0527
2024-12-19 06:00:00+00:00,ETH,764.77,764.81,749.1,749.47,7528.1461
2024-12-19 07:00:00+00:00,ETH,749.47,753.72,730.18,733.09,13898.8523
2024-12-19 08:00:00+00:00,ETH,733.09,751.86,687.17,746.2,14135.5226
2024-12-19 09:00:00+00:00,ETH,746.2,781.01,738.22,766.93,9534.211
2024-12-19 10:00:00+00:00,ETH,766.93,773.22,729.85,744.72,12494.7345
2024-12-19 11:00:00+00:00,ETH,744.72,762.74,708.63,740.39,10840.2608
2024-12-19 12:00:00+00:00,ETH,740.39,764.67,736.69,760.01,7004.9453
2024-12-19 13:00:00+00:00,ETH,760.01,793.37,739.65,779.6,11662.0906
2024-12-19 14:00:00+00:00,ETH,779.6,796.84,740.97,790.39,12883.6303
2024-12-19 15:00:00+00:00,ETH,790.39,847.65,775.95,806.33,10954.101
2024-12-19 16:00:00+00:00,ETH,806.33,811.99,789.49,790.83,10164.8145
2024-12-19 17:00:00+00:00,ETH,790.83,812.99,771.39,809.15,9685.1074
2024-12-19 18:00:00+00:00,ETH,809.15,857.96,798.02,842.65,12684.0976
2024-12-19 19:00:00+00:00,ETH,842.65,878.04,839.42,863.48,12794.3687
2024-12-19 20:00:00+00:00,ETH,863.48,874.55,842.86,870.52,3263.0879
2024-12-19 21:00:00+00:00,ETH,870.52,885.12,804.53,839.27,10740.0482
2024-12-19 22:00:00+00:00,ETH,839.27,861.91,837.43,849.97,7862.5513
2024-12-19 23:00:00+00:00,ETH,849.97,878.24,839.22,854.67,8262.2181
2024-12-20 00:00:00+00:00,ETH,854.67,869.29,847.64,852.7,6038.034
2024-12-20 01:00:00+00:00,ETH,852.7,885.92,806.63,849.66,9997.0794
2024-12-20 02:00:00+00:00,ETH,849.66,897.08,832.08,888.65,15708.5396
2024-12-20 03:00:00+00:00,ETH,888.65,892.47,843.93,853.55,5934.7975
2024-12-20 04:00:00+00:00,ETH,853.55,857.51,838.6,850.15,7388.4247
2024-12-20 05:00:00+00:00,ETH,850.15,876.13,832.34,872.72,4812.1264
2024-12-20 06:00:00+00:00,ETH,872.72,893.02,856.46,865.56,5407.117
2024-12-20 07:00:00+00:00,ETH,865.56,899.94,853.49,859.41,4029.9112
2024-12-20 08:00:00+00:00,ETH,859.41,895.31,826.88,887.73,6439.1507
2024-12-20 09:00:00+00:00,ETH,887.73,909.3,858.3,884.98,4164.8248
2024-12-20 10:00:00+00:00,ETH,884.98,933.51,866.78,900.85,6714.4239
2024-12-20 11:00:00+00:00,ETH,900.85,906.58,870.41,894.59,1763.5753
2024-12-20 12:00:00+00:00,ETH,894.59,902.74,884.24,899.63,3026.24
2024-12-20 13:00:00+00:00,ETH,899.63,908.54,888.94,907.97,5197.5022
2024-12-20 14:00:00+00:00,ETH,907.97,909.41,892.91,896.71,2588.8544
2024-12-20 15:00:00+00:00,ETH,896.71,909.37,892.85,904.22,3968.6676
2024-12-20 16:00:00+00:00,ETH,904.22,910.22,901.61,906.93,2074.8912
2024-12-20 17:00:00+00:00,ETH,906.93,917.92,887.06,915.71,1513.247
2024-12-20 18:00:00+00:00,ETH,915.71,918.17,889.95,916.58,1727.3274
2024-12-20 19:00:00+00:00,ETH,916.58,931.43,907.19,917.96,580.3994
2024-12-20 20:00:00+00:00,ETH,917.96,925.99,914.1,925.49,913.8008
2024-12-20 21:00:00+00:00,ETH,925.49,931.26,925.08,927.21,607.9057
2024-12-20 22:00:00+00:00,ETH,927.21,943.04,919.17,921.88,577.3983
2024-12-20 23:00:00+00:00,ETH,921.88,925.83,912.18,917.07,308.1349
2024-12-21 00:00:00+00:00,ETH,917.07,921.73,910.01,911.28,857.6655
2024-12-21 01:00:00+00:00,ETH,911.28,919.16,910.11,914.54,649.4974
2024-12-21 02:00:00+00:00,ETH,914.54,927.61,913.5,922.9,544.0095
2024-12-21 03:00:00+00:00,ETH,922.9,925.44,914.08,923.58,422.9596
2024-12-21 04:00:00+00:00,ETH,923.58,929.23,915.08,925.6,417.954
2024-12-21 05:00:00+00:00,ETH,925.6,927.22,916.89,922.03,371.5065
2024-12-21 06:00:00+00:00,ETH,922.03,925.84,906.26,911.71,328.6404
2024-12-21 07:00:00+00:00,ETH,911.71,922.87,909.47,920.07,702.9488
2024-12-21 08:00:00+00:00,ETH,920.07,935.36,909.44,929.03,462.0007
2024-12-21 09:00:00+00:00,ETH,929.03,930.12,921.58,921.86,331.0651
2024-12-21 10:00:00+00:00,ETH,921.86,927.74,920.95,922.32,336.4619
2024-12-21 11:00:00+00:00,ETH,922.32,928.19,918.91,925.63,385.5281
2024-12-21 12:00:00+00:00,ETH,925.63,926.17,918.81,923.75,391.3401
2024-12-21 13:00:00+00:00,ETH,923.75,924.63,920.43,923.19,229.5431
2024-12-21 14:00:00+00:00,ETH,923.19,931.38,922.17,925.35,349.4189
2024-12-21 15:00:00+00:00,ETH,925.35,928.63,919.46,922.69,369.1056
2024-12-21 16:00:00+00:00,ETH,922.69,927.04,918.32,926.15,397.0232
2024-12-21 17:00:00+00:00,ETH,926.15,926.33,918.89,925.12,358.5941
2024-12-21 18:00:00+00:00,ETH,925.12,935.08,924.42,930.13,528.6652
2024-12-21 19:00:00+00:00,ETH,930.13,939.47,917.06,919.17,445.4208
2024-12-21 20:00:00+00:00,ETH,919.17,921.32,915.87,916.23,697.0171
2024-12-21 21:00:00+00:00,ETH,916.23,923.98,915.92,921.88,550.5902
2024-12-21 22:00:00+00:00,ETH,921.88,922.46,916.09,922.12,533.9026
2024-12-21 23:00:00+00:00,ETH,922.12,923.2,917.62,920.66,719.2688
2024-12-22 00:00:00+00:00,ETH,920.66,923.45,909.74,913.31,593.0353
2024-12-22 01:00:00+00:00,ETH,913.31,934.74,903.49,919.93,540.7449
2024-12-22 02:00:00+00:00,ETH,919.93,924.88,915.03,924.42,279.8241
2024-12-22 03:00:00+00:00,ETH,924.42,932.56,924.07,928.22,1003.6062
2024-12-22 04:00:00+00:00,ETH,928.22,929.51,913.37,916.63,788.7725
2024-12-22 05:00:00+00:00,ETH,916.63,921.03,911.85,918.0,765.5158
2024-12-22 06:00:00+00:00,ETH,918.0,923.66,909.61,911.04,485.9489
2024-12-22 07:00:00+00:00,ETH,911.04,912.58,907.99,909.9,772.6684
2024-12-22 08:00:00+00:00,ETH,909.9,918.96,906.45,915.11,262.846
2024-12-22 09:00:00+00:00,ETH,915.11,927.48,907.29,911.91,309.486
2024-12-22 10:00:00+00:00,ETH,911.91,911.92,903.45,905.91,904.9538
2024-12-22 11:00:00+00:00,ETH,905.91,916.25,903.37,908.17,607.4739
2024-12-22 12:00:00+00:00,ETH,908.17,914.25,897.0,898.49,532.9096
2024-12-22 13:00:00+00:00,ETH,898.49,903.52,894.51,898.46,773.8892
2024-12-22 14:00:00+00:00,ETH,898.46,905.56,887.83,900.21,608.2655
2024-12-22 15:00:00+00:00,ETH,900.21,903.84,898.5,901.45,431.9422
2024-12-22 16:00:00+00:00,ETH,901.45,904.64,900.82,903.86,453.9661
2024-12-22 17:00:00+00:00,ETH,903.86,907.05,893.66,897.54,314.5713
2024-12-22 18:00:00+00:00,ETH,897.54,902.15,888.3,892.86,645.7133
2024-12-22 19:00:00+00:00,ETH,892.86,906.09,884.09,898.17,332.4304
2024-12-22 20:00:00+00:00,ETH,898.17,903.37,898.14,902.45,343.2359
2024-12-22 21:00:00+00:00,ETH,902.45,910.43,897.98,901.09,773.5404
2024-12-22 22:00:00+00:00,ETH,901.09,907.42,888.49,898.61,378.1326
2024-12-22 23:00:00+00:00,ETH,898.61,904.22,893.51,902.29,597.267
2024-12-23 00:00:00+00:00,ETH,902.29,907.74,893.81,899.24,214.4934
2024-12-23 01:00:00+00:00,ETH,899.24,906.59,895.75,901.3,440.7142
2024-12-23 02:00:00+00:00,ETH,901.3,905.62,883.57,894.41,562.6988
2024-12-23 03:00:00+00:00,ETH,894.41,900.53,888.49,889.93,637.7084
2024-12-23 04:00:00+00:00,ETH,889.93,906.05,887.2,896.1,371.3201
2024-12-23 05:00:00+00:00,ETH,896.1,902.27,889.56,898.68,442.8807
2024-12-23 06:00:00+00:00,ETH,898.68,898.9,887.04,895.59,602.014
2024-12-23 07:00:00+00:00,ETH,895.59,907.82,886.55,890.97,729.3138
2024-12-23 08:00:00+00:00,ETH,890.97,898.04,886.94,893.45,912.0603
2024-12-23 09:00:00+00:00,ETH,893.45,907.98,889.27,890.52,381.08
2024-12-23 10:00:00+00:00,ETH,890.52,893.66,882.89,885.94,412.0865
2024-12-23 11:00:00+00:00,ETH,885.94,889.68,884.28,884.43,602.669
2024-12-23 12:00:00+00:00,ETH,884.43,888.63,867.61,876.52,388.7718
2024-12-23 13:00:00+00:00,ETH,876.52,878.73,867.84,878.13,372.0443
2024-12-23 14:00:00+00:00,ETH,878.13,881.28,875.9,879.18,355.6521
2024-12-23 15:00:00+00:00,ETH,879.18,888.97,879.07,885.23,501.8113
2024-12-23 16:00:00+00:00,ETH,885.23,889.74,884.67,884.83,547.9503
2024-12-23 17:00:00+00:00,ETH,884.83,885.3,870.06,874.72,249.1947
2024-12-23 18:00:00+00:00,ETH,874.72,883.01,869.94,873.12,273.8512
2024-12-23 19:00:00+00:00,ETH,873.12,890.28,859.75,866.8,600.5395
2024-12-23 20:00:00+00:00,ETH,866.8,869.55,859.25,864.29,495.1565
2024-12-23 21:00:00+00:00,ETH,864.29,867.39,864.25,866.84,381.1188
2024-12-23 22:00:00+00:00,ETH,866.84,873.9,862.35,862.85,456.172
2024-12-23 23:00:00+00:00,ETH,862.85,869.85,846.31,854.79,758.4939
2024-12-24 00:00:00+00:00,ETH,854.79,856.52,852.84,854.05,420.9173
2024-12-24 01:00:00+00:00,ETH,854.05,860.25,843.38,853.21,323.7708
2024-12-24 02:00:00+00:00,ETH,853.21,857.49,851.37,854.53,405.8728
2024-12-24 03:00:00+00:00,ETH,854.53,855.69,852.97,855.38,595.0555
2024-12-24 04:00:00+00:00,ETH,855.38,861.16,846.91,853.58,612.0435
2024-12-24 05:00:00+00:00,ETH,853.58,859.87,842.31,851.16,296.5923
2024-12-24 06:00:00+00:00,ETH,851.16,854.27,837.45,849.76,721.4791
2024-12-24 07:00:00+00:00,ETH,849.76,859.52,848.1,849.14,577.4856
2024-12-24 08:00:00+00:00,ETH,849.14,873.09,838.34,856.95,304.5748
2024-12-24 09:00:00+00:00,ETH,856.95,861.65,852.79,860.13,647.6566
2024-12-24 10:00:00+00:00,ETH,860.13,863.56,856.27,856.52,444.8978
2024-12-24 11:00:00+00:00,ETH,856.52,857.15,846.52,854.14,318.3399
2024-12-24 12:00:00+00:00,ETH,854.14,854.24,848.39,849.25,412.0293
2024-12-24 13:00:00+00:00,ETH,849.25,849.87,844.43,844.47,549.5353
2024-12-24 14:00:00+00:00,ETH,844.47,844.82,835.71,838.14,873.3286
2024-12-24 15:00:00+00:00,ETH,838.14,849.8,835.44,842.34,254.2288
2024-12-24 16:00:00+00:00,ETH,842.34,843.11,841.51,842.26,519.2286
2024-12-24 17:00:00+00:00,ETH,842.26,845.73,811.46,829.56,405.8385
2024-12-24 18:00:00+00:00,ETH,829.56,844.89,823.79,832.96,521.5972
2024-12-24 19:00:00+00:00,ETH,832.96,835.73,823.74,826.66,591.8039
2024-12-24 20:00:00+00:00,ETH,826.66,833.3,822.05,829.15,688.5679
2024-12-24 21:00:00+00:00,ETH,829.15,835.62,827.89,835.02,398.3593
2024-12-24 22:00:00+00:00,ETH,835.02,837.25,830.78,832.98,468.112
2024-12-24 23:00:00+00:00,ETH,832.98,835.3,825.44,828.53,720.6279
2024-12-25 00:00:00+00:00,ETH,828.53,831.45,826.21,828.26,514.5441
2024-12-25 01:00:00+00:00,ETH,828.26,833.59,828.04,832.74,464.2369
2024-12-25 02:00:00+00:00,ETH,832.74,835.95,828.66,832.48,659.4157
2024-12-25 03:00:00+00:00,ETH,832.48,842.42,826.96,841.24,499.3495
2024-12-25 04:00:00+00:00,ETH,841.24,845.49,832.72,834.24,532.6895
2024-12-25 05:00:00+00:00,ETH,834.24,837.79,828.75,828.79,443.3454
2024-12-25 06:00:00+00:00,ETH,828.79,836.51,822.29,829.31,737.3361
2024-12-25 07:00:00+00:00,ETH,829.31,835.55,824.1,825.38,326.5448
2024-12-25 08:00:00+00:00,ETH,825.38,828.58,812.58,819.64,633.6185
2024-12-25 09:00:00+00:00,ETH,819.64,824.67,818.03,821.95,832.8389
2024-12-25 10:00:00+00:00,ETH,821.95,828.81,817.76,821.39,504.5827
2024-12-25 11:00:00+00:00,ETH,821.39,830.13,810.33,819.5,467.2708
2024-12-25 12:00:00+00:00,ETH,819.5,831.36,813.88,823.0,361.2145
2024-12-25 13:00:00+00:00,ETH,823.0,833.11,822.39,824.84,342.8454
2024-12-25 14:00:00+00:00,ETH,824.84,828.13,821.16,824.05,422.2613
2024-12-25 15:00:00+00:00,ETH,824.05,828.43,810.39,819.32,1181.3584
2024-12-25 16:00:00+00:00,ETH,819.32,825.68,817.4,817.95,400.1725
2024-12-25 17:00:00+00:00,ETH,817.95,821.6,815.66,816.27,372.8339
2024-12-25 18:00:00+00:00,ETH,816.27,833.61,804.51,820.91,598.0642
2024-12-25 19:00:00+00:00,ETH,820.91,826.11,814.35,823.07,728.898
2024-12-25 20:00:00+00:00,ETH,823.07,829.27,816.06,828.53,579.4422
2024-12-25 21:00:00+00:00,ETH,828.53,835.87,823.72,830.54,588.9206
2024-12-25 22:00:00+00:00,ETH,830.54,835.47,827.77,833.26,552.903
2024-12-25 23:00:00+00:00,ETH,833.26,845.32,828.85,840.97,368.1535
2024-12-26 00:00:00+00:00,ETH,840.97,856.0,837.16,850.14,1347.8785
2024-12-26 01:00:00+00:00,ETH,850.14,854.67,835.76,838.83,482.5192
2024-12-26 02:00:00+00:00,ETH,838.83,844.22,829.14,830.1,498.134
2024-12-26 03:00:00+00:00,ETH,830.1,848.71,824.56,837.09,567.123
2024-12-26 04:00:00+00:00,ETH,837.09,842.79,832.47,838.41,1056.0416
2024-12-26 05:00:00+00:00,ETH,838.41,849.42,834.9,847.85,458.7795
2024-12-26 06:00:00+00:00,ETH,847.85,850.6,844.57,849.38,672.7073
2024-12-26 07:00:00+00:00,ETH,849.38,855.61,843.55,853.16,696.2493
2024-12-26 08:00:00+00:00,ETH,853.16,865.95,846.21,858.8,499.4562
2024-12-26 09:00:00+00:00,ETH,858.8,861.92,858.03,861.47,295.7579
2024-12-26 10:00:00+00:00,ETH,861.47,873.4,852.9,866.97,422.3529
2024-12-26 11:00:00+00:00,ETH,866.97,873.84,860.66,867.23,882.2257
2024-12-26 12:00:00+00:00,ETH,867.23,873.47,858.54,867.2,459.1009
2024-12-26 13:00:00+00:00,ETH,867.2,873.01,866.85,871.11,373.2493
2024-12-26 14:00:00+00:00,ETH,871.11,872.75,863.04,872.08,491.4684
2024-12-26 15:00:00+00:00,ETH,872.08,882.74,867.2,869.5,403.0063
2024-12-26 16:00:00+00:00,ETH,869.5,875.63,861.25,864.82,788.7826
2024-12-26 17:00:00+00:00,ETH,864.82,882.03,860.51,868.79,293.7143
2024-12-26 18:00:00+00:00,ETH,868.79,883.93,864.11,880.04,735.9554
2024-12-26 19:00:00+00:00,ETH,880.04,892.34,873.27,885.92,575.8943
2024-12-26 20:00:00+00:00,ETH,885.92,893.36,885.16,890.72,297.5863
2024-12-26 21:00:00+00:00,ETH,890.72,897.34,875.0,887.01,572.454
2024-12-26 22:00:00+00:00,ETH,887.01,894.12,880.62,880.97,406.5853
2024-12-26 23:00:00+00:00,ETH,880.97,887.09,876.72,884.41,585.4999
2024-12-27 00:00:00+00:00,ETH,884.41,891.2,876.17,888.21,1013.6287
2024-12-27 01:00:00+00:00,ETH,888.21,897.83,879.32,881.88,590.4199
2024-12-27 02:00:00+00:00,ETH,881.88,883.16,870.8,877.48,522.7997
2024-12-27 03:00:00+00:00,ETH,877.48,879.85,864.74,875.48,539.8541
2024-12-27 04:00:00+00:00,ETH,875.48,891.17,869.76,872.05,378.3662
2024-12-27 05:00:00+00:00,ETH,872.05,882.64,871.51,880.78,516.952
2024-12-27 06:00:00+00:00,ETH,880.78,886.18,875.22,883.46,918.5139
2024-12-27 07:00:00+00:00,ETH,883.46,892.0,881.22,884.16,374.3121
2024-12-27 08:00:00+00:00,ETH,884.16,885.85,875.24,876.5,737.2784
2024-12-27 09:00:00+00:00,ETH,876.5,887.28,875.26,884.83,600.2749
2024-12-27 10:00:00+00:00,ETH,884.83,885.18,882.08,883.34,961.7237
2024-12-27 11:00:00+00:00,ETH,883.34,886.06,878.99,879.53,798.8903
2024-12-27 12:00:00+00:00,ETH,879.53,880.05,872.9,873.42,500.641
2024-12-27 13:00:00+00:00,ETH,873.42,881.5,859.1,878.54,415.2065
2024-12-27 14:00:00+00:00,ETH,878.54,883.37,876.96,877.05,407.3444
2024-12-27 15:00:00+00:00,ETH,877.05,890.78,872.36,877.7,831.4633
2024-12-27 16:00:00+00:00,ETH,877.7,878.25,872.86,873.43,618.5205
2024-12-27 17:00:00+00:00,ETH,873.43,874.78,870.04,872.3,614.8235
2024-12-27 18:00:00+00:00,ETH,872.3,883.16,865.83,874.36,617.119
2024-12-27 19:00:00+00:00,ETH,874.36,876.23,874.16,875.97,447.9315
2024-12-27 20:00:00+00:00,ETH,875.97,879.5,868.8,870.43,583.824
2024-12-27 21:00:00+00:00,ETH,870.43,876.28,861.09,874.42,463.5429
2024-12-27 22:00:00+00:00,ETH,874.42,881.3,870.26,871.32,545.9541
2024-12-27 23:00:00+00:00,ETH,871.32,873.14,854.26,865.39,257.4262
2024-12-28 00:00:00+00:00,ETH,865.39,879.27,865.31,868.96,617.5878
2024-12-28 01:00:00+00:00,ETH,868.96,872.23,866.54,870.83,459.8937
2024-12-28 02:00:00+00:00,ETH,870.83,883.26,864.94,880.73,565.9757
2024-12-28 03:00:00+00:00,ETH,880.73,903.23,871.72,883.66,535.1864
2024-12-28 04:00:00+00:00,ETH,883.66,888.37,880.02,881.35,431.1676
2024-12-28 05:00:00+00:00,ETH,881.35,890.98,870.92,885.81,821.8357
2024-12-28 06:00:00+00:00,ETH,885.81,891.35,871.79,881.66,352.704
2024-12-28 07:00:00+00:00,ETH,881.66,887.1,878.71,880.91,697.4095
2024-12-28 08:00:00+00:00,ETH,880.91,883.72,876.25,877.17,793.0583
2024-12-28 09:00:00+00:00,ETH,877.17,878.11,865.58,875.61,669.6974
2024-12-28 10:00:00+00:00,ETH,875.61,882.23,874.57,880.89,517.8916
2024-12-28 11:00:00+00:00,ETH,880.89,881.71,875.73,876.73,363.1532
2024-12-28 12:00:00+00:00,ETH,876.73,879.49,872.92,876.42,225.5737
2024-12-28 13:00:00+00:00,ETH,876.42,899.08,872.67,883.77,324.782
2024-12-28 14:00:00+00:00,ETH,883.77,886.18,880.84,883.99,290.9443
2024-12-28 15:00:00+00:00,ETH,883.99,888.15,877.65,880.65,404.2965
2024-12-28 16:00:00+00:00,ETH,880.65,881.42,875.67,879.81,469.3018
2024-12-28 17:00:00+00:00,ETH,879.81,883.92,866.69,874.55,700.1731
2024-12-28 18:00:00+00:00,ETH,874.55,878.11,865.95,875.2,335.9461
2024-12-28 19:00:00+00:00,ETH,875.2,875.43,866.5,866.59,255.6898
2024-12-28 20:00:00+00:00,ETH,866.59,871.12,864.28,867.81,840.1564
2024-12-28 21:00:00+00:00,ETH,867.81,876.5,867.76,869.43,775.5622
2024-12-28 22:00:00+00:00,ETH,869.43,871.11,859.75,866.76,671.3521
2024-12-28 23:00:00+00:00,ETH,866.76,869.59,861.97,862.71,611.569
2024-12-29 00:00:00+00:00,ETH,862.71,863.72,858.17,860.16,410.2416
2024-12-29 01:00:00+00:00,ETH,860.16,865.53,858.02,861.27,530.9065
2024-12-29 02:00:00+00:00,ETH,861.27,862.83,850.05,854.93,494.1453
2024-12-29 03:00:00+00:00,ETH,854.93,865.04,852.84,858.06,280.6572
2024-12-29 04:00:00+00:00,ETH,858.06,865.82,856.05,859.65,616.475
2024-12-29 05:00:00+00:00,ETH,859.65,863.78,856.31,862.66,570.509
2024-12-29 06:00:00+00:00,ETH,862.66,864.3,858.47,864.24,622.421
2024-12-29 07:00:00+00:00,ETH,864.24,869.49,862.07,867.4,427.474
2024-12-29 08:00:00+00:00,ETH,867.4,870.2,863.54,869.72,350.0651
2024-12-29 09:00:00+00:00,ETH,869.72,883.86,863.83,866.24,278.6684
2024-12-29 10:00:00+00:00,ETH,866.24,869.46,861.03,861.34,354.2405
2024-12-29 11:00:00+00:00,ETH,861.34,861.47,849.09,853.9,756.988
2024-12-29 12:00:00+00:00,ETH,853.9,855.42,849.2,854.93,421.1202
2024-12-29 13:00:00+00:00,ETH,854.93,863.89,847.32,853.6,498.4741
2024-12-29 14:00:00+00:00,ETH,853.6,856.7,850.79,852.38,625.0114
2024-12-29 15:00:00+00:00,ETH,852.38,853.25,846.72,847.51,263.3001
2024-12-29 16:00:00+00:00,ETH,847.51,848.02,838.34,842.26,344.7667
2024-12-29 17:00:00+00:00,ETH,842.26,848.43,838.01,848.08,466.897
2024-12-29 18:00:00+00:00,ETH,848.08,853.41,842.42,846.34,702.5386
2024-12-29 19:00:00+00:00,ETH,846.34,851.84,835.37,842.27,432.9395
2024-12-29 20:00:00+00:00,ETH,842.27,858.45,841.44,846.66,541.8895
2024-12-29 21:00:00+00:00,ETH,846.66,857.36,830.08,842.34,366.3961
2024-12-29 22:00:00+00:00,ETH,842.34,845.35,835.38,839.46,384.0458
2024-12-29 23:00:00+00:00,ETH,839.46,846.34,831.95,834.25,739.3348
2024-12-30 00:00:00+00:00,ETH,834.25,839.53,818.63,825.27,253.4512
2024-12-30 01:00:00+00:00,ETH,825.27,834.96,821.86,833.28,589.0856
2024-12-30 02:00:00+00:00,ETH,833.28,844.8,827.37,840.71,837.9678
2024-12-30 03:00:00+00:00,ETH,840.71,850.02,834.06,839.81,490.3122
2024-12-30 04:00:00+00:00,ETH,839.81,845.81,837.45,838.24,384.7616
2024-12-30 05:00:00+00:00,ETH,838.24,838.32,837.85,838.15,1277.1813
2024-12-30 06:00:00+00:00,ETH,838.15,843.06,832.36,837.2,312.1785
2024-12-30 07:00:00+00:00,ETH,837.2,853.11,832.29,842.28,476.745
2024-12-30 08:00:00+00:00,ETH,842.28,842.84,827.25,829.12,773.5619
2024-12-30 09:00:00+00:00,ETH,829.12,831.48,828.74,830.39,679.7844
2024-12-30 10:00:00+00:00,ETH,830.39,831.89,821.64,831.59,622.3059
2024-12-30 11:00:00+00:00,ETH,831.59,836.49,820.51,829.01,877.3687
2024-12-30 12:00:00+00:00,ETH,829.01,837.03,806.82,813.78,471.8863
2024-12-30 13:00:00+00:00,ETH,813.78,818.02,801.81,803.75,642.8331
2024-12-30 14:00:00+00:00,ETH,803.75,810.29,798.26,806.27,400.9402
2024-12-30 15:00:00+00:00,ETH,806.27,807.44,797.28,799.69,527.6769
2024-12-30 16:00:00+00:00,ETH,799.69,814.27,793.51,806.86,666.4502
2024-12-30 17:00:00+00:00,ETH,806.86,819.03,802.55,815.35,392.5053
2024-12-30 18:00:00+00:00,ETH,815.35,821.08,809.42,811.62,678.3196
2024-12-30 19:00:00+00:00,ETH,811.62,815.33,805.94,811.8,785.0717
2024-12-30 20:00:00+00:00,ETH,811.8,812.38,791.17,806.88,501.6069
2024-12-30 21:00:00+00:00,ETH,806.88,811.11,804.28,805.56,527.8687
2024-12-30 22:00:00+00:00,ETH,805.56,807.39,795.89,798.63,647.8235
2024-12-30 23:00:00+00:00,ETH,798.63,803.06,796.74,798.88,664.5162
2024-12-31 00:00:00+00:00,ETH,798.88,801.7,791.4,794.55,420.8896
2024-12-31 01:00:00+00:00,ETH,794.55,795.35,781.2,785.53,586.6047
2024-12-31 02:00:00+00:00,ETH,785.53,788.06,776.69,784.21,1191.8349
2024-12-31 03:00:00+00:00,ETH,784.21,792.2,783.64,790.97,517.0228
2024-12-31 04:00:00+00:00,ETH,790.97,796.52,789.62,794.91,413.8555
2024-12-31 05:00:00+00:00,ETH,794.91,796.42,785.05,791.5,722.2779
2024-12-31 06:00:00+00:00,ETH,791.5,793.04,790.7,790.8,535.2954
2024-12-31 07:00:00+00:00,ETH,790.8,795.41,788.17,794.53,393.651
2024-12-31 08:00:00+00:00,ETH,794.53,802.43,792.06,796.11,367.6939
2024-12-31 09:00:00+00:00,ETH,796.11,808.74,792.36,795.99,426.8243
2024-12-31 10:00:00+00:00,ETH,795.99,799.9,780.71,795.69,492.055
2024-12-31 11:00:00+00:00,ETH,795.69,798.75,790.07,798.46,581.4477
2024-12-31 12:00:00+00:00,ETH,798.46,799.44,793.43,799.4,487.0243
2024-12-31 13:00:00+00:00,ETH,799.4,803.33,796.26,796.77,588.5463
2024-12-31 14:00:00+00:00,ETH,796.77,806.96,794.36,802.82,452.466
2024-12-31 15:00:00+00:00,ETH,802.82,806.16,793.01,797.67,574.92
2024-12-31 16:00:00+00:00,ETH,797.67,799.48,793.98,798.07,681.9931
2024-12-31 17:00:00+00:00,ETH,798.07,801.53,795.66,796.77,751.335
2024-12-31 18:00:00+00:00,ETH,796.77,809.06,796.28,802.24,431.552
2024-12-31 19:00:00+00:00,ETH,802.24,812.09,800.77,807.92,1023.7776
2024-12-31 20:00:00+00:00,ETH,807.92,820.25,802.28,816.95,512.8697
2024-12-31 21:00:00+00:00,ETH,816.95,824.8,815.97,820.1,554.9594
2024-12-31 22:00:00+00:00,ETH,820.1,820.17,814.97,819.31,612.7389
2024-12-31 23:00:00+00:00,ETH,819.31,832.41,799.65,805.91,567.4373
2025-01-01 00:00:00+00:00,ETH,805.91,810.61,796.8,804.16,415.9863
2025-01-01 01:00:00+00:00,ETH,804.16,808.35,799.8,805.99,354.061
2025-01-01 02:00:00+00:00,ETH,805.99,807.77,797.2,799.87,347.9797
2025-01-01 03:00:00+00:00,ETH,799.87,806.58,789.62,790.88,726.0254
2025-01-01 04:00:00+00:00,ETH,790.88,795.66,788.69,793.7,668.729
2025-01-01 05:00:00+00:00,ETH,793.7,798.71,787.26,797.14,252.7005
2025-01-01 06:00:00+00:00,ETH,797.14,801.61,786.88,790.62,383.9843
2025-01-01 07:00:00+00:00,ETH,790.62,795.95,787.26,795.33,292.8598
2025-01-01 08:00:00+00:00,ETH,795.33,799.72,786.91,789.57,676.8975
2025-01-01 09:00:00+00:00,ETH,789.57,792.55,786.07,789.35,337.7296
2025-01-01 10:00:00+00:00,ETH,789.35,790.86,782.96,787.91,332.5393
2025-01-01 11:00:00+00:00,ETH,787.91,792.95,785.15,790.0,446.3471
2025-01-01 12:00:00+00:00,ETH,790.0,793.07,789.67,792.66,409.0118
2025-01-01 13:00:00+00:00,ETH,792.66,801.09,788.33,793.54,399.1784
2025-01-01 14:00:00+00:00,ETH,793.54,795.13,786.47,787.81,387.9436
2025-01-01 15:00:00+00:00,ETH,787.81,788.35,776.62,784.54,730.685
2025-01-01 16:00:00+00:00,ETH,784.54,787.69,777.63,780.44,587.0105
2025-01-01 17:00:00+00:00,ETH,780.44,789.89,775.41,783.4,576.5683
2025-01-01 18:00:00+00:00,ETH,783.4,791.22,781.49,789.09,307.336
2025-01-01 19:00:00+00:00,ETH,789.09,801.44,779.68,795.84,667.005
2025-01-01 20:00:00+00:00,ETH,795.84,802.95,790.38,798.78,512.6222
2025-01-01 21:00:00+00:00,ETH,798.78,801.36,794.54,798.07,447.304
2025-01-01 22:00:00+00:00,ETH,798.07,809.13,790.21,803.37,507.664
2025-01-01 23:00:00+00:00,ETH,803.37,812.17,788.98,793.76,422.9432
2025-01-02 00:00:00+00:00,ETH,793.76,794.01,786.14,791.1,351.937
2025-01-02 01:00:00+00:00,ETH,791.1,795.43,788.95,790.02,332.78
2025-01-02 02:00:00+00:00,ETH,790.02,792.6,778.92,781.51,448.4707
2025-01-02 03:00:00+00:00,ETH,781.51,783.3,781.25,781.41,784.3256
2025-01-02 04:00:00+00:00,ETH,781.41,784.81,777.1,779.24,460.5476
2025-01-02 05:00:00+00:00,ETH,779.24,788.73,775.4,781.6,456.4933
2025-01-02 06:00:00+00:00,ETH,781.6,785.36,781.01,781.53,335.2431
2025-01-02 07:00:00+00:00,ETH,781.53,790.1,771.47,773.92,572.5112
2025-01-02 08:00:00+00:00,ETH,773.92,775.24,768.59,775.1,367.7744
2025-01-02 09:00:00+00:00,ETH,775.1,783.11,759.23,771.18,767.1291
2025-01-02 10:00:00+00:00,ETH,771.18,771.36,768.21,769.24,968.7516
2025-01-02 11:00:00+00:00,ETH,769.24,771.43,762.07,763.63,481.1257
2025-01-02 12:00:00+00:00,ETH,763.63,772.64,761.41,763.6,795.1458
2025-01-02 13:00:00+00:00,ETH,763.6,768.05,751.74,760.4,630.2629
2025-01-02 14:00:00+00:00,ETH,760.4,765.02,748.32,753.84,425.3158
2025-01-02 15:00:00+00:00,ETH,753.84,758.06,749.31,750.81,368.3487
2025-01-02 16:00:00+00:00,ETH,750.81,755.29,745.26,746.93,436.5551
2025-01-02 17:00:00+00:00,ETH,746.93,750.07,745.7,748.23,488.2104
2025-01-02 18:00:00+00:00,ETH,748.23,753.29,742.53,748.95,701.6231
2025-01-02 19:00:00+00:00,ETH,748.95,754.7,740.0,753.59,332.4497
2025-01-02 20:00:00+00:00,ETH,753.59,755.37,743.92,744.01,466.1531
2025-01-02 21:00:00+00:00,ETH,744.01,744.95,737.62,739.05,694.88
2025-01-02 22:00:00+00:00,ETH,739.05,744.73,734.39,741.39,671.8103
2025-01-02 23:00:00+00:00,ETH,741.39,749.15,735.63,737.49,676.5689
2025-01-03 00:00:00+00:00,ETH,737.49,738.8,730.55,737.7,269.2766
2025-01-03 01:00:00+00:00,ETH,737.7,741.26,737.39,738.28,513.8726
2025-01-03 02:00:00+00:00,ETH,738.28,740.05,737.67,738.66,894.6861
2025-01-03 03:00:00+00:00,ETH,738.66,745.3,734.6,741.18,552.379
2025-01-03 04:00:00+00:00,ETH,741.18,745.91,740.45,742.53,829.5394
2025-01-03 05:00:00+00:00,ETH,742.53,745.09,729.43,731.15,383.586
2025-01-03 06:00:00+00:00,ETH,731.15,735.39,725.45,734.16,714.0879
2025-01-03 07:00:00+00:00,ETH,734.16,741.88,723.01,728.1,481.944
2025-01-03 08:00:00+00:00,ETH,728.1,729.72,727.07,728.64,209.9057
2025-01-03 09:00:00+00:00,ETH,728.64,731.7,725.43,730.45,443.8992
2025-01-03 10:00:00+00:00,ETH,730.45,731.91,728.63,730.52,595.6927
2025-01-03 11:00:00+00:00,ETH,730.52,740.44,727.38,729.27,808.0708
2025-01-03 12:00:00+00:00,ETH,729.27,733.05,718.59,723.13,752.955
2025-01-03 13:00:00+00:00,ETH,723.13,739.21,710.07,730.73,556.2149
2025-01-03 14:00:00+00:00,ETH,730.73,733.23,729.88,729.9,775.529
2025-01-03 15:00:00+00:00,ETH,729.9,730.58,721.87,728.57,762.1164
2025-01-03 16:00:00+00:00,ETH,728.57,733.6,727.66,728.42,504.0877
2025-01-03 17:00:00+00:00,ETH,728.42,739.73,720.87,733.28,447.9039
2025-01-03 18:00:00+00:00,ETH,733.28,745.11,728.79,739.44,401.4202
2025-01-03 19:00:00+00:00,ETH,739.44,751.23,732.02,733.52,232.3331
2025-01-03 20:00:00+00:00,ETH,733.52,738.87,731.22,731.67,559.6587
2025-01-03 21:00:00+00:00,ETH,731.67,749.98,729.23,741.32,529.6669
2025-01-03 22:00:00+00:00,ETH,741.32,744.76,737.21,742.65,448.5654
2025-01-03 23:00:00+00:00,ETH,742.65,744.23,739.67,740.49,573.1909
2025-01-04 00:00:00+00:00,ETH,740.49,752.37,726.71,737.92,610.1503
2025-01-04 01:00:00+00:00,ETH,737.92,744.4,732.57,741.38,705.4772
2025-01-04 02:00:00+00:00,ETH,741.38,742.91,739.48,742.52,367.3711
2025-01-04 03:00:00+00:00,ETH,742.52,742.67,738.58,741.09,725.8069
2025-01-04 04:00:00+00:00,ETH,741.09,742.12,735.87,737.44,355.6131
2025-01-04 05:00:00+00:00,ETH,737.44,740.89,725.72,734.87,274.6167
2025-01-04 06:00:00+00:00,ETH,734.87,740.71,725.0,738.41,369.4158
2025-01-04 07:00:00+00:00,ETH,738.41,741.73,736.68,741.37,643.1389
2025-01-04 08:00:00+00:00,ETH,741.37,744.85,739.72,742.54,513.2353
2025-01-04 09:00:00+00:00,ETH,742.54,744.26,736.72,737.12,763.222
2025-01-04 10:00:00+00:00,ETH,737.12,743.83,736.39,742.48,417.1555
2025-01-04 11:00:00+00:00,ETH,742.48,743.38,737.48,741.57,735.5717
2025-01-04 12:00:00+00:00,ETH,741.57,743.47,738.77,741.33,931.1818
2025-01-04 13:00:00+00:00,ETH,741.33,746.57,740.7,745.28,603.6035
2025-01-04 14:00:00+00:00,ETH,745.28,747.3,739.62,746.11,224.015
2025-01-04 15:00:00+00:00,ETH,746.11,756.88,745.78,755.51,440.1656
2025-01-04 16:00:00+00:00,ETH,755.51,765.23,750.66,757.72,365.5932
2025-01-04 17:00:00+00:00,ETH,757.72,762.78,757.63,757.75,565.5303
2025-01-04 18:00:00+00:00,ETH,757.75,765.01,753.72,756.5,166.7747
2025-01-04 19:00:00+00:00,ETH,756.5,760.19,751.72,759.59,505.3361
2025-01-04 20:00:00+00:00,ETH,759.59,763.25,758.42,761.56,497.9931
2025-01-04 21:00:00+00:00,ETH,761.56,764.9,755.23,760.13,836.1446
2025-01-04 22:00:00+00:00,ETH,760.13,767.56,757.69,762.22,596.5123
2025-01-04 23:00:00+00:00,ETH,762.22,763.66,750.71,752.68,289.7843
2025-01-05 00:00:00+00:00,ETH,752.68,763.1,749.88,757.39,558.8171
2025-01-05 01:00:00+00:00,ETH,757.39,769.0,754.09,764.78,404.154
2025-01-05 02:00:00+00:00,ETH,764.78,778.27,763.18,775.19,581.2767
2025-01-05 03:00:00+00:00,ETH,775.19,787.8,769.61,782.35,514.6752
2025-01-05 04:00:00+00:00,ETH,782.35,786.58,778.59,779.36,594.2852
2025-01-05 05:00:00+00:00,ETH,779.36,785.21,770.11,784.28,377.3186
2025-01-05 06:00:00+00:00,ETH,784.28,785.43,781.94,784.44,604.2899
2025-01-05 07:00:00+00:00,ETH,784.44,791.0,779.61,784.39,410.0803
2025-01-05 08:00:00+00:00,ETH,784.39,785.0,780.18,783.96,587.7655
2025-01-05 09:00:00+00:00,ETH,783.96,785.67,777.21,783.83,645.9111
2025-01-05 10:00:00+00:00,ETH,783.83,784.49,780.55,782.45,456.2197
2025-01-05 11:00:00+00:00,ETH,782.45,789.01,769.96,777.69,522.8479
2025-01-05 12:00:00+00:00,ETH,777.69,779.14,772.2,773.63,300.6538
2025-01-05 13:00:00+00:00,ETH,773.63,784.58,765.92,770.16,438.1159
2025-01-05 14:00:00+00:00,ETH,770.16,782.38,766.62,769.22,462.821
2025-01-05 15:00:00+00:00,ETH,769.22,773.11,767.76,769.26,911.2033
2025-01-05 16:00:00+00:00,ETH,769.26,776.18,768.74,774.67,396.3674
2025-01-05 17:00:00+00:00,ETH,774.67,776.09,772.8,774.24,426.1914
2025-01-05 18:00:00+00:00,ETH,774.24,782.92,766.06,768.86,307.7438
2025-01-05 19:00:00+00:00,ETH,768.86,779.82,764.3,765.47,575.82
2025-01-05 20:00:00+00:00,ETH,765.47,767.44,760.94,763.97,279.8947
2025-01-05 21:00:00+00:00,ETH,763.97,764.77,761.13,763.34,254.1173
2025-01-05 22:00:00+00:00,ETH,763.34,771.92,761.37,770.63,502.9652
2025-01-05 23:00:00+00:00,ETH,770.63,774.66,761.22,766.01,509.7597
2025-01-06 00:00:00+00:00,ETH,766.01,773.23,763.21,769.37,537.8264
2025-01-06 01:00:00+00:00,ETH,769.37,780.52,769.08,772.75,633.3137
2025-01-06 02:00:00+00:00,ETH,772.75,776.9,770.5,771.11,433.0652
2025-01-06 03:00:00+00:00,ETH,771.11,775.12,761.52,763.78,720.09
2025-01-06 04:00:00+00:00,ETH,763.78,766.17,762.05,766.13,485.7992
2025-01-06 05:00:00+00:00,ETH,766.13,777.09,759.99,769.15,564.855
2025-01-06 06:00:00+00:00,ETH,769.15,774.35,759.67,764.98,463.2386
2025-01-06 07:00:00+00:00,ETH,764.98,773.51,760.22,763.07,605.1763
2025-01-06 08:00:00+00:00,ETH,763.07,767.89,754.21,759.33,418.946
2025-01-06 09:00:00+00:00,ETH,759.33,769.47,754.32,766.08,480.9399
2025-01-06 10:00:00+00:00,ETH,766.08,770.2,761.41,763.83,331.9886
2025-01-06 11:00:00+00:00,ETH,763.83,778.07,753.93,760.96,495.8721
2025-01-06 12:00:00+00:00,ETH,760.96,770.48,760.48,766.33,796.3724
2025-01-06 13:00:00+00:00,ETH,766.33,768.33,760.07,762.27,1144.8734
2025-01-06 14:00:00+00:00,ETH,762.27,766.76,750.04,751.82,842.141
2025-01-06 15:00:00+00:00,ETH,751.82,756.56,751.53,753.25,802.4105
2025-01-06 16:00:00+00:00,ETH,753.25,757.33,745.95,752.49,306.4163
2025-01-06 17:00:00+00:00,ETH,752.49,758.28,751.15,757.82,242.5299
2025-01-06 18:00:00+00:00,ETH,757.82,767.37,752.23,762.43,712.5972
2025-01-06 19:00:00+00:00,ETH,762.43,771.24,761.24,768.85,444.075
2025-01-06 20:00:00+00:00,ETH,768.85,771.07,759.44,765.31,607.6552
2025-01-06 21:00:00+00:00,ETH,765.31,767.57,764.56,766.17,474.2832
2025-01-06 22:00:00+00:00,ETH,766.17,766.28,764.06,764.9,552.4509
2025-01-06 23:00:00+00:00,ETH,764.9,770.54,759.78,770.32,504.2775
2025-01-07 00:00:00+00:00,ETH,770.32,772.47,769.42,770.64,737.1931
2025-01-07 01:00:00+00:00,ETH,770.64,772.65,765.7,772.54,471.5399
2025-01-07 02:00:00+00:00,ETH,772.54,783.33,772.26,776.21,605.9717
2025-01-07 03:00:00+00:00,ETH,776.21,786.8,768.03,781.75,487.1713
2025-01-07 04:00:00+00:00,ETH,781.75,799.98,776.14,791.54,656.0448
2025-01-07 05:00:00+00:00,ETH,791.54,803.46,784.28,794.66,335.5849
2025-01-07 06:00:00+00:00,ETH,794.66,796.82,787.46,792.88,783.1768
2025-01-07 07:00:00+00:00,ETH,792.88,795.69,787.82,794.38,645.5071
2025-01-07 08:00:00+00:00,ETH,794.38,799.0,790.99,795.25,509.623
2025-01-07 09:00:00+00:00,ETH,795.25,795.25,786.84,790.74,606.6846
2025-01-07 10:00:00+00:00,ETH,790.74,797.35,790.71,794.18,522.1687
2025-01-07 11:00:00+00:00,ETH,794.18,795.94,786.47,789.32,486.5126
2025-01-07 12:00:00+00:00,ETH,789.32,795.81,780.1,781.51,473.5069
2025-01-07 13:00:00+00:00,ETH,781.51,784.74,772.7,780.4,697.8079
2025-01-07 14:00:00+00:00,ETH,780.4,788.12,764.86,769.63,833.8042
2025-01-07 15:00:00+00:00,ETH,769.63,786.59,761.65,777.08,413.3823
2025-01-07 16:00:00+00:00,ETH,777.08,783.91,774.93,780.98,381.7441
2025-01-07 17:00:00+00:00,ETH,780.98,786.37,770.5,784.62,306.9675
2025-01-07 18:00:00+00:00,ETH,784.62,790.32,779.03,782.5,337.1645
2025-01-07 19:00:00+00:00,ETH,782.5,786.0,781.37,782.7,505.863
2025-01-07 20:00:00+00:00,ETH,782.7,783.6,771.42,776.77,503.6469
2025-01-07 21:00:00+00:00,ETH,776.77,784.64,773.76,776.01,538.0935
2025-01-07 22:00:00+00:00,ETH,776.01,779.65,767.65,772.33,487.0251
2025-01-07 23:00:00+00:00,ETH,772.33,776.43,768.95,769.08,186.8357
2025-01-08 00:00:00+00:00,ETH,769.08,777.8,762.48,775.14,659.1298
2025-01-08 01:00:00+00:00,ETH,775.14,778.8,774.92,778.5,548.765
2025-01-08 02:00:00+00:00,ETH,778.5,779.15,771.75,775.53,698.4569
2025-01-08 03:00:00+00:00,ETH,775.53,791.1,766.96,786.28,308.7601
2025-01-08 04:00:00+00:00,ETH,786.28,788.82,773.54,777.2,608.3525
2025-01-08 05:00:00+00:00,ETH,777.2,787.4,770.05,785.34,349.8968
2025-01-08 06:00:00+00:00,ETH,785.34,796.91,780.37,783.25,422.907
2025-01-08 07:00:00+00:00,ETH,783.25,788.17,768.55,775.63,608.2148
2025-01-08 08:00:00+00:00,ETH,775.63,777.75,766.37,773.54,599.1324
2025-01-08 09:00:00+00:00,ETH,773.54,778.81,772.21,776.34,864.2086
2025-01-08 10:00:00+00:00,ETH,776.34,783.94,767.94,781.9,515.0265
2025-01-08 11:00:00+00:00,ETH,781.9,785.97,778.42,782.17,927.6051
2025-01-08 12:00:00+00:00,ETH,782.17,783.55,774.65,779.68,503.0506
2025-01-08 13:00:00+00:00,ETH,779.68,790.18,779.54,788.05,441.7284
2025-01-08 14:00:00+00:00,ETH,788.05,793.57,779.38,784.47,656.772
2025-01-08 15:00:00+00:00,ETH,784.47,794.65,781.22,782.43,1049.9565
2025-01-08 16:00:00+00:00,ETH,782.43,789.4,778.76,783.54,320.3146
2025-01-08 17:00:00+00:00,ETH,783.54,787.39,779.85,784.8,290.9802
2025-01-08 18:00:00+00:00,ETH,784.8,787.14,777.54,780.17,730.2108
2025-01-08 19:00:00+00:00,ETH,780.17,789.52,779.43,787.19,300.2869
2025-01-08 20:00:00+00:00,ETH,787.19,795.23,783.12,789.61,326.255
2025-01-08 21:00:00+00:00,ETH,789.61,792.47,783.97,789.39,187.804
2025-01-08 22:00:00+00:00,ETH,789.39,795.95,782.15,785.82,523.9429
2025-01-08 23:00:00+00:00,ETH,785.82,789.78,778.9,780.77,1066.3536
2025-01-09 00:00:00+00:00,ETH,780.77,782.4,773.82,781.43,472.6343
2025-01-09 01:00:00+00:00,ETH,781.43,801.62,780.91,789.99,1143.1191
2025-01-09 02:00:00+00:00,ETH,789.99,792.09,787.37,788.4,1282.1803
2025-01-09 03:00:00+00:00,ETH,788.4,799.88,784.41,796.71,506.5632
2025-01-09 04:00:00+00:00,ETH,796.71,805.4,795.78,800.93,414.6681
2025-01-09 05:00:00+00:00,ETH,800.93,804.62,795.09,797.38,428.8484
2025-01-09 06:00:00+00:00,ETH,797.38,800.18,792.1,798.47,788.1906
2025-01-09 07:00:00+00:00,ETH,798.47,803.55,796.17,803.29,550.0528
2025-01-09 08:00:00+00:00,ETH,803.29,803.38,797.6,802.49,410.9968
2025-01-09 09:00:00+00:00,ETH,802.49,803.74,795.89,800.25,481.9704
2025-01-09 10:00:00+00:00,ETH,800.25,805.22,795.46,804.65,713.0864
2025-01-09 11:00:00+00:00,ETH,804.65,805.17,800.7,802.37,682.358
2025-01-09 12:00:00+00:00,ETH,802.37,806.91,793.02,796.85,512.5215
2025-01-09 13:00:00+00:00,ETH,796.85,797.1,785.28,790.76,404.6795
2025-01-09 14:00:00+00:00,ETH,790.76,802.36,787.9,799.7,697.4923
2025-01-09 15:00:00+00:00,ETH,799.7,807.48,798.23,806.84,447.4327
2025-01-09 16:00:00+00:00,ETH,806.84,811.46,803.95,807.52,568.0271
2025-01-09 17:00:00+00:00,ETH,807.52,811.59,806.61,807.67,407.8471
2025-01-09 18:00:00+00:00,ETH,807.67,811.17,801.51,805.48,572.0773
2025-01-09 19:00:00+00:00,ETH,805.48,806.43,791.87,794.83,372.731
2025-01-09 20:00:00+00:00,ETH,794.83,800.82,776.03,780.59,593.4551
2025-01-09 21:00:00+00:00,ETH,780.59,784.37,775.43,779.97,462.7955
2025-01-09 22:00:00+00:00,ETH,779.97,783.17,778.4,780.92,513.5553
2025-01-09 23:00:00+00:00,ETH,780.92,783.95,772.48,777.55,353.2805
2025-01-10 00:00:00+00:00,ETH,777.55,780.14,764.31,770.18,748.6454
2025-01-10 01:00:00+00:00,ETH,770.18,774.2,765.91,770.6,507.5892
2025-01-10 02:00:00+00:00,ETH,770.6,772.46,758.17,765.82,493.5312
2025-01-10 03:00:00+00:00,ETH,765.82,768.88,761.49,766.13,397.5126
2025-01-10 04:00:00+00:00,ETH,766.13,768.29,755.9,760.4,855.0781
2025-01-10 05:00:00+00:00,ETH,760.4,760.76,754.12,755.44,263.6699
2025-01-10 06:00:00+00:00,ETH,755.44,758.25,750.85,755.86,588.1906
2025-01-10 07:00:00+00:00,ETH,755.86,758.27,747.32,756.42,374.3031
2025-01-10 08:00:00+00:00,ETH,756.42,765.72,755.97,757.14,784.2152
2025-01-10 09:00:00+00:00,ETH,757.14,763.59,750.44,757.27,493.3459
2025-01-10 10:00:00+00:00,ETH,757.27,761.9,749.38,754.39,343.7064
2025-01-10 11:00:00+00:00,ETH,754.39,762.51,748.48,752.83,615.2601
2025-01-10 12:00:00+00:00,ETH,752.83,765.28,743.91,747.74,605.9232
2025-01-10 13:00:00+00:00,ETH,747.74,749.45,733.15,748.7,307.9538
2025-01-10 14:00:00+00:00,ETH,748.7,758.77,746.57,755.52,1008.7039
2025-01-10 15:00:00+00:00,ETH,755.52,757.31,745.5,756.76,860.8893
2025-01-10 16:00:00+00:00,ETH,756.76,757.03,749.51,753.71,232.4035
2025-01-10 17:00:00+00:00,ETH,753.71,756.42,743.91,748.0,593.199
2025-01-10 18:00:00+00:00,ETH,748.0,751.98,744.34,750.16,613.4284
2025-01-10 19:00:00+00:00,ETH,750.16,757.74,749.93,757.38,610.4954
2025-01-10 20:00:00+00:00,ETH,757.38,760.29,747.25,757.17,520.2265
2025-01-10 21:00:00+00:00,ETH,757.17,759.53,752.77,757.6,399.0733
2025-01-10 22:00:00+00:00,ETH,757.6,764.01,754.71,757.36,512.2238
2025-01-10 23:00:00+00:00,ETH,757.36,759.69,746.78,752.41,435.9156
2025-01-11 00:00:00+00:00,ETH,752.41,757.97,751.75,754.82,1116.8584
2025-01-11 01:00:00+00:00,ETH,754.82,759.96,741.34,743.17,757.8877
2025-01-11 02:00:00+00:00,ETH,743.17,752.3,740.24,741.27,547.1154
2025-01-11 03:00:00+00:00,ETH,741.27,745.93,740.96,741.06,508.4907
2025-01-11 04:00:00+00:00,ETH,741.06,744.99,728.75,734.27,398.616
2025-01-11 05:00:00+00:00,ETH,734.27,735.14,723.04,726.61,531.3331
2025-01-11 06:00:00+00:00,ETH,726.61,727.03,720.41,725.05,577.424
2025-01-11 07:00:00+00:00,ETH,725.05,734.86,724.91,729.75,537.276
2025-01-11 08:00:00+00:00,ETH,729.75,733.96,720.58,730.44,359.3491
2025-01-11 09:00:00+00:00,ETH,730.44,731.79,723.1,730.84,528.3146
2025-01-11 10:00:00+00:00,ETH,730.84,744.79,728.03,742.13,435.4602
2025-01-11 11:00:00+00:00,ETH,742.13,742.42,736.76,740.39,713.9184
2025-01-11 12:00:00+00:00,ETH,740.39,747.23,731.56,743.33,525.4681
2025-01-11 13:00:00+00:00,ETH,743.33,748.5,731.84,744.33,442.4267
2025-01-11 14:00:00+00:00,ETH,744.33,750.6,743.31,749.62,460.646
2025-01-11 15:00:00+00:00,ETH,749.62,751.16,744.19,745.23,609.6671
2025-01-11 16:00:00+00:00,ETH,745.23,746.41,739.04,740.0,501.6228
2025-01-11 17:00:00+00:00,ETH,740.0,742.65,737.55,742.0,933.6934
2025-01-11 18:00:00+00:00,ETH,742.0,746.08,737.49,738.64,484.7136
2025-01-11 19:00:00+00:00,ETH,738.64,742.11,738.03,740.54,408.5879
2025-01-11 20:00:00+00:00,ETH,740.54,742.4,737.66,740.23,554.219
2025-01-11 21:00:00+00:00,ETH,740.23,747.03,739.4,744.92,375.1294
2025-01-11 22:00:00+00:00,ETH,744.92,746.31,741.79,743.47,501.496
2025-01-11 23:00:00+00:00,ETH,743.47,746.04,729.88,738.69,327.993
2025-01-12 00:00:00+00:00,ETH,738.69,740.34,730.53,731.06,429.7509
2025-01-12 01:00:00+00:00,ETH,731.06,734.73,724.15,732.05,555.1357
2025-01-12 02:00:00+00:00,ETH,732.05,737.76,715.68,722.91,393.2164
2025-01-12 03:00:00+00:00,ETH,722.91,728.72,722.54,726.94,477.3874
2025-01-12 04:00:00+00:00,ETH,726.94,727.09,720.81,720.94,784.0631
2025-01-12 05:00:00+00:00,ETH,720.94,722.04,717.53,718.23,332.1641
2025-01-12 06:00:00+00:00,ETH,718.23,721.71,711.34,717.98,402.4155
2025-01-12 07:00:00+00:00,ETH,717.98,719.51,714.57,716.73,383.4206
2025-01-12 08:00:00+00:00,ETH,716.73,728.22,710.54,721.35,228.6871
2025-01-12 09:00:00+00:00,ETH,721.35,724.84,717.24,718.54,677.8042
2025-01-12 10:00:00+00:00,ETH,718.54,727.49,717.36,722.89,560.1541
2025-01-12 11:00:00+00:00,ETH,722.89,727.43,718.59,721.29,547.1418
2025-01-12 12:00:00+00:00,ETH,721.29,725.81,719.01,722.81,525.68
2025-01-12 13:00:00+00:00,ETH,722.81,729.12,720.32,726.25,440.3235
2025-01-12 14:00:00+00:00,ETH,726.25,727.66,720.36,723.87,557.5275
2025-01-12 15:00:00+00:00,ETH,723.87,726.36,720.99,721.66,738.1025
2025-01-12 16:00:00+00:00,ETH,721.66,729.85,718.84,718.89,443.5295
2025-01-12 17:00:00+00:00,ETH,718.89,729.78,717.33,726.26,309.1648
2025-01-12 18:00:00+00:00,ETH,726.26,737.64,723.71,732.26,543.0837
2025-01-12 19:00:00+00:00,ETH,732.26,733.03,730.2,731.22,447.4292
2025-01-12 20:00:00+00:00,ETH,731.22,734.65,728.14,733.5,331.7303
2025-01-12 21:00:00+00:00,ETH,733.5,734.18,727.74,732.26,755.5382
2025-01-12 22:00:00+00:00,ETH,732.26,742.55,731.94,742.05,515.6167
2025-01-12 23:00:00+00:00,ETH,742.05,749.2,735.99,736.9,374.7239
2025-01-13 00:00:00+00:00,ETH,736.9,739.97,726.85,732.59,497.294
2025-01-13 01:00:00+00:00,ETH,732.59,736.19,725.7,728.42,351.5935
2025-01-13 02:00:00+00:00,ETH,728.42,736.83,721.79,732.49,613.8872
2025-01-13 03:00:00+00:00,ETH,732.49,740.34,727.71,730.12,565.928
2025-01-13 04:00:00+00:00,ETH,730.12,744.87,726.43,736.88,505.7085
2025-01-13 05:00:00+00:00,ETH,736.88,743.55,734.75,740.24,808.6929
2025-01-13 06:00:00+00:00,ETH,740.24,750.04,738.77,743.65,622.9299
2025-01-13 07:00:00+00:00,ETH,743.65,749.35,727.42,735.26,455.9117
2025-01-13 08:00:00+00:00,ETH,735.26,737.85,721.58,731.0,382.6086
2025-01-13 09:00:00+00:00,ETH,731.0,744.32,722.36,736.21,401.8766
2025-01-13 10:00:00+00:00,ETH,736.21,754.23,735.51,743.91,431.6785
2025-01-13 11:00:00+00:00,ETH,743.91,748.59,743.4,743.43,453.4051
2025-01-13 12:00:00+00:00,ETH,743.43,747.55,735.78,747.54,635.92
2025-01-13 13:00:00+00:00,ETH,747.54,748.25,741.44,744.67,471.9354
2025-01-13 14:00:00+00:00,ETH,744.67,755.73,742.03,748.38,794.2141
2025-01-13 15:00:00+00:00,ETH,748.38,753.84,742.73,744.01,996.4236
2025-01-13 16:00:00+00:00,ETH,744.01,744.52,741.24,741.95,366.1909
2025-01-13 17:00:00+00:00,ETH,741.95,742.3,732.77,737.34,607.2868
2025-01-13 18:00:00+00:00,ETH,737.34,746.78,736.82,744.17,385.872
2025-01-13 19:00:00+00:00,ETH,744.17,744.25,737.67,743.18,687.8881
2025-01-13 20:00:00+00:00,ETH,743.18,745.47,735.5,735.72,652.6943
2025-01-13 21:00:00+00:00,ETH,735.72,740.13,724.31,726.68,462.0304
2025-01-13 22:00:00+00:00,ETH,726.68,734.44,724.94,731.07,362.7656
2025-01-13 23:00:00+00:00,ETH,731.07,736.02,726.99,729.46,639.9145
2025-01-14 00:00:00+00:00,ETH,729.46,733.04,722.83,725.23,702.5151
2025-01-14 01:00:00+00:00,ETH,725.23,725.93,724.8,725.08,781.7161
2025-01-14 02:00:00+00:00,ETH,725.08,727.33,718.39,726.11,458.2207
2025-01-14 03:00:00+00:00,ETH,726.11,726.53,713.32,726.21,646.4057
2025-01-14 04:00:00+00:00,ETH,726.21,732.08,723.96,728.12,820.5657
2025-01-14 05:00:00+00:00,ETH,728.12,737.92,725.01,735.18,485.0076
2025-01-14 06:00:00+00:00,ETH,735.18,741.44,727.45,733.02,529.418
2025-01-14 07:00:00+00:00,ETH,733.02,736.34,730.18,736.24,454.4851
2025-01-14 08:00:00+00:00,ETH,736.24,738.59,725.98,732.48,697.3413
2025-01-14 09:00:00+00:00,ETH,732.48,739.25,729.2,736.24,789.463
2025-01-14 10:00:00+00:00,ETH,736.24,737.89,726.94,731.21,743.0984
2025-01-14 11:00:00+00:00,ETH,731.21,731.99,723.28,724.49,630.7855
2025-01-14 12:00:00+00:00,ETH,724.49,730.29,719.94,723.86,627.2546
2025-01-14 13:00:00+00:00,ETH,723.86,724.58,720.33,722.05,213.8087
2025-01-14 14:00:00+00:00,ETH,722.05,727.7,718.04,720.74,507.4722
2025-01-14 15:00:00+00:00,ETH,720.74,723.84,717.15,718.09,407.1974
2025-01-14 16:00:00+00:00,ETH,718.09,721.1,718.04,718.77,779.0447
2025-01-14 17:00:00+00:00,ETH,718.77,719.96,703.17,712.96,346.5054
2025-01-14 18:00:00+00:00,ETH,712.96,717.65,712.14,717.52,594.7743
2025-01-14 19:00:00+00:00,ETH,717.52,725.5,717.28,718.66,420.0253
2025-01-14 20:00:00+00:00,ETH,718.66,725.69,717.87,725.09,428.4312
2025-01-14 21:00:00+00:00,ETH,725.09,727.8,713.42,721.89,590.2656
2025-01-14 22:00:00+00:00,ETH,721.89,727.9,721.49,723.22,518.177
2025-01-14 23:00:00+00:00,ETH,723.22,732.24,712.44,728.14,285.4758
2025-01-15 00:00:00+00:00,ETH,728.14,729.59,725.16,727.04,423.3157
2025-01-15 01:00:00+00:00,ETH,727.04,740.18,723.09,732.08,543.3983
2025-01-15 02:00:00+00:00,ETH,732.08,742.42,722.84,738.56,641.3088
2025-01-15 03:00:00+00:00,ETH,738.56,746.93,736.0,746.69,719.1577
2025-01-15 04:00:00+00:00,ETH,746.69,747.65,735.06,739.94,793.1275
2025-01-15 05:00:00+00:00,ETH,739.94,742.62,732.23,739.29,371.165
2025-01-15 06:00:00+00:00,ETH,739.29,746.69,725.9,736.07,473.0854
2025-01-15 07:00:00+00:00,ETH,736.07,743.58,725.64,742.87,382.5816
2025-01-15 08:00:00+00:00,ETH,742.87,748.3,740.04,740.33,483.0464
2025-01-15 09:00:00+00:00,ETH,740.33,750.78,736.56,744.41,563.394
2025-01-15 10:00:00+00:00,ETH,744.41,758.26,743.5,748.23,928.3822
2025-01-15 11:00:00+00:00,ETH,748.23,753.81,742.52,752.79,637.0413
2025-01-15 12:00:00+00:00,ETH,752.79,765.34,749.8,756.0,709.4994
2025-01-15 13:00:00+00:00,ETH,756.0,756.82,748.51,754.37,498.0916
2025-01-15 14:00:00+00:00,ETH,754.37,759.74,749.88,757.42,436.4304
2025-01-15 15:00:00+00:00,ETH,757.42,761.9,753.23,757.6,552.5246
2025-01-15 16:00:00+00:00,ETH,757.6,758.49,745.59,754.14,483.2112
2025-01-15 17:00:00+00:00,ETH,754.14,770.81,752.61,762.07,551.8718
2025-01-15 18:00:00+00:00,ETH,762.07,772.86,758.43,767.74,449.4395
2025-01-15 19:00:00+00:00,ETH,767.74,770.09,763.23,768.2,333.0663
2025-01-15 20:00:00+00:00,ETH,768.2,776.3,767.23,768.94,443.5436
2025-01-15 21:00:00+00:00,ETH,768.94,777.19,764.04,773.47,554.2564
2025-01-15 22:00:00+00:00,ETH,773.47,775.18,763.76,764.22,560.8342
2025-01-15 23:00:00+00:00,ETH,764.22,765.48,759.47,765.24,415.9197
2025-01-16 00:00:00+00:00,ETH,765.24,768.96,763.68,764.16,474.7452
2025-01-16 01:00:00+00:00,ETH,764.16,770.21,756.1,769.47,593.4194
2025-01-16 02:00:00+00:00,ETH,769.47,772.31,763.51,770.98,636.6941
2025-01-16 03:00:00+00:00,ETH,770.98,784.7,752.71,780.26,766.8397
2025-01-16 04:00:00+00:00,ETH,780.26,782.91,770.06,776.77,264.5892
2025-01-16 05:00:00+00:00,ETH,776.77,787.1,771.36,775.93,659.1256
2025-01-16 06:00:00+00:00,ETH,775.93,780.61,772.47,780.42,517.7416
2025-01-16 07:00:00+00:00,ETH,780.42,791.69,778.75,789.36,797.118
2025-01-16 08:00:00+00:00,ETH,789.36,790.78,784.85,784.97,586.7362
2025-01-16 09:00:00+00:00,ETH,784.97,785.44,783.93,783.94,771.2167
2025-01-16 10:00:00+00:00,ETH,783.94,784.15,775.39,777.14,441.8395
2025-01-16 11:00:00+00:00,ETH,777.14,781.3,766.68,772.48,353.5909
2025-01-16 12:00:00+00:00,ETH,772.48,776.62,769.63,776.23,295.8553
2025-01-16 13:00:00+00:00,ETH,776.23,783.37,775.44,781.75,440.5125
2025-01-16 14:00:00+00:00,ETH,781.75,781.92,779.98,780.73,686.1163
2025-01-16 15:00:00+00:00,ETH,780.73,782.42,774.57,774.64,457.7662
2025-01-16 16:00:00+00:00,ETH,774.64,781.88,773.13,775.68,604.6229
2025-01-16 17:00:00+00:00,ETH,775.68,777.36,764.79,770.48,308.798
2025-01-16 18:00:00+00:00,ETH,770.48,774.87,769.99,772.44,362.1974
2025-01-16 19:00:00+00:00,ETH,772.44,775.26,766.54,774.5,658.7708
2025-01-16 20:00:00+00:00,ETH,774.5,782.69,773.84,778.01,773.3378
2025-01-16 21:00:00+00:00,ETH,778.01,788.9,769.49,783.81,507.015
2025-01-16 22:00:00+00:00,ETH,783.81,796.48,782.5,791.37,551.9537
2025-01-16 23:00:00+00:00,ETH,791.37,796.94,782.1,785.89,326.4267
2025-01-17 00:00:00+00:00,ETH,785.89,789.85,775.55,783.16,438.4775
2025-01-17 01:00:00+00:00,ETH,783.16,783.63,776.57,781.15,572.7579
2025-01-17 02:00:00+00:00,ETH,781.15,785.54,773.96,778.89,565.4328
2025-01-17 03:00:00+00:00,ETH,778.89,782.98,768.58,770.23,345.2013
2025-01-17 04:00:00+00:00,ETH,770.23,774.08,769.36,770.05,493.7116
2025-01-17 05:00:00+00:00,ETH,770.05,783.44,764.79,776.18,466.3921
2025-01-17 06:00:00+00:00,ETH,776.18,782.02,764.27,776.4,1155.5431
2025-01-17 07:00:00+00:00,ETH,776.4,777.94,776.3,777.5,396.2864
2025-01-17 08:00:00+00:00,ETH,777.5,779.12,774.17,778.28,449.4396
2025-01-17 09:00:00+00:00,ETH,778.28,783.32,776.69,782.3,881.2618
2025-01-17 10:00:00+00:00,ETH,782.3,786.2,777.24,779.36,440.9699
2025-01-17 11:00:00+00:00,ETH,779.36,784.3,770.96,777.89,392.7609
2025-01-17 12:00:00+00:00,ETH,777.89,780.9,776.43,777.72,631.5902
2025-01-17 13:00:00+00:00,ETH,777.72,778.54,766.38,774.37,750.5798
2025-01-17 14:00:00+00:00,ETH,774.37,782.49,770.49,772.64,649.6387
2025-01-17 15:00:00+00:00,ETH,772.64,775.83,764.2,772.93,368.3264
2025-01-17 16:00:00+00:00,ETH,772.93,778.82,768.7,773.37,475.9643
2025-01-17 17:00:00+00:00,ETH,773.37,782.83,768.94,780.33,430.7051
2025-01-17 18:00:00+00:00,ETH,780.33,786.82,775.88,783.42,422.7196
2025-01-17 19:00:00+00:00,ETH,783.42,787.0,782.15,784.56,350.6594
2025-01-17 20:00:00+00:00,ETH,784.56,785.46,780.85,781.68,638.8098
2025-01-17 21:00:00+00:00,ETH,781.68,788.15,779.78,788.0,453.6734
2025-01-17 22:00:00+00:00,ETH,788.0,794.92,785.76,792.15,748.0128
2025-01-17 23:00:00+00:00,ETH,792.15,797.76,788.66,795.44,339.4909
2025-01-18 00:00:00+00:00,ETH,795.44,803.06,780.19,785.44,404.5218
2025-01-18 01:00:00+00:00,ETH,785.44,785.62,775.79,784.2,414.3757
2025-01-18 02:00:00+00:00,ETH,784.2,786.14,777.28,780.26,369.1445
2025-01-18 03:00:00+00:00,ETH,780.26,785.47,773.59,785.13,457.0163
2025-01-18 04:00:00+00:00,ETH,785.13,787.44,777.69,782.57,464.2307
2025-01-18 05:00:00+00:00,ETH,782.57,789.48,771.37,779.65,628.3822
2025-01-18 06:00:00+00:00,ETH,779.65,785.82,776.57,777.18,800.1002
2025-01-18 07:00:00+00:00,ETH,777.18,794.89,772.86,789.76,245.0884
2025-01-18 08:00:00+00:00,ETH,789.76,792.26,786.59,792.22,448.3304
2025-01-18 09:00:00+00:00,ETH,792.22,794.24,784.54,789.24,407.3217
2025-01-18 10:00:00+00:00,ETH,789.24,791.58,784.78,784.81,513.366
2025-01-18 11:00:00+00:00,ETH,784.81,799.69,783.42,792.15,688.1902
2025-01-18 12:00:00+00:00,ETH,792.15,793.4,789.18,790.11,181.7304
2025-01-18 13:00:00+00:00,ETH,790.11,790.9,789.82,789.94,683.0025
2025-01-18 14:00:00+00:00,ETH,789.94,791.06,787.02,787.56,397.4528
2025-01-18 15:00:00+00:00,ETH,787.56,812.55,787.47,799.24,1154.5459
2025-01-18 16:00:00+00:00,ETH,799.24,802.64,793.99,801.24,322.5493
2025-01-18 17:00:00+00:00,ETH,801.24,813.36,798.57,804.0,352.0484
2025-01-18 18:00:00+00:00,ETH,804.0,804.11,798.49,803.46,238.8966
2025-01-18 19:00:00+00:00,ETH,803.46,805.18,793.62,797.59,1193.288
2025-01-18 20:00:00+00:00,ETH,797.59,804.36,795.65,798.75,358.5997
2025-01-18 21:00:00+00:00,ETH,798.75,801.97,792.21,800.27,522.7659
2025-01-18 22:00:00+00:00,ETH,800.27,805.91,797.5,799.99,544.8891
2025-01-18 23:00:00+00:00,ETH,799.99,809.01,794.83,801.01,298.1787
2025-01-19 00:00:00+00:00,ETH,801.01,801.78,794.32,800.31,781.661
2025-01-19 01:00:00+00:00,ETH,800.31,807.03,788.76,792.42,578.4233
2025-01-19 02:00:00+00:00,ETH,792.42,792.58,781.94,784.88,596.733
2025-01-19 03:00:00+00:00,ETH,784.88,786.98,783.06,784.93,585.3572
2025-01-19 04:00:00+00:00,ETH,784.93,787.37,781.25,782.18,486.9816
2025-01-19 05:00:00+00:00,ETH,782.18,789.5,769.93,780.24,456.8763
2025-01-19 06:00:00+00:00,ETH,780.24,781.96,774.66,777.92,442.6966
2025-01-19 07:00:00+00:00,ETH,777.92,782.57,775.27,776.63,275.1302
2025-01-19 08:00:00+00:00,ETH,776.63,787.35,775.72,785.69,329.7036
2025-01-19 09:00:00+00:00,ETH,785.69,787.81,776.07,780.23,875.3404
2025-01-19 10:00:00+00:00,ETH,780.23,784.67,777.74,779.06,322.926
2025-01-19 11:00:00+00:00,ETH,779.06,784.61,779.0,784.05,1297.0667
2025-01-19 12:00:00+00:00,ETH,784.05,800.72,779.57,796.96,333.0739
2025-01-19 13:00:00+00:00,ETH,796.96,808.96,795.73,796.55,591.0632
2025-01-19 14:00:00+00:00,ETH,796.55,802.32,796.02,799.36,681.7648
2025-01-19 15:00:00+00:00,ETH,799.36,802.81,792.51,796.42,568.7746
2025-01-19 16:00:00+00:00,ETH,796.42,804.75,792.04,793.37,579.8149
2025-01-19 17:00:00+00:00,ETH,793.37,796.61,791.75,795.22,350.0585
2025-01-19 18:00:00+00:00,ETH,795.22,797.24,787.87,791.48,716.3044
2025-01-19 19:00:00+00:00,ETH,791.48,799.6,786.04,795.7,654.6265
2025-01-19 20:00:00+00:00,ETH,795.7,797.75,789.25,794.92,1200.9703
2025-01-19 21:00:00+00:00,ETH,794.92,798.18,786.1,790.26,506.013
2025-01-19 22:00:00+00:00,ETH,790.26,797.56,787.34,790.63,609.2279
2025-01-19 23:00:00+00:00,ETH,790.63,796.83,784.61,794.74,603.72
2025-01-20 00:00:00+00:00,ETH,794.74,797.34,790.82,793.29,680.3716
2025-01-20 01:00:00+00:00,ETH,793.29,797.09,784.23,792.46,629.4851
2025-01-20 02:00:00+00:00,ETH,792.46,796.15,788.14,790.04,570.7602
2025-01-20 03:00:00+00:00,ETH,790.04,796.07,786.03,791.77,691.5633
2025-01-20 04:00:00+00:00,ETH,791.77,793.45,789.9,792.53,432.735
2025-01-20 05:00:00+00:00,ETH,792.53,799.4,790.91,796.47,378.5276
2025-01-20 06:00:00+00:00,ETH,796.47,797.58,787.32,788.3,484.2173
2025-01-20 07:00:00+00:00,ETH,788.3,789.08,774.37,780.91,709.9166
2025-01-20 08:00:00+00:00,ETH,780.91,785.05,771.32,779.38,652.0425
2025-01-20 09:00:00+00:00,ETH,779.38,783.15,773.03,781.14,661.0898
2025-01-20 10:00:00+00:00,ETH,781.14,783.09,778.06,782.25,554.924
2025-01-20 11:00:00+00:00,ETH,782.25,784.19,773.33,774.99,601.9623
2025-01-20 12:00:00+00:00,ETH,774.99,782.71,773.11,777.26,404.6791
2025-01-20 13:00:00+00:00,ETH,777.26,778.59,770.5,776.11,360.4539
2025-01-20 14:00:00+00:00,ETH,776.11,782.73,772.34,780.64,427.124
2025-01-20 15:00:00+00:00,ETH,780.64,782.44,767.32,778.37,770.1049
2025-01-20 16:00:00+00:00,ETH,778.37,784.04,778.09,780.04,827.9397
2025-01-20 17:00:00+00:00,ETH,780.04,781.58,777.79,779.07,400.4361
2025-01-20 18:00:00+00:00,ETH,779.07,783.28,770.2,772.93,323.975
2025-01-20 19:00:00+00:00,ETH,772.93,777.78,768.76,775.13,397.5397
2025-01-20 20:00:00+00:00,ETH,775.13,778.33,770.87,773.58,434.2073
2025-01-20 21:00:00+00:00,ETH,773.58,774.41,763.88,768.2,655.8321
2025-01-20 22:00:00+00:00,ETH,768.2,784.76,767.56,778.17,498.5088
2025-01-20 23:00:00+00:00,ETH,778.17,785.21,766.83,782.9,576.8982
2025-01-21 00:00:00+00:00,ETH,782.9,785.28,778.86,784.47,496.5718
2025-01-21 01:00:00+00:00,ETH,784.47,796.65,777.74,788.37,478.1436
2025-01-21 02:00:00+00:00,ETH,788.37,789.88,788.18,789.64,599.4356
2025-01-21 03:00:00+00:00,ETH,789.64,792.59,788.8,792.09,902.0527
2025-01-21 04:00:00+00:00,ETH,792.09,798.48,781.03,788.62,551.0872
2025-01-21 05:00:00+00:00,ETH,788.62,799.13,782.28,794.53,390.7311
2025-01-21 06:00:00+00:00,ETH,794.53,795.76,787.61,788.51,217.3287
2025-01-21 07:00:00+00:00,ETH,788.51,792.34,776.04,783.19,511.1297
2025-01-21 08:00:00+00:00,ETH,783.19,796.72,777.04,786.59,491.2988
2025-01-21 09:00:00+00:00,ETH,786.59,790.14,781.48,786.1,554.654
2025-01-21 10:00:00+00:00,ETH,786.1,789.62,782.97,788.3,535.2049
2025-01-21 11:00:00+00:00,ETH,788.3,790.28,782.56,788.5,660.6159
2025-01-21 12:00:00+00:00,ETH,788.5,794.81,786.77,787.71,533.3493
2025-01-21 13:00:00+00:00,ETH,787.71,799.74,785.99,792.49,471.5233
2025-01-21 14:00:00+00:00,ETH,792.49,795.69,782.24,786.5,555.8699
2025-01-21 15:00:00+00:00,ETH,786.5,791.54,784.88,787.94,145.1963
2025-01-21 16:00:00+00:00,ETH,787.94,789.77,779.46,786.48,567.2331
2025-01-21 17:00:00+00:00,ETH,786.48,794.67,782.63,792.89,524.8616
2025-01-21 18:00:00+00:00,ETH,792.89,799.91,792.56,793.42,594.0492
2025-01-21 19:00:00+00:00,ETH,793.42,803.48,792.26,796.26,431.4042
2025-01-21 20:00:00+00:00,ETH,796.26,796.56,791.3,794.66,256.2242
2025-01-21 21:00:00+00:00,ETH,794.66,798.43,790.13,798.18,522.8846
2025-01-21 22:00:00+00:00,ETH,798.18,800.92,796.86,799.7,365.5929
2025-01-21 23:00:00+00:00,ETH,799.7,800.15,788.64,790.77,360.5989
2025-01-22 00:00:00+00:00,ETH,790.77,800.22,787.0,794.3,763.0402
2025-01-22 01:00:00+00:00,ETH,794.3,796.59,786.91,791.88,511.1638
2025-01-22 02:00:00+00:00,ETH,791.88,797.49,786.36,786.71,402.8844
2025-01-22 03:00:00+00:00,ETH,786.71,796.72,778.9,794.09,375.9041
2025-01-22 04:00:00+00:00,ETH,794.09,801.82,793.19,801.47,633.9491
2025-01-22 05:00:00+00:00,ETH,801.47,807.12,797.27,803.25,402.9199
2025-01-22 06:00:00+00:00,ETH,803.25,811.68,801.16,807.96,1170.9378
2025-01-22 07:00:00+00:00,ETH,807.96,810.57,804.89,806.57,386.7049
2025-01-22 08:00:00+00:00,ETH,806.57,815.01,803.72,812.66,448.2683
2025-01-22 09:00:00+00:00,ETH,812.66,818.83,808.76,813.61,489.5318
2025-01-22 10:00:00+00:00,ETH,813.61,821.39,803.21,805.51,239.3172
2025-01-22 11:00:00+00:00,ETH,805.51,817.69,797.48,797.52,368.6188
2025-01-22 12:00:00+00:00,ETH,797.52,797.74,794.3,796.61,830.2701
2025-01-22 13:00:00+00:00,ETH,796.61,796.95,789.01,789.69,414.6688
2025-01-22 14:00:00+00:00,ETH,789.69,791.18,779.43,784.36,576.3429
2025-01-22 15:00:00+00:00,ETH,784.36,797.21,783.54,791.63,372.7378
2025-01-22 16:00:00+00:00,ETH,791.63,793.36,787.04,790.06,343.5579
2025-01-22 17:00:00+00:00,ETH,790.06,795.77,789.31,792.75,417.3066
2025-01-22 18:00:00+00:00,ETH,792.75,793.28,790.14,793.05,408.7514
2025-01-22 19:00:00+00:00,ETH,793.05,803.33,791.96,795.88,693.2474
2025-01-22 20:00:00+00:00,ETH,795.88,798.03,794.42,796.09,393.316
2025-01-22 21:00:00+00:00,ETH,796.09,798.06,781.42,784.1,709.7025
2025-01-22 22:00:00+00:00,ETH,784.1,792.4,782.93,789.64,1057.0056
2025-01-22 23:00:00+00:00,ETH,789.64,793.79,784.01,784.38,277.2465
2025-01-23 00:00:00+00:00,ETH,784.38,788.32,779.74,782.44,654.2502
2025-01-23 01:00:00+00:00,ETH,782.44,783.29,773.91,777.03,680.6581
2025-01-23 02:00:00+00:00,ETH,777.03,788.1,774.53,785.89,521.4298
2025-01-23 03:00:00+00:00,ETH,785.89,789.24,767.89,771.98,509.2008
2025-01-23 04:00:00+00:00,ETH,771.98,781.51,769.8,778.36,586.126
2025-01-23 05:00:00+00:00,ETH,778.36,781.76,775.67,781.48,898.7274
2025-01-23 06:00:00+00:00,ETH,781.48,788.91,776.21,779.6,620.3928
2025-01-23 07:00:00+00:00,ETH,779.6,783.32,774.56,777.65,420.1449
2025-01-23 08:00:00+00:00,ETH,777.65,786.06,776.82,784.37,634.7143
2025-01-23 09:00:00+00:00,ETH,784.37,797.4,778.58,795.29,299.6341
2025-01-23 10:00:00+00:00,ETH,795.29,795.52,788.5,792.24,476.2577
2025-01-23 11:00:00+00:00,ETH,792.24,808.19,789.81,803.65,593.0299
2025-01-23 12:00:00+00:00,ETH,803.65,811.33,803.2,803.24,437.5658
2025-01-23 13:00:00+00:00,ETH,803.24,808.68,792.27,800.13,368.4351
2025-01-23 14:00:00+00:00,ETH,800.13,818.18,796.88,809.6,582.5967
2025-01-23 15:00:00+00:00,ETH,809.6,812.36,807.65,811.8,599.9038
2025-01-23 16:00:00+00:00,ETH,811.8,813.03,803.01,809.83,465.5439
2025-01-23 17:00:00+00:00,ETH,809.83,818.76,808.8,813.35,261.0602
2025-01-23 18:00:00+00:00,ETH,813.35,816.98,808.16,810.56,693.7705
2025-01-23 19:00:00+00:00,ETH,810.56,820.99,810.52,817.55,412.1482
2025-01-23 20:00:00+00:00,ETH,817.55,825.59,812.73,818.5,412.0721
2025-01-23 21:00:00+00:00,ETH,818.5,821.19,814.79,816.61,1145.3063
2025-01-23 22:00:00+00:00,ETH,816.61,824.97,815.37,824.22,392.3252
2025-01-23 23:00:00+00:00,ETH,824.22,829.5,823.86,827.6,303.5814
2025-01-24 00:00:00+00:00,ETH,827.6,832.37,814.38,822.41,650.2302
2025-01-24 01:00:00+00:00,ETH,822.41,824.29,816.46,816.93,917.2383
2025-01-24 02:00:00+00:00,ETH,816.93,820.56,810.28,814.84,605.3639
2025-01-24 03:00:00+00:00,ETH,814.84,817.64,814.68,817.0,725.8616
2025-01-24 04:00:00+00:00,ETH,817.0,826.59,813.77,822.36,361.9629
2025-01-24 05:00:00+00:00,ETH,822.36,828.23,816.67,817.63,478.1278
2025-01-24 06:00:00+00:00,ETH,817.63,823.28,817.57,821.89,905.1364
2025-01-24 07:00:00+00:00,ETH,821.89,825.51,814.77,817.55,295.0167
2025-01-24 08:00:00+00:00,ETH,817.55,826.83,813.02,825.31,247.9447
2025-01-24 09:00:00+00:00,ETH,825.31,831.73,816.19,819.81,477.0254
2025-01-24 10:00:00+00:00,ETH,819.81,822.63,818.09,820.27,511.3307
2025-01-24 11:00:00+00:00,ETH,820.27,832.56,814.66,831.99,365.8553
2025-01-24 12:00:00+00:00,ETH,831.99,834.77,818.28,822.94,422.3043
2025-01-24 13:00:00+00:00,ETH,822.94,824.39,810.36,815.64,378.6996
2025-01-24 14:00:00+00:00,ETH,815.64,826.54,812.77,819.71,686.9986
2025-01-24 15:00:00+00:00,ETH,819.71,828.73,817.24,819.13,653.2275
2025-01-24 16:00:00+00:00,ETH,819.13,822.01,817.09,821.95,401.5419
2025-01-24 17:00:00+00:00,ETH,821.95,830.83,820.5,822.54,561.7502
2025-01-24 18:00:00+00:00,ETH,822.54,825.9,817.09,817.3,601.8547
2025-01-24 19:00:00+00:00,ETH,817.3,825.62,811.3,815.19,335.2443
2025-01-24 20:00:00+00:00,ETH,815.19,816.95,811.99,814.89,396.7723
2025-01-24 21:00:00+00:00,ETH,814.89,815.31,813.3,815.18,576.9503
2025-01-24 22:00:00+00:00,ETH,815.18,823.26,814.12,819.52,279.4467
2025-01-24 23:00:00+00:00,ETH,819.52,823.46,809.19,819.51,605.6106
2025-01-25 00:00:00+00:00,ETH,819.51,822.17,810.01,814.28,258.1062
2025-01-25 01:00:00+00:00,ETH,814.28,823.43,809.66,811.9,682.1492
2025-01-25 02:00:00+00:00,ETH,811.9,812.45,803.24,809.65,866.3768
2025-01-25 03:00:00+00:00,ETH,809.65,813.35,804.67,807.26,553.1304
2025-01-25 04:00:00+00:00,ETH,807.26,812.7,803.19,808.28,428.6992
2025-01-25 05:00:00+00:00,ETH,808.28,808.5,800.65,805.08,476.4505
2025-01-25 06:00:00+00:00,ETH,805.08,823.89,803.46,813.52,434.785
2025-01-25 07:00:00+00:00,ETH,813.52,816.19,812.29,814.87,480.7215
2025-01-25 08:00:00+00:00,ETH,814.87,816.81,802.58,810.05,306.2317
2025-01-25 09:00:00+00:00,ETH,810.05,813.35,806.33,807.11,770.8783
2025-01-25 10:00:00+00:00,ETH,807.11,815.82,805.6,810.51,317.4902
2025-01-25 11:00:00+00:00,ETH,810.51,811.92,807.86,810.86,949.95
2025-01-25 12:00:00+00:00,ETH,810.86,815.47,792.67,802.87,438.9986
2025-01-25 13:00:00+00:00,ETH,802.87,803.49,791.04,793.47,453.8999
2025-01-25 14:00:00+00:00,ETH,793.47,800.63,790.61,795.3,332.4481
2025-01-25 15:00:00+00:00,ETH,795.3,803.75,783.94,791.15,368.6176
2025-01-25 16:00:00+00:00,ETH,791.15,796.88,780.02,786.01,442.5883
2025-01-25 17:00:00+00:00,ETH,786.01,787.79,783.64,784.68,420.2031
2025-01-25 18:00:00+00:00,ETH,784.68,788.11,780.45,780.46,337.5461
2025-01-25 19:00:00+00:00,ETH,780.46,787.91,777.23,786.14,327.2259
2025-01-25 20:00:00+00:00,ETH,786.14,789.69,772.72,784.35,417.8673
2025-01-25 21:00:00+00:00,ETH,784.35,790.32,776.52,786.12,770.4808
2025-01-25 22:00:00+00:00,ETH,786.12,791.15,781.79,789.41,567.1133
2025-01-25 23:00:00+00:00,ETH,789.41,792.48,782.16,787.47,354.4171
2025-01-26 00:00:00+00:00,ETH,787.47,793.99,777.74,779.69,372.5279
2025-01-26 01:00:00+00:00,ETH,779.69,781.23,773.66,778.92,537.9876
2025-01-26 02:00:00+00:00,ETH,778.92,783.41,771.19,773.54,536.6096
2025-01-26 03:00:00+00:00,ETH,773.54,774.97,770.34,773.94,718.1237
2025-01-26 04:00:00+00:00,ETH,773.94,777.95,765.21,775.41,292.9638
2025-01-26 05:00:00+00:00,ETH,775.41,778.03,771.28,775.18,474.0586
2025-01-26 06:00:00+00:00,ETH,775.18,782.29,773.59,780.14,631.0624
2025-01-26 07:00:00+00:00,ETH,780.14,780.71,778.51,780.01,724.2695
2025-01-26 08:00:00+00:00,ETH,780.01,784.54,770.47,782.73,606.2183
2025-01-26 09:00:00+00:00,ETH,782.73,783.68,773.36,775.76,857.1487
2025-01-26 10:00:00+00:00,ETH,775.76,777.05,768.15,770.5,225.9204
2025-01-26 11:00:00+00:00,ETH,770.5,781.71,767.32,781.47,422.5354
2025-01-26 12:00:00+00:00,ETH,781.47,789.64,778.99,784.82,735.4946
2025-01-26 13:00:00+00:00,ETH,784.82,788.69,778.73,780.25,420.0646
2025-01-26 14:00:00+00:00,ETH,780.25,786.69,774.59,785.11,514.0436
2025-01-26 15:00:00+00:00,ETH,785.11,787.65,781.61,783.31,502.1013
2025-01-26 16:00:00+00:00,ETH,783.31,792.21,778.75,791.2,500.5393
2025-01-26 17:00:00+00:00,ETH,791.2,791.37,783.44,785.12,423.0539
2025-01-26 18:00:00+00:00,ETH,785.12,790.41,778.9,781.24,621.8528
2025-01-26 19:00:00+00:00,ETH,781.24,785.6,778.71,784.63,1077.7413
2025-01-26 20:00:00+00:00,ETH,784.63,789.94,784.11,787.32,299.73
2025-01-26 21:00:00+00:00,ETH,787.32,799.69,783.52,794.97,340.3245
2025-01-26 22:00:00+00:00,ETH,794.97,802.18,791.7,799.21,453.4105
2025-01-26 23:00:00+00:00,ETH,799.21,802.91,794.74,796.97,511.418
2025-01-27 00:00:00+00:00,ETH,796.97,804.89,793.84,797.38,525.414
2025-01-27 01:00:00+00:00,ETH,797.38,808.47,792.26,803.69,892.6437
2025-01-27 02:00:00+00:00,ETH,803.69,810.83,801.39,804.47,562.1608
2025-01-27 03:00:00+00:00,ETH,804.47,804.73,796.51,801.11,468.9853
2025-01-27 04:00:00+00:00,ETH,801.11,801.46,798.08,799.03,1155.6011
2025-01-27 05:00:00+00:00,ETH,799.03,809.38,796.04,800.98,510.1507
2025-01-27 06:00:00+00:00,ETH,800.98,808.11,800.8,807.64,586.6764
2025-01-27 07:00:00+00:00,ETH,807.64,819.08,801.99,802.74,746.5211
2025-01-27 08:00:00+00:00,ETH,802.74,825.63,791.95,810.88,171.9389
2025-01-27 09:00:00+00:00,ETH,810.88,825.46,799.14,819.08,370.3618
2025-01-27 10:00:00+00:00,ETH,819.08,822.27,809.43,812.56,317.8908
2025-01-27 11:00:00+00:00,ETH,812.56,819.97,809.27,818.84,652.9918
2025-01-27 12:00:00+00:00,ETH,818.84,825.15,810.61,817.71,780.9734
2025-01-27 13:00:00+00:00,ETH,817.71,819.21,803.93,806.61,563.5523
2025-01-27 14:00:00+00:00,ETH,806.61,814.85,800.1,801.34,204.4963
2025-01-27 15:00:00+00:00,ETH,801.34,812.64,796.03,802.29,500.1141
2025-01-27 16:00:00+00:00,ETH,802.29,803.72,794.23,796.56,709.7761
2025-01-27 17:00:00+00:00,ETH,796.56,807.95,792.38,802.18,597.2648
2025-01-27 18:00:00+00:00,ETH,802.18,806.11,794.82,803.77,486.7177
2025-01-27 19:00:00+00:00,ETH,803.77,804.65,800.58,803.35,847.1688
2025-01-27 20:00:00+00:00,ETH,803.35,811.95,792.27,796.62,425.6219
2025-01-27 21:00:00+00:00,ETH,796.62,800.49,795.44,799.21,264.2724
2025-01-27 22:00:00+00:00,ETH,799.21,803.98,795.56,797.15,647.9696
2025-01-27 23:00:00+00:00,ETH,797.15,798.99,787.41,795.29,956.483
2025-01-28 00:00:00+00:00,ETH,795.29,797.12,792.32,795.04,294.9748
2025-01-28 01:00:00+00:00,ETH,795.04,802.21,788.57,799.96,477.2536
2025-01-28 02:00:00+00:00,ETH,799.96,800.76,795.95,799.85,887.1319
2025-01-28 03:00:00+00:00,ETH,799.85,805.21,795.0,799.09,703.399
2025-01-28 04:00:00+00:00,ETH,799.09,801.18,795.62,798.12,615.1694
2025-01-28 05:00:00+00:00,ETH,798.12,798.69,782.31,792.37,508.9664
2025-01-28 06:00:00+00:00,ETH,792.37,799.72,789.83,796.17,591.0605
2025-01-28 07:00:00+00:00,ETH,796.17,802.62,781.2,788.76,799.1308
2025-01-28 08:00:00+00:00,ETH,788.76,791.77,777.27,786.28,597.4193
2025-01-28 09:00:00+00:00,ETH,786.28,794.36,785.91,791.96,309.7952
2025-01-28 10:00:00+00:00,ETH,791.96,794.93,790.45,794.4,591.8864
2025-01-28 11:00:00+00:00,ETH,794.4,798.43,791.09,794.53,689.7526
2025-01-28 12:00:00+00:00,ETH,794.53,799.96,786.45,790.2,194.7816
2025-01-28 13:00:00+00:00,ETH,790.2,793.24,779.33,784.64,515.9184
2025-01-28 14:00:00+00:00,ETH,784.64,785.57,761.47,779.27,407.2628
2025-01-28 15:00:00+00:00,ETH,779.27,782.05,775.92,778.8,489.6916
2025-01-28 16:00:00+00:00,ETH,778.8,784.77,754.51,770.3,544.9699
2025-01-28 17:00:00+00:00,ETH,770.3,779.52,766.43,779.39,490.5995
2025-01-28 18:00:00+00:00,ETH,779.39,786.48,770.47,778.45,499.9154
2025-01-28 19:00:00+00:00,ETH,778.45,782.77,764.71,771.09,334.0559
2025-01-28 20:00:00+00:00,ETH,771.09,784.83,766.33,779.12,525.8335
2025-01-28 21:00:00+00:00,ETH,779.12,780.54,758.94,771.0,465.0312
2025-01-28 22:00:00+00:00,ETH,771.0,779.1,767.08,774.91,499.4447
2025-01-28 23:00:00+00:00,ETH,774.91,793.35,767.68,782.47,417.3593
2025-01-29 00:00:00+00:00,ETH,782.47,784.79,776.7,778.78,354.288
2025-01-29 01:00:00+00:00,ETH,778.78,784.03,773.85,774.74,846.4241
2025-01-29 02:00:00+00:00,ETH,774.74,776.15,763.61,771.88,695.4671
2025-01-29 03:00:00+00:00,ETH,771.88,772.58,767.44,771.22,1072.5881
2025-01-29 04:00:00+00:00,ETH,771.22,776.12,761.91,769.68,332.8563
2025-01-29 05:00:00+00:00,ETH,769.68,780.09,766.74,771.13,527.879
2025-01-29 06:00:00+00:00,ETH,771.13,772.25,758.15,765.04,439.8702
2025-01-29 07:00:00+00:00,ETH,765.04,780.5,754.84,758.84,491.5138
2025-01-29 08:00:00+00:00,ETH,758.84,771.86,747.94,753.83,667.9597
2025-01-29 09:00:00+00:00,ETH,753.83,760.52,749.82,759.78,576.9496
2025-01-29 10:00:00+00:00,ETH,759.78,762.87,750.08,756.78,536.5131
2025-01-29 11:00:00+00:00,ETH,756.78,760.34,750.98,753.69,525.3933
2025-01-29 12:00:00+00:00,ETH,753.69,758.75,749.93,758.39,783.5282
2025-01-29 13:00:00+00:00,ETH,758.39,759.97,753.2,757.23,630.707
2025-01-29 14:00:00+00:00,ETH,757.23,766.28,753.04,755.32,668.2206
2025-01-29 15:00:00+00:00,ETH,755.32,758.88,750.73,756.82,449.6996
2025-01-29 16:00:00+00:00,ETH,756.82,758.48,749.9,756.4,557.0551
2025-01-29 17:00:00+00:00,ETH,756.4,760.88,748.19,753.12,612.3441
2025-01-29 18:00:00+00:00,ETH,753.12,755.41,749.38,751.97,534.8143
2025-01-29 19:00:00+00:00,ETH,751.97,762.02,742.06,745.76,418.3837
2025-01-29 20:00:00+00:00,ETH,745.76,760.16,742.91,755.53,562.9637
2025-01-29 21:00:00+00:00,ETH,755.53,759.02,751.42,753.31,686.554
2025-01-29 22:00:00+00:00,ETH,753.31,755.3,750.52,750.67,722.8865
2025-01-29 23:00:00+00:00,ETH,750.67,751.52,739.8,740.03,557.0817
2025-01-30 00:00:00+00:00,ETH,740.03,745.38,732.85,740.88,551.6346
2025-01-30 01:00:00+00:00,ETH,740.88,746.78,736.02,743.11,768.4838
2025-01-30 02:00:00+00:00,ETH,743.11,753.73,742.46,748.31,642.8007
2025-01-30 03:00:00+00:00,ETH,748.31,750.65,741.47,749.29,718.664
2025-01-30 04:00:00+00:00,ETH,749.29,754.28,742.42,747.67,392.1182
2025-01-30 05:00:00+00:00,ETH,747.67,754.59,733.76,748.95,523.7809
2025-01-30 06:00:00+00:00,ETH,748.95,754.68,747.07,751.94,671.6643
2025-01-30 07:00:00+00:00,ETH,751.94,757.18,746.94,756.73,410.687
2025-01-30 08:00:00+00:00,ETH,756.73,756.88,747.56,753.59,408.7615
2025-01-30 09:00:00+00:00,ETH,753.59,754.92,753.05,754.43,580.2759
2025-01-30 10:00:00+00:00,ETH,754.43,755.55,750.97,751.98,725.9452
2025-01-30 11:00:00+00:00,ETH,751.98,755.88,751.18,754.88,691.4908
2025-01-30 12:00:00+00:00,ETH,754.88,756.05,751.47,752.53,1233.1633
2025-01-30 13:00:00+00:00,ETH,752.53,758.76,751.19,752.74,545.162
2025-01-30 14:00:00+00:00,ETH,752.74,760.68,749.41,757.76,504.75
2025-01-30 15:00:00+00:00,ETH,757.76,761.94,742.91,758.75,261.6359
2025-01-30 16:00:00+00:00,ETH,758.75,766.43,756.23,765.83,247.2482
2025-01-30 17:00:00+00:00,ETH,765.83,768.74,757.08,764.22,487.9334
2025-01-30 18:00:00+00:00,ETH,764.22,768.74,763.23,767.6,831.844
2025-01-30 19:00:00+00:00,ETH,767.6,773.83,762.8,772.99,538.5069
2025-01-30 20:00:00+00:00,ETH,772.99,780.94,769.29,771.02,730.2045
2025-01-30 21:00:00+00:00,ETH,771.02,772.42,757.22,769.15,741.084
2025-01-30 22:00:00+00:00,ETH,769.15,778.05,765.51,774.69,504.161
2025-01-30 23:00:00+00:00,ETH,774.69,781.89,773.02,779.53,503.9028
2025-01-31 00:00:00+00:00,ETH,779.53,783.0,771.07,772.18,530.6573
2025-01-31 01:00:00+00:00,ETH,772.18,774.76,768.01,770.81,773.005
2025-01-31 02:00:00+00:00,ETH,770.81,783.44,767.65,774.9,661.5664
2025-01-31 03:00:00+00:00,ETH,774.9,784.63,774.42,779.87,587.2641
2025-01-31 04:00:00+00:00,ETH,779.87,791.99,770.62,785.77,664.3871
2025-01-31 05:00:00+00:00,ETH,785.77,790.64,782.04,790.11,325.9451
2025-01-31 06:00:00+00:00,ETH,790.11,802.15,785.4,786.54,411.6219
2025-01-31 07:00:00+00:00,ETH,786.54,792.94,780.83,790.33,791.9419
2025-01-31 08:00:00+00:00,ETH,790.33,800.21,783.96,795.3,1638.7207
2025-01-31 09:00:00+00:00,ETH,795.3,797.87,783.64,787.74,399.8159
2025-01-31 10:00:00+00:00,ETH,787.74,794.69,779.93,785.58,465.3391
2025-01-31 11:00:00+00:00,ETH,785.58,790.5,778.68,785.82,430.1808
2025-01-31 12:00:00+00:00,ETH,785.82,788.53,781.59,782.55,627.0054
2025-01-31 13:00:00+00:00,ETH,782.55,786.44,778.49,784.43,567.7114
2025-01-31 14:00:00+00:00,ETH,784.43,793.12,783.7,791.88,429.7299
2025-01-31 15:00:00+00:00,ETH,791.88,796.39,784.68,795.57,694.9115
2025-01-31 16:00:00+00:00,ETH,795.57,800.08,790.93,799.43,1018.2298
2025-01-31 17:00:00+00:00,ETH,799.43,802.22,791.7,801.31,862.2164
2025-01-31 18:00:00+00:00,ETH,801.31,814.28,797.73,810.0,467.1928
2025-01-31 19:00:00+00:00,ETH,810.0,810.86,805.64,810.4,515.3637
2025-01-31 20:00:00+00:00,ETH,810.4,815.42,804.54,813.87,477.6805
2025-01-31 21:00:00+00:00,ETH,813.87,824.13,810.79,819.52,386.8268
2025-01-31 22:00:00+00:00,ETH,819.52,826.25,808.84,817.2,362.8532
2025-01-31 23:00:00+00:00,ETH,817.2,817.56,813.88,815.84,318.572
2025-02-01 00:00:00+00:00,ETH,815.84,824.56,813.06,817.4,389.1839
2025-02-01 01:00:00+00:00,ETH,817.4,823.7,816.61,820.68,650.971
2025-02-01 02:00:00+00:00,ETH,820.68,824.46,813.66,815.4,322.9864
2025-02-01 03:00:00+00:00,ETH,815.4,817.3,808.21,809.42,562.118
2025-02-01 04:00:00+00:00,ETH,809.42,824.99,803.19,812.96,675.5317
2025-02-01 05:00:00+00:00,ETH,812.96,823.22,808.67,816.23,650.0701
2025-02-01 06:00:00+00:00,ETH,816.23,824.6,815.56,820.14,416.8111
2025-02-01 07:00:00+00:00,ETH,820.14,820.49,813.89,816.36,574.4221
2025-02-01 08:00:00+00:00,ETH,816.36,818.96,814.16,818.54,747.682
2025-02-01 09:00:00+00:00,ETH,818.54,835.1,811.93,813.8,388.8388
2025-02-01 10:00:00+00:00,ETH,813.8,816.17,808.38,811.16,784.5805
2025-02-01 11:00:00+00:00,ETH,811.16,818.56,802.88,807.93,418.0658
2025-02-01 12:00:00+00:00,ETH,807.93,808.4,802.66,804.47,433.0212
2025-02-01 13:00:00+00:00,ETH,804.47,805.52,788.16,791.27,837.499
2025-02-01 14:00:00+00:00,ETH,791.27,795.1,776.13,785.39,993.0018
2025-02-01 15:00:00+00:00,ETH,785.39,786.69,783.12,785.85,547.477
2025-02-01 16:00:00+00:00,ETH,785.85,794.43,784.39,788.2,625.7332
2025-02-01 17:00:00+00:00,ETH,788.2,791.91,786.49,791.54,315.1002
2025-02-01 18:00:00+00:00,ETH,791.54,796.63,789.25,791.36,779.4839
2025-02-01 19:00:00+00:00,ETH,791.36,794.24,782.19,785.4,552.0296
2025-02-01 20:00:00+00:00,ETH,785.4,790.94,780.62,786.99,374.0328
2025-02-01 21:00:00+00:00,ETH,786.99,791.53,782.43,790.7,357.484
2025-02-01 22:00:00+00:00,ETH,790.7,805.93,790.08,798.07,706.8507
2025-02-01 23:00:00+00:00,ETH,798.07,801.67,795.79,799.66,539.4549
2025-02-02 00:00:00+00:00,ETH,799.66,803.49,791.1,797.97,471.5642
2025-02-02 01:00:00+00:00,ETH,797.97,799.44,792.59,795.24,700.61
2025-02-02 02:00:00+00:00,ETH,795.24,798.88,783.41,791.45,521.5492
2025-02-02 03:00:00+00:00,ETH,791.45,797.84,787.26,788.52,381.6216
2025-02-02 04:00:00+00:00,ETH,788.52,790.81,782.07,786.87,539.8688
2025-02-02 05:00:00+00:00,ETH,786.87,799.46,784.05,788.92,453.1751
2025-02-02 06:00:00+00:00,ETH,788.92,801.08,787.09,792.99,470.9972
2025-02-02 07:00:00+00:00,ETH,792.99,798.3,784.82,785.4,494.6309
2025-02-02 08:00:00+00:00,ETH,785.4,786.94,782.07,782.47,539.6779
2025-02-02 09:00:00+00:00,ETH,782.47,783.24,777.75,779.71,357.9012
2025-02-02 10:00:00+00:00,ETH,779.71,780.93,770.74,771.67,354.0265
2025-02-02 11:00:00+00:00,ETH,771.67,780.11,767.98,773.9,440.9094
2025-02-02 12:00:00+00:00,ETH,773.9,782.74,766.75,775.99,524.191
2025-02-02 13:00:00+00:00,ETH,775.99,778.52,774.5,774.51,600.889
2025-02-02 14:00:00+00:00,ETH,774.51,779.13,772.01,775.38,389.6252
2025-02-02 15:00:00+00:00,ETH,775.38,778.64,772.68,774.25,600.7931
2025-02-02 16:00:00+00:00,ETH,774.25,777.69,755.79,772.98,421.5969
2025-02-02 17:00:00+00:00,ETH,772.98,782.23,771.85,777.82,416.6305
2025-02-02 18:00:00+00:00,ETH,777.82,788.16,767.74,780.79,542.3224
2025-02-02 19:00:00+00:00,ETH,780.79,788.39,773.84,780.61,605.7191
2025-02-02 20:00:00+00:00,ETH,780.61,782.55,777.38,778.33,669.8369
2025-02-02 21:00:00+00:00,ETH,778.33,789.05,777.69,781.22,448.2198
2025-02-02 22:00:00+00:00,ETH,781.22,782.68,775.71,780.34,489.6404
2025-02-02 23:00:00+00:00,ETH,780.34,787.01,775.26,775.45,1017.9374
2025-02-03 00:00:00+00:00,ETH,775.45,782.75,767.18,769.68,901.6052
2025-02-03 01:00:00+00:00,ETH,769.68,776.37,755.93,762.25,255.2069
2025-02-03 02:00:00+00:00,ETH,762.25,770.65,754.82,757.69,490.3629
2025-02-03 03:00:00+00:00,ETH,757.69,764.04,755.04,756.02,764.2233
2025-02-03 04:00:00+00:00,ETH,756.02,765.14,749.55,752.48,475.0533
2025-02-03 05:00:00+00:00,ETH,752.48,752.59,740.21,751.14,321.1933
2025-02-03 06:00:00+00:00,ETH,751.14,758.02,747.08,756.91,490.8404
2025-02-03 07:00:00+00:00,ETH,756.91,772.25,746.16,754.73,472.6458
2025-02-03 08:00:00+00:00,ETH,754.73,754.95,746.61,750.26,421.6072
2025-02-03 09:00:00+00:00,ETH,750.26,750.6,747.52,748.18,461.2276
2025-02-03 10:00:00+00:00,ETH,748.18,752.7,745.96,749.86,385.7128
2025-02-03 11:00:00+00:00,ETH,749.86,753.15,746.05,748.68,418.4565
2025-02-03 12:00:00+00:00,ETH,748.68,753.72,745.73,749.58,530.2104
2025-02-03 13:00:00+00:00,ETH,749.58,756.79,746.32,754.0,728.0264
2025-02-03 14:00:00+00:00,ETH,754.0,757.15,750.01,755.43,299.8535
2025-02-03 15:00:00+00:00,ETH,755.43,756.06,751.3,753.09,453.7038
2025-02-03 16:00:00+00:00,ETH,753.09,754.13,747.79,750.08,399.0611
2025-02-03 17:00:00+00:00,ETH,750.08,759.72,745.86,751.05,345.1046
2025-02-03 18:00:00+00:00,ETH,751.05,760.63,748.2,758.7,633.125
2025-02-03 19:00:00+00:00,ETH,758.7,769.21,754.79,757.22,381.6018
2025-02-03 20:00:00+00:00,ETH,757.22,763.7,755.22,760.42,338.2531
2025-02-03 21:00:00+00:00,ETH,760.42,762.53,752.78,753.57,410.7703
2025-02-03 22:00:00+00:00,ETH,753.57,763.38,745.86,749.98,445.255
2025-02-03 23:00:00+00:00,ETH,749.98,756.41,743.55,753.78,423.9293
